date,open,close,high,low,volume,amount
2020-01-02,5306.6670,5366.1370,5374.9080,5288.1670,14589440512,136813752320.0000
2020-01-03,5376.0320,5380.6370,5395.2580,5351.8040,12845202176,122199724032.0000
2020-01-06,5365.2170,5434.8500,5481.5500,5355.0230,15958741504,158190936064.0000
2020-01-07,5441.9030,5499.8390,5499.8390,5440.6910,14414272256,142194163712.0000
2020-01-08,5481.9840,5423.7960,5500.1600,5409.5690,15540684800,149838069760.0000
2020-01-09,5465.8570,5497.5420,5497.5420,5457.3490,13243166720,135961014272.0000
2020-01-10,5511.6730,5480.2270,5516.0940,5455.2510,11381982208,118196969472.0000
2020-01-13,5478.3150,5559.6270,5559.6270,5447.7310,11807618048,128651948032.0000
2020-01-14,5576.6290,5542.3310,5583.7200,5539.8990,12981138432,134845329408.0000
2020-01-15,5532.9610,5530.0260,5545.1010,5492.6500,11242501888,118142836736.0000
2020-01-16,5539.4210,5527.6670,5559.0170,5514.6910,11189727488,122337955840.0000
2020-01-17,5539.7230,5510.0450,5555.4110,5499.4670,10494932992,110491856896.0000
2020-01-20,5523.0090,5587.5350,5587.5350,5500.5930,11540300032,128212119552.0000
2020-01-21,5581.0100,5523.9410,5581.9800,5515.1920,12460480768,135220985856.0000
2020-01-22,5502.5870,5575.5120,5597.9930,5440.1990,12347476992,138250256384.0000
2020-01-23,5521.7920,5377.7410,5558.4250,5326.9310,14577307136,161861918720.0000
2020-02-03,4896.8940,4910.9010,4960.7450,4896.8940,8177708288,89455038464.0000
2020-02-04,4736.1220,4996.4740,5013.7690,4736.1220,18967227904,175374995456.0000
2020-02-05,5035.4080,5123.9610,5178.4370,5026.4080,17109533952,177352351744.0000
2020-02-06,5128.1860,5282.8920,5299.1780,5100.4810,18595745536,197274054656.0000
2020-02-07,5287.2690,5327.0360,5329.3550,5226.6990,19114764288,203495542784.0000
2020-02-10,5322.0080,5388.4340,5389.0380,5301.4120,17670328320,186767921152.0000
2020-02-11,5390.5250,5361.2760,5396.9550,5323.7600,15250817792,157302894592.0000
2020-02-12,5345.5220,5459.9460,5461.6730,5340.4870,15104147200,164552224768.0000
2020-02-13,5456.6590,5412.8410,5482.7950,5397.2320,15820264192,175679827968.0000
2020-02-14,5407.4730,5420.8020,5474.4680,5375.9250,14534649600,162742005760.0000
2020-02-17,5454.4620,5594.4360,5594.4360,5454.4620,17463665664,183878721536.0000
2020-02-18,5607.8400,5660.8140,5660.8140,5577.8980,18509870080,206428524544.0000
2020-02-19,5654.1770,5603.2620,5678.8190,5601.3910,18564208384,210591420416.0000
2020-02-20,5619.5200,5706.7120,5712.1820,5580.0670,19207602688,205564977152.0000
2020-02-21,5704.8360,5784.0320,5822.3970,5700.9510,20723623936,230175047680.0000
2020-02-24,5784.5750,5865.4660,5884.1390,5754.6790,21809896192,250154434560.0000
2020-02-25,5745.6170,5897.7210,5912.2740,5643.8840,26736667904,301960916992.0000
2020-02-26,5824.0480,5743.3920,5885.2700,5724.4990,26637508096,281045745664.0000
2020-02-27,5770.2180,5753.7270,5829.0370,5689.5390,20469487616,221902086144.0000
2020-02-28,5558.4150,5451.2890,5641.7720,5438.8520,22430670848,232879771648.0000
2020-03-02,5516.4380,5656.4190,5683.2420,5505.2680,19951161088,213505003520.0000
2020-03-03,5756.7910,5710.0230,5832.3530,5658.1200,22632549376,244204351488.0000
2020-03-04,5670.4990,5716.5110,5719.1780,5603.9280,18513309696,194980151296.0000
2020-03-05,5795.2500,5801.1190,5811.2070,5732.1680,21723222016,217238388736.0000
2020-03-06,5737.0950,5763.8600,5802.6290,5723.7320,18529714688,177496498176.0000
2020-03-09,5668.6366,5525.8167,5699.9198,5525.8167,21853808900,212042107536.0000
2020-03-10,5459.1732,5675.1113,5675.8756,5423.4289,20840287700,210472315060.8000
2020-03-11,5692.7173,5589.5311,5708.9152,5589.5311,18775091200,190010266287.6000
2020-03-12,5507.3213,5493.8838,5549.3501,5446.7941,15875315700,154102925606.4000
2020-03-13,5225.5063,5457.2006,5507.3899,5224.7267,19526665900,188405108227.1000
2020-03-16,5496.8890,5200.1142,5496.8890,5183.3436,18684995200,184923547742.5000
2020-03-17,5245.5231,5212.0619,5300.5591,5052.6546,15913787800,152551271989.0000
2020-03-18,5257.9438,5119.4716,5333.1204,5119.4716,16428660400,160536059992.1000
2020-03-19,5119.9437,5157.8235,5185.0889,5020.4387,15459370200,148680627064.8000
2020-03-20,5217.4880,5219.2809,5225.0268,5129.0733,12751328900,131519032482.5000
2020-03-23,5079.3549,4998.9095,5129.1405,4981.6682,13868474500,133727699571.8000
2020-03-24,5089.1516,5096.0408,5118.0355,4963.2918,14078770500,137371423374.7000
2020-03-25,5200.7752,5217.4237,5229.2205,5160.3887,14688107000,142310080633.2000
2020-03-26,5180.4657,5166.1091,5227.4679,5157.1478,12565245000,126982007995.4000
2020-03-27,5222.8511,5137.3371,5227.7921,5134.4903,11704507300,118480791099.6000
2020-03-30,5073.7047,5027.4856,5074.6251,4974.3165,12398131600,124559163372.3000
2020-03-31,5073.5232,5041.4534,5090.5675,5030.5730,11160561200,106538446158.7000
2020-04-01,5029.5837,5019.2187,5108.1750,5007.7115,11215411100,110651112519.1000
2020-04-02,4998.6259,5147.2019,5147.2019,4998.1063,11335107800,117822171439.6000
2020-04-03,5143.5185,5107.0393,5161.5728,5085.0948,10947897800,112751173060.0000
2020-04-07,5202.5465,5267.0730,5273.0857,5197.5826,14510945200,146826555108.9000
2020-04-08,5243.1623,5271.7961,5291.4149,5232.6161,13778625400,136499534391.4000
2020-04-09,5301.2663,5322.4614,5336.1174,5289.3845,12509846200,128352885531.3000
2020-04-10,5321.7865,5208.5102,5321.7865,5197.9841,12381638800,126468212009.4000
2020-04-13,5176.4431,5169.1757,5198.3708,5140.8505,9818099300,101355716432.4000
2020-04-14,5197.1716,5288.5930,5288.5930,5189.8242,11018824400,118917318030.8000
2020-04-15,5291.9664,5268.7497,5320.5792,5264.0114,12247740000,128025726348.5000
2020-04-16,5245.9247,5316.9707,5328.1204,5238.4335,12074219300,122069165005.5000
2020-04-17,5354.9828,5318.4547,5377.1470,5309.5809,13696983300,156745771336.3000
2020-04-20,5329.8688,5381.7857,5381.7857,5311.1974,12064218200,130825823688.0000
2020-04-21,5358.6005,5343.8806,5358.6005,5287.6633,13074442600,139768427426.9000
2020-04-22,5304.7310,5387.6233,5388.2073,5296.2644,12359700600,127945771531.0000
2020-04-23,5402.6478,5357.7904,5407.4900,5354.9401,14461830200,145324602210.3000
2020-04-24,5350.5426,5273.5474,5354.7629,5258.5692,13138336700,127211203386.7000
2020-04-27,5278.9787,5265.7248,5314.4114,5249.3133,11713242700,110738403020.7000
2020-04-28,5268.1255,5227.8460,5273.2565,5102.0608,14082491000,133971236966.9000
2020-04-29,5203.7103,5226.8116,5269.7350,5201.4734,10592684900,103339319168.3000
2020-04-30,5261.0467,5353.8595,5368.8943,5261.0467,13303668600,142523793301.1000
2020-05-06,5320.9400,5451.3159,5451.4560,5318.4430,14167905000,159945700644.7000
2020-05-07,5454.2515,5445.7519,5473.7738,5425.7964,14014635400,147975355319.2000
2020-05-08,5474.8739,5507.6965,5527.0903,5467.6460,13631862200,146384767223.1000
2020-05-11,5529.1056,5496.1920,5547.9416,5466.6158,12985198500,142054909597.6000
2020-05-12,5494.0693,5512.4640,5519.2868,5441.7013,11594367700,127585356336.7000
2020-05-13,5495.8969,5536.2802,5546.5535,5483.9868,10789582200,120477112076.0000
2020-05-14,5513.0817,5487.1070,5528.0915,5485.0152,11919770100,129595787537.9000
2020-05-15,5510.1454,5507.9336,5543.9334,5486.2557,11265151100,132317035662.0000
2020-05-18,5522.7233,5478.8218,5528.7754,5454.9615,13365466400,158389049357.7000
2020-05-19,5515.0289,5547.8759,5548.2181,5504.2327,11200886000,133182704772.6000
2020-05-20,5545.0441,5489.7024,5547.1691,5473.7896,12349126400,141354557271.3000
2020-05-21,5508.2041,5426.1745,5511.2324,5415.5986,11455910800,128883851422.2000
2020-05-22,5421.7282,5328.2268,5421.8870,5307.2962,10641571100,115705492517.1000
2020-05-25,5323.9656,5316.6036,5344.2849,5293.2294,8438568100,91375351529.7000
2020-05-26,5341.1113,5420.2126,5421.9045,5341.0821,9096900800,99351009048.7000
2020-05-27,5426.5558,5369.4992,5426.5558,5358.4700,10396037100,113109428499.0000
2020-05-28,5367.2664,5361.1670,5390.1397,5290.2897,10252425100,107583819702.0000
2020-05-29,5349.5678,5406.3403,5416.6599,5336.0669,10500325000,110023218185.6000
2020-06-01,5446.2912,5569.4800,5576.6538,5446.2912,14169758200,147879965490.3000
2020-06-02,5595.3589,5566.4438,5596.4399,5544.1862,13902910300,149203304081.4000
2020-06-03,5583.7010,5572.3125,5618.2892,5567.0729,13834551900,146218273434.1000
2020-06-04,5589.3445,5576.7535,5597.2621,5549.3577,12077846500,123809986180.5000
2020-06-05,5585.1592,5585.4231,5592.3453,5542.8701,11225389700,115167433561.3000
2020-06-08,5618.3753,5575.3036,5627.1893,5567.2087,11944619000,128061193175.3000
2020-06-09,5582.1440,5610.3774,5616.0363,5560.1390,11487092900,119378870792.0000
2020-06-10,5611.6579,5615.2417,5616.6108,5581.9153,10836809700,114114998789.0000
2020-06-11,5618.6411,5589.1019,5673.3108,5567.5380,12751545400,144595249404.6000
2020-06-12,5483.7845,5591.4871,5620.2062,5479.2713,12954546500,142138382119.3000
2020-06-15,5605.8832,5590.6435,5661.9706,5590.6435,14535977600,152567150810.5000
2020-06-16,5633.2588,5695.3007,5695.3007,5624.8549,13395170300,142087502349.4000
2020-06-17,5708.6871,5735.4183,5735.4183,5685.6241,14683751800,153683182939.3000
2020-06-18,5738.0314,5734.4030,5744.4525,5705.2950,15815436600,160763116093.6000
2020-06-19,5733.4291,5787.1482,5796.3597,5727.6226,14176809800,147827142214.7000
2020-06-22,5793.7883,5784.0269,5815.3942,5770.8094,14539234900,157370407892.1000
2020-06-23,5783.1198,5804.3430,5809.2832,5755.3982,12574812700,140277421310.2000
2020-06-24,5808.5388,5789.0893,5824.3132,5773.2908,11024143600,128536776011.6000
2020-06-29,5774.4585,5762.4378,5789.1592,5740.2558,11776115100,131671126495.1000
2020-06-30,5790.0647,5864.4164,5875.3274,5788.2081,11535032400,139671518549.7000
2020-07-01,5884.5400,5881.8875,5885.8738,5814.7554,14283298200,161437631595.0000
2020-07-02,5880.8832,5975.2794,5979.9902,5858.5743,20118138000,200063179993.3000
2020-07-03,5989.9958,6051.5099,6052.5230,5968.0663,22682681800,217087507631.7000
2020-07-06,6095.9561,6299.8551,6318.3081,6095.9561,30237648900,291741992284.0000
2020-07-07,6368.3135,6380.0276,6480.0286,6300.2446,32586542500,329327405395.3000
2020-07-08,6378.9461,6535.4151,6541.4382,6352.3731,28884738900,292261704951.5000
2020-07-09,6541.2854,6693.7452,6712.1445,6530.0207,31741227100,334582903483.0000
2020-07-10,6664.3263,6676.4373,6763.8121,6644.3586,28873667200,322509785233.7000
2020-07-13,6710.6352,6899.5175,6899.6220,6710.6352,29730559500,335186154096.4000
2020-07-14,6897.0034,6807.7270,6897.0034,6672.7996,29386829700,341854745106.6000
2020-07-15,6815.6162,6638.8384,6838.1524,6598.5228,25647283000,300879616805.6000
2020-07-16,6642.3288,6319.9981,6710.9950,6305.1330,25331587000,277008155088.1000
2020-07-17,6327.0265,6344.5912,6447.5092,6272.9416,19680390900,215076901728.0000
2020-07-20,6419.0800,6526.8325,6526.8325,6340.6495,21241322200,225848583600.9000
2020-07-21,6546.5653,6563.3239,6591.0097,6500.8682,19396594900,214682284529.3000
2020-07-22,6554.1681,6620.6893,6699.6871,6534.7427,21010119800,232947421316.2000
2020-07-23,6562.0485,6620.0859,6629.2067,6431.2609,20799246200,240882435490.9000
2020-07-24,6584.8093,6283.9831,6609.2877,6265.3789,21901777700,247232797429.5000
2020-07-27,6304.5859,6298.7351,6337.3275,6229.4712,14554248100,168023361892.0000
2020-07-28,6345.6820,6359.6637,6385.3908,6307.7891,13883814400,162440480588.8000
2020-07-29,6341.0079,6530.2712,6530.2712,6324.0483,15922168400,186898356931.0000
2020-07-30,6548.7007,6511.4360,6564.7750,6491.4492,17761556100,209285453557.9000
2020-07-31,6499.3939,6579.6696,6619.2616,6463.4150,17991294100,207862488529.4000
2020-08-03,6635.3429,6739.8085,6739.8085,6614.4314,20726674600,240946720735.4000
2020-08-04,6758.4937,6697.7071,6764.9049,6672.8940,20947893600,245084781553.8000
2020-08-05,6696.6870,6772.8422,6790.0080,6653.2772,18484381600,217994170977.7000
2020-08-06,6780.3265,6770.3016,6792.2759,6656.2782,20522984200,240928921871.6000
2020-08-07,6743.2907,6688.8822,6755.5280,6578.6672,19812821400,227976663622.0000
2020-08-10,6666.5601,6725.2956,6768.8660,6651.7421,17535322700,210390907232.4000
2020-08-11,6727.7692,6600.8472,6756.8451,6594.9793,18084577100,203427777772.4000
2020-08-12,6580.0058,6528.3999,6599.6573,6395.0060,17788904500,197969436425.0000
2020-08-13,6552.3695,6552.6567,6592.1163,6518.4229,16206051500,166812245236.6000
2020-08-14,6542.6032,6623.5633,6629.5058,6506.0266,15687598800,161300612455.5000
2020-08-17,6646.5418,6744.5468,6752.3176,6614.1849,20140735700,207540650739.0000
2020-08-18,6747.6059,6789.3979,6811.5637,6737.5288,18916617500,208576358641.0000
2020-08-19,6782.5931,6666.2740,6782.5931,6661.9879,19430913600,205475855509.4000
2020-08-20,6622.0053,6593.7850,6672.4908,6570.6949,15764625800,163429358353.0000
2020-08-21,6628.9007,6643.9444,6686.0233,6589.1968,14296349300,153128200636.0000
2020-08-24,6667.2961,6688.9647,6702.7487,6589.9285,14302035400,157948512265.7000
2020-08-25,6698.1196,6652.5478,6734.4378,6631.6853,14709813000,158243101131.0000
2020-08-26,6650.4490,6525.8786,6660.7634,6501.2409,15373477100,170546092542.3000
2020-08-27,6538.1362,6578.7912,6585.7193,6486.7508,12983619800,142139979127.3000
2020-08-28,6571.8981,6691.2096,6695.3574,6553.9227,14194959300,155878611730.4000
2020-08-31,6719.2859,6668.4331,6765.8853,6667.6792,15602438500,173312513829.2000
2020-09-01,6667.1680,6710.4599,6710.4599,6637.6339,12563249000,140204445918.0000
2020-09-02,6725.6913,6717.5579,6742.5527,6647.0341,14956254800,160818469798.5000
2020-09-03,6715.1042,6662.2515,6732.6741,6638.4482,14211033500,151591727849.6000
2020-09-04,6545.8880,6618.5762,6631.0289,6538.4896,12535846200,132077386325.3000
2020-09-07,6619.8982,6478.8124,6669.3935,6459.1029,15558174800,167216213932.1000
2020-09-08,6493.7737,6525.0980,6542.9954,6432.9520,16123031800,148148725286.0000
2020-09-09,6455.3053,6349.2234,6471.4824,6319.2713,21691635100,176688524174.1000
2020-09-10,6404.6646,6235.5687,6414.9623,6219.6361,18104949700,149335340844.4000
2020-09-11,6209.7881,6311.9670,6319.6691,6209.7881,12462919400,115690880160.5000
2020-09-14,6350.3551,6351.2422,6381.1820,6297.9023,13050227700,129303970062.7000
2020-09-15,6351.0366,6387.8805,6388.1304,6328.5366,11518415400,117077083505.1000
2020-09-16,6379.5178,6353.8360,6387.7666,6321.5668,11337988700,112504425528.5000
2020-09-17,6345.6715,6367.0206,6416.0088,6291.6343,11895968100,123682498362.9000
2020-09-18,6367.7923,6469.4692,6473.5997,6353.5609,13522626400,136788919948.0000
2020-09-21,6492.2249,6445.9649,6515.3370,6434.3239,12602372100,133640323489.2000
2020-09-22,6392.0250,6358.6520,6462.9751,6341.4838,12130589400,122989741811.9000
2020-09-23,6382.2813,6392.0329,6411.2048,6356.1636,9504883300,106027143367.8000
2020-09-24,6353.6940,6244.6389,6354.6827,6243.2820,11280146700,112624608424.9000
2020-09-25,6271.7008,6236.8904,6285.4717,6206.1823,8779878800,92989168390.0000
2020-09-28,6255.0210,6178.4693,6261.9304,6171.0200,7896291500,87526269792.6000
2020-09-29,6206.9908,6228.7708,6280.4433,6179.8807,8137116400,91783259881.9000
2020-09-30,6245.1158,6192.5045,6260.1234,6155.0208,8148409300,89615460415.2000
2020-10-09,6300.0703,6357.9711,6373.9367,6290.4705,10038623100,115149926305.0000
2020-10-12,6408.0827,6541.1760,6541.3102,6399.6833,14482434900,160960006150.6000
2020-10-13,6538.8354,6551.3987,6557.8635,6486.3088,11155845000,130283812098.8000
2020-10-14,6547.8376,6508.3743,6547.8376,6492.6581,11862960400,133539992970.6000
2020-10-15,6511.0707,6460.0408,6518.5503,6456.7714,10700425200,115595908996.0000
2020-10-16,6456.7375,6428.6822,6473.6343,6388.6459,9873202200,109046534531.3000
2020-10-19,6466.5660,6358.3213,6483.5079,6346.2632,10366836300,114682882325.0000
2020-10-20,6349.6437,6423.1128,6423.1573,6324.3889,8618922400,95327322735.8000
2020-10-21,6426.1940,6350.0127,6426.5095,6323.4406,8751225500,102120928452.3000
2020-10-22,6331.8037,6317.1438,6334.5424,6256.2324,8572472900,96745752080.7000
2020-10-23,6312.0076,6213.2626,6362.4283,6202.5347,8056509000,93954361163.2000
2020-10-26,6195.3539,6214.3779,6239.7156,6127.3829,7339295600,85255066150.9000
2020-10-27,6187.4731,6221.3414,6227.8424,6168.9710,7558651600,89315873362.5000
2020-10-28,6221.7402,6245.9986,6254.7160,6164.2406,8713088800,104079228635.0000
2020-10-29,6168.9076,6255.1933,6287.6478,6159.1435,9258748300,109761286278.0000
2020-10-30,6272.9273,6111.4803,6274.6162,6103.8909,11212236000,126461002490.3000
2020-11-02,6119.4514,6143.1157,6162.2763,6095.8038,11175637900,123794413318.8000
2020-11-03,6175.1593,6241.7676,6245.5576,6155.7346,10544003600,115863061000.7000
2020-11-04,6246.6368,6234.1580,6256.0695,6181.0972,9292974500,108226613294.5000
2020-11-05,6294.6136,6351.9789,6358.4445,6273.3148,11884321500,132602148329.0000
2020-11-06,6366.1854,6301.2477,6366.1854,6254.0869,11824421100,131702113343.4000
2020-11-09,6337.4415,6421.6506,6452.9139,6337.4415,16002788200,175071789214.3000
2020-11-10,6434.4298,6373.0853,6435.4130,6339.2861,14192893200,155931471262.0000
2020-11-11,6356.3666,6294.6055,6375.2402,6292.8368,13072808100,134439037098.4000
2020-11-12,6305.0655,6315.4938,6340.9983,6285.2907,10468068700,113184124161.7000
2020-11-13,6304.4593,6306.9700,6319.4126,6248.3550,10711632200,112943607786.7000
2020-11-16,6319.7042,6387.3710,6387.4154,6294.2899,13367733000,131781935048.7000
2020-11-17,6380.7685,6336.9406,6380.7685,6300.5666,14127431800,138972383424.0000
2020-11-18,6333.4506,6341.0136,6382.4966,6314.3093,13398246200,129795857711.1000
2020-11-19,6328.0837,6360.5998,6370.1805,6293.5553,12380484500,121059609478.7000
2020-11-20,6354.7873,6422.9854,6429.8695,6351.3079,13066764500,128065402931.0000
2020-11-23,6435.9187,6472.9301,6516.2407,6407.0565,18192566800,170218076144.5000
2020-11-24,6472.7468,6475.1881,6495.1373,6454.6653,15406296500,148759535147.5000
2020-11-25,6489.2553,6350.3667,6489.7220,6350.3667,15381310600,156624909521.8000
2020-11-26,6349.8616,6334.3042,6358.1740,6284.9727,12323693600,125528466079.5000
2020-11-27,6337.3839,6351.6119,6351.8103,6276.0729,12088511600,117407959618.1000
2020-11-30,6360.4620,6320.9441,6397.7204,6309.4445,16315768200,157517649561.1000
2020-12-01,6307.8544,6426.6155,6437.9433,6299.4140,15095734000,152562838800.9000
2020-12-02,6437.9561,6434.9791,6446.8066,6392.9892,14970510500,150490962737.2000
2020-12-03,6437.3843,6440.8808,6461.0881,6392.8987,15221493300,152891750850.0000
2020-12-04,6426.0263,6464.7345,6471.8561,6409.6779,12885516900,135320890716.0000
2020-12-07,6465.9879,6424.6823,6472.8495,6417.6481,12107828200,130847019898.5000
2020-12-08,6424.1589,6423.6513,6448.3926,6406.7236,10549499200,118324850768.4000
2020-12-09,6430.4767,6307.2207,6437.4327,6307.2207,12151621300,133439441028.8000
2020-12-10,6295.3530,6320.0956,6350.9178,6267.1713,11057714200,122398601686.0000
2020-12-11,6328.8282,6209.4270,6340.3946,6163.4119,13264160600,143457071945.4000
2020-12-14,6207.8260,6259.0175,6260.6133,6176.5402,10687714900,123900781656.0000
2020-12-15,6250.0967,6265.5819,6276.5843,6228.6787,9798099400,119718559344.7000
2020-12-16,6268.2111,6235.4352,6271.0304,6219.0857,9928395000,114108040736.8000
2020-12-17,6225.0790,6308.9013,6312.0056,6184.5429,12770274400,140083142643.1000
2020-12-18,6310.1601,6291.9180,6332.5326,6269.2134,12862228800,137531405179.9000
2020-12-21,6302.2576,6398.5987,6401.5463,6293.9220,13634782200,156761702647.2000
2020-12-22,6372.8787,6250.0606,6378.4986,6241.5603,15131061800,172456513342.7000
2020-12-23,6255.3524,6307.6040,6330.6028,6242.6249,14404432300,166258560029.3000
2020-12-24,6308.4801,6205.2247,6308.4801,6202.4031,13122165300,147688966891.2000
2020-12-25,6190.9922,6278.4981,6284.5851,6186.0254,13447826700,143831769330.4000
2020-12-28,6283.7821,6244.4818,6288.2442,6219.0910,14896021400,160495558567.3000
2020-12-29,6240.7355,6199.8523,6280.0396,6196.4147,15447603200,155674658940.1000
2020-12-30,6196.4505,6269.2484,6289.2704,6188.5931,13804167300,148227835332.6000
2020-12-31,6282.9576,6367.1149,6370.5695,6281.0138,16019408600,174289318594.1000
2021-01-04,6395.6118,6482.7868,6501.5892,6359.0797,18662120900,211126911334.4000
2021-01-05,6470.2503,6539.7315,6539.7315,6452.5245,19672629200,227033005056.0000
2021-01-06,6549.7310,6528.1425,6569.1990,6472.7446,17852108600,209333367288.0000
2021-01-07,6523.6756,6538.1162,6567.2727,6467.4371,19713564100,219238806494.6000
2021-01-08,6541.5576,6557.5964,6598.3812,6484.3979,18083742900,207113827943.6000
2021-01-11,6557.4528,6455.3987,6572.8538,6419.7310,18325727100,217940399022.5000
2021-01-12,6425.8148,6543.2286,6543.2286,6425.8148,16231123700,199048530439.2000
2021-01-13,6550.0346,6496.9131,6553.6488,6457.8810,18491342000,222962632352.8000
2021-01-14,6471.7894,6439.8854,6516.2686,6402.6002,16302381600,198732646503.4000
2021-01-15,6427.1304,6417.5011,6447.8762,6339.4283,13824319900,166962801807.4000
2021-01-18,6414.8298,6514.4644,6529.4125,6392.0653,13683280700,169891546069.1000
2021-01-19,6510.4785,6476.3736,6532.6474,6456.1154,14761671600,174545108266.2000
2021-01-20,6477.6683,6535.4185,6535.4751,6449.2835,12852543200,153378909111.6000
2021-01-21,6552.0345,6622.4959,6649.8633,6550.8802,15680958700,189208745540.8000
2021-01-22,6619.8603,6637.8052,6643.6653,6573.8204,15806231000,202861676271.9000
2021-01-25,6636.2196,6645.3137,6711.5711,6599.9742,16562310300,223556746416.0000
2021-01-26,6621.1481,6532.9610,6624.4493,6515.2584,14337131100,191892389929.2000
2021-01-27,6527.6804,6557.1608,6564.2855,6481.1571,13976004900,174776064769.4000
2021-01-28,6475.8609,6414.3811,6529.8416,6405.8135,14482540600,174817693999.3000
2021-01-29,6448.6697,6346.1371,6462.3739,6255.7033,14604158100,172077242710.4000
2021-02-01,6338.6445,6393.2780,6397.0135,6328.3355,13732518300,157579284924.2000
2021-02-02,6404.8530,6454.7853,6459.4797,6361.0882,13239431300,161720464851.3000
2021-02-03,6459.6641,6399.3315,6484.4931,6399.3315,14545715500,175699413269.2000
2021-02-04,6375.6723,6328.7881,6414.2983,6249.5311,14886133000,173708935488.7000
2021-02-05,6343.8303,6239.8709,6382.9572,6236.2674,13513287900,162500626708.0000
2021-02-08,6247.9190,6323.1622,6354.0199,6215.7284,11613400400,141592202722.8000
2021-02-09,6334.4163,6457.8814,6468.4281,6330.7920,11931911000,146850922947.9000
2021-02-10,6474.7495,6525.1658,6542.7450,6424.7212,11904265900,150035763539.9000
2021-02-18,6657.3065,6614.5443,6678.6126,6564.3061,16689239200,194996422146.0000
2021-02-19,6600.2459,6703.4821,6706.3901,6542.7821,17876781700,201468755509.5000
2021-02-22,6731.5054,6657.0560,6810.9223,6657.0560,23706558500,259948295725.1000
2021-02-23,6613.6014,6631.2286,6701.4296,6609.0782,19265686600,206144665096.1000
2021-02-24,6633.2823,6536.1861,6661.4326,6477.7512,17371883200,196797835530.2000
2021-02-25,6600.2054,6499.1528,6609.5637,6484.5547,16206818200,171451163368.9000
2021-02-26,6365.7385,6364.3529,6446.9461,6346.1326,15076020600,163655502841.0000
2021-03-01,6407.1642,6488.4388,6491.9367,6404.8885,15860843700,165792208050.0000
2021-03-02,6514.0213,6433.3282,6514.0213,6386.4903,16587706900,174025453382.7000
2021-03-03,6426.0369,6524.7513,6528.2217,6420.2068,17101752400,169667464343.0000
2021-03-04,6482.7869,6401.9917,6485.1639,6371.7302,19433461600,192657769864.8000
2021-03-05,6325.7517,6403.4964,6442.0155,6319.5318,16650488500,163666502404.3000
2021-03-08,6453.7799,6256.4092,6488.8190,6253.6974,16854633900,177120047000.4000
2021-03-09,6235.3139,6108.0027,6250.9352,6033.4082,19643268600,181888459397.0000
2021-03-10,6164.7682,6062.2552,6179.8543,6053.0186,14255427900,135611236325.7000
2021-03-11,6074.3345,6213.8319,6213.9343,6045.5492,16081464300,149412660862.7000
2021-03-12,6231.4849,6222.3802,6232.5006,6137.9903,17574617800,160346945987.6000
2021-03-15,6192.2990,6173.8721,6229.5721,6111.3575,17079969100,150564929107.2000
2021-03-16,6176.0685,6195.2438,6222.1819,6124.7770,15284599200,138852788600.2000
2021-03-17,6180.8928,6225.3588,6230.5590,6124.0498,13484039600,125106921645.0000
2021-03-18,6231.1932,6273.8556,6300.9446,6227.1926,14072566500,137984965631.0000
2021-03-19,6195.2534,6206.6023,6258.1321,6167.5070,14323827500,143898488142.7000
2021-03-22,6208.9317,6305.6919,6307.5479,6206.0810,14304144500,138484393048.5000
2021-03-23,6307.9803,6219.1666,6307.9803,6181.1338,15096405200,144085644479.5000
2021-03-24,6180.3124,6142.5439,6232.1309,6131.8232,14767311100,137684570621.8000
2021-03-25,6118.8697,6157.4072,6190.9381,6108.2613,12930709300,122101589124.7000
2021-03-26,6164.8237,6251.7941,6264.5552,6164.8237,12888761000,130405073059.0000
2021-03-29,6269.9988,6254.9426,6277.7649,6215.7980,13963389400,137607136706.5000
2021-03-30,6239.4695,6280.3590,6287.8738,6217.3269,13440958400,138902652260.9000
2021-03-31,6277.6960,6254.0695,6277.6960,6205.9386,12512849200,124539602404.6000
2021-04-01,6259.4135,6311.6644,6321.5796,6238.3074,13037481800,124971608809.6000
2021-04-02,6316.5561,6326.6059,6341.6545,6291.7144,12393887100,125309449743.9000
2021-04-06,6345.8913,6343.0962,6367.7849,6323.2422,11148915800,115979707861.0000
2021-04-07,6350.3783,6348.0761,6350.3783,6289.0653,15001677500,139659141224.5000
2021-04-08,6332.9263,6356.7526,6385.1951,6309.1232,17374127800,147432805257.3000
2021-04-09,6345.2896,6335.2393,6360.4497,6307.6558,14130690000,127539220387.4000
2021-04-12,6325.2643,6226.4182,6344.1623,6203.5690,15544143900,142018338674.3000
2021-04-13,6210.2229,6209.7801,6254.8970,6193.8091,13038770900,116032381971.0000
2021-04-14,6206.6373,6277.2111,6287.8377,6206.6373,11743821700,107282816415.8000
2021-04-15,6263.6281,6276.4609,6281.4258,6211.6602,11977617600,111582123998.5000
2021-04-16,6283.8616,6339.5906,6344.9465,6276.4319,12676465300,119984627677.6000
2021-04-19,6331.7097,6425.2606,6431.7772,6315.0828,14220093000,144720530841.8000
2021-04-20,6419.7312,6428.5411,6467.3806,6410.2782,13467452300,143364748864.1000
2021-04-21,6396.2721,6420.2587,6434.6303,6369.7696,12105173300,128354894323.3000
2021-04-22,6444.2841,6445.4657,6472.8037,6424.7538,12492387700,131906162234.2000
2021-04-23,6445.5162,6462.7558,6463.9749,6412.9875,12611730600,135170990907.5000
2021-04-26,6480.3000,6442.6451,6546.6427,6437.1905,14496413900,166586765811.5000
2021-04-27,6434.6133,6446.2822,6466.2520,6399.4358,12589471200,138320089612.0000
2021-04-28,6433.0989,6489.7441,6489.7441,6410.3174,11723494300,136377845945.8000
2021-04-29,6495.6457,6491.9281,6502.4250,6453.5198,12830543900,145502311777.1000
2021-04-30,6470.3528,6485.7075,6503.1544,6434.7302,14425423900,163746329854.7000
2021-05-06,6503.6009,6489.3485,6548.0656,6440.3308,15414198100,167436128821.0000
2021-05-07,6505.5752,6444.4429,6524.1804,6439.8945,17751874900,177915642405.9000
2021-05-10,6461.4184,6475.9938,6493.4965,6437.1068,18908013400,180906623674.1000
2021-05-11,6436.2918,6456.0376,6472.8694,6349.7869,18726361100,175350134124.8000
2021-05-12,6434.9139,6512.0501,6521.4879,6419.7374,15649093000,150127199439.1000
2021-05-13,6448.9598,6439.0273,6496.9964,6426.5758,15965864600,155853650959.6000
2021-05-14,6454.6791,6525.8036,6525.8036,6421.2082,16624340700,163611264403.2000
2021-05-17,6521.8855,6578.1402,6613.8947,6521.8855,15936375800,172029261941.2000
2021-05-18,6578.9710,6599.5985,6604.6852,6558.7784,13250549100,141986530241.0000
2021-05-19,6582.1042,6584.3869,6590.9811,6544.8406,13518125500,146346354189.3000
2021-05-20,6541.0926,6548.7111,6580.4366,6506.4075,16232992300,167135804361.3000
2021-05-21,6557.4884,6527.8640,6570.4572,6512.8063,13435069500,145990149052.2000
2021-05-24,6515.8325,6544.1218,6564.0707,6494.6163,13722661200,150739211897.2000
2021-05-25,6549.3436,6619.6707,6628.6931,6524.3027,14469203600,158035570948.2000
2021-05-26,6631.3657,6628.2065,6642.3799,6612.4227,15623700300,169904624510.0000
2021-05-27,6629.2373,6685.4054,6685.4829,6620.7204,14516667600,164642448242.1000
2021-05-28,6699.2840,6668.1696,6718.0899,6643.6437,15731838500,176611765480.0000
2021-05-31,6681.5496,6728.9906,6729.0737,6667.2578,14692949300,176728706904.1000
2021-06-01,6718.6433,6739.7624,6742.9797,6656.6634,16109195700,185038576025.0000
2021-06-02,6740.5032,6681.4285,6748.1510,6662.7512,15736532000,174265553758.4000
2021-06-03,6680.1048,6667.7264,6744.5182,6654.4553,15488569100,167598938400.4000
2021-06-04,6642.0602,6693.0574,6725.6862,6628.0059,13786640400,161257142655.0000
2021-06-07,6705.7364,6721.5019,6729.8451,6689.7015,14056089600,174154017266.3000
2021-06-08,6726.0868,6684.5626,6752.6266,6652.3908,13868494700,169906611639.7000
2021-06-09,6677.1376,6692.9049,6712.2520,6656.0547,13651103400,155486113450.7000
2021-06-10,6688.8192,6765.6436,6773.4555,6683.4936,15428096400,177003017372.4000
2021-06-11,6773.6422,6725.9152,6775.8628,6717.2725,16956960700,194413370189.0000
2021-06-15,6734.0952,6663.6623,6736.5371,6649.2043,15220925000,166359279929.9000
2021-06-16,6659.4935,6566.2860,6662.7783,6554.8926,13680787700,152269456251.1000
2021-06-17,6554.3012,6616.1740,6618.5036,6554.3012,12449256200,143795950500.7000
2021-06-18,6610.2661,6657.7635,6671.8815,6587.0346,13802258100,161540069486.5000
2021-06-21,6652.6527,6707.1762,6722.9843,6638.5170,14303117200,174776560666.7000
2021-06-22,6723.2981,6739.7939,6748.9655,6691.8215,14654349700,170147487108.5000
2021-06-23,6741.5770,6789.9464,6803.9743,6720.5819,15530960900,184582044261.0000
2021-06-24,6791.8613,6754.8657,6791.8613,6743.3265,14504652200,172627659565.8000
2021-06-25,6748.8658,6813.4138,6824.8583,6739.0158,15148565900,174329254834.2000
2021-06-28,6814.3170,6828.5162,6843.5186,6802.8584,14550405000,175447981606.9000
2021-06-29,6833.0565,6765.4201,6835.0483,6756.9158,13662572200,167622236941.9000
2021-06-30,6767.7419,6808.1831,6812.3797,6757.3403,12540616100,155031841222.7000
2021-07-01,6827.6968,6716.6658,6827.6968,6716.6658,13835081100,168199910261.8000
2021-07-02,6701.0642,6658.0451,6718.5052,6651.4849,13647228700,162302314384.6000
2021-07-05,6670.1262,6711.0136,6716.1470,6663.5441,13473472100,165135856954.1000
2021-07-06,6727.9674,6709.4983,6747.8474,6633.6146,14501795400,183569347568.2000
2021-07-07,6661.8535,6764.1319,6765.4341,6642.5714,14764695200,176266750638.3000
2021-07-08,6774.8448,6748.6540,6797.0765,6740.8503,15956454300,203043021691.4000
2021-07-09,6721.6089,6804.5389,6814.6529,6683.7857,16610700400,204576733418.5000
2021-07-12,6852.4754,6904.3818,6926.7584,6840.0176,19356104400,239883545712.2000
2021-07-13,6901.8116,6961.8475,6961.9744,6889.0257,17962084300,223831191046.1000
2021-07-14,6953.8224,6898.7502,6973.6146,6898.7502,17173544800,214904536798.0000
2021-07-15,6874.8047,6932.4060,6936.5787,6828.4823,17322110800,205199287272.7000
2021-07-16,6931.0514,6925.1232,6992.8342,6922.3462,18490785800,221559303997.3000
2021-07-19,6912.0980,6889.3375,6931.1438,6856.6499,16973481800,208077102432.8000
2021-07-20,6831.0513,6901.1318,6901.1329,6825.8225,14014063000,171140493692.8000
2021-07-21,6923.6119,6984.5418,6998.2849,6922.9205,16300927100,204939577752.7000
2021-07-22,6996.2552,7026.5482,7026.7337,6960.2973,19023331600,219500277016.4000
2021-07-23,7036.2979,6985.7499,7061.6675,6968.3065,22507907400,253751241896.6000
2021-07-26,6974.1092,6868.2074,6986.4970,6778.4971,20819723900,242702241755.1000
2021-07-27,6877.4423,6719.2557,6925.9705,6719.2557,22861433900,266957981725.4000
2021-07-28,6650.1519,6621.9845,6709.2256,6534.9179,19726716600,222466408799.2000
2021-07-29,6720.6164,6758.8869,6773.5669,6682.1185,17101788500,209142006693.7000
2021-07-30,6739.7545,6767.3160,6775.0062,6702.5114,18971173400,222514805286.1000
2021-08-02,6756.8132,6872.0004,6875.4159,6731.7761,20620517300,249640208610.0000
2021-08-03,6844.3695,6816.0107,6879.5933,6792.7117,19418943200,237723020657.0000
2021-08-04,6814.0846,6931.3365,6931.7808,6813.2280,17406434700,216189753229.4000
2021-08-05,6920.9393,6911.8292,6946.3354,6880.6905,17937188500,226672383897.7000
2021-08-06,6929.0226,6938.8679,6947.5356,6885.6471,17235691200,214958730456.7000
2021-08-09,6914.3218,6979.5256,6989.7057,6877.1951,17383337100,210955642886.2000
2021-08-10,6970.8257,7019.2284,7019.6854,6958.8054,17308796200,222660420409.7000
2021-08-11,7024.7685,7073.5219,7076.3726,6999.9332,18835790600,221759523190.4000
2021-08-12,7059.4673,7095.2024,7115.8874,7051.0132,19407912500,226074875242.5000
2021-08-13,7070.4711,7088.8876,7124.9216,7050.3051,19219060400,221865974676.0000
2021-08-16,7087.5802,7052.4876,7102.3958,7039.1029,18817888600,222080461698.0000
2021-08-17,7045.7547,6894.4042,7063.0175,6876.4991,20193637200,226553000298.0000
2021-08-18,6883.2663,6941.0080,6950.8846,6865.0658,17536733100,191997407327.9000
2021-08-19,6917.5093,6947.0564,6978.9832,6869.2927,17181358900,194992915174.4000
2021-08-20,6915.0178,6920.0248,6952.5192,6843.0023,17562713900,205135637760.0000
2021-08-23,6949.3323,7024.5647,7031.8840,6949.3323,18945660800,216299530693.2000
2021-08-24,7031.6481,7090.7817,7098.0287,7009.6901,20272689500,236479323511.5000
2021-08-25,7092.1469,7153.0043,7153.2740,7058.5714,19812689000,228737398900.2000
2021-08-26,7151.5304,7118.8442,7175.5115,7115.8445,23017619600,255363535500.4000
2021-08-27,7096.6546,7180.1088,7185.7274,7083.2112,22383046300,258997827229.8000
2021-08-30,7202.6263,7226.8823,7262.6044,7190.6143,25064914800,301015443912.4000
2021-08-31,7202.5239,7255.3418,7255.3418,7159.3023,24510834200,288657326056.0000
2021-09-01,7271.0338,7193.1000,7278.1558,7100.3070,29552014000,331023151839.6000
2021-09-02,7172.3989,7307.0084,7309.3317,7172.3989,25341169800,271544871415.2000
2021-09-03,7335.6955,7278.6809,7385.2425,7227.0348,28880124000,315016807341.7000
2021-09-06,7297.3609,7355.4013,7359.5367,7231.7285,25587515300,273720337786.8000
2021-09-07,7360.3829,7498.9255,7501.1262,7350.6962,26072754100,280403353971.0000
2021-09-08,7496.3344,7544.0411,7549.4542,7483.8711,27284780800,287850948370.8000
2021-09-09,7534.9816,7617.4505,7617.6574,7526.9689,28720406800,302380048527.9000
2021-09-10,7613.6040,7607.6749,7661.4261,7564.2611,29346864200,322687990811.2000
2021-09-13,7613.5404,7648.7481,7650.8787,7566.7758,26361861000,298956061716.8000
2021-09-14,7630.7153,7556.6157,7688.6036,7544.0161,27150151200,306464420119.2000
2021-09-15,7535.2511,7592.3059,7627.6702,7521.8772,23339841600,274072796567.4000
2021-09-16,7616.8813,7446.9353,7657.2251,7445.2326,26764977900,301162982030.1000
2021-09-17,7421.8050,7395.5645,7471.4190,7275.9829,23360422600,259019107902.0000
2021-09-22,7305.0785,7453.6247,7453.9319,7298.0267,19679453400,221838873408.5000
2021-09-23,7512.3311,7502.8391,7543.6595,7467.2021,24115869400,267659234037.1000
2021-09-24,7490.5645,7380.3843,7490.5645,7373.2854,23171558200,248983141488.2000
2021-09-27,7400.0047,7170.5899,7410.4669,7128.5116,23954240700,255096916280.6000
2021-09-28,7158.6203,7198.8966,7227.4568,7155.2737,20280056700,196202379037.6000
2021-09-29,7142.7611,7010.2192,7161.2117,6996.5724,21057070200,207830603405.8000
2021-09-30,7034.6937,7103.6076,7116.0370,7034.6937,20248261200,186185669931.7000
2021-10-08,7191.2254,7091.3356,7198.9614,7058.8310,20546770500,202877493532.5000
2021-10-11,7102.8820,7090.4673,7123.7457,7048.8733,19542083900,194709504374.7000
2021-10-12,7069.3516,6952.1903,7079.7053,6891.8448,20166672300,194146539017.6000
2021-10-13,6957.7292,6981.5947,6991.2444,6887.3389,16260465500,163678284334.2000
2021-10-14,6970.6469,7008.3326,7033.3956,6949.4809,15476466800,162946739426.8000
2021-10-15,6996.1199,7024.1596,7034.0279,6975.2395,17410833900,188999735572.0000
2021-10-18,7027.1401,7068.1048,7071.8702,6983.7158,17562701400,194312992634.8000
2021-10-19,7060.7748,7120.3794,7127.2362,7051.7790,16813576400,182701165154.9000
2021-10-20,7081.9851,7118.7959,7154.9089,7067.1346,17051134100,186276501134.2000
2021-10-21,7127.6351,7098.2542,7145.5837,7069.4508,16797196700,184364872656.5000
2021-10-22,7089.1349,7026.0676,7110.6570,7020.8705,17161515100,184191958090.4000
2021-10-25,7019.0224,7103.9856,7105.9767,7003.7789,15900460300,184607289163.6000
2021-10-26,7120.0662,7102.4335,7155.6280,7085.0685,17503220500,204998019664.9000
2021-10-27,7093.1238,7048.6040,7097.8574,7017.8618,17902088700,212523899547.3000
2021-10-28,7026.2937,6950.2768,7043.4168,6930.5413,18807533800,210380519313.0000
2021-10-29,6955.8473,7022.4992,7022.7535,6920.3074,17077953300,207011899853.7000
2021-11-01,7005.0693,7060.7560,7087.2923,6993.2700,18414299100,226533562754.7000
2021-11-02,7061.0022,6985.0998,7093.6115,6921.8496,19611472800,230633597738.9000
2021-11-03,6975.0635,7017.8541,7034.0916,6962.8685,15081464800,183530630396.2000
2021-11-04,7031.9467,7073.8522,7073.8522,7018.6086,15265204900,188533361387.7000
2021-11-05,7071.0831,6991.9077,7073.8516,6991.1519,17724139200,207299701331.0000
2021-11-08,6986.4961,7026.9715,7034.1410,6984.8099,14636085700,176810356754.4000
2021-11-09,7037.5733,7081.7539,7087.0231,7028.3131,14169684700,175620424710.2000
2021-11-10,7061.6357,7062.3313,7072.1479,6965.8634,16213835400,187121573688.1000
2021-11-11,7048.8625,7119.8589,7121.9221,7033.0881,16540069300,186637770929.0000
2021-11-12,7118.9925,7156.6127,7165.1056,7112.5819,16851342300,195249975661.0000
2021-11-15,7166.0372,7098.2129,7176.7701,7083.7783,16114820200,201939758494.8000
2021-11-16,7083.9214,7045.9387,7121.7443,7040.5069,16237031600,192032230405.6000
2021-11-17,7043.6330,7104.5344,7106.0537,7033.9529,14034710700,168875300039.3000
2021-11-18,7108.7797,7084.6827,7130.2877,7066.4894,16271486000,185152969061.1000
2021-11-19,7083.0066,7169.8759,7174.2512,7073.7170,17818585400,193601338401.8000
2021-11-22,7177.4005,7255.0736,7259.5317,7177.4005,18052248000,222986228038.5000
2021-11-23,7245.9455,7261.3791,7292.9170,7239.0001,18959503300,218299011123.4000
2021-11-24,7260.2161,7256.1117,7278.3963,7229.6040,17767407200,209537055308.1000
2021-11-25,7262.7934,7233.5423,7262.7934,7228.2913,16406809800,190327760943.3000
2021-11-26,7216.6383,7219.8622,7249.1985,7201.1952,15942313700,192093829800.3000
2021-11-29,7129.9393,7221.8978,7226.3391,7125.4296,16694140600,198551719061.9000
2021-11-30,7252.3323,7252.7552,7281.1339,7210.8352,18633616300,213217510814.3000
2021-12-01,7239.1277,7272.8370,7272.9398,7215.6723,17180629500,196111868499.2000
2021-12-02,7256.4241,7229.9880,7279.9456,7221.3624,17655554400,198627048458.5000
2021-12-03,7233.5723,7301.9173,7310.2748,7223.7957,18622273800,200791224129.0000
2021-12-06,7308.9885,7240.4558,7330.4685,7235.4479,21306995200,218322693799.7000
2021-12-07,7274.1261,7206.8257,7284.6445,7148.0679,19224385400,206136079286.9000
2021-12-08,7224.9995,7302.9905,7302.9905,7214.2588,16928045300,190279976219.1000
2021-12-09,7298.7955,7320.3177,7331.5838,7290.2680,19608716800,211492054441.2000
2021-12-10,7285.9735,7306.6460,7317.2658,7276.6134,18723069500,209397677738.1000
2021-12-13,7334.1100,7353.0306,7371.3100,7322.4381,18536306100,210741544041.8000
2021-12-14,7330.2360,7324.1331,7349.8781,7314.4295,15958375300,183555994743.8000
2021-12-15,7319.6641,7314.2586,7352.3790,7302.3831,15992392300,183859414382.0000
2021-12-16,7323.4117,7380.9974,7380.9974,7323.4117,17769034000,187008756369.3000
2021-12-17,7380.7202,7314.5601,7384.0175,7308.7215,19626533600,203439633902.9000
2021-12-20,7290.9488,7195.9732,7313.4816,7191.0499,18172785300,190350688407.0000
2021-12-21,7190.9728,7275.4675,7285.7209,7190.9728,17621674600,164258060881.9000
2021-12-22,7289.9065,7302.4630,7318.6050,7271.8182,17411719000,171088399938.4000
2021-12-23,7306.1587,7337.1900,7349.9951,7290.3792,16913176000,180467002801.9000
2021-12-24,7335.9996,7278.7556,7339.9405,7257.5267,16941870200,182681103358.1000
2021-12-27,7269.3700,7272.7493,7323.8760,7255.7163,14861878900,165585648493.7000
2021-12-28,7281.0041,7286.0336,7290.5389,7240.9278,14326204000,164782846852.7000
2021-12-29,7275.6736,7247.7741,7290.8597,7242.3024,13620955200,155743984428.4000
2021-12-30,7246.0313,7310.9600,7324.4981,7244.2221,14165111100,158448274389.6000
2021-12-31,7320.9363,7359.4024,7368.1297,7317.7047,14990900300,169456916309.8000
2022-01-04,7387.8055,7354.4562,7392.1023,7317.5011,20081001800,219175107618.1000
2022-01-05,7343.8995,7222.6747,7346.2621,7200.7314,19400240400,209809761803.8000
2022-01-06,7187.9499,7229.9601,7242.7660,7167.8078,17333576500,179907539895.0000
2022-01-07,7232.4087,7175.6760,7262.8050,7168.0396,20001801100,202498452622.0000
2022-01-10,7161.4375,7191.4511,7193.9224,7122.0892,16574887800,176717915891.8000
2022-01-11,7187.0155,7135.2232,7206.9187,7118.8378,16949456500,179645357798.7000
2022-01-12,7160.1762,7196.9327,7196.9327,7148.6276,15605148300,170334290986.6000
2022-01-13,7203.2434,7097.7594,7203.2434,7096.3251,16914896800,174599014140.3000
2022-01-14,7063.4231,7081.1408,7125.0920,7052.6348,17559119800,181513954243.3000
2022-01-17,7080.6157,7157.8593,7169.3446,7078.6629,16177971900,183490792953.4000
2022-01-18,7163.1284,7163.1586,7191.0046,7133.1954,17923539100,195000211959.9000
2022-01-19,7144.4768,7118.7620,7182.0623,7078.3609,16317836800,174675276058.6000
2022-01-20,7119.5101,7056.7854,7135.7759,7040.0143,16866628200,172753201584.8000
2022-01-21,7037.9389,6976.6155,7040.4250,6965.3330,14467978900,158204017340.6000
2022-01-24,6942.9178,6979.2456,7006.7008,6925.7709,12267956400,135920720796.5000
2022-01-25,6959.9950,6743.9566,6979.4830,6743.9566,15033724400,154265494910.4000
2022-01-26,6762.3509,6782.5763,6799.8129,6721.8961,12061531000,130234705546.0000
2022-01-27,6781.6081,6605.9159,6785.7265,6605.9159,12524375600,132244728276.2000
2022-01-28,6690.1755,6580.5300,6690.1755,6510.1811,12708881900,130258015986.6000
2022-02-07,6664.5682,6676.6122,6702.3323,6656.1312,14509261900,138641531840.6000
2022-02-08,6678.9894,6742.1921,6742.4015,6599.3668,15959857500,145458655721.1000
2022-02-09,6736.7511,6843.0271,6848.6947,6725.7983,16282272100,155362517482.0000
2022-02-10,6841.1608,6840.4850,6864.6863,6797.0071,15491656500,147064848237.7000
2022-02-11,6811.7797,6745.0235,6840.7212,6735.8940,15980135400,156700185551.4000
2022-02-14,6711.5875,6695.6958,6765.5158,6667.4898,13708245900,132192013548.4000
2022-02-15,6700.8179,6760.2776,6762.8586,6686.9491,11280576000,121268405355.2000
2022-02-16,6779.2077,6772.0336,6788.3641,6751.8001,10841400300,114685136207.6000
2022-02-17,6764.3343,6768.7888,6797.6154,6730.1804,12298508900,130706760947.1000
2022-02-18,6734.5190,6835.0217,6835.2033,6727.8158,13995263800,134406668671.3000
2022-02-21,6843.0844,6867.1129,6871.9925,6822.8758,14514631300,150072396911.2000
2022-02-22,6827.0469,6784.7622,6827.0469,6743.8487,14860991500,152906258314.5000
2022-02-23,6785.1032,6887.4236,6889.6961,6785.1032,14411662000,159413008185.2000
2022-02-24,6861.4115,6764.8756,6898.4143,6688.7529,21084975500,218057095132.3000
2022-02-25,6805.6374,6819.4311,6895.0443,6801.3265,15642913900,164105581756.0000
2022-02-28,6831.4875,6853.3081,6853.3427,6770.0507,13960138800,148585345164.0000
2022-03-01,6868.6218,6874.0447,6889.3312,6837.2469,13771721800,147535308435.5000
2022-03-02,6853.0715,6875.2404,6878.3500,6828.0631,13711497800,140871322089.8000
2022-03-03,6900.9773,6859.5522,6907.4088,6843.9865,18909178100,173516746093.0000
2022-03-04,6823.8348,6803.8337,6871.0857,6779.4140,17741188200,165852587305.5000
2022-03-07,6800.7674,6659.3902,6800.8159,6628.4825,16648459400,164636761947.0000
2022-03-08,6650.5797,6429.8888,6665.9467,6416.8002,18629607900,184444202760.5000
2022-03-09,6443.2024,6305.6093,6462.4778,6066.7635,19780274000,188335592554.8000
2022-03-10,6424.9121,6414.9402,6475.1435,6390.7252,15315235500,158971825326.8000
2022-03-11,6343.1858,6474.1269,6479.7207,6270.0233,15211450300,158771247766.0000
2022-03-14,6419.2391,6323.5779,6490.6124,6323.5779,13795400500,153706453659.8000
2022-03-15,6272.4432,5964.9813,6278.0688,5964.9813,19471374500,184102450787.5000
2022-03-16,6068.8999,6156.2714,6173.7875,5824.3301,17882684700,178613442534.0000
2022-03-17,6233.6437,6267.5244,6369.8884,6225.9795,17043854100,184845065443.2000
2022-03-18,6249.4760,6332.2166,6338.2235,6231.7261,15262021400,153302421271.9000
2022-03-21,6340.5589,6358.9430,6389.2103,6284.8526,15965372300,161774094329.0000
2022-03-22,6343.4004,6358.1093,6404.8270,6313.2741,15110787400,145705387844.5000
2022-03-23,6368.3126,6398.1009,6420.1586,6353.3361,14317935800,141684925864.7000
2022-03-24,6370.9710,6344.1150,6384.4046,6315.1424,13774908600,139175992839.2000
2022-03-25,6346.7106,6268.2376,6373.4658,6268.2376,13497225600,135181835619.8000
2022-03-28,6230.1211,6283.2814,6322.1284,6176.2482,14485788700,136991737399.1000
2022-03-29,6289.4756,6253.0692,6316.3129,6233.2822,14136212400,140401394967.6000
2022-03-30,6272.0017,6377.8744,6377.8744,6261.8037,16401457500,155600799511.1000
2022-03-31,6361.1036,6324.9609,6383.0744,6313.9663,17690394800,167072822890.9000
2022-04-01,6289.3900,6364.5206,6373.2603,6274.0006,17512859600,154551712332.6000
2022-04-06,6363.0020,6356.9271,6363.0020,6279.0719,19685358400,169525010204.0000
2022-04-07,6321.8086,6221.5908,6364.6276,6221.5908,19076219200,163735810257.4000
2022-04-08,6227.1952,6224.1167,6237.9145,6117.0139,18395489200,159245297292.2000
2022-04-11,6202.0226,6029.8935,6202.0226,6001.5658,17838481200,162201440592.2000
2022-04-12,6019.6735,6126.9065,6135.5702,5964.3887,17318018800,151432386370.2000
2022-04-13,6094.6845,6044.3263,6129.6592,6039.9234,16704306000,147270109711.9000
2022-04-14,6074.1342,6126.4902,6156.4962,6060.6813,15903310600,147089465759.8000
2022-04-15,6094.1219,6070.7489,6122.2895,6048.1602,18462700000,162170121562.1000
2022-04-18,6019.5305,6074.0069,6094.6714,5975.4455,14918638000,131553629165.0000
2022-04-19,6067.4795,6092.3963,6106.9313,6052.0964,14199753400,129227432636.5000
2022-04-20,6082.8122,5956.9208,6093.7827,5942.0045,15105560300,134720863250.9000
2022-04-21,5933.7886,5759.8013,5971.1943,5742.4182,15785450500,135625763585.4000
2022-04-22,5728.1930,5740.9844,5794.3351,5667.3384,13999759800,120243690113.6000
2022-04-25,5656.3939,5369.7171,5656.3939,5369.7171,18675348000,150663973302.5000
2022-04-26,5374.2548,5234.0059,5434.7038,5225.2065,17129943300,139143826428.0000
2022-04-27,5179.0311,5437.0374,5440.0693,5158.4760,17969338400,148165593331.4000
2022-04-28,5398.9043,5418.7641,5472.8233,5339.6085,15503977300,133023979699.0000
2022-04-29,5458.9146,5627.9021,5630.9326,5443.6651,18128951200,157723206297.8000
2022-05-05,5612.4964,5686.7023,5728.6163,5606.9405,16864320800,153614014864.4000
2022-05-06,5560.9758,5563.7693,5629.6470,5542.1811,15299334100,128084917441.6000
2022-05-09,5552.4756,5608.5162,5626.5906,5537.9754,13155392900,114555068564.0000
2022-05-10,5532.6001,5690.0868,5698.5144,5519.4721,16532961300,141136837683.5000
2022-05-11,5697.4294,5737.8173,5856.1924,5696.7023,18516362700,172855135622.5000
2022-05-12,5707.5559,5743.1007,5779.3195,5687.1750,13921616900,125952896230.6000
2022-05-13,5765.3172,5796.8014,5796.8014,5731.8598,13655977500,116785287132.3000
2022-05-16,5840.2430,5791.0809,5855.7226,5767.5448,15138727500,132450886599.5000
2022-05-17,5789.9157,5816.3379,5816.3379,5724.4448,13082939100,119260447955.2000
2022-05-18,5815.6052,5797.4896,5846.8440,5785.4545,12724384500,114319973944.7000
2022-05-19,5708.8006,5838.4074,5838.4074,5700.1061,13662374000,122730054522.0000
2022-05-20,5854.0140,5929.4882,5929.5421,5849.7614,16572732900,151890808353.4000
2022-05-23,5941.1422,5965.7277,5968.8510,5908.6589,15387601700,143376161124.0000
2022-05-24,5962.1488,5745.6751,5967.2326,5745.6751,17754083400,161859191392.5000
2022-05-25,5741.2348,5844.2546,5844.2820,5736.1388,14359063500,126687497293.5000
2022-05-26,5848.0259,5911.5607,5928.7066,5780.9701,16235036200,142667052821.1000
2022-05-27,5921.3316,5899.9150,5952.6150,5854.6100,14340686200,128502607015.8000
2022-05-30,5918.2429,5942.8317,5942.9969,5867.1924,13385264700,124183592946.5000
2022-05-31,5940.3724,6026.2373,6033.4732,5902.2751,15594491800,147825250552.3000
2022-06-01,6008.7519,6023.6440,6042.3715,5970.4930,15536577300,143127245305.2000
2022-06-02,6000.6176,6078.4349,6084.3166,5987.6409,15957167500,150036301464.4000
2022-06-06,6079.8854,6187.4441,6194.4258,6070.7070,18267996300,180119370874.6000
2022-06-07,6186.5768,6186.5672,6199.7233,6136.0388,17731171800,169115475173.6000
2022-06-08,6184.9604,6217.8276,6227.3285,6110.0604,18642886400,176670594408.9000
2022-06-09,6207.7272,6130.6862,6209.1099,6088.4637,17212977500,160399014376.8000
2022-06-10,6083.5009,6240.1032,6250.3633,6078.7845,19254134000,178686545011.3000
2022-06-13,6188.7655,6233.6194,6250.6808,6172.9148,18813239700,197652384588.0000
2022-06-14,6161.6197,6275.5652,6278.9724,6061.1905,19740316500,196166211157.9000
2022-06-15,6275.3708,6261.0613,6398.3587,6261.0394,23814076500,231704740913.9000
2022-06-16,6262.2871,6264.8220,6330.3502,6242.3287,19461508300,200890496403.0000
2022-06-17,6220.5832,6316.3092,6328.3614,6181.8541,16785912900,188555335283.8000
2022-06-20,6323.4058,6330.3942,6359.0000,6277.2155,17520714600,202463104716.5000
2022-06-21,6324.8405,6277.0014,6337.0828,6215.2920,16446163000,178813382248.4000
2022-06-22,6281.8672,6179.5700,6285.6521,6176.8507,15409431800,164240856131.8000
2022-06-23,6186.9871,6300.4746,6300.4746,6142.9367,16826604400,179525605665.7000
2022-06-24,6306.8290,6368.2827,6378.4980,6304.0817,15771270400,181995576916.7000
2022-06-27,6398.3596,6407.7447,6449.3379,6390.2849,16891819100,201652930730.9000
2022-06-28,6412.4400,6501.3520,6506.6650,6392.1091,17058271100,196479374873.5000
2022-06-29,6479.1702,6374.2974,6501.3927,6370.0158,19072830800,215976296586.3000
2022-06-30,6385.2145,6454.0778,6493.0905,6385.2145,16384677500,193598970720.0000
2022-07-01,6450.7504,6438.5375,6481.1493,6423.8571,14420464300,172657742424.2000
2022-07-04,6445.0746,6523.1311,6524.2950,6405.3788,15781996900,193784450973.9000
2022-07-05,6535.4543,6511.5297,6548.3018,6435.7372,18662546900,206724929047.1000
2022-07-06,6489.0207,6418.5453,6496.9720,6359.4656,17710450200,188283101873.7000
2022-07-07,6414.4083,6452.9863,6482.4181,6380.1669,15735112300,176906222167.7000
2022-07-08,6478.2911,6404.4393,6490.1491,6404.1612,15098669800,171162738886.7000
2022-07-11,6387.4493,6319.1402,6387.4493,6274.7378,15199366600,169420490499.2000
2022-07-12,6317.8781,6241.4793,6346.5140,6238.5626,14451309200,162745221371.3000
2022-07-13,6238.6803,6268.4943,6287.6398,6207.7219,14271072300,148941203951.1000
2022-07-14,6267.4723,6302.4319,6339.4222,6254.6817,14035405000,156034965327.2000
2022-07-15,6279.6767,6196.7999,6323.5345,6196.7999,15838682800,169165272836.9000
2022-07-18,6216.0998,6312.3557,6315.6563,6200.5203,15914462400,163899480504.9000
2022-07-19,6318.8373,6335.7093,6347.2428,6283.4024,14638478000,163012682490.6000
2022-07-20,6353.0031,6410.7088,6416.8716,6351.8184,14293257300,157782312749.0000
2022-07-21,6400.0661,6347.5984,6408.4580,6347.5984,14821018400,163172754178.8000
2022-07-22,6353.9247,6289.5325,6371.3183,6236.3430,13062066900,143788393867.5000
2022-07-25,6297.0995,6231.2355,6319.1797,6213.4739,12945802900,139714096679.5000
2022-07-26,6239.2088,6307.9560,6319.2494,6213.8365,11727654100,129165891647.9000
2022-07-27,6301.6083,6332.2327,6344.2070,6286.3516,12043512700,133249678638.0000
2022-07-28,6361.2729,6348.1655,6393.7268,6339.5502,13847342900,152662265343.0000
2022-07-29,6356.5204,6294.1144,6365.2595,6285.7193,13792579200,152961332812.8000
2022-08-01,6293.3831,6347.2211,6350.0383,6253.0553,12867901200,151348904696.9000
2022-08-02,6288.6064,6169.9961,6288.6064,6095.0566,18290253900,192873382570.5000
2022-08-03,6171.6172,6124.3146,6261.9097,6111.2198,14721340900,175544841793.6000
2022-08-04,6160.4864,6158.7346,6177.6166,6080.1010,11364638100,137805652801.6000
2022-08-05,6175.4805,6270.5113,6274.2729,6163.5051,12428444800,150450721916.0000
2022-08-08,6266.5673,6323.0746,6324.3401,6249.6163,11613293400,149909676464.1000
2022-08-09,6314.1043,6341.4806,6344.8400,6290.8724,11696665300,148682025631.8000
2022-08-10,6331.4129,6322.0558,6362.2914,6298.8613,11889992800,153411737859.6000
2022-08-11,6349.4961,6439.3586,6439.3586,6341.7215,14203828400,168399100707.5000
2022-08-12,6425.1102,6420.8530,6463.0667,6416.2908,14039991700,158383471763.4000
2022-08-15,6405.7169,6442.8093,6462.5378,6394.2182,13362748200,151481917268.3000
2022-08-16,6446.7604,6465.1866,6492.5396,6440.3764,13584149500,150950901281.8000
2022-08-17,6473.2526,6493.5047,6501.3620,6428.9652,14622031900,165336992378.1000
2022-08-18,6481.3704,6468.8056,6483.6928,6448.7455,13045175900,151581053114.9000
2022-08-19,6468.8233,6391.7159,6477.3137,6390.9328,14259085100,161777617603.6000
2022-08-22,6381.3397,6472.6799,6472.7936,6363.2180,13373550000,155429477947.4000
2022-08-23,6460.1716,6466.4045,6475.8227,6436.0810,13367637700,152812386392.9000
2022-08-24,6470.6864,6284.5769,6472.6832,6277.9892,15810387200,171922926765.6000
2022-08-25,6303.1445,6322.6961,6327.0917,6225.6756,14194636700,152348524289.3000
2022-08-26,6331.0790,6298.3739,6381.4834,6286.5227,13040583700,145604215469.3000
2022-08-29,6213.4016,6310.4020,6310.9932,6205.1266,12526884900,132966408290.4000
2022-08-30,6309.5791,6285.9273,6319.1701,6248.1377,13210920000,136583215311.8000
2022-08-31,6265.5934,6155.7455,6280.1856,6132.2326,14727540800,153776542736.6000
2022-09-01,6153.2870,6126.7685,6207.2440,6118.5774,11857505400,124670857677.4000
2022-09-02,6135.2957,6149.4273,6176.1706,6117.7266,10656438400,114216217368.2000
2022-09-05,6147.7062,6182.6465,6184.8042,6122.6190,11747924400,119757999919.0000
2022-09-06,6198.4868,6291.5707,6292.5319,6187.9517,12984604000,135891977558.3000
2022-09-07,6269.9911,6301.5644,6314.1182,6256.6131,12016029200,130718396246.6000
2022-09-08,6299.9068,6272.5752,6309.8969,6266.5175,11616426900,120970235492.1000
2022-09-09,6275.8978,6316.9724,6321.8229,6254.2611,12138922800,124658337639.2000
2022-09-13,6334.8609,6300.4220,6343.7743,6291.4445,11810631400,123861798297.2000
2022-09-14,6214.9119,6249.9630,6273.6335,6206.9248,10912116000,114644793268.9000
2022-09-15,6280.4462,6107.7964,6282.6932,6053.7988,14164350000,148202355024.8000
2022-09-16,6091.4195,5954.5037,6102.5416,5954.5037,13717211500,131508079987.8000
2022-09-19,5947.8566,5913.1493,5967.6548,5880.4941,10402541200,104609796776.0000
2022-09-20,5949.3355,5958.2922,6002.7920,5940.5814,8881300000,96795084956.1000
2022-09-21,5943.0935,5978.5810,5998.7001,5876.5156,10346364400,100001264102.8000
2022-09-22,5938.0989,5965.8854,6015.1192,5931.7309,9986760200,102285806654.7000
2022-09-23,5961.0615,5889.6019,5986.8209,5839.9316,10060943700,104706616405.3000
2022-09-26,5841.5777,5806.3181,5922.3202,5798.2786,10324436000,102568347040.7000
2022-09-27,5823.5478,5920.0531,5920.0531,5808.2522,9741802200,103953587047.6000
2022-09-28,5910.0494,5769.5198,5910.0494,5769.5198,9369485300,99052683111.1000
2022-09-29,5823.2724,5771.8812,5856.1602,5741.0175,9538579800,97557854862.3000
2022-09-30,5764.1521,5714.0629,5804.2022,5714.0629,8554516800,87143078864.7000
2022-10-10,5729.7548,5635.7109,5758.0415,5618.8038,9746934500,97320936443.0000
2022-10-11,5642.4791,5684.5063,5703.2705,5606.9944,8657146900,88733098158.6000
2022-10-12,5680.3641,5820.4537,5820.4537,5594.2971,10610175700,110816368258.8000
2022-10-13,5789.6610,5830.3355,5876.4759,5780.1758,10572226800,114922152769.8000
2022-10-14,5866.8591,5973.4389,5996.0440,5866.8591,11821224500,138463009285.8000
2022-10-17,5952.3801,6015.5963,6023.5259,5945.4277,11146186900,127160232940.9000
2022-10-18,6031.0470,6035.6737,6074.3734,5996.3927,10575019500,127130541930.8000
2022-10-19,6021.8000,5972.7226,6037.4429,5970.4371,9388106500,112290658653.1000
2022-10-20,5943.4767,5948.8621,6035.5523,5886.3955,10338824500,121766931023.7000
2022-10-21,5959.2074,5956.8811,5993.8762,5928.9185,9682629500,112261082744.7000
2022-10-24,5968.5417,5896.9031,6061.2078,5857.8584,11950108100,137328967809.0000
2022-10-25,5864.0249,5869.7810,5926.5683,5785.4086,10704585400,123655965044.2000
2022-10-26,5871.0773,5971.6009,6016.9172,5871.0773,11653007900,143742557269.8000
2022-10-27,5978.2847,5963.0037,6020.8930,5962.9743,11708821900,147969762402.1000
2022-10-28,5922.8193,5781.7972,5934.7974,5760.0452,13167633200,147373418224.4000
2022-10-31,5745.0776,5807.1063,5859.5968,5743.5552,12701606400,150059218566.0000
2022-11-01,5814.2148,5941.1451,5942.1356,5786.8711,13661677600,165176134816.8000
2022-11-02,5925.6508,5997.8038,6028.7670,5916.0613,14233028600,183166205234.3000
2022-11-03,5944.5114,5996.7187,6018.4176,5937.6050,10638690600,145162731659.8000
2022-11-04,5996.3054,6133.4629,6157.4279,5996.3054,13870711100,174457116038.9000
2022-11-07,6133.2389,6141.4088,6166.1908,6100.6056,13809240900,167294752766.8000
2022-11-08,6139.8902,6134.2564,6141.0231,6095.4447,10826753100,134372666241.4000
2022-11-09,6140.5417,6120.8286,6182.3383,6118.7288,10476225000,127037472145.0000
2022-11-10,6085.2848,6089.6951,6119.0345,6061.8078,11640192800,129142711483.4000
2022-11-11,6223.2280,6138.6211,6249.3487,6134.6815,17649212100,198177118398.1000
2022-11-14,6140.1875,6129.5129,6189.3825,6104.9304,15948672500,174064714506.7000
2022-11-15,6125.1067,6236.3838,6236.3838,6112.6193,14986096500,171481798607.2000
2022-11-16,6238.5838,6203.9174,6263.1555,6190.0123,12977037600,151854939979.7000
2022-11-17,6182.6909,6217.2052,6217.2052,6148.6148,12343019600,152683752658.2000
2022-11-18,6213.0909,6191.6477,6251.1066,6181.5541,13118109300,164591218427.4000
2022-11-21,6147.7174,6189.7092,6196.6472,6116.2957,11285438700,141789496020.9000
2022-11-22,6178.1632,6125.3999,6196.1962,6100.1131,11608602400,137587008255.8000
2022-11-23,6114.2692,6115.6049,6140.1142,6045.0243,11519351700,128686794201.7000
2022-11-24,6126.5982,6120.0659,6149.9599,6099.7498,10020069900,117480438950.3000
2022-11-25,6095.1259,6087.8591,6107.0725,6062.0028,10774234500,110059809752.5000
2022-11-28,5999.8546,6055.2843,6059.0163,5970.0861,11794010700,125697913892.5000
2022-11-29,6071.4494,6163.8214,6173.8490,6071.2244,15532447100,159512108828.4000
2022-11-30,6156.7719,6156.1465,6175.6824,6118.9020,15464797200,153125576728.1000
2022-12-01,6211.2911,6186.1021,6229.8340,6186.1021,15252332500,171479199866.6000
2022-12-02,6177.9231,6168.0127,6206.9855,6154.2094,11550097500,133339764575.1000
2022-12-05,6201.9803,6215.1244,6227.2141,6182.9759,17047721100,177698737275.3000
2022-12-06,6202.5242,6211.2515,6244.6382,6185.4940,14937281500,164215807003.7000
2022-12-07,6198.0532,6204.0051,6243.9022,6183.3338,13782124600,155238837726.6000
2022-12-08,6199.1640,6186.2835,6206.1408,6168.7805,13105132500,149348401389.7000
2022-12-09,6185.7939,6192.3009,6213.5165,6159.5043,16780682500,180239306547.1000
2022-12-12,6181.2441,6154.8092,6182.0784,6146.2547,13409831000,162420257195.9000
2022-12-13,6153.7384,6121.6615,6154.2972,6113.4142,10485751500,131515610802.4000
2022-12-14,6122.4318,6096.3856,6139.7384,6084.0799,9508991600,125346101098.7000
2022-12-15,6090.1178,6101.8787,6108.9595,6078.0039,8819045400,113088367630.4000
2022-12-16,6071.9564,6072.8627,6087.4579,6036.0507,9391067200,113412125964.0000
2022-12-19,6058.8941,5936.4751,6081.4436,5911.8803,10510620100,121083184766.5000
2022-12-20,5919.0267,5878.0314,5920.9868,5857.8575,7862327300,96369670928.2000
2022-12-21,5879.2722,5845.8350,5892.9070,5819.6676,6978343100,85257777709.1000
2022-12-22,5867.7240,5779.0555,5875.4736,5761.9836,8223187300,97446795232.4000
2022-12-23,5751.9489,5763.3458,5805.5101,5732.4711,6655686500,81911192697.9000
2022-12-26,5769.0686,5843.2555,5850.9115,5769.0686,7542413300,93646097254.9000
2022-12-27,5857.7543,5885.6622,5891.3544,5832.2697,8178042300,101272091294.0000
2022-12-28,5869.4556,5862.0967,5889.3180,5848.2421,9009889800,102679233203.2000
2022-12-29,5843.9431,5857.4021,5895.9811,5835.3337,7951079400,94429698666.4000
2022-12-30,5875.2787,5864.4669,5885.8903,5848.9547,7534503200,86117939625.6000
2023-01-03,5861.5504,5955.8969,5964.8185,5848.1461,9955783700,119271237764.2000
2023-01-04,5952.5062,5952.4538,5970.5758,5922.8646,9716044100,114358731440.4000
2023-01-05,5959.4378,6010.4641,6017.3406,5950.0896,9662997900,117479981150.9000
2023-01-06,6004.1731,6012.8152,6050.8874,5998.8349,9924487700,121596399779.3000
2023-01-09,6028.3990,6040.0193,6070.1614,6023.6388,10069682900,124921325580.9000
2023-01-10,6044.6410,6048.2968,6053.5849,6017.1524,9639335100,113967056402.2000
2023-01-11,6049.0393,6014.1565,6070.4478,6004.2194,9440638900,112879598037.5000
2023-01-12,6022.5610,6015.2871,6048.1893,5995.9111,9290012400,104902996993.9000
2023-01-13,6030.9300,6057.6902,6058.2249,6015.2180,9002502000,102449872563.5000
2023-01-16,6068.9115,6126.1772,6168.7448,6068.1400,12961973000,146526749755.3000
2023-01-17,6129.7345,6132.6391,6138.1742,6107.7606,9592169900,109180206701.1000
2023-01-18,6139.6912,6151.4557,6168.3735,6136.9704,9455583600,103052545401.6000
2023-01-19,6145.6211,6204.3261,6204.3261,6130.4240,9977779300,114472416014.4000
2023-01-20,6214.0251,6251.4337,6253.2690,6214.0251,11390454200,128362190660.4000
2023-01-30,6331.8759,6283.3272,6342.4494,6279.4508,14651792000,173697713880.0000
2023-01-31,6266.2956,6289.1500,6303.9117,6259.5275,13530209300,146630404005.4000
2023-02-01,6300.4997,6365.9051,6368.7906,6293.4917,15244222000,166449081743.9000
2023-02-02,6383.2980,6370.1411,6402.2639,6347.7289,14929281100,166213113911.5000
2023-02-03,6354.7135,6343.6861,6354.7135,6267.4377,12150718200,138714379584.2000
2023-02-06,6314.5995,6302.3349,6330.7929,6274.5427,10848530800,127652063425.2000
2023-02-07,6309.2209,6317.2377,6318.8407,6273.5954,10966268300,125078065034.8000
2023-02-08,6319.5164,6268.2759,6323.8492,6263.7627,10599489500,116986269907.4000
2023-02-09,6256.3124,6354.5620,6354.8028,6250.4545,10903111900,129044254163.8000
2023-02-10,6348.9994,6334.2520,6368.4882,6296.5476,12010082900,134994907399.5000
2023-02-13,6333.2194,6383.8279,6386.7243,6331.3687,13156622700,151374560994.8000
2023-02-14,6394.6196,6397.2146,6408.5508,6369.5727,12467438900,143967118961.2000
2023-02-15,6398.8735,6384.3479,6407.7530,6365.3107,11590702200,143472324421.4000
2023-02-16,6384.2145,6289.4786,6429.0531,6244.4787,16838841600,190791364474.4000
2023-02-17,6284.9225,6237.4053,6308.5680,6237.4053,11721098500,143422448168.0000
2023-02-20,6248.2555,6346.0678,6349.4074,6227.3489,14033407500,157289265128.8000
2023-02-21,6349.9071,6383.4248,6396.7420,6337.5976,14182471400,153705795821.1000
2023-02-22,6352.0275,6375.0684,6397.1452,6344.9861,10908302900,128341320025.0000
2023-02-23,6377.2925,6360.3202,6396.6563,6328.6440,11606465400,135992246881.1000
2023-02-24,6367.6311,6340.8435,6372.4918,6308.2213,9695728100,119877925583.4000
2023-02-27,6318.6393,6307.2057,6349.0910,6288.2994,10108273800,124887490151.6000
2023-02-28,6323.8417,6357.5352,6357.5352,6293.1792,9660316300,119094834715.1000
2023-03-01,6356.5035,6402.1411,6410.5217,6340.0045,12390763900,144327640100.9000
2023-03-02,6398.2563,6382.2322,6410.2306,6375.0068,12534929700,147597102774.1000
2023-03-03,6384.0636,6390.3177,6398.4707,6346.9593,12323477500,140273359354.4000
2023-03-06,6398.1023,6395.2191,6405.8199,6362.4723,12684563400,155123686031.2000
2023-03-07,6389.8109,6284.2986,6396.5414,6284.2198,13792886900,149308292189.0000
2023-03-08,6264.4315,6301.5157,6303.7106,6258.3174,9869835700,114463801002.9000
2023-03-09,6311.0424,6285.9521,6311.3353,6258.4498,9268891400,111866575503.5000
2023-03-10,6251.5600,6204.8989,6261.3301,6202.6117,10805229000,129144574718.6000
2023-03-13,6189.9761,6245.0029,6245.0029,6178.6720,10800655200,132474098352.3000
2023-03-14,6237.7306,6189.3969,6243.4184,6127.6878,12120014500,149977754662.0000
2023-03-15,6210.9280,6224.6400,6254.4857,6210.9280,11294852800,129455795140.3000
2023-03-16,6191.2955,6140.8317,6209.9732,6133.8328,12763268500,143759016862.1000
2023-03-17,6174.1919,6183.1843,6233.7534,6169.8441,13710833400,157222487365.1000
2023-03-20,6195.3506,6160.3541,6201.9742,6152.8083,14558089100,167826184366.7000
2023-03-21,6171.8856,6234.6793,6235.0064,6171.2834,12302533100,144174739305.4000
2023-03-22,6244.3623,6269.7384,6271.5228,6242.1570,12826638600,149867921197.4000
2023-03-23,6253.5774,6305.7585,6305.7585,6245.9826,12917964800,164124553074.5000
2023-03-24,6312.4308,6310.0979,6315.6795,6279.5407,14102098900,179449338405.6000
2023-03-27,6304.4792,6311.5998,6320.6622,6265.0053,14466486300,184209306469.8000
2023-03-28,6314.5821,6279.9217,6331.5584,6272.7168,13915610400,174935282609.8000
2023-03-29,6285.9539,6260.5510,6294.2951,6239.9373,13154828400,166565424024.2000
2023-03-30,6257.6398,6286.1773,6287.4396,6213.9745,12321859900,155158644767.8000
2023-03-31,6284.8522,6339.8183,6343.2299,6282.1402,12948983500,164138969077.5000
2023-04-03,6346.6925,6413.8073,6419.8686,6346.6925,16392104800,215330527397.2000
2023-04-04,6414.8177,6408.8994,6423.3058,6377.5322,15749175500,218740913531.4000
2023-04-06,6387.2289,6416.8456,6428.7215,6382.0333,14406444800,207002794759.6000
2023-04-07,6418.2601,6464.4664,6470.0888,6416.6812,12796462500,177737436540.0000
2023-04-10,6474.9415,6410.5218,6476.2165,6395.3745,14513418700,203397862936.4000
2023-04-11,6405.6279,6420.8770,6421.4857,6381.0566,14239910900,188800337843.3000
2023-04-12,6415.7038,6443.4391,6450.3488,6407.1996,14944795600,188164796583.5000
2023-04-13,6438.1638,6404.6463,6451.7864,6396.0167,15619957300,196031015021.2000
2023-04-14,6420.3118,6431.0688,6444.8860,6390.9182,14530066800,190743030851.0000
2023-04-17,6422.8669,6459.2396,6459.2396,6421.3936,16882307900,196752268308.1000
2023-04-18,6448.7565,6449.8531,6462.2489,6422.0530,14347134100,184598154225.6000
2023-04-19,6444.8726,6416.9696,6456.1491,6404.9942,14869977400,192403574162.7000
2023-04-20,6408.8077,6411.7564,6413.0794,6376.3489,15050129400,196199845238.5000
2023-04-21,6411.5137,6250.5446,6411.5137,6250.5446,16231329700,210802112228.2000
2023-04-24,6250.9635,6208.7797,6260.5395,6184.7122,14769484500,191204975164.8000
2023-04-25,6205.6184,6118.1526,6208.4027,6042.6423,16245927700,200847244830.6000
2023-04-26,6095.1335,6142.1541,6178.1675,6093.1976,15216635400,197699832955.3000
2023-04-27,6127.6444,6157.9360,6190.2503,6121.6098,14313611600,179308956550.4000
2023-04-28,6151.6433,6241.2441,6245.5500,6151.6433,16787648200,199335712325.8000
2023-05-04,6223.2261,6262.3891,6264.5158,6218.7822,20248797000,215098748101.1000
2023-05-05,6255.7044,6200.5759,6256.2287,6172.6931,17826101700,192217857467.7000
2023-05-08,6202.6787,6248.5828,6259.6869,6200.1467,20271825500,198162493586.1000
2023-05-09,6242.6615,6181.9757,6274.8980,6177.6544,22438946700,215437054342.0000
2023-05-10,6167.1346,6173.8093,6199.1609,6137.1536,17545372700,180485291578.1000
2023-05-11,6185.6686,6154.4703,6190.3906,6151.0696,14606494600,152275213604.4000
2023-05-12,6138.9404,6091.6464,6173.9124,6088.2239,14041066400,142316419328.4000
2023-05-15,6094.6758,6159.3888,6159.3888,6036.8139,14984358300,159620224620.0000
2023-05-16,6159.1693,6110.8271,6159.1693,6095.6879,12184111600,142447474647.0000
2023-05-17,6097.9771,6122.0518,6137.0165,6090.8823,10726634900,125585549046.7000
2023-05-18,6132.5182,6128.1762,6153.9920,6101.2437,12294211100,144557618052.5000
2023-05-19,6116.8432,6117.0833,6149.1426,6085.0442,11930489600,147524516028.4000
2023-05-22,6111.8445,6115.3151,6136.8627,6086.2330,11271568200,126363418363.6000
2023-05-23,6114.2135,6052.4297,6117.3597,6052.4297,11110424400,120628486661.7000
2023-05-24,6032.6890,6005.7913,6058.3946,5988.0278,10722341400,116914166402.6000
2023-05-25,6000.2187,5988.1885,6028.6386,5926.2038,10992283200,126769237204.5000
2023-05-26,5983.1367,6034.9834,6045.1292,5953.8807,10638158800,123263014837.6000
2023-05-29,6046.5431,6025.1552,6058.9211,6012.4012,12513941700,146808330637.6000
2023-05-30,6008.4621,6061.3089,6061.3089,5960.3372,12731201700,151849134859.6000
2023-05-31,6044.0200,6047.8021,6063.1925,6009.2476,11747610600,144653727477.5000
2023-06-01,6028.8032,6051.4603,6094.2403,6008.2705,12625031500,154907281920.7000
2023-06-02,6061.9110,6105.2181,6115.0679,6061.9110,12230673800,142073539923.0000
2023-06-05,6102.1295,6097.1059,6107.1211,6075.5921,11574795300,131118706647.8000
2023-06-06,6088.6625,5983.4202,6089.0746,5969.2945,12304538700,133636232835.4000
2023-06-07,5982.3085,5987.0110,6010.0304,5969.1593,9359789200,113593743557.7000
2023-06-08,5971.7247,5966.1477,5992.9692,5922.3872,10898163200,124387889683.3000
2023-06-09,5968.7001,6009.5826,6017.2812,5960.1060,12755343200,158760400688.5000
2023-06-12,5999.6174,6027.7122,6045.6593,5987.2682,11361247100,151203107291.2000
2023-06-13,6016.6857,6044.0371,6047.0600,6014.0625,9868029800,134425849549.1000
2023-06-14,6046.4375,6044.0766,6064.2896,6034.4718,10968902100,148046160093.7000
2023-06-15,6049.4683,6096.8075,6100.2336,6046.1621,11841773400,165700035083.1000
2023-06-16,6094.8437,6148.0125,6154.9321,6091.1847,11534956800,165690149218.5000
2023-06-19,6148.8548,6131.3849,6148.8548,6126.3881,11378720900,164780447140.9000
2023-06-20,6122.7448,6126.1133,6144.0071,6100.1435,10663083200,161419763306.8000
2023-06-21,6104.2468,5990.8455,6104.2468,5990.7866,10644776600,154200972220.3000
2023-06-26,5947.5700,5887.0324,5970.6114,5875.9378,11108179100,148203624502.1000
2023-06-27,5897.6948,5948.0029,5956.1810,5884.9486,9303915500,118625135535.9000
2023-06-28,5945.6446,5942.3112,5951.1273,5857.1313,9394430200,128454934662.7000
2023-06-29,5928.7090,5940.5782,5964.8577,5924.2783,8837685700,123484005846.8000
2023-06-30,5931.8714,5998.7293,6016.4459,5927.9362,9450466800,133367471517.0000
2023-07-03,6009.2697,6042.3122,6056.1632,5997.8471,11307590500,153065229521.6000
2023-07-04,6042.7217,6055.2577,6059.5729,6027.2909,10558376500,144484638910.0000
2023-07-05,6050.3461,6020.8212,6059.3789,6011.8700,10412904100,142198505817.2000
2023-07-06,6010.6552,5988.5525,6042.2947,5983.4842,9396503800,131979482562.6000
2023-07-07,5973.9756,5961.6057,5994.2828,5936.2272,9411834600,121687700019.0000
2023-07-10,5980.6083,5984.2814,6003.4018,5958.7306,8516856400,113940191969.5000
2023-07-11,5991.0207,6029.2318,6029.2318,5972.1378,8453189700,117919697046.3000
2023-07-12,6030.6447,5962.7938,6033.5832,5960.4310,9669224100,134419386322.7000
2023-07-13,5986.2518,6044.0583,6049.0626,5986.2518,9965639800,138941870295.0000
2023-07-14,6052.9495,6030.5188,6055.5275,6026.3263,9496319700,137880575951.9000
2023-07-17,6012.7648,6012.6895,6018.0694,5985.4382,8842021200,124991560881.3000
2023-07-18,6015.9819,6001.7998,6027.6063,5984.0598,8771991000,121310187887.2000
2023-07-19,5998.3813,5993.4126,6017.4492,5962.9863,7779103400,104054562581.1000
2023-07-20,5996.8380,5925.4843,6009.4266,5920.1510,9119536800,123684933457.2000
2023-07-21,5914.3541,5925.6255,5961.0501,5904.7877,8197530700,107065413903.9000
2023-07-24,5913.5709,5916.7141,5954.2372,5896.4481,7592800100,99623302711.1000
2023-07-25,5976.9683,6016.6312,6016.7544,5971.7319,13189639200,145732847141.7000
2023-07-26,6014.7614,6001.5402,6015.5833,5984.3913,12182521900,120547387630.0000
2023-07-27,5998.8485,5961.1843,6017.6706,5952.8932,12300082500,117272101565.0000
2023-07-28,5945.9139,6043.2438,6049.7643,5932.0603,16317187100,149147477703.5000
2023-07-31,6059.1096,6088.2431,6133.7180,6059.1096,18655110300,179595743483.0000
2023-08-01,6086.8982,6098.8789,6113.9839,6077.1053,18758860000,166628364673.4000
2023-08-02,6088.1355,6077.4645,6111.2437,6059.8653,14715452900,135758673344.6000
2023-08-03,6062.6427,6098.6868,6101.8106,6047.6760,14647901100,138777463929.6000
2023-08-04,6126.1504,6128.5560,6164.1552,6105.6391,19694350100,186850093568.5000
2023-08-07,6115.8362,6090.7307,6117.9163,6072.5354,14531913700,154416328543.1000
2023-08-08,6077.3032,6066.1019,6088.0983,6044.2376,12154572800,131357351526.3000
2023-08-09,6049.4490,6021.7506,6062.0243,6012.2470,9880917400,116294678353.9000
2023-08-10,6013.3501,6031.7105,6040.4605,5999.5626,9984263800,103950301369.3000
2023-08-11,6030.0453,5913.3502,6030.0453,5913.3502,11307200700,115393420336.3000
2023-08-14,5864.4821,5916.8029,5919.8035,5833.4629,10367570600,116321082192.1000
2023-08-15,5919.7688,5879.7782,5926.4197,5830.9695,9241738100,107626210841.9000
2023-08-16,5858.5966,5833.2155,5891.8116,5833.2155,10495042500,114013689380.0000
2023-08-17,5808.9095,5874.3609,5882.1512,5778.5287,11357638400,120852973476.6000
2023-08-18,5875.1097,5777.7972,5891.3976,5777.7972,10293184500,109766358594.4000
2023-08-21,5764.6679,5710.7783,5802.5119,5710.7783,9283569800,96691987125.6000
2023-08-22,5733.2548,5741.0606,5754.5746,5646.5119,10617519300,120035178924.1000
2023-08-23,5732.3943,5629.4999,5732.3943,5629.4999,9418672500,101871329162.8000
2023-08-24,5650.3593,5652.6729,5701.3208,5619.3330,10808677100,120640882887.6000
2023-08-25,5624.7697,5581.2116,5648.6240,5560.2171,10624160200,114730298316.4000
2023-08-28,5885.8843,5644.1405,5887.5085,5631.6940,18574561900,181457042375.4000
2023-08-29,5631.0060,5770.3155,5789.9623,5626.5175,16085189500,165476278766.7000
2023-08-30,5780.2848,5775.1534,5817.7342,5753.2161,13600438400,145078565405.8000
2023-08-31,5770.9531,5739.3984,5777.4220,5728.4729,11633513400,121252796160.9000
2023-09-01,5746.4128,5750.8027,5775.1769,5732.9674,10417910300,107061408580.6000
2023-09-04,5772.0266,5829.7840,5829.7840,5758.0309,13564887300,135994054181.1000
2023-09-05,5819.9667,5788.7149,5822.0615,5779.3725,10651765800,114971726102.7000
2023-09-06,5771.8490,5790.3806,5800.9647,5748.6467,9048050200,106512753385.0000
2023-09-07,5782.0706,5702.7008,5782.0706,5701.7975,9292051800,105713167275.8000
2023-09-08,5684.6558,5708.6227,5732.3747,5683.3973,7952002800,93059123325.2000
2023-09-11,5723.0181,5774.7305,5802.2053,5704.7003,11283713700,132425678094.5000
2023-09-12,5774.4661,5770.9259,5793.8290,5763.2995,8604120700,105032116597.9000
2023-09-13,5764.8241,5715.3973,5770.4141,5681.5003,9147247300,101933192541.5000
2023-09-14,5714.6748,5702.1020,5721.2073,5679.1990,9024779200,97979765540.8000
2023-09-15,5716.2937,5704.6632,5741.0711,5680.8954,9837596400,110557876200.1000
2023-09-18,5685.8527,5719.6887,5734.1861,5665.5790,9230572200,109249767455.6000
2023-09-19,5713.4945,5687.9007,5713.6003,5670.4201,8511210200,94544819485.1000
2023-09-20,5677.9249,5651.0062,5689.8254,5651.0062,7763415800,84080282560.0000
2023-09-21,5638.4406,5611.9186,5666.6958,5609.2143,8193150900,84847061987.6000
2023-09-22,5606.8347,5698.8168,5700.3230,5603.8126,10411898200,120276386023.4000
2023-09-25,5694.9025,5666.6642,5699.1544,5659.3191,9334071900,114172282948.0000
2023-09-26,5661.0321,5646.6544,5682.2786,5646.6544,7430961500,100424427689.8000
2023-09-27,5642.3852,5674.3451,5701.5084,5641.8508,8108624000,102149151673.6000
2023-09-28,5687.6411,5690.7697,5704.6228,5677.5310,7947733800,101456952317.7000
2023-10-09,5679.6412,5658.0832,5680.9516,5634.3532,9002983600,109095282387.9000
2023-10-10,5665.6622,5630.3714,5678.4631,5627.4139,8772642500,104621240810.9000
2023-10-11,5639.0722,5629.7886,5674.2543,5617.8727,9064482600,112202131188.0000
2023-10-12,5655.6129,5671.6419,5677.8191,5642.4931,10050298600,119947478383.3000
2023-10-13,5645.4366,5633.3831,5646.0737,5616.8508,8939170200,110878380413.0000
2023-10-16,5633.3012,5580.6666,5636.3194,5559.4212,8986755000,107684372825.8000
2023-10-17,5585.1448,5595.3423,5599.4240,5556.5739,9251673700,105060399668.5000
2023-10-18,5586.0206,5524.5988,5586.0206,5519.4562,9895356200,110310590720.5000
2023-10-19,5496.7574,5464.0270,5529.8697,5463.6516,10807833500,117347195293.0000
2023-10-20,5443.4557,5423.6748,5473.2111,5413.0233,9493611500,107713531625.7000
2023-10-23,5400.5436,5290.3343,5400.7943,5269.8274,10308312600,112227737477.0000
2023-10-24,5311.6694,5352.0123,5363.1951,5290.5047,11474572900,126190795981.0000
2023-10-25,5386.4255,5375.9983,5423.0139,5375.9983,11492124400,129741397087.7000
2023-10-26,5351.1628,5398.9340,5404.9918,5337.4926,10248504400,116893043685.1000
2023-10-27,5387.2742,5492.0274,5514.3081,5380.9409,11254280400,132776259320.0000
2023-10-30,5484.6240,5546.3881,5559.7847,5483.1591,12303418500,153066651404.1000
2023-10-31,5547.3243,5528.2385,5554.1902,5505.9335,10567937500,127527068558.9000
2023-11-01,5534.8883,5509.9662,5534.9432,5496.8278,8718578500,105639439602.5000
2023-11-02,5514.5172,5459.4517,5532.8505,5457.7453,9020264500,101795786004.1000
2023-11-03,5462.1440,5510.3570,5537.7293,5462.1440,9799057600,114009935832.0000
2023-11-06,5549.2909,5605.0621,5609.2576,5549.2909,13924104600,156664899021.4000
2023-11-07,5594.4667,5611.0983,5631.1001,5578.5126,12057932100,139898836824.0000
2023-11-08,5602.9707,5608.0173,5633.9706,5577.3911,12299455800,139708501031.2000
2023-11-09,5602.4900,5592.0568,5638.0805,5582.1194,10636280000,123039510738.4000
2023-11-10,5577.3371,5573.0999,5585.2123,5550.8219,9432402400,109671917968.0000
2023-11-13,5589.0595,5605.5688,5605.5688,5565.0914,10215893200,117833772399.0000
2023-11-14,5602.9829,5630.5534,5639.1880,5600.7841,10107313600,116072656381.0000
2023-11-15,5677.5503,5664.6170,5684.7473,5649.7168,11308793700,131864342621.0000
2023-11-16,5647.0613,5609.3607,5652.4004,5609.3607,9466267700,105765074960.8000
2023-11-17,5598.9530,5631.4233,5632.3894,5593.4903,8942234200,101443839223.4000
2023-11-20,5635.5867,5659.7727,5669.3846,5609.2691,10310507200,119885024783.4000
2023-11-21,5669.1651,5641.0844,5696.0944,5634.2723,11486120500,126740611037.5000
2023-11-22,5622.8615,5572.8986,5639.0036,5572.8986,10471840800,109971792008.8000
2023-11-23,5566.7332,5622.9891,5627.7947,5548.9720,9804243200,101151204630.0000
2023-11-24,5619.3187,5570.4205,5619.3187,5556.7138,10124804400,100701104772.1000
2023-11-27,5562.7486,5566.5069,5579.7151,5531.6548,9821865300,107690772117.8000
2023-11-28,5561.5765,5591.4955,5594.7180,5529.5352,8937327200,98930980618.3000
2023-11-29,5588.7739,5553.3349,5593.3712,5547.8408,8950915100,96924084400.2000
2023-11-30,5548.5240,5545.0504,5560.3283,5509.9646,8784150500,95350481599.1000
2023-12-01,5541.2260,5566.8689,5576.7275,5521.0558,9337170800,107454844321.7000
2023-12-04,5578.4205,5559.0682,5590.8353,5559.0682,9930654300,119628388288.4000
2023-12-05,5542.8669,5460.4088,5542.8669,5460.4088,9129824800,103824359571.7000
2023-12-06,5448.4575,5481.8240,5513.0858,5443.0738,8837399700,102084528903.4000
2023-12-07,5475.2678,5481.1355,5501.4783,5443.2936,8904868700,103621973820.8000
2023-12-08,5484.6829,5497.9897,5522.0575,5477.5286,11812377400,140788027712.1000
2023-12-11,5473.6514,5564.8538,5574.1237,5429.4430,11860591100,140631297822.3000
2023-12-12,5560.4355,5566.1778,5576.0089,5545.1624,8423233100,110639096839.0000
2023-12-13,5557.0463,5507.5128,5558.0572,5507.5128,7592989400,96464641302.3000
2023-12-14,5532.9861,5489.3267,5557.3719,5487.7542,7411809700,89999982306.2000
2023-12-15,5499.3692,5449.7864,5516.2199,5438.5282,8012541800,94631897359.6000
2023-12-18,5436.9888,5385.2702,5448.0772,5374.5881,7802249300,88053828533.8000
2023-12-19,5380.7346,5379.8735,5406.9585,5344.0325,7032372200,82191407660.2000
2023-12-20,5385.9956,5309.2865,5388.4630,5308.5727,7538709700,86209163297.2000
2023-12-21,5286.4531,5338.7620,5352.5049,5253.3152,8152231800,96981042377.4000
2023-12-22,5337.3807,5311.6902,5366.2345,5293.2193,9038700400,108918439607.9000
2023-12-25,5301.5735,5315.3746,5339.6644,5288.4665,6591877200,81018151918.5000
2023-12-26,5312.7999,5258.2841,5313.9193,5238.0417,6753200700,80910364895.8000
2023-12-27,5261.5699,5285.5301,5293.7973,5235.4559,7539791800,84253444705.4000
2023-12-28,5280.6904,5382.7966,5400.2364,5275.4028,10769923900,126896204801.3000
2023-12-29,5376.9768,5429.2288,5437.1538,5374.6877,9093176600,112533613054.4000
2024-01-02,5431.4784,5409.4554,5439.4778,5409.4554,9296474700,106839922689.4000
2024-01-03,5398.2939,5401.3950,5428.5204,5373.8317,8670522900,99883598918.1000
2024-01-04,5395.1428,5355.3216,5395.1428,5331.8920,7884656800,91011406056.3000
2024-01-05,5347.0727,5281.8711,5373.6788,5260.5939,8953888400,101084569596.5000
2024-01-08,5268.2339,5167.6997,5268.9787,5167.6997,8378515500,92792791379.5000
2024-01-09,5176.1129,5180.6530,5220.4578,5152.9987,7874041800,90959823751.5000
2024-01-10,5167.7319,5158.0784,5211.8158,5118.4332,7117394600,84227807644.4000
2024-01-11,5152.3590,5223.8633,5243.1387,5146.8978,8504129500,106151947191.7000
2024-01-12,5213.1356,5206.1780,5262.6165,5206.1607,7661983100,93271394880.1000
2024-01-15,5189.5279,5193.2956,5238.9581,5171.2399,7392509700,88027788849.7000
2024-01-16,5188.3692,5190.3975,5210.0834,5124.0823,8307037100,92337607304.7000
2024-01-17,5180.9251,5061.5395,5180.9251,5061.5395,7874184900,87930639304.5000
2024-01-18,5033.1032,5066.9579,5069.2295,4924.6815,11875105500,123436419725.2000
2024-01-19,5056.4765,5018.4332,5084.2902,5014.7667,7846738300,92039421274.4000
2024-01-22,5008.6804,4780.9748,5008.7672,4753.6302,10970849200,115622857135.0000
2024-01-23,4771.4963,4865.7430,4889.4223,4727.8806,9994471800,107808853142.3000
2024-01-24,4886.2037,4933.7009,4941.4403,4766.8035,11402580500,112683270494.8000
2024-01-25,4931.6273,5073.1779,5074.4943,4910.9591,13230776600,134822852027.2000
2024-01-26,5055.2878,5027.0932,5086.1290,5009.9729,11700983600,119232918977.8000
2024-01-29,5032.1113,4927.9137,5050.1092,4927.9137,11687665700,117835011090.9000
2024-01-30,4898.3613,4814.9908,4939.3511,4810.0990,9967581100,95474113525.6000
2024-01-31,4786.8128,4696.9796,4832.4010,4690.9429,12109315800,116592536773.1000
2024-02-01,4667.9126,4678.7308,4771.0465,4629.9901,11147191000,107508825587.6000
2024-02-02,4686.0999,4563.2221,4724.0488,4435.5569,13750183200,124953077788.8000
2024-02-05,4527.7091,4460.2635,4598.0608,4281.2399,16595833700,143547017412.4000
2024-02-06,4411.2980,4805.9013,4817.1179,4405.3085,17305833500,156485198829.2000
2024-02-07,4813.9545,5109.5685,5110.8041,4813.2326,22719893400,212618286127.8000
2024-02-08,5131.8032,5150.2288,5367.2243,5129.7843,21367612300,212255665093.8000
2024-02-19,5225.1379,5141.6037,5225.1379,5074.7611,16294989300,172805832899.6000
2024-02-20,5107.5677,5140.9575,5151.7201,5072.8837,12164637900,133242205643.5000
2024-02-21,5101.4113,5139.0372,5252.8785,5074.8224,15087250100,155561259421.7000
2024-02-22,5133.5478,5176.3431,5184.6228,5117.6799,11661480600,127546517889.3000
2024-02-23,5190.6466,5197.7115,5197.7115,5118.5680,13526500400,145442447176.8000
2024-02-26,5194.7370,5195.4642,5255.3615,5162.9504,14401894400,152600869381.9000
2024-02-27,5174.8194,5307.8043,5307.8043,5160.8782,13897175100,157201596730.4000
2024-02-28,5311.4253,5184.0471,5383.3193,5184.0471,20256098500,214135426954.0000
2024-02-29,5154.1487,5346.7929,5349.7678,5154.1487,16079016500,178975999913.2000
2024-03-01,5350.8566,5379.0482,5387.7839,5321.5587,14229839500,171103270101.0000
2024-03-04,5386.9441,5388.8200,5400.1227,5325.9642,14392846900,175906403369.0000
2024-03-05,5358.2206,5351.8268,5382.9834,5329.9702,14081647900,174282675002.5000
2024-03-06,5332.8328,5350.1016,5405.4908,5293.9518,12109956400,146843351594.8000
2024-03-07,5354.3337,5277.2988,5384.6567,5277.2988,13983134200,157442183149.0000
2024-03-08,5282.4077,5349.5950,5361.7104,5268.5296,12146797800,144003562005.9000
2024-03-11,5342.1778,5441.0507,5443.0421,5339.2607,14298173200,173588864750.5000
2024-03-12,5445.8776,5423.7183,5473.2901,5385.1402,14707253600,178848761377.9000
2024-03-13,5430.0437,5415.1126,5459.3222,5389.5251,12974630100,164526330861.1000
2024-03-14,5415.1499,5392.9267,5447.5416,5352.1195,13188735700,157337167775.7000
2024-03-15,5380.0190,5454.1463,5456.7336,5357.1797,13640503000,158718756617.2000
2024-03-18,5472.3147,5528.4470,5528.4470,5459.5453,15986263800,190794115131.3000
2024-03-19,5514.5500,5478.2248,5533.6390,5477.1172,14677724000,176661748327.6000
2024-03-20,5469.6060,5493.4140,5499.2382,5455.7613,12627326200,157036230421.8000
2024-03-21,5505.6985,5465.8286,5517.4566,5454.2313,12948945800,159252387801.8000
2024-03-22,5454.4143,5384.5656,5463.5407,5356.1080,13709602900,163185963748.5000
2024-03-25,5369.7761,5294.7463,5401.5975,5292.6372,13077825400,156251665726.7000
2024-03-26,5291.5227,5284.4188,5318.8757,5237.8993,11646811200,145296216679.9000
2024-03-27,5280.7332,5156.6840,5282.6954,5156.6840,11010714200,129828707609.3000
2024-03-28,5156.4803,5223.8060,5276.6382,5156.4803,11631819200,140612607112.3000
2024-03-29,5220.5524,5286.1612,5287.0376,5211.1946,10904714900,126574031377.1000
2024-04-01,5309.8325,5401.2249,5401.7799,5309.8325,13673485400,166553105409.3000
2024-04-02,5395.4811,5381.2291,5402.1597,5353.3119,13214864200,155779915085.8000
2024-04-03,5373.5021,5374.5954,5386.3422,5350.1601,13362805300,154114398165.9000
2024-04-08,5358.9565,5298.5912,5383.6587,5297.5590,14858855900,161260958590.0000
2024-04-09,5294.4743,5342.8982,5342.8982,5284.9557,11330074500,133262737277.5000
2024-04-10,5335.7302,5275.4727,5335.7302,5242.8630,11790861800,132251020973.6000
2024-04-11,5244.0544,5301.8094,5353.8091,5240.5101,12774514300,141290912857.4000
2024-04-12,5307.7225,5277.2190,5336.4477,5270.4618,11852493300,136145117631.0000
2024-04-15,5270.0415,5339.7223,5376.0484,5219.4286,15921762400,169269295711.9000
2024-04-16,5309.1005,5191.5540,5346.7615,5184.6535,16258397300,168778499341.7000
2024-04-17,5211.2486,5339.7467,5339.7467,5211.2486,14759455200,155660732929.5000
2024-04-18,5317.7986,5349.8361,5410.6963,5299.2288,15349768200,167338860159.0000
2024-04-19,5322.3588,5314.8667,5369.9543,5292.0162,14213421600,156010347135.9000
2024-04-22,5289.4066,5267.5811,5340.6307,5264.1859,13526688200,150190436487.7000
2024-04-23,5257.7660,5208.2712,5280.0593,5196.9550,12580112000,139018868110.2000
2024-04-24,5210.1831,5263.0391,5263.0391,5183.7005,11729722000,139471094806.5000
2024-04-25,5240.4817,5259.3354,5297.1627,5229.8248,11083392900,127544603285.3000
2024-04-26,5258.3847,5372.1209,5379.6707,5258.3847,17377770100,193788859192.2000
2024-04-29,5371.2122,5478.4908,5488.2776,5371.2122,19093605500,212148850246.6000
2024-04-30,5471.1676,5441.1411,5478.0353,5436.5752,16279734400,175143689576.2000
2024-05-06,5498.4442,5528.6036,5535.9488,5496.9071,16579162600,187906843862.2000
2024-05-07,5532.3230,5527.0847,5543.1251,5507.5008,13653540200,162155744860.2000
2024-05-08,5516.4477,5458.7559,5516.4477,5454.8735,12395562100,139472996786.3000
2024-05-09,5461.3600,5556.7712,5568.7324,5461.3600,13112123000,153999870752.3000
2024-05-10,5562.1931,5535.3954,5570.5652,5497.4972,12868803000,144026969940.9000
2024-05-13,5503.1286,5505.2595,5527.2001,5462.5075,13162758800,146159918962.1000
2024-05-14,5508.4663,5500.7379,5538.7434,5484.9640,11899439900,132592062465.6000
2024-05-15,5495.5571,5446.6557,5497.0842,5441.3548,11012498900,121525793558.0000
2024-05-16,5461.1077,5424.6652,5475.3735,5408.1251,12210811900,133148761562.0000
2024-05-17,5418.6575,5491.8944,5493.2007,5409.7047,12691616800,139244609264.9000
2024-05-20,5496.7904,5523.5013,5536.6620,5484.3580,14497144800,163572079873.3000
2024-05-21,5511.4838,5478.9131,5513.4235,5460.9750,10869119200,123832374658.6000
2024-05-22,5472.0098,5468.6068,5486.3049,5455.0766,11305778200,126572719199.3000
2024-05-23,5448.9403,5362.3053,5448.9403,5352.3934,12665756900,135749197020.0000
2024-05-24,5348.5100,5313.4546,5400.1594,5311.4888,10656417500,117396142024.9000
2024-05-27,5325.8508,5371.3693,5373.1116,5284.5055,11564322900,124785634504.8000
2024-05-28,5363.3300,5316.1286,5365.4730,5310.3183,11096537300,120979080988.0000
2024-05-29,5308.5930,5328.3064,5361.7440,5305.9631,10436126700,112762595771.6000
2024-05-30,5316.3983,5308.6600,5349.6880,5296.4925,10735018700,114757614217.4000
2024-05-31,5310.7218,5308.5403,5357.0210,5308.5403,10415114700,113019704335.1000
2024-06-03,5300.7869,5274.0687,5316.3352,5232.6880,12696851500,129543758977.7000
2024-06-04,5263.2256,5341.9496,5352.2839,5247.5837,10808314400,117835610768.9000
2024-06-05,5328.8678,5277.9405,5347.4297,5277.9405,10579275700,111608396273.0000
2024-06-06,5291.5208,5228.8002,5305.8780,5213.6618,13336823100,135739981470.4000
2024-06-07,5247.1462,5208.9798,5258.8180,5172.0505,11352747800,118553769519.2000
2024-06-11,5182.4129,5217.4702,5232.8495,5159.3340,11643711600,119660626659.4000
2024-06-12,5209.1344,5232.9534,5245.9909,5205.5716,10306556900,111341271703.7000
2024-06-13,5231.9096,5194.5900,5233.7954,5182.7423,11823276400,123194241679.1000
2024-06-14,5180.2887,5213.0927,5235.8781,5163.3840,13399862000,146009261400.6000
2024-06-17,5189.2840,5207.1280,5223.5894,5184.5987,10797066400,135704407617.0000
2024-06-18,5207.9777,5230.8913,5243.5867,5204.9707,9409090300,120391272834.4000
2024-06-19,5235.4758,5168.8204,5236.3018,5168.8204,8784959000,111740529823.1000
2024-06-20,5162.1609,5094.5653,5184.7470,5092.2867,9560900300,113062777426.7000
2024-06-21,5079.9226,5102.3292,5128.1378,5071.6547,8383890700,98090349439.3000
2024-06-24,5072.8028,4992.9097,5078.9550,4986.7679,10018664600,113108464981.7000
2024-06-25,4989.0713,4948.6343,5007.3355,4918.0393,9163677900,104683752506.4000
2024-06-26,4942.1652,5020.4318,5024.7679,4915.6644,9339462100,102152255030.0000
2024-06-27,4998.9936,4928.0514,5000.1752,4925.1601,8853718700,97364975399.3000
2024-06-28,4914.6693,4942.7817,5003.4091,4914.5467,10630834200,114743251798.9000
2024-07-01,4943.7867,5003.1608,5017.6099,4929.0871,9731279300,110821074065.9000
2024-07-02,5000.5757,4949.4771,5002.7424,4934.1169,9620933400,105902911013.0000
2024-07-03,4945.3994,4910.9245,4950.5148,4905.3897,8452833100,96121126342.0000
2024-07-04,4917.4414,4834.4982,4935.6055,4827.3420,9100846600,98771611006.7000
2024-07-05,4828.8628,4866.2647,4877.9326,4794.1292,8313327900,93724633826.8000
2024-07-08,4857.0245,4783.6165,4857.2655,4768.5636,9025450000,96789200226.5000
2024-07-09,4775.3131,4876.8990,4888.4822,4745.3165,11140196800,126704548339.3000
2024-07-10,4857.4830,4844.1624,4891.3725,4836.1700,10095318600,117244916014.0000
2024-07-11,4902.8106,4939.7318,4941.7015,4871.1720,11527549400,133127527342.5000
2024-07-12,4926.9812,4919.3639,4937.3471,4905.7967,9717510600,115594261299.6000
2024-07-15,4903.5161,4883.8971,4903.5161,4868.7430,8682431200,102734711417.3000
2024-07-16,4877.6010,4898.3626,4907.8321,4850.4315,8726797800,113648284397.5000
2024-07-17,4893.4137,4856.5794,4900.3599,4853.6030,9690954700,117932902593.7000
2024-07-18,4822.1303,4877.6916,4879.6927,4793.4294,9665475000,115283847816.1000
2024-07-19,4853.0422,4872.0532,4900.3787,4842.9297,9329074600,111989382468.3000
2024-07-22,4872.6362,4865.9778,4885.3641,4839.1121,9271045800,110307683161.2000
2024-07-23,4862.9705,4722.7994,4862.9705,4722.7994,10240371200,110578297603.3000
2024-07-24,4712.2870,4668.0621,4738.7620,4661.8271,11267463500,103026731862.0000
2024-07-25,4644.4217,4665.4488,4710.4627,4635.2440,8860007400,95885153870.2000
2024-07-26,4670.4463,4736.3771,4744.4537,4670.4463,8647204900,94118612207.0000
2024-07-29,4740.4990,4708.8443,4742.1481,4702.9803,8110203900,90979232032.0000
2024-07-30,4694.5247,4699.2820,4712.0417,4650.5592,8335338200,86181033613.6000
2024-07-31,4694.7288,4886.4136,4887.9192,4687.0458,14318091900,146601666177.8000
2024-08-01,4893.8709,4852.9725,4928.2412,4834.6536,11321339300,119765528788.7000
2024-08-02,4816.9369,4788.6159,4874.7114,4783.1150,9852984400,105654740577.4000
2024-08-05,4756.0755,4693.8478,4846.5420,4693.8165,11333814800,123487463651.4000
2024-08-06,4740.4539,4750.7760,4774.9279,4699.1769,10777477000,105286322238.1000
2024-08-07,4747.9803,4751.9408,4783.4202,4719.9380,9698948100,96834771203.2000
2024-08-08,4737.0927,4755.8149,4791.6592,4701.7856,10430925300,95364149202.0000
2024-08-09,4778.2568,4720.3104,4805.0992,4720.3104,10881958600,88057504682.2000
2024-08-12,4716.9605,4714.1586,4737.1908,4696.0525,8910083200,76375856580.1000
2024-08-13,4713.9598,4731.8353,4731.8353,4680.5879,8136517300,71101413451.5000
2024-08-14,4729.8146,4667.0731,4730.2369,4667.0731,7458803000,68308163886.2000
2024-08-15,4656.6950,4698.3750,4746.4095,4647.7947,9097329300,83712897622.1000
2024-08-16,4703.6042,4670.3789,4708.0187,4662.1132,8737958000,81927269812.8000
2024-08-19,4666.3308,4682.9628,4729.8742,4666.2577,8713686700,80742361426.1000
2024-08-20,4684.2948,4602.0095,4686.3633,4590.3913,9184614600,81351685184.9000
2024-08-21,4589.0885,4587.1218,4610.8666,4582.2653,8352691000,74809964819.1000
2024-08-22,4589.4956,4533.3695,4595.0496,4526.2499,8585686800,78202476718.8000
2024-08-23,4523.9907,4537.0872,4549.3026,4513.2038,7577836400,71369991695.7000
2024-08-26,4542.8564,4544.3594,4558.5917,4523.7274,8711829600,84365247766.9000
2024-08-27,4532.4861,4495.2856,4532.4861,4487.0915,8252920500,78742868644.7000
2024-08-28,4486.4311,4500.0088,4527.7686,4482.0324,8268119900,74244549232.7000
2024-08-29,4483.5534,4557.9006,4577.7919,4475.2228,10311556200,96829969885.4000
2024-08-30,4557.5014,4639.1144,4704.3407,4548.3827,15159336100,144749168233.3000
2024-09-02,4631.9003,4546.8832,4632.3107,4546.8393,12636851700,115893027848.1000
2024-09-03,4543.2198,4596.4819,4612.2826,4543.2198,9858968600,92749159672.5000
2024-09-04,4567.6858,4582.0840,4623.3782,4552.3037,9243568500,88646018095.4000
2024-09-05,4585.1677,4601.0911,4630.6388,4582.0535,8058372300,80148632780.7000
2024-09-06,4609.3419,4537.4544,4613.3097,4535.3486,9014759600,80215749103.2000
2024-09-09,4517.5658,4507.1866,4541.7935,4487.8427,9194460800,81907584834.7000
2024-09-10,4509.3236,4507.7074,4528.6691,4432.9128,9852954200,87011759811.7000
2024-09-11,4490.1867,4514.9158,4529.3452,4479.0306,8520684200,81707868059.9000
2024-09-12,4518.9882,4496.5919,4568.7462,4496.5919,8665430400,80916511375.5000
2024-09-13,4500.3949,4450.9587,4509.0720,4450.9587,9253375700,85710614259.9000
2024-09-18,4450.0890,4462.8701,4474.7220,4397.1610,9098968300,79102523647.7000
2024-09-19,4481.4635,4520.3939,4565.3899,4437.5363,11561186800,105405904204.6000
2024-09-20,4514.9598,4498.3901,4515.8064,4471.9438,9431204400,89084435754.7000
2024-09-23,4495.7805,4494.6878,4545.5411,4483.1300,8993522700,85104838086.0000
2024-09-24,4524.2214,4689.5964,4690.5736,4503.1245,17714470300,159947071682.9000
2024-09-25,4743.6343,4731.4755,4847.2034,4724.4301,20459351900,182209573751.3000
2024-09-26,4725.9960,4938.1839,4938.1839,4719.3492,22993032300,196122560309.1000
2024-09-27,5027.2644,5201.6656,5227.9577,5021.5148,23017750800,232646658012.5000
2024-09-30,5449.7889,5743.2170,5757.9213,5387.3380,38870320000,418784669568.5000
2024-10-08,6417.8142,6155.5817,6417.8142,5868.8525,49354642000,579263323621.8000
2024-10-09,6013.7015,5735.6410,6088.0804,5704.4779,43115641600,529447530363.7000
2024-10-10,5768.6107,5690.8822,5875.9358,5597.4766,35348024500,390814224053.0000
2024-10-11,5650.0488,5470.8133,5652.8520,5408.8696,24438337300,266749263112.0000
2024-10-14,5503.6461,5608.1530,5623.9685,5408.3917,25060854100,279231292488.6000
2024-10-15,5578.2611,5472.5600,5661.0749,5471.8807,23899701900,276816614630.7000
2024-10-16,5393.6657,5461.0877,5546.1764,5393.6657,20545092600,222425749319.4000
2024-10-17,5499.7659,5418.9883,5541.0331,5417.8810,20276868500,234458932483.4000
2024-10-18,5416.0319,5640.0198,5774.1408,5404.2035,28711421900,352062136787.1000
2024-10-21,5680.5648,5704.2250,5797.8808,5631.2316,26688518600,359965731439.6000
2024-10-22,5703.3196,5753.8497,5779.2983,5673.7901,23702362400,312584329119.8000
2024-10-23,5745.1069,5776.3830,5853.4555,5727.7736,27341264000,336167749458.4000
2024-10-24,5747.5577,5726.7041,5759.8651,5694.7789,20769004600,257232250889.5000
2024-10-25,5735.2853,5809.6879,5855.2647,5729.4384,23672570800,299590180533.3000
2024-10-28,5816.3296,5883.7203,5883.7203,5787.4843,27065378700,312663682663.8000
2024-10-29,5903.3065,5812.5286,5917.2149,5807.2900,27537114300,332481504886.9000
2024-10-30,5793.8326,5837.9338,5869.1113,5777.4300,25202127500,315956554496.2000
2024-10-31,5839.9766,5901.2904,5935.1827,5812.0324,31354920200,377454102584.7000
2024-11-01,5893.3192,5831.8217,5934.2031,5795.0805,36984064100,429257467070.0000
2024-11-04,5835.3918,5928.9085,5928.9085,5835.3918,28655229400,342776867779.9000
2024-11-05,5925.8652,6111.9707,6119.2536,5910.8887,36634449200,441462863294.4000
2024-11-06,6134.9236,6125.7868,6204.5331,6081.8065,41518773700,502324104677.0000
2024-11-07,6061.7349,6239.5598,6240.7574,6049.5870,41841332300,465814955829.2000
2024-11-08,6306.7986,6222.4450,6333.6792,6206.2949,38564834700,470080201608.9000
2024-11-11,6211.0328,6330.6152,6330.8046,6199.0563,33409692100,453328339552.7000
2024-11-12,6349.2295,6263.8830,6382.9784,6205.0988,33285691900,452685440809.0000
2024-11-13,6234.1577,6259.8412,6282.2777,6162.8979,26040067300,347812976326.8000
2024-11-14,6240.6093,6078.3051,6240.6093,6068.6584,23974313800,317335892174.5000
2024-11-15,6055.5354,5924.4834,6093.4226,5924.3500,23622604200,309679795180.8000
2024-11-18,5940.4862,5833.0358,5977.4919,5799.9082,28252722400,296423264134.4000
2024-11-19,5836.6108,5936.6015,5936.9347,5776.2017,24140421500,262477730599.7000
2024-11-20,5920.3229,5992.3904,6015.2339,5909.1060,21734522400,261005441610.0000
2024-11-21,5973.1547,5985.3128,6009.6285,5937.8052,20619894100,252722313895.1000
2024-11-22,5969.0753,5750.2457,5983.3393,5750.2457,22506673700,267675732292.4000
2024-11-25,5754.5473,5735.6493,5774.8166,5662.0946,18600506000,215261571671.1000
2024-11-26,5727.3734,5690.4792,5773.3559,5688.5764,14756286500,170186745318.8000
2024-11-27,5669.5549,5804.9368,5805.6350,5603.9955,17531330200,204528721580.5000
2024-11-28,5802.7970,5757.5965,5826.4882,5749.2874,17218353700,204358289211.1000
2024-11-29,5748.1665,5851.9385,5899.8730,5736.4093,20425554400,243571196943.7000
2024-12-02,5853.7053,5943.6245,5956.5981,5848.4235,23618130800,257212815525.1000
2024-12-03,5946.7352,5932.1207,5954.6607,5877.8012,20987050900,229346951926.7000
2024-12-04,5929.4763,5879.2695,5940.8545,5850.9094,21599163400,234212942758.9000
2024-12-05,5855.7419,5901.9859,5923.6243,5853.5270,19854223600,212251881677.0000
2024-12-06,5903.4988,5979.1970,6011.7691,5877.0434,26532953600,255600553068.3000
2024-12-09,5983.3343,5947.1089,6004.2343,5911.3619,28446220900,237294662391.5000
2024-12-10,6132.2910,5992.0937,6141.0655,5982.5833,32052782300,324711288431.3000
2024-12-11,5973.3260,6047.1050,6051.4718,5972.2696,25388394100,250011474489.1000
2024-12-12,6048.7814,6100.3945,6107.7146,6023.2343,24365369000,258380795570.8000
2024-12-13,6065.9542,5988.2920,6065.9542,5988.2920,28632819800,307316221178.0000
2024-12-16,5983.1598,5912.6014,5991.5772,5888.0426,21464744100,241790858877.2000
2024-12-17,5896.9676,5848.1628,5924.6244,5837.2514,19310854700,204630242337.7000
2024-12-18,5861.2624,5888.6162,5921.9798,5853.1628,18799629000,193282038369.0000
2024-12-19,5829.2631,5901.9155,5918.4895,5816.4729,19653119400,211287492264.4000
2024-12-20,5889.9460,5917.1751,5962.4154,5889.9460,17809039900,221132517265.6000
2024-12-23,5917.6939,5818.5510,5935.1523,5815.3415,17731548600,217347047187.5000
2024-12-24,5827.1597,5895.2595,5897.1946,5827.1597,16736582400,196112525345.7000
2024-12-25,5896.4295,5840.2889,5897.5101,5796.6475,15727913200,191269446368.3000
2024-12-26,5830.7212,5887.0605,5897.4827,5830.7212,14531944400,201723277582.2000
2024-12-27,5892.6943,5899.1665,5975.7919,5881.7173,17908549800,236680633735.7000
2024-12-30,5890.4633,5898.8840,5928.5718,5867.8538,15556558600,196182578970.3000
2024-12-31,5902.0330,5725.7324,5905.4630,5725.7324,18215885500,217194009078.8000
2025-01-02,5717.9157,5545.8174,5722.1107,5498.8216,19376315700,220078999057.0000
2025-01-03,5552.7500,5427.8041,5581.3978,5419.7429,17407731000,187233075270.9000
2025-01-06,5421.0653,5427.1007,5482.6253,5384.3326,14626565800,156743673376.1000
2025-01-07,5429.1729,5484.6847,5485.5848,5405.1327,14506527800,159836326878.2000
2025-01-08,5462.3240,5461.5861,5501.6555,5326.9259,16384991500,181141237075.9000
2025-01-09,5437.8128,5456.5863,5493.6799,5436.7036,12983262700,156798867820.6000
2025-01-10,5449.0014,5369.2811,5496.3833,5369.2811,13017955300,159984103633.2000
2025-01-13,5319.7013,5381.6974,5422.0115,5319.2741,11968293700,139406540969.0000
2025-01-14,5393.7630,5572.2722,5582.8350,5378.5875,17214286000,208083727936.2000
2025-01-15,5559.5785,5522.4590,5569.1895,5509.5757,13839324300,169060453013.4000
2025-01-16,5546.6997,5545.6336,5633.8547,5508.9146,14931808500,182995873631.7000
2025-01-17,5524.2050,5587.2939,5621.9367,5519.4109,12669117400,164437435727.2000
2025-01-20,5621.9247,5614.3311,5665.1830,5598.1584,13571250700,173426107632.4000
2025-01-21,5639.6037,5633.9249,5642.9168,5573.5002,12649130000,170909135202.8000
2025-01-22,5606.8472,5607.0594,5618.5810,5567.7793,11537499600,158106585548.6000
2025-01-23,5659.3685,5584.2548,5717.6887,5584.2548,16341998700,203633761249.2000
2025-01-24,5570.4800,5649.9504,5660.4337,5570.4800,13943805800,180858845316.0000
2025-01-27,5660.4848,5589.3432,5676.0261,5589.3432,13654605600,163085841547.7000
2025-02-05,5643.1747,5614.3872,5646.0366,5588.5558,15567414100,214999512244.8000
2025-02-06,5606.8707,5747.9012,5749.0232,5597.3246,18142819300,257122087039.6000
2025-02-07,5750.2887,5833.9883,5889.4279,5741.7326,23271886300,327949184790.5000
2025-02-10,5858.2425,5888.5509,5895.4055,5836.1713,20930090500,286253277530.5000
2025-02-11,5890.3732,5858.2805,5890.3732,5827.3777,18192050800,260281069640.5000
2025-02-12,5841.3618,5940.5299,5940.5374,5841.3188,19544615500,285438865878.9000
2025-02-13,5938.2034,5898.2611,5957.5798,5889.6952,22828183900,313080162906.2000
2025-02-14,5893.9342,5947.7960,5954.4770,5886.9501,21191426100,306627494264.1000
2025-02-17,5979.8446,5948.7197,5985.3644,5906.2661,23390168900,356940293723.8000
2025-02-18,5935.4993,5840.7112,5947.9342,5816.0511,21494148200,306905660928.8000
2025-02-19,5834.9547,5943.8823,5945.3461,5831.4815,20529830500,313960331576.5000
2025-02-20,5941.5990,5957.5465,5977.7301,5920.5681,19820741100,305885399073.0000
2025-02-21,5969.6462,6057.0648,6061.8240,5943.1948,25231712800,396960769353.7000
2025-02-24,6057.3801,6044.9730,6079.0169,6007.1786,24381379800,382362648270.6000
2025-02-25,5967.0367,5979.9653,6044.7559,5956.1761,20683395300,340316449158.0000
2025-02-26,5990.2901,6051.7401,6055.8727,5973.8574,21086089800,327265336672.0000
2025-02-27,6050.1864,6028.9856,6064.4910,5940.3354,21665293000,328254761442.7000
2025-02-28,5997.9175,5859.8708,6007.4724,5847.1512,20522381400,298290643729.1000
2025-03-03,5875.9522,5885.7696,5964.2684,5851.5600,18502458100,266955659875.8000
2025-03-04,5845.4712,5937.6302,5943.0837,5843.4633,15392221100,231145314804.5000
2025-03-05,5937.1074,5950.7034,5955.8988,5892.5332,16307150000,241738025092.7000
2025-03-06,5980.3798,6047.7734,6062.5412,5972.6039,21304285200,320542701863.5000
2025-03-07,6029.3813,6013.7747,6067.3481,5989.3206,20743714900,301122130059.3000
2025-03-10,6022.6814,6013.6191,6041.5219,5971.8131,17304433600,248513462299.4000
2025-03-11,5944.4197,6044.9742,6044.9742,5942.9124,17385564300,245205106219.3000
2025-03-12,6068.3762,6040.4965,6098.2352,6038.8221,18476353700,267906301206.6000
2025-03-13,6032.8545,5993.9670,6050.1782,5947.7816,19371071700,253622427436.4000
2025-03-14,5993.9702,6099.9809,6099.9809,5978.5321,21924583400,289038080526.0000
2025-03-17,6119.6064,6108.0176,6129.8543,6098.5079,18431727300,250160671107.9000
2025-03-18,6126.0357,6133.3018,6161.2281,6114.2064,16602304300,236342189394.2000
2025-03-19,6117.4233,6101.4369,6128.2297,6076.5643,15389378000,218871992193.0000
2025-03-20,6094.8426,6059.4859,6109.1829,6055.3811,14718786500,203849586195.9000
2025-03-21,6038.9899,5971.9302,6071.0846,5951.7952,17410378500,225801003414.7000
2025-03-24,5973.0466,5969.0789,5987.0606,5882.8780,16919243500,220094329255.6000
2025-03-25,5969.4164,5946.9510,5993.9312,5929.6734,14748394800,192227014821.0000
2025-03-26,5935.8537,5948.4986,5983.4739,5935.8537,13670211100,171695842016.5000
2025-03-27,5932.5165,5957.6017,6000.6615,5891.7664,13470890400,176590477346.0000
2025-03-28,5954.7297,5916.0314,5973.8015,5904.9159,13426192700,168899478619.3000
2025-03-31,5886.9560,5857.7721,5908.3026,5802.4187,15425609000,189563392181.2000
2025-04-01,5870.9424,5892.8502,5931.5038,5867.8480,13644860200,179327950524.9000
2025-04-02,5884.8925,5899.0865,5936.6467,5884.1126,11215996000,140642079451.3000
2025-04-03,5842.6167,5845.5045,5906.7057,5817.9662,13493862500,173662140191.8000
2025-04-07,5523.9636,5287.0333,5587.8502,5212.6773,23652265600,267397400609.4000
2025-04-08,5279.7566,5326.9140,5371.1834,5249.2318,22384066500,261875349400.4000
2025-04-09,5249.6841,5439.7716,5465.1449,5135.9655,24511802700,288257435803.9000
2025-04-10,5534.5590,5544.0646,5610.1895,5513.9544,21196303500,268666431276.5000
2025-04-11,5514.1880,5581.3184,5631.5954,5510.8949,16441166300,227659789695.8000
2025-04-14,5633.7792,5627.1375,5661.8049,5608.7297,15548707700,207470466690.5000
2025-04-15,5625.0005,5602.5340,5626.6770,5567.0271,12327370800,161900884812.5000
2025-04-16,5589.7769,5556.8642,5592.6741,5492.6546,13253722400,163751037649.9000
2025-04-17,5527.5905,5557.0105,5604.6198,5526.8881,11365238200,148283242243.4000
2025-04-18,5546.9666,5560.7207,5579.4791,5525.4046,11164425800,139804146811.9000
2025-04-21,5556.5126,5642.3805,5646.2179,5535.6994,12311188300,160264813233.9000
2025-04-22,5634.8936,5624.2090,5651.5541,5617.8786,12466668900,164464321326.5000
2025-04-23,5647.9148,5634.9487,5670.2595,5614.7677,12700776400,177991292765.2000
2025-04-24,5633.0240,5605.8796,5651.5343,5583.4302,12269669600,157899194340.6000
2025-04-25,5613.1407,5627.1804,5661.5869,5596.5266,14000080000,171933817273.4000
2025-04-28,5624.4166,5598.2951,5628.0778,5587.7857,13621809400,167616287077.3000
2025-04-29,5583.7186,5604.9057,5622.0220,5571.2363,12674292700,158033003939.8000
2025-04-30,5604.6537,5631.8249,5647.7821,5603.1718,13838662100,181616584522.5000
2025-05-06,5668.8762,5740.3338,5740.3338,5666.4698,16277360600,217059975785.3000
2025-05-07,5805.6560,5750.2911,5819.2422,5713.2734,17101175700,227566204818.1000
2025-05-08,5731.7157,5773.8056,5783.7915,5724.9511,13614032200,187032631458.8000
2025-05-09,5770.4410,5721.7225,5770.4410,5705.1654,12393900700,178162276679.5000
2025-05-12,5751.4372,5793.6743,5794.5161,5737.4622,13582436700,199426833721.2000
2025-05-13,5838.0341,5781.6683,5838.0341,5772.0723,13827108100,194252270526.7000
2025-05-14,5778.0791,5799.1191,5835.4912,5750.5367,15627999400,188145126840.3000
2025-05-15,5786.7833,5715.2966,5786.7833,5715.2938,13516076800,165136693963.9000
2025-05-16,5703.7354,5715.8491,5735.0121,5703.7354,11670913600,141882122895.5000
2025-05-19,5719.4381,5720.7949,5729.0703,5669.7208,11538493900,141098692009.1000
2025-05-20,5723.5055,5747.3670,5759.4582,5707.8101,11689661500,151751185853.6000
2025-05-21,5741.6885,5757.9225,5763.0788,5733.8275,11580454200,155147378006.4000
2025-05-22,5739.1909,5703.2797,5757.7946,5701.1614,10905772000,141620883824.3000
2025-05-23,5697.1362,5653.0436,5738.0829,5653.0436,11436119800,148123602870.9000
2025-05-26,5653.2063,5669.4609,5693.6250,5644.5794,9717098900,127343603493.8000
2025-05-27,5666.3027,5652.1454,5667.8710,5629.1343,9514936300,125275690002.2000
2025-05-28,5651.8755,5637.2378,5660.4696,5628.4165,9490888300,119959827369.0000
2025-05-29,5637.0633,5719.9101,5724.5185,5637.0633,11468248400,148095092966.2000
2025-05-30,5704.7710,5671.0723,5704.7710,5665.5177,10990070700,137670579253.9000
2025-06-03,5653.6747,5694.8385,5710.4203,5653.2978,12285390300,159996843500.1000
2025-06-04,5696.5692,5739.0058,5744.4543,5696.5692,11619607700,150314940398.1000
2025-06-05,5741.0298,5769.9675,5778.0959,5719.5466,12522358400,174970104156.2000
2025-06-06,5768.3989,5762.0778,5771.7558,5750.6592,10821766000,148022372105.1000
2025-06-09,5772.7792,5805.6543,5823.8990,5765.3547,12818861900,171482411225.9000
2025-06-10,5809.8283,5757.9921,5810.9224,5715.9712,13826918100,182980299992.1000
2025-06-11,5758.5287,5792.9464,5818.5734,5758.5287,12371670700,161353672422.0000
2025-06-12,5780.9670,5799.9319,5808.8047,5766.5212,12561584600,165393538363.1000
2025-06-13,5783.1560,5740.2397,5794.6698,5728.2114,16761337400,216010351562.9000
2025-06-16,5725.0029,5767.8083,5775.9487,5725.0029,12824265800,170989175829.1000
2025-06-17,5772.2960,5750.9122,5776.6325,5734.8290,12152662400,160121673881.7000
2025-06-18,5740.1556,5745.8714,5753.7124,5709.8031,11270384400,154540142782.6000
2025-06-19,5733.8068,5676.8317,5750.4643,5660.0504,12553113400,162657974788.2000
2025-06-20,5669.0901,5639.5130,5688.7362,5636.7846,10179476600,135042595005.9000
2025-06-23,5613.2813,5674.1704,5684.3973,5613.2813,11160180200,146034994434.9000
2025-06-24,5683.4622,5765.8373,5766.0189,5683.4622,14208225600,191935453604.6000
2025-06-25,5777.7404,5862.5529,5866.5246,5776.1237,18463231000,239260448527.5000
2025-06-26,5868.2924,5838.2454,5885.2508,5835.3395,18016416300,235223723201.8000
2025-06-27,5850.4252,5863.7282,5905.6962,5839.5775,19938972500,243302989299.7000
2025-06-30,5877.6748,5915.3876,5918.3068,5872.2251,16627514700,226516690563.4000
2025-07-01,5915.8043,5934.6700,5936.9237,5890.1140,15419236500,213595657433.4000
2025-07-02,5922.5407,5892.9505,5922.5407,5873.8918,16250048500,194981070907.2000
2025-07-03,5896.2403,5922.6600,5929.7268,5885.9430,13007004600,174689067393.9000
2025-07-04,5917.7530,5911.4352,5969.3028,5889.7303,16494106000,211373135686.2000
2025-07-07,5901.4018,5900.4056,5910.8036,5889.6023,13720736200,165759099335.8000
2025-07-08,5903.1017,5977.7437,5979.6273,5903.1017,16868114200,216966438897.8000
2025-07-09,5980.6451,5953.4871,5992.1349,5940.1761,16491440200,207864435842.8000
2025-07-10,5950.9657,5983.0505,6000.6858,5942.2901,17624260700,207636636985.2000
2025-07-11,5985.8236,6027.0789,6057.6225,5963.2571,22236309800,263484519394.2000
2025-07-14,6033.1782,6020.8585,6042.8856,6011.6872,18927744400,226290847208.0000
2025-07-15,6018.6274,6018.7583,6049.7867,5973.7969,18973623400,246076758437.0000
2025-07-16,6019.5765,6017.1947,6061.1990,5997.1633,14861006200,213065134852.4000
2025-07-17,6013.7141,6082.4644,6082.4644,6013.0436,14969265800,235042939349.0000
2025-07-18,6092.2296,6099.6104,6112.1098,6073.6384,15315220400,236482711042.0000
2025-07-21,6115.0255,6161.3086,6162.4401,6110.9880,20735050700,272008062680.9000
2025-07-22,6166.6164,6213.4072,6215.4058,6152.8142,24621164200,313661670874.1000
2025-07-23,6218.2069,6196.7577,6256.1516,6187.0121,25837789600,311060238982.0000
2025-07-24,6197.8532,6293.5984,6293.5984,6197.8532,26835556400,320187942645.6000
2025-07-25,6297.6255,6299.5908,6311.1687,6276.4156,23705532800,304368073044.4000
2025-07-28,6305.2247,6323.4198,6329.0304,6271.9300,21444826700,305210098011.3000
2025-07-29,6308.1228,6356.1327,6356.1497,6272.3139,20175762900,292526917595.6000
2025-07-30,6345.3737,6314.6873,6368.2693,6269.5128,21212841100,304778465291.6000
2025-07-31,6297.9122,6226.3432,6322.0651,6206.1902,22421423700,322273638101.9000
2025-08-01,6221.0505,6213.2014,6253.6575,6177.4781,16590719100,254479551590.7000
2025-08-04,6190.3443,6261.7313,6261.9617,6187.6219,14859148000,236649250157.6000
2025-08-05,6277.0114,6303.2359,6303.2359,6272.5062,15420666500,235654712149.9000
2025-08-06,6298.9291,6357.3769,6357.5899,6293.2247,16602763800,263770937890.4000
2025-08-07,6356.3322,6337.5425,6366.2138,6299.4929,17044640000,274900586379.3000
2025-08-08,6324.1746,6323.4999,6351.3348,6308.1478,17250752600,259175300068.3000
2025-08-11,6335.4267,6391.7595,6404.8331,6335.4267,17490919900,277034087552.0000
2025-08-12,6392.4021,6418.1595,6418.1595,6360.1093,16835191800,290495345645.2000
2025-08-13,6422.7889,6508.0978,6514.4558,6422.2147,21602242300,353506820818.3000
2025-08-14,6509.2085,6429.8462,6519.7938,6411.9209,22895316800,367959844603.9000
2025-08-15,6417.3889,6568.5700,6570.4994,6417.3889,24521724000,381378599737.4000
2025-08-18,6612.9878,6668.1726,6709.7812,6580.4373,30244822900,491491240868.3000
2025-08-19,6663.1570,6655.3105,6707.1139,6631.1193,25283927600,444629213612.5000
2025-08-20,6623.6138,6728.0692,6728.0692,6598.5506,24423390700,409671381116.0000
2025-08-21,6739.6899,6704.1657,6767.3225,6673.0608,24254016400,404122614402.8000
2025-08-22,6704.0297,6822.8469,6823.3626,6704.0297,25678382000,446681185868.5000
2025-08-25,6886.2682,6951.8955,6967.7963,6863.9322,33382894500,574922701236.5000
2025-08-26,6928.2862,6964.0653,7008.9627,6910.4055,28153238200,490812217440.6000
2025-08-27,6964.7697,6862.5624,7074.6302,6862.5624,32806018300,583863938867.0000
2025-08-28,6858.5028,7011.1602,7011.1602,6798.9335,30806178600,563651749090.8000
2025-08-29,7030.2741,7043.9416,7078.9230,6990.7532,28091581400,523041433984.9000
2025-09-01,7087.7337,7110.2882,7110.6870,7038.3444,28590831100,536161179931.4000
2025-09-02,7108.9446,6961.6894,7108.9446,6909.7234,29403653900,541493734529.3000
2025-09-03,6988.0205,6868.4615,7003.2681,6846.1814,25908326600,449579909558.7000
2025-09-04,6884.3577,6698.4474,6906.6919,6607.9849,27034189400,471991424482.0000
2025-09-05,6709.1450,6913.9532,6919.3360,6678.5997,24085745700,431958521699.5000
2025-09-08,6927.4071,6992.1169,6995.7178,6896.6601,24417430400,455360584113.9000
2025-09-09,6959.9373,6928.9651,6999.7308,6895.5091,22584355700,394761613186.2000
2025-09-10,6911.1119,6932.1092,6977.7671,6870.4039,18992286700,359667340648.0000
2025-09-11,6924.3036,7122.7051,7123.0523,6889.5863,24395106100,469498304002.7000
2025-09-12,7115.6102,7147.7489,7200.1556,7112.4216,26656750800,499359865690.2000
2025-09-15,7170.4123,7137.3627,7174.8905,7126.8293,23826572400,441828732816.1000
2025-09-16,7152.1887,7190.9928,7195.4246,7080.4270,24234918300,435210189393.5000
2025-09-17,7184.2638,7260.0353,7265.3931,7159.6665,25826444900,445549244676.8000
2025-09-18,7248.2786,7199.8828,7350.9772,7115.6308,34858954100,604238742366.8000
2025-09-19,7200.6920,7170.3488,7231.9992,7142.0610,27150719300,450654116274.6000
2025-09-22,7182.8876,7225.1281,7225.8581,7143.0754,23185806900,421916002388.8000
2025-09-23,7240.8466,7180.7137,7250.8156,7045.5606,28128363400,495068970675.9000
2025-09-24,7140.3128,7323.7093,7327.0207,7133.4321,24006493800,477262274280.4000
2025-09-25,7325.6602,7341.3238,7379.6109,7312.3508,23617503000,493046787219.8000
2025-09-26,7311.8433,7240.9114,7351.7931,7237.0459,21144414800,430197601817.0000
2025-09-29,7251.5221,7350.5599,7377.2217,7216.7357,23353941800,433864489694.5000
2025-09-30,7372.5240,7412.3684,7428.0307,7372.0634,22070750200,444956374594.1000
2025-10-09,7470.0474,7548.9226,7559.0920,7437.3242,28313078400,535756806831.8000
2025-10-10,7499.3917,7398.2241,7509.1161,7373.9841,26225664600,502127435137.5000
2025-10-13,7135.1040,7376.5636,7391.8246,7135.1040,25802781700,473285532818.8000
2025-10-14,7434.1149,7194.8509,7459.0156,7166.0822,27735887300,505838515442.6000
2025-10-15,7205.7367,7294.0014,7294.0014,7153.4185,21755977700,397458970801.8000
2025-10-16,7269.2587,7231.5336,7305.9472,7206.4433,19493637000,359837530025.8000
2025-10-17,7226.4214,7016.0661,7254.5786,7009.8906,20004411300,348113892817.2000
2025-10-20,7092.8836,7069.6412,7129.9939,7033.3835,17683419200,314675076901.6000
2025-10-21,7095.6159,7185.6240,7193.7300,7082.2995,20597382900,344991294992.6000
2025-10-22,7135.2084,7128.4776,7166.5571,7101.8265,16974325400,286200266692.2000
2025-10-23,7108.8545,7142.9536,7153.6555,7022.2945,18893373200,286304409856.4000
2025-10-24,7175.9233,7258.5343,7258.5343,7174.3510,19532393300,366061817471.7000
2025-10-27,7336.2041,7379.3941,7391.2121,7302.0165,23205182100,471762068046.1000
2025-10-28,7344.4539,7341.0304,7404.7560,7308.2722,20211846300,422068633884.5000
2025-10-29,7350.7566,7480.9666,7480.9666,7350.7566,22384413300,443141380250.4000
2025-10-30,7462.4326,7385.7109,7463.6529,7375.2391,24341203600,473832269828.3000
2025-10-31,7385.7423,7331.0031,7430.8564,7331.0031,23204167600,434918176654.6000
2025-11-03,7327.1200,7333.6013,7336.5108,7214.8331,22168706000,390397102165.8000
2025-11-04,7315.1888,7210.8253,7323.7044,7167.3474,19332584200,326392392688.4000
2025-11-05,7098.9557,7229.3410,7257.8400,7098.9557,19558024300,311844646147.3000
2025-11-06,7243.1959,7345.7230,7352.1766,7243.1959,20172296700,352809569430.2000
2025-11-07,7307.2959,7327.9108,7371.4378,7285.8192,19292057800,336398935520.3000
2025-11-10,7357.3392,7343.8017,7384.7854,7289.7682,20450133000,371310636981.7000
2025-11-11,7364.9251,7291.6084,7379.8060,7281.9746,19166031300,338597660848.1000
2025-11-12,7264.7920,7243.2483,7305.8564,7187.8685,18550701000,313840341324.2000
2025-11-13,7243.6400,7355.2911,7366.4121,7243.6400,19989023000,339596060555.8000
2025-11-14,7283.6993,7235.4617,7329.5958,7235.4617,20586491000,310485059932.4000
2025-11-17,7248.9216,7235.3512,7262.3306,7202.5932,20305060200,310823159399.7000
2025-11-18,7215.0302,7151.0176,7230.5416,7118.4085,20221412100,306540024621.6000
2025-11-19,7141.2641,7122.7465,7178.1495,7086.1232,16278660200,256755086038.0000
2025-11-20,7174.1046,7061.9497,7180.7320,7056.9003,15961874600,254158167502.1000
2025-11-21,6955.7485,6817.4103,6986.7784,6817.4103,20893338400,310968718151.3000
2025-11-24,6856.7546,6868.9664,6905.9229,6797.4956,16636391300,270213254389.5000
2025-11-25,6915.1233,6954.6034,7018.4695,6912.3198,16271253000,289204914941.8000
2025-11-26,6946.0812,6965.0453,7024.8824,6936.8765,14894352600,274858341724.5000
2025-11-27,6970.7329,6951.2844,7045.8447,6943.4443,13784110300,253013152924.5000
2025-11-28,6947.2369,7031.5505,7031.7124,6941.4833,14021118400,243255194578.2000
2025-12-01,7053.8471,7101.8323,7101.8323,7040.8033,17897343200,308533693613.8000
2025-12-02,7084.7990,7040.3008,7085.3031,7022.6102,14951819700,247360273405.6000
2025-12-03,7044.8568,6996.3552,7064.1600,6975.0888,15783886700,251308651462.9000
2025-12-04,7001.6423,7012.8061,7039.7157,6958.6322,14103833800,239912559988.0000
2025-12-05,7008.6492,7097.8389,7104.0208,6965.8064,16873827400,275108399690.5000
2025-12-08,7119.0510,7172.3671,7193.7230,7114.3234,19261175000,347244592783.5000
2025-12-09,7150.9729,7121.3256,7185.1071,7103.8325,16690106600,305522303623.1000
2025-12-10,7111.5705,7155.9944,7171.9733,7070.4751,15396782700,280495257218.4000
2025-12-11,7171.2079,7082.8932,7179.4249,7082.8932,18184855400,300744575886.1000
2025-12-12,7088.1001,7169.7910,7187.0997,7063.8407,19840247300,373144936682.2000
2025-12-15,7121.3805,7113.9620,7177.1541,7110.6781,17217406400,301023637030.3000
2025-12-16,7101.6696,7001.3188,7102.7717,6962.6451,17206587400,284968704393.8000
2025-12-17,7002.5064,7137.8339,7160.7763,6988.8710,17441313600,302410118522.7000
2025-12-18,7096.9815,7100.8359,7172.9624,7094.5396,15489612300,275510779270.5000
2025-12-19,7124.4045,7169.5511,7197.0681,7117.1583,17884314600,292738015322.5000
2025-12-22,7205.4890,7255.6607,7277.3860,7205.4890,17824288100,327207674824.3000
2025-12-23,7257.9076,7256.7864,7297.7034,7228.7225,17347600200,328559029521.9000
2025-12-24,7257.6150,7352.0396,7362.5704,7247.4054,16883771300,331930929314.7000
2025-12-25,7341.9223,7410.7119,7426.1367,7334.3404,16841420100,336366985228.8000
2025-12-26,7422.6014,7458.8386,7484.9158,7397.4255,19927688400,386914288411.3000
2025-12-29,7467.5042,7430.6147,7491.6926,7411.4472,19884433800,390446087065.9000
2025-12-30,7390.1398,7458.9360,7495.0606,7389.8691,19620361500,407623516139.8000
2025-12-31,7473.7519,7465.5742,7488.0663,7435.0664,19442774300,380369638018.7000
2026-01-05,7523.8754,7651.1981,7651.2383,7523.2477,25185386300,504690493732.0000
2026-01-06,7663.9415,7814.1356,7814.6506,7663.6621,31312510200,571675102991.1000
2026-01-07,7838.9115,7875.0822,7909.6559,7828.3941,29390344000,582740692942.6000
2026-01-08,7853.2089,7894.5447,7938.5946,7849.0679,29356173500,564453373682.6000
2026-01-09,7907.8485,8056.6858,8064.7584,7907.8485,31462467400,631145879411.5000
2026-01-12,8141.6262,8249.1275,8261.3544,8103.2382,33523628600,685824116976.6000
2026-01-13,8270.4224,8143.2800,8270.4224,8106.6099,36413103300,735218804688.9000
2026-01-14,8165.3520,8227.6970,8368.2215,8123.4045,42276600200,815959272095.4000
2026-01-15,8170.3486,8223.2683,8249.0307,8148.7884,31359583000,600802134839.4000
2026-01-16,8241.6934,8232.6740,8292.7409,8204.5254,28197904200,616185542296.4000
2026-01-19,8199.4986,8287.9470,8318.3703,8195.0890,26149738200,560926083767.2000
2026-01-20,8307.6416,8247.8049,8342.8738,8142.1424,28986446000,588171478668.1000
2026-01-21,8196.5565,8340.1133,8351.4545,8196.5565,24330438100,517592184757.5000
2026-01-22,8355.6781,8387.5950,8396.1328,8337.1950,26880524300,546138129653.9000
2026-01-23,8422.3561,8590.1659,8590.1659,8417.7520,31969006900,639421447042.0000
2026-01-26,8624.8883,8506.6932,8671.3461,8453.4762,34928559700,692104522399.7000
2026-01-27,8464.6504,8548.9321,8581.1049,8368.1751,30285260600,610885915269.2000
2026-01-28,8565.3388,8601.1644,8633.1468,8526.5335,31177425700,612731517849.5000
2026-01-29,8584.6806,8517.8429,8658.9445,8503.0945,35419838700,666256871148.3000
2026-01-30,8439.6524,8370.5203,8496.3367,8194.5842,32894717000,600497374470.5000
2026-02-02,8279.7152,8037.0456,8324.4341,8032.3500,29964602200,546055656717.8000
2026-02-03,8135.8699,8286.7005,8286.7005,8075.3738,27222713600,543264486191.1000
2026-02-04,8270.8420,8299.0574,8309.8579,8179.3522,26886027700,501886746835.7000
2026-02-05,8203.0627,8146.1073,8224.7847,8081.4283,23184051500,435277701063.7000
2026-02-06,8054.2180,8146.4128,8247.2968,8014.6599,21864214400,418373434780.9000
2026-02-09,8280.1088,8311.2829,8313.4692,8229.0026,21166756600,427982319251.6000
2026-02-10,8318.5325,8306.4448,8331.9858,8258.1519,19580622000,394283311159.0000
2026-02-11,8295.3326,8325.8107,8373.5033,8295.1223,20401970300,388612429404.3000
2026-02-12,8342.3650,8423.5695,8437.4202,8341.7705,21213831800,438320451204.1000
2026-02-13,8366.3327,8299.5850,8419.7618,8290.8388,20278572500,406320461061.6000
2026-02-24,8403.3106,8392.9098,8444.1283,8328.5678,22462927800,449713840344.2000
2026-02-25,8412.0800,8527.5593,8551.5345,8401.5965,27789338900,506848669829.3000
2026-02-26,8542.8324,8557.2160,8582.7633,8490.9215,25411176500,513984663150.7000
2026-02-27,8499.7957,8658.4503,8658.4503,8499.7957,28036116700,512821943080.7000
2026-03-02,8585.8534,8658.3336,8683.9816,8551.4601,33903229600,619505358994.6000
2026-03-03,8651.0600,8281.6139,8654.5678,8267.1091,34615390600,634660475372.6000
2026-03-04,8167.9811,8248.9450,8377.1743,8167.9811,27210771400,471470145318.9000
2026-03-05,8383.5464,8309.1713,8391.0367,8251.1062,25634345400,472940762598.8000
2026-03-06,8273.1829,8360.3347,8394.3341,8258.6447,23451496000,427695132113.2000
2026-03-09,8234.1927,8279.4811,8305.9247,8066.1408,28651851000,523828528067.1000
2026-03-10,8341.1447,8410.3030,8412.9325,8330.9345,23994135800,465082278986.8000
2026-03-11,8419.3105,8403.3296,8439.6188,8379.0332,26448738900,495752480830.4000
2026-03-12,8396.7222,8359.4721,8433.0374,8290.5879,28243650400,478413662733.3000
2026-03-13,8317.7799,8239.7980,8371.7157,8217.9686,28813099000,482367288675.4000
2026-03-16,8227.6932,8185.1520,8233.6551,8060.7824,25620598200,460796897377.5000
2026-03-17,8199.9926,8016.0262,8207.4607,8016.0020,23013280000,406247342906.9000
2026-03-18,8044.9186,8096.4276,8105.9551,7958.4504,20649392300,391242647481.5000
2026-03-19,7975.8477,7877.0900,8000.4297,7844.1519,21974486600,394855039942.2000
2026-03-20,7913.4854,7760.0365,7941.5857,7757.8333,21944878800,417113691310.9000
2026-03-23,7623.2446,7440.7451,7708.4298,7399.0423,27156102400,451938508509.5000
2026-03-24,7555.0818,7597.3732,7597.3732,7379.8608,22896641800,388538162383.5000
2026-03-25,7660.4009,7767.6654,7806.9106,7660.4009,24071155400,423378163951.9000
2026-03-26,7757.0185,7642.1302,7777.2900,7620.7773,20621612600,355916679311.1000
2026-03-27,7539.1959,7737.6144,7785.3777,7539.1959,18820506600,344204684320.8000
2026-03-30,7655.1534,7753.7234,7766.1107,7610.5492,19783856900,361442205072.7000
2026-03-31,7740.5787,7617.3262,7788.8928,7617.3262,19908603500,376502133010.5000
2026-04-01,7764.3363,7750.0924,7778.9878,7689.5897,17596067000,354799494800.9000
2026-04-02,7726.4451,7605.2932,7740.0952,7562.2104,17208487300,325589868202.8000
2026-04-03,7636.6633,7534.9380,7640.8412,7518.3455,15163735600,283332454878.6000
2026-04-07,7562.1371,7571.1106,7630.1357,7529.3992,14696135700,279371106677.1000
2026-04-08,7741.6345,7945.1527,7945.1527,7741.6345,23193661200,460383859320.9000
2026-04-09,7865.2051,7898.6329,7947.6782,7845.9575,19055565000,398032241410.3000
2026-04-10,7958.8149,7969.3646,8070.6482,7953.4969,20340435100,433921803732.1000
2026-04-13,7917.9194,7967.6970,7990.9809,7917.9194,19494869500,409703666198.3000
2026-04-14,8039.0737,8088.5687,8088.5687,8002.6484,21429567200,460131213095.0000
2026-04-15,8144.8093,8044.0773,8150.6220,8020.8680,20365606600,456985404068.8000
2026-04-16,8068.1536,8180.0815,8189.1751,8056.7810,18845568300,429996215501.7000
2026-04-17,8155.3958,8214.1939,8230.1072,8149.9380,19157884000,453410855651.4000
2026-04-20,8223.5842,8290.0224,8310.9444,8214.2626,21376402000,507388177413.2000
2026-04-21,8263.3791,8270.3266,8281.3207,8189.7576,20183631700,441523125471.6000
2026-04-22,8226.8516,8376.1808,8377.3362,8226.8516,21333723600,501951553119.2000
2026-04-23,8387.7647,8295.2070,8401.4992,8220.9526,24948698900,565097207106.9000
2026-04-24,8244.7784,8247.8759,8299.8778,8165.8037,22231189300,518618099348.0000
2026-04-27,8236.4336,8299.0486,8326.1546,8219.9430,22459580200,524219030970.4000
2026-04-28,8274.6312,8203.9614,8275.3280,8173.4448,22010913000,494514573512.5000
2026-04-29,8157.3548,8342.4217,8356.7152,8157.3548,23087201700,489715085654.2000
2026-04-30,8331.4394,8349.5081,8375.1934,8300.5019,24755465200,535036483480.5000
2026-05-06,8441.3419,8588.4399,8621.3457,8441.3419,27464745200,635607537782.5000
2026-05-07,8637.8414,8696.7989,8700.3353,8598.7116,27099417900,620440650748.1000
2026-05-08,8638.8383,8694.1709,8706.3330,8616.2233,27114353500,609002654328.0000
2026-05-11,8771.1761,8839.7415,8863.7690,8716.4515,28833019600,709124529147.4000
2026-05-12,8856.1797,8785.9791,8856.1797,8736.4171,26987096800,633557984263.0000
2026-05-13,8730.9130,8918.2390,8925.8770,8730.9130,25409688800,637052785957.5000
2026-05-14,8952.9502,8670.1574,8956.6619,8670.1574,28950256600,658225134861.2000
2026-05-15,8676.6210,8536.3444,8717.0924,8473.0421,27096176200,643023956618.1000
2026-05-18,8493.0157,8554.2372,8606.4096,8472.4244,23109341700,559260917340.2000
2026-05-19,8524.1543,8627.9461,8633.0613,8416.5150,24386882000,571306974464.0000
2026-05-20,8581.3938,8656.3062,8681.7226,8552.4273,23041869700,574479528727.3000
2026-05-21,8703.1742,8419.8373,8790.3751,8406.2885,27948915800,687607693449.2000
2026-05-22,8473.6091,8576.9402,8591.1549,8414.9398,22161039100,556432683501.9000
