date,open,close,high,low,volume,amount
2020-01-02,4121.3480,4152.2400,4172.6550,4121.3480,18211677184,270105530368.0000
2020-01-03,4161.2180,4144.9640,4164.2980,4131.8640,14282624512,215216287744.0000
2020-01-06,4120.5210,4129.2950,4170.6380,4102.3790,17530995200,250182070272.0000
2020-01-07,4137.4010,4160.2270,4161.2500,4135.0970,13948903168,196389060608.0000
2020-01-08,4139.6310,4112.3170,4149.8130,4101.9800,16758585088,212406263808.0000
2020-01-09,4145.5340,4164.3690,4165.6570,4143.5920,13688632320,200150351872.0000
2020-01-10,4177.5770,4163.1840,4180.9770,4148.4810,11303171840,177827414016.0000
2020-01-13,4166.9250,4203.9880,4203.9880,4148.6000,11969198336,199795490816.0000
2020-01-14,4215.1570,4189.8860,4223.5070,4188.0800,12932078336,196221263872.0000
2020-01-15,4186.8810,4166.7340,4193.8680,4150.8790,10463313664,163081932800.0000
2020-01-16,4174.8170,4149.0430,4175.2930,4142.1790,10026764288,156242505728.0000
2020-01-17,4162.1930,4154.8530,4177.0280,4141.6440,9872568320,166591590400.0000
2020-01-20,4170.7360,4185.8300,4185.9620,4149.4870,12240914688,202692288512.0000
2020-01-21,4165.0200,4114.3080,4165.0200,4113.3250,13052750592,204586881024.0000
2020-01-22,4093.8000,4131.9310,4141.1770,4046.4860,12675876352,208136151040.0000
2020-01-23,4093.3220,4003.9010,4103.5240,3972.3930,16035760384,250409357312.0000
2020-02-03,3639.9080,3688.3570,3732.1570,3639.9080,15755964672,243303104512.0000
2020-02-04,3652.0030,3785.6370,3786.8620,3652.0030,21393332736,298165768192.0000
2020-02-05,3801.0990,3828.5270,3866.0100,3781.6130,17492552448,264042921984.0000
2020-02-06,3841.7530,3899.7750,3914.9150,3806.9600,17646223616,262820089856.0000
2020-02-07,3879.5530,3899.8690,3899.8830,3849.7120,15173175808,237508816896.0000
2020-02-10,3872.3730,3916.0050,3920.1660,3861.0060,14840696832,229625442304.0000
2020-02-11,3926.4200,3952.4640,3970.5220,3915.7070,14344167424,219307118592.0000
2020-02-12,3945.6660,3984.4320,3984.4320,3940.6660,12671032064,200776708096.0000
2020-02-13,3985.8750,3959.9180,3999.5490,3950.1420,14500184320,228605964288.0000
2020-02-14,3954.2340,3987.7340,4001.5620,3954.0230,14323980288,222895075328.0000
2020-02-17,3999.6510,4077.4240,4077.4460,3999.6510,18277896960,273067819008.0000
2020-02-18,4069.8310,4057.5100,4076.3880,4027.7850,16323621888,242552516608.0000
2020-02-19,4049.5860,4051.3100,4085.1700,4042.8450,16904644096,257554534400.0000
2020-02-20,4062.8960,4144.6560,4148.5280,4055.8100,21223262464,310835589120.0000
2020-02-21,4134.8740,4149.4900,4184.4370,4130.1670,21721360384,326564003840.0000
2020-02-24,4131.8360,4132.8380,4149.0100,4097.1750,21286930432,326387802112.0000
2020-02-25,4066.3020,4123.8540,4126.7070,4020.9070,24416783104,372213719040.0000
2020-02-26,4070.0990,4073.0150,4132.7810,4061.1250,26109406208,366022418432.0000
2020-02-27,4084.0780,4084.8750,4110.5270,4067.4400,18129097984,282050207744.0000
2020-02-28,3988.7270,3940.0480,4031.1450,3928.0660,23027509248,330358906880.0000
2020-03-02,3968.8430,4069.6660,4092.5390,3968.8430,21931355904,317426204672.0000
2020-03-03,4125.1350,4091.3610,4147.6520,4067.9090,21936977664,330802585600.0000
2020-03-04,4078.4990,4115.0520,4115.2610,4060.7290,18242472960,281784864768.0000
2020-03-05,4150.2100,4206.7250,4215.8510,4127.0380,23182311424,362838831104.0000
2020-03-06,4158.2020,4138.5070,4181.3100,4135.3900,17247571712,253168631808.0000
2020-03-09,4063.0760,3997.1325,4063.0760,3995.1313,20810203500,305428730303.8000
2020-03-10,3975.2288,4082.7315,4093.0024,3954.7506,19741640200,296184435851.3000
2020-03-11,4090.9348,4028.4289,4091.2704,4028.3964,16165611100,244990872685.9000
2020-03-12,3976.1139,3950.9111,3987.4336,3926.2704,15706045800,233152848759.1000
2020-03-13,3771.0139,3895.3128,3937.1806,3765.1479,18829672200,280213453213.7000
2020-03-16,3899.8598,3727.8398,3899.8598,3720.5127,18596826000,282836238271.2000
2020-03-17,3739.7833,3709.6822,3786.8908,3618.3070,16624612900,250824025696.9000
2020-03-18,3729.6853,3636.2565,3775.8506,3636.2565,15503754700,244127161535.3000
2020-03-19,3623.7890,3589.0926,3647.9874,3503.1866,18080740700,271827467961.6000
2020-03-20,3629.5126,3653.2239,3663.9517,3588.7766,13960300000,211223073323.1000
2020-03-23,3542.6837,3530.3058,3585.8014,3523.7877,13710879000,197669624970.1000
2020-03-24,3598.6548,3625.1146,3627.7592,3545.4524,14310302100,208553840688.5000
2020-03-25,3711.4753,3722.5181,3732.6536,3685.9942,15349595800,231561518761.2000
2020-03-26,3692.6083,3698.0472,3736.2536,3681.2668,11231066500,169336311861.4000
2020-03-27,3746.3914,3710.0605,3758.7827,3709.9213,12406099500,186103426334.7000
2020-03-30,3657.4624,3674.1108,3690.6388,3637.5853,12687667300,180640799409.3000
2020-03-31,3708.1404,3686.1551,3716.0707,3676.2024,11145302500,161595510008.2000
2020-04-01,3682.2966,3675.0758,3731.7799,3670.9653,11935262000,170422568804.4000
2020-04-02,3656.3225,3734.5306,3734.5306,3652.3167,11516820900,168893255656.6000
2020-04-03,3721.4815,3713.2183,3738.8323,3698.9822,9982508300,150132815028.5000
2020-04-07,3779.9076,3798.0214,3803.6286,3772.2054,14277803000,207642820316.9000
2020-04-08,3776.4171,3780.3445,3793.0023,3767.2924,11138951300,161576772320.2000
2020-04-09,3798.4879,3792.8105,3801.7245,3785.3116,10048503200,154595318812.8000
2020-04-10,3794.8429,3769.1782,3824.7441,3758.9599,10244495600,162251233800.7000
2020-04-13,3751.7093,3753.2566,3769.8764,3740.1936,7905334300,119874303204.6000
2020-04-14,3777.8343,3825.6991,3825.7599,3764.9838,11063758500,170612579792.4000
2020-04-15,3820.8506,3797.3623,3829.8009,3793.4402,10846198400,169700216633.0000
2020-04-16,3777.7986,3802.3806,3807.3569,3774.5585,9594796500,147164302056.9000
2020-04-17,3831.9232,3839.4871,3863.4521,3821.4201,13200430100,203595267033.5000
2020-04-20,3845.4598,3853.4551,3853.7984,3831.5530,10001311500,151924090117.0000
2020-04-21,3838.2314,3808.0474,3838.2314,3779.9967,10292188800,155077454132.0000
2020-04-22,3789.1297,3839.3834,3839.3834,3782.2149,8589946400,135547280790.0000
2020-04-23,3851.9132,3829.7525,3857.4709,3826.5565,9550845000,142122548831.8000
2020-04-24,3826.3116,3796.9721,3827.2120,3787.0714,9484413500,138961200282.7000
2020-04-27,3808.0171,3822.7690,3842.8706,3793.7655,9546273500,145301151875.0000
2020-04-28,3835.3480,3849.1465,3859.6754,3768.2000,12209347600,184179759240.3000
2020-04-29,3837.5135,3867.0320,3880.7444,3833.7164,9585459000,151282103744.2000
2020-04-30,3880.4094,3912.5772,3921.7004,3880.4094,13291712500,202268288802.3000
2020-05-06,3867.2587,3936.2539,3937.6909,3865.9875,13985567500,214935962364.4000
2020-05-07,3937.5918,3924.8946,3941.4833,3915.9048,10551464600,167207801840.2000
2020-05-08,3942.9972,3963.6217,3979.6627,3935.9805,11694334100,190299584716.9000
2020-05-11,3974.7605,3960.1803,3998.0972,3944.5037,12267380300,193758093899.8000
2020-05-12,3961.3427,3960.2378,3970.1115,3930.2108,9825055400,157465780059.9000
2020-05-13,3946.6428,3968.2529,3972.5254,3932.5711,8819066900,145563383275.8000
2020-05-14,3952.1986,3925.2177,3952.1986,3924.0452,8853000400,143499177719.8000
2020-05-15,3941.1250,3912.8159,3945.1956,3907.4021,9261838200,153301505149.4000
2020-05-18,3914.6602,3922.9117,3946.4312,3898.4041,11280176200,188528121367.6000
2020-05-19,3963.7754,3956.2495,3966.8518,3944.0715,9401529100,159886222402.2000
2020-05-20,3955.7145,3935.2220,3955.7145,3923.9213,10079115000,157102533276.1000
2020-05-21,3950.5981,3913.7949,3951.7430,3907.5788,9486103300,149154142257.8000
2020-05-22,3907.5761,3824.0640,3907.5761,3818.1488,10337836000,157286504986.3000
2020-05-25,3828.3206,3829.3245,3835.6333,3800.1796,7903332600,127011917716.3000
2020-05-26,3850.0009,3872.7701,3874.7484,3844.4776,7744807600,125445619316.8000
2020-05-27,3873.6984,3845.6135,3873.6984,3838.4247,8371183100,123737501165.0000
2020-05-28,3848.4892,3856.6324,3885.4211,3818.4318,9306405400,139108407792.0000
2020-05-29,3838.3769,3867.0232,3872.3031,3830.4185,9381383200,135658136028.2000
2020-06-01,3901.7263,3971.3402,3976.3151,3901.7263,13645665200,208436512945.1000
2020-06-02,3969.9521,3983.5677,3991.7761,3958.9774,14430306000,195563304256.3000
2020-06-03,4001.1708,3983.6477,4018.6759,3982.9299,13659748300,200882767676.9000
2020-06-04,3998.1636,3982.1851,3999.8051,3968.5723,10427773700,149057855837.5000
2020-06-05,3988.2239,4001.2509,4001.2509,3967.9260,10244394200,154311342981.8000
2020-06-08,4023.6060,4021.9549,4050.2213,4016.1015,13792581300,193047518687.6000
2020-06-09,4027.5613,4047.0293,4052.1557,4016.3387,11530447900,166533966010.0000
2020-06-10,4046.2317,4039.7051,4046.2317,4024.4185,11226572800,166778642366.2000
2020-06-11,4031.7396,3995.8846,4043.0123,3979.7522,12730894100,197079441861.1000
2020-06-12,3931.6236,4003.0829,4011.0591,3927.2491,13416664900,193504046742.3000
2020-06-15,3982.9672,3954.9883,4007.1396,3954.9883,13129786000,211125336143.8000
2020-06-16,3995.5786,4014.5702,4014.5702,3987.8637,11105153900,185104029158.9000
2020-06-17,4018.6094,4017.5941,4018.6094,3992.1339,10560579900,176977503611.2000
2020-06-18,4009.7831,4044.3842,4047.5566,4000.9008,13814876100,210192918146.2000
2020-06-19,4047.0483,4098.7095,4109.3602,4043.4925,15294699000,255549797299.6000
2020-06-22,4097.5071,4102.0459,4126.9421,4088.7822,15582946500,259200520725.7000
2020-06-23,4098.0373,4121.7944,4124.7250,4080.7533,12922951000,234806510834.5000
2020-06-24,4128.1003,4138.9895,4144.6782,4123.3582,12171246500,224551430008.0000
2020-06-29,4127.9348,4109.7164,4137.3696,4092.5352,13086585400,226522059762.9000
2020-06-30,4130.0028,4163.9637,4174.4236,4129.7754,12593352100,227935704488.9000
2020-07-01,4172.6425,4247.7835,4247.7835,4163.4954,16999045600,305711799762.0000
2020-07-02,4239.4080,4335.8445,4340.1039,4238.1164,25293936800,399571526695.3000
2020-07-03,4353.1937,4419.5955,4419.5955,4348.4535,29048553900,442335024266.1000
2020-07-06,4465.8081,4670.0949,4678.1121,4465.8081,40582102500,597438217716.0000
2020-07-07,4739.6104,4698.1264,4796.3155,4688.0574,40600855300,635254742706.0000
2020-07-08,4692.8621,4774.0042,4803.3643,4670.6501,34807484700,532849825964.5000
2020-07-09,4770.0769,4840.7712,4854.1201,4757.2943,35104689300,556718732098.9000
2020-07-10,4796.0873,4753.1333,4821.3745,4734.4725,31694965100,510472055095.9000
2020-07-13,4742.3738,4852.9612,4878.0773,4741.8743,32164544600,541105098721.0000
2020-07-14,4836.1655,4806.6902,4860.4404,4729.9258,29724198500,511211048184.9000
2020-07-15,4821.5155,4744.4687,4837.4757,4723.3608,27238900600,486748347680.4000
2020-07-16,4741.5295,4516.2532,4772.5638,4513.6537,28465713300,511237962884.2000
2020-07-17,4524.7717,4544.7007,4601.3733,4485.8214,20737556300,372973887046.0000
2020-07-20,4597.2038,4680.3046,4681.9431,4534.2305,24606891400,416714222275.7000
2020-07-21,4697.5026,4691.0425,4714.2925,4661.4440,20041565900,356069805762.6000
2020-07-22,4682.6575,4714.4454,4790.4491,4675.3488,22419921100,386470859914.3000
2020-07-23,4668.7401,4712.4357,4731.4004,4607.6585,23431456900,405175268660.9000
2020-07-24,4679.0273,4505.5906,4691.6980,4479.3928,24390520300,437726712279.7000
2020-07-27,4535.0053,4528.4500,4558.1189,4482.4408,17142055100,301893370163.2000
2020-07-28,4567.6691,4568.2576,4590.2496,4537.6849,16276849800,292835785345.2000
2020-07-29,4559.1634,4679.0080,4680.5580,4548.8535,18669530500,350432649160.5000
2020-07-30,4689.7632,4656.1506,4704.6305,4649.7677,16696756600,324009242692.4000
2020-07-31,4652.1824,4695.0462,4741.8084,4621.9635,18483902600,351119312415.0000
2020-08-03,4735.8985,4771.3108,4771.3694,4720.0250,21477623900,401914824928.3000
2020-08-04,4778.4866,4775.8024,4807.0782,4747.7748,23997498500,426411345935.8000
2020-08-05,4761.7637,4777.1089,4786.7031,4711.2723,19670054800,347407839399.1000
2020-08-06,4779.2377,4762.7642,4791.8565,4691.1569,22785440600,404323404006.9000
2020-08-07,4742.2939,4707.9262,4749.0217,4637.8427,21351821600,397041212825.0000
2020-08-10,4681.7553,4724.8697,4757.6634,4646.2885,20378883200,371297560017.6000
2020-08-11,4730.3748,4681.7837,4791.5337,4674.8642,20554651100,350828586241.1000
2020-08-12,4668.8899,4647.6446,4681.6206,4566.2736,20288723900,347298673202.0000
2020-08-13,4666.4901,4635.7126,4671.7689,4626.1033,15255009200,250945872578.9000
2020-08-14,4627.6100,4704.6288,4708.0709,4617.6320,14729292100,254343934256.2000
2020-08-17,4727.1204,4815.2261,4838.0864,4721.3589,26800155600,416469154934.0000
2020-08-18,4816.5703,4812.7564,4825.3861,4788.8293,18913985400,314395904535.5000
2020-08-19,4804.6655,4740.6784,4809.0499,4738.0086,19244294800,319403284708.3000
2020-08-20,4708.1253,4679.1544,4721.4357,4662.8032,15836863900,260486563515.0000
2020-08-21,4717.7874,4718.8431,4739.4836,4684.8101,14265786400,251775160233.8000
2020-08-24,4746.4035,4755.8491,4769.4673,4716.6054,15114351200,272428686418.6000
2020-08-25,4769.2107,4761.9507,4802.4122,4746.3130,14170135100,262308788275.0000
2020-08-26,4761.7186,4706.1302,4786.4249,4689.8810,15130518000,277456360643.0000
2020-08-27,4718.0620,4731.3451,4731.9351,4679.3623,11904285000,223631511405.6000
2020-08-28,4727.2920,4844.2652,4850.4884,4719.3526,15939976500,305047882508.6000
2020-08-31,4870.9337,4816.2153,4901.2115,4816.2123,20256702900,357005064604.8000
2020-09-01,4803.3922,4842.1223,4842.1350,4791.7829,13839540200,262018070577.3000
2020-09-02,4859.0754,4843.8870,4863.5509,4797.5204,15798952400,280778613751.4000
2020-09-03,4841.5020,4817.0952,4877.0117,4800.0577,14567120100,279411988792.3000
2020-09-04,4737.2368,4770.2190,4778.2030,4726.5559,12003279600,238463337878.7000
2020-09-07,4759.5213,4669.3677,4789.3031,4655.5600,14860779100,282316394067.8000
2020-09-08,4683.8256,4694.3894,4707.8966,4639.0531,13919922700,249198138076.0000
2020-09-09,4634.2470,4584.5887,4645.1972,4558.0304,16227710700,244905191934.1000
2020-09-10,4632.0994,4581.9775,4647.7505,4572.2058,15065287800,226146354804.6000
2020-09-11,4572.2572,4627.2826,4630.8842,4563.1061,11530242400,198240927301.5000
2020-09-14,4652.0539,4651.0507,4666.9862,4625.9877,10723517900,211653411810.9000
2020-09-15,4649.4472,4688.4826,4691.4997,4630.5374,10191592500,194573684119.3000
2020-09-16,4683.0060,4657.3584,4690.6815,4638.4586,10875364100,196120184850.9000
2020-09-17,4642.0542,4632.7142,4664.9491,4601.6390,10598363100,214146647269.6000
2020-09-18,4636.6422,4737.0887,4737.8039,4631.7045,16042647500,281885944229.0000
2020-09-21,4750.7481,4691.4281,4752.9799,4688.7199,12453582700,224137912695.2000
2020-09-22,4654.2179,4635.7608,4706.2096,4622.1111,11967294700,202909215534.6000
2020-09-23,4639.6592,4652.3273,4665.9600,4623.5528,9582652800,190393472276.3000
2020-09-24,4623.9535,4563.0657,4631.9482,4562.2086,11259368300,193515873700.2000
2020-09-25,4582.4820,4570.0216,4599.5387,4554.7199,9301515500,167457376964.0000
2020-09-28,4582.6471,4581.9085,4613.6324,4571.1507,8504838900,159314675407.1000
2020-09-29,4608.2926,4591.7993,4616.6767,4586.3537,8599385800,159937888502.2000
2020-09-30,4607.5753,4587.3953,4634.7239,4563.4108,8908120000,165532220885.2000
2020-10-09,4663.6100,4681.1412,4695.4041,4655.0851,11133751200,229926731489.9000
2020-10-12,4705.1883,4823.1578,4823.2666,4704.1554,15578455800,307848558046.0000
2020-10-13,4812.8989,4839.2010,4845.9191,4795.3730,11651633800,242172567248.5000
2020-10-14,4830.4575,4807.1021,4830.4575,4795.9069,11190692300,229836207247.8000
2020-10-15,4810.7821,4798.7361,4833.8925,4796.2647,10996496200,213878285047.0000
2020-10-16,4798.9162,4791.6760,4825.5518,4765.9670,11671610200,204175130717.5000
2020-10-19,4823.4944,4755.4879,4849.6050,4747.3356,12924636100,225392198225.0000
2020-10-20,4751.3694,4793.4672,4793.4672,4739.4583,9804815600,185849198017.6000
2020-10-21,4801.6313,4792.8284,4801.6313,4758.8552,10380570300,189978697043.6000
2020-10-22,4780.5954,4777.9845,4791.8078,4725.4993,10135089100,194614971169.8000
2020-10-23,4775.4665,4718.4881,4802.4560,4717.0984,10682518400,200985821991.5000
2020-10-26,4684.0465,4691.2359,4713.3945,4639.3019,10834327500,205518988284.4000
2020-10-27,4680.1371,4699.2792,4708.4623,4671.8536,9265630400,186675545690.4000
2020-10-28,4703.0036,4737.2718,4753.3125,4685.6012,10846340200,226754264067.0000
2020-10-29,4683.6070,4772.9198,4803.0317,4679.2529,11711725000,252303504993.0000
2020-10-30,4776.4726,4695.3338,4778.5089,4683.4719,13980230300,280783321713.1000
2020-11-02,4702.7457,4720.8313,4738.0239,4695.4436,14286769300,279027685157.1000
2020-11-03,4743.1742,4777.5608,4793.3963,4734.1748,13605540800,252390556313.5000
2020-11-04,4781.4480,4813.6564,4825.4638,4770.5582,11466180600,230513773046.3000
2020-11-05,4861.3377,4885.1118,4885.1118,4837.9996,13924459400,281951932371.0000
2020-11-06,4897.6295,4885.7178,4897.6295,4845.4293,15363903400,305365103652.9000
2020-11-09,4918.8609,4981.3497,4997.8017,4918.8609,19713198400,371923282063.4000
2020-11-10,4995.4126,4953.8756,4995.4126,4928.9319,17626721400,334271459964.0000
2020-11-11,4937.7582,4904.8981,4957.5846,4901.7067,16447051500,303858557977.1000
2020-11-12,4916.7736,4908.4630,4926.3422,4891.5100,11811461900,227645907147.2000
2020-11-13,4886.9778,4856.8513,4886.9778,4825.7578,13369307900,255353111737.8000
2020-11-16,4880.9580,4904.1716,4904.1716,4848.6239,14877098000,266705031671.5000
2020-11-17,4903.1200,4894.7860,4909.2902,4865.3942,15148746400,288911408551.0000
2020-11-18,4889.6749,4891.6716,4911.0876,4870.7162,16421661600,290727223227.2000
2020-11-19,4880.9224,4927.9891,4939.7911,4870.2005,13368137800,247727135000.5000
2020-11-20,4928.2223,4943.2882,4947.4297,4922.5895,12940034100,229053679195.4000
2020-11-23,4954.5987,5005.0273,5029.6515,4940.4494,20591518700,333633826416.7000
2020-11-24,4997.0485,4974.2855,5001.0614,4960.9817,15663791100,264804443317.7000
2020-11-25,4992.7466,4910.7000,5004.7732,4910.7000,17034052700,277070642970.7000
2020-11-26,4908.3208,4919.5912,4925.2857,4867.8153,13720233800,239748145475.7000
2020-11-27,4930.5928,4980.7650,4980.7650,4917.3479,16295292200,253178971224.0000
2020-11-30,4994.1063,4960.2519,5055.1920,4960.2519,26263895000,396495834420.8000
2020-12-01,4963.1302,5067.0983,5072.5494,4963.1302,20406563800,328451014444.2000
2020-12-02,5072.9755,5067.1447,5090.6084,5043.3091,19543547600,310609728842.5000
2020-12-03,5065.4531,5057.0603,5072.3046,5033.7887,17786574800,275335207429.1000
2020-12-04,5049.5231,5065.9163,5072.3865,5017.8506,14434716700,257798820735.0000
2020-12-07,5065.7285,5022.2351,5067.8698,5014.6090,13989621700,264657773932.9000
2020-12-08,5029.1063,5009.8786,5043.0605,4998.9218,12307302900,234880648439.1000
2020-12-09,5022.3846,4942.6986,5033.6417,4942.5195,13891696500,260772774152.9000
2020-12-10,4931.2933,4940.5249,4962.7433,4919.7696,12591427000,229651278357.4000
2020-12-11,4957.8236,4889.6292,4957.8236,4849.3547,15935769700,275212730069.9000
2020-12-14,4903.6270,4934.8352,4937.2601,4887.6599,12080155200,247878279711.0000
2020-12-15,4931.6019,4945.1000,4954.1885,4904.7926,11834263300,248093390249.2000
2020-12-16,4957.2971,4953.8670,4968.8558,4938.1932,10677896800,229696035696.9000
2020-12-17,4960.7290,5017.4784,5021.6171,4950.3713,13338547900,270180356109.3000
2020-12-18,5014.3211,4999.9678,5027.4446,4979.0051,12804961800,258938551535.8000
2020-12-21,4995.7622,5046.8396,5048.5074,4969.9990,14081178200,298204296843.3000
2020-12-22,5034.9831,4964.7727,5055.1348,4960.9457,16234497000,326758817663.3000
2020-12-23,4977.2994,5007.1235,5028.4506,4968.1509,14029281900,308729037473.7000
2020-12-24,5006.0051,5000.0154,5033.0380,4979.2371,11441866700,246674476188.8000
2020-12-25,4985.7695,5042.0137,5042.0978,4973.6812,12100697900,243992268243.3000
2020-12-28,5042.9432,5064.4147,5089.3447,5037.8582,13691440700,281019254170.5000
2020-12-29,5071.4490,5042.9361,5077.4167,5034.3078,14119866200,279035233253.8000
2020-12-30,5037.9848,5113.7105,5113.7105,5036.6288,14862644800,296577812603.0000
2020-12-31,5122.4799,5211.2885,5215.6178,5122.4799,17160250900,358731371834.7000
2021-01-04,5212.9313,5267.7181,5284.4343,5190.9372,21171138200,452796175554.0000
2021-01-05,5245.8355,5368.5049,5368.5049,5234.3775,22493115900,498041939761.0000
2021-01-06,5386.5144,5417.6677,5433.4694,5341.4304,19377344400,444434377137.3000
2021-01-07,5428.3944,5513.6568,5513.6568,5413.3526,21987208000,473385353695.8000
2021-01-08,5526.2876,5495.4306,5547.4733,5442.6939,20432495600,473567653978.6000
2021-01-11,5504.2358,5441.1583,5555.6916,5412.5046,23183598300,522298482544.3000
2021-01-12,5419.4996,5596.3525,5596.3525,5417.6272,22422018600,486233760739.8000
2021-01-13,5609.2637,5577.9711,5644.7195,5535.1435,26156988600,546959736365.5000
2021-01-14,5556.2125,5470.4563,5568.0179,5458.6818,24368338000,501890111879.0000
2021-01-15,5471.3910,5458.0812,5500.6348,5390.2737,23863743500,475709920372.3000
2021-01-18,5438.1618,5518.5205,5541.4613,5410.7750,20705186900,422717209153.0000
2021-01-19,5525.9690,5437.5234,5532.4793,5415.7166,21104342500,433205176449.9000
2021-01-20,5439.9111,5476.4336,5496.0493,5426.5357,17091326000,373770384496.4000
2021-01-21,5492.9587,5564.9693,5593.1058,5490.5626,20995019700,453183684478.9000
2021-01-22,5562.3790,5569.7760,5573.6594,5513.8769,19930002000,456622193435.6000
2021-01-25,5564.1237,5625.9232,5655.4795,5543.2663,19704701900,508166980802.0000
2021-01-26,5600.9017,5512.9678,5600.9017,5505.9962,17190459000,415008069865.0000
2021-01-27,5505.7708,5528.0034,5534.9928,5449.6385,16019084100,376892605839.1000
2021-01-28,5450.3695,5377.1427,5462.2352,5360.3766,17048558500,376166523177.5000
2021-01-29,5413.9684,5351.9646,5430.2015,5288.0955,18217878400,390287690019.0000
2021-02-01,5356.8535,5417.6484,5422.2990,5342.0458,16631370600,346859083730.0000
2021-02-02,5429.7032,5501.0915,5503.2145,5411.5173,16521056500,380016716111.9000
2021-02-03,5499.2961,5485.2008,5532.8864,5473.1237,18805431700,404343602637.7000
2021-02-04,5453.9764,5473.9475,5510.0535,5411.5749,18057565400,397995205379.9000
2021-02-05,5494.7011,5483.4140,5550.7714,5477.6517,18969959800,395400134490.0000
2021-02-08,5506.1423,5564.5618,5576.4908,5479.8529,16403377500,367582771658.8000
2021-02-09,5584.1650,5686.2502,5686.2502,5555.0537,16488726000,378769121171.9000
2021-02-10,5709.6840,5807.7191,5823.4219,5707.3295,17016978600,417056463360.9000
2021-02-18,5922.0714,5768.3814,5930.9122,5747.6631,21884868600,507481235977.7000
2021-02-19,5734.0193,5778.8420,5787.8871,5667.3209,21447578000,456433793702.1000
2021-02-22,5785.5097,5597.3327,5785.5097,5597.3327,28212438200,543633153216.5000
2021-02-23,5542.6841,5579.6681,5644.7551,5541.1092,23380772700,424904470814.2000
2021-02-24,5591.4795,5437.5683,5598.8284,5379.7278,22542861000,472369211004.2000
2021-02-25,5494.4706,5469.5584,5527.6296,5444.1646,23073602800,412206157140.7000
2021-02-26,5343.9041,5336.7609,5416.3197,5318.8579,21226454300,405717700127.9000
2021-03-01,5389.2499,5418.7837,5421.5550,5345.9449,17746352300,358146545967.0000
2021-03-02,5453.2847,5349.6301,5454.9687,5305.0545,19651111500,376444604695.3000
2021-03-03,5327.3467,5452.2125,5452.3960,5316.4809,19470905400,337610313596.0000
2021-03-04,5388.4785,5280.7058,5392.3725,5254.7771,21277521100,384382456961.0000
2021-03-05,5191.9699,5262.7958,5307.8203,5174.2458,20262795600,352539774294.9000
2021-03-08,5299.7907,5080.0246,5326.2602,5079.7984,23023163500,407133802141.7000
2021-03-09,5066.1546,4970.9994,5094.3110,4917.9090,23071100400,414415213806.0000
2021-03-10,5047.0589,5003.6121,5055.2785,4981.6161,16992849000,309577408714.9000
2021-03-11,5024.5586,5128.2156,5138.4146,5020.5784,18960076600,333859199678.6000
2021-03-12,5153.6740,5146.3786,5153.6740,5086.8234,20102058900,323237751413.4000
2021-03-15,5116.1228,5035.5441,5120.8757,4992.3989,20415308400,330740513807.9000
2021-03-16,5054.4089,5079.3624,5084.3085,5009.9510,16139005400,271755048563.6000
2021-03-17,5062.7706,5100.8581,5123.5452,5020.1255,14916237600,263492417709.0000
2021-03-18,5114.5872,5141.7681,5160.4566,5111.1294,14290151800,260930046844.7000
2021-03-19,5068.5319,5007.0907,5089.9175,4980.7609,16417484900,282974489237.2000
2021-03-22,5008.3953,5057.1520,5071.3378,4996.5410,16740263200,264209098943.0000
2021-03-23,5057.0632,5009.2459,5064.0200,4966.5340,15801396700,255755377659.6000
2021-03-24,4985.4013,4928.6853,5024.3274,4919.8932,15938598200,265970020152.0000
2021-03-25,4904.0683,4926.3469,4950.7608,4883.6615,13294518900,219782049461.7000
2021-03-26,4953.9453,5037.9899,5050.8292,4953.9453,14592669700,273901922431.0000
2021-03-29,5052.2634,5046.8773,5086.6543,5010.3902,14338821500,266176599970.5000
2021-03-30,5043.0952,5094.7291,5106.0365,5032.7950,13861856000,254928014461.3000
2021-03-31,5085.9497,5048.3607,5085.9497,5015.6070,14133574300,241058485554.4000
2021-04-01,5059.9359,5110.7768,5115.4286,5056.8718,12032489000,211493324391.1000
2021-04-02,5129.8545,5161.5569,5169.8312,5116.3472,12700225400,248060376224.1000
2021-04-06,5178.6401,5140.3418,5181.1490,5125.3301,10983421000,213852444065.4000
2021-04-07,5141.6556,5103.7428,5141.6556,5065.1932,14576374800,246271190296.5000
2021-04-08,5078.2627,5112.2086,5129.1318,5062.0725,14177104700,228422004674.7000
2021-04-09,5100.0422,5035.3374,5100.0422,5022.0926,12841650900,221519791677.6000
2021-04-12,5026.9791,4947.7459,5045.6018,4933.0126,15264431400,267218195772.7000
2021-04-13,4949.8074,4939.6438,4994.5404,4924.1979,13291935800,225753230649.0000
2021-04-14,4945.6857,4980.6279,4987.1191,4940.2686,12086083800,221036276090.0000
2021-04-15,4969.9099,4948.9741,4969.9099,4900.3033,10882938400,213820884103.5000
2021-04-16,4966.8999,4966.1811,4979.1731,4917.9596,11123992400,213389173713.5000
2021-04-19,4966.4090,5087.0165,5088.2106,4940.7473,15476982400,307899776737.5000
2021-04-20,5065.7757,5083.3654,5119.8586,5058.9247,13654170000,276640588159.1000
2021-04-21,5055.2398,5098.7449,5110.5623,5047.9916,12463727700,242574995256.0000
2021-04-22,5114.2799,5089.2435,5119.2246,5067.1382,12116764500,241488845756.1000
2021-04-23,5088.8263,5135.4534,5149.9825,5086.4914,12205699100,264345183118.9000
2021-04-26,5156.5941,5077.2372,5181.1066,5072.9585,15138196700,325760384278.3000
2021-04-27,5076.6415,5090.5195,5095.9842,5042.6099,12396183700,254738009833.6000
2021-04-28,5073.9728,5119.2421,5119.4455,5059.2628,12062031800,272182521893.2000
2021-04-29,5128.2795,5164.1692,5170.5852,5113.6484,14009248000,294112454366.3000
2021-04-30,5156.3557,5123.4890,5163.2517,5094.9285,16012162100,315075102884.9000
2021-05-06,5098.8006,5061.1244,5132.8986,5037.4083,15882263000,323258264641.5000
2021-05-07,5073.4554,4996.0527,5093.7471,4996.0370,17225832100,304638402155.0000
2021-05-10,5001.4371,4992.4220,5019.3927,4953.6965,17082058500,282656808853.4000
2021-05-11,4956.0794,5023.0595,5033.4938,4925.9152,15152649700,270931616512.9000
2021-05-12,5003.8171,5044.5481,5051.1682,4995.4048,12661908600,228344006493.0000
2021-05-13,4992.3519,4992.9738,5022.0836,4975.4462,13227940600,237821404345.3000
2021-05-14,5007.6286,5110.5901,5112.9838,4981.2948,15942618000,318802786822.9000
2021-05-17,5115.3063,5184.9853,5206.6947,5115.3063,15388963400,335439913424.1000
2021-05-18,5190.9345,5187.6013,5201.6721,5156.7924,11840426100,238182265921.9000
2021-05-19,5173.1666,5172.2720,5193.5574,5151.6392,11872998300,250736278155.8000
2021-05-20,5167.0546,5186.4120,5201.5935,5152.0358,13845477500,277088462047.3000
2021-05-21,5199.1285,5134.1483,5216.1615,5123.1171,12476848500,268053627530.6000
2021-05-24,5138.8149,5155.5875,5155.5875,5092.3894,12674233600,278513133226.0000
2021-05-25,5165.0361,5318.4780,5324.3609,5161.5238,18299683900,404683305641.1000
2021-05-26,5326.1169,5320.5927,5344.2837,5308.7389,16960709600,346444644792.8000
2021-05-27,5311.3726,5338.2329,5378.4764,5286.0500,14846285500,311893705935.1000
2021-05-28,5338.7278,5321.0886,5360.2774,5288.6515,16460580600,330711896344.2000
2021-05-31,5318.0825,5331.5696,5331.6294,5281.6851,14460326900,321450798233.5000
2021-06-01,5320.4745,5341.6798,5343.7529,5269.2590,14383147400,321845842153.4000
2021-06-02,5348.3440,5289.9736,5352.6404,5266.7852,13775431900,296176177153.5000
2021-06-03,5285.7098,5255.2855,5314.3691,5255.0719,14196887800,285448632488.9000
2021-06-04,5228.2761,5282.2772,5334.4899,5221.2291,14473208700,292326048775.5000
2021-06-07,5284.8907,5277.6271,5286.8424,5242.9481,12770497100,280463260583.2000
2021-06-08,5276.9711,5232.1165,5319.0406,5201.1404,13055953200,304042218266.2000
2021-06-09,5224.9496,5236.4493,5253.3555,5215.3506,12182032100,255075448703.0000
2021-06-10,5236.4691,5271.4661,5299.5299,5229.5182,13899196700,301454334609.8000
2021-06-11,5275.7456,5224.7030,5276.1039,5213.5991,18080717300,365363494541.8000
2021-06-15,5218.5648,5166.5597,5225.5021,5137.4090,14288005800,330616618621.5000
2021-06-16,5163.2493,5080.4909,5164.5192,5076.0222,12514798500,298286772933.4000
2021-06-17,5074.3839,5101.8924,5123.3651,5073.8211,12045251800,281927280723.3000
2021-06-18,5104.9297,5102.4657,5128.0309,5064.9208,14858580500,356697096115.9000
2021-06-21,5088.0893,5090.3854,5123.7827,5058.5699,13218451600,331527114639.0000
2021-06-22,5106.0743,5122.1583,5125.8186,5086.2776,13041675300,313690367125.4000
2021-06-23,5127.1910,5147.3938,5171.0330,5109.7571,13635605800,358765666329.7000
2021-06-24,5156.5638,5155.9738,5160.4346,5120.5844,12668562500,312607422609.3000
2021-06-25,5159.8017,5239.9684,5251.6076,5157.4758,15493106100,368265641241.1000
2021-06-28,5253.6081,5251.7604,5260.6372,5226.2201,13319378300,337452771675.6000
2021-06-29,5248.5249,5190.5445,5248.5249,5182.6771,12516299700,314896843024.3000
2021-06-30,5189.3797,5224.0410,5231.4262,5186.6250,10375267100,281015504940.5000
2021-07-01,5241.2039,5229.6642,5252.2642,5190.8762,12724062000,324097400267.5000
2021-07-02,5186.6613,5081.1172,5186.6613,5074.3621,13042642400,342578961248.3000
2021-07-05,5073.7787,5085.7924,5098.2305,5048.0040,13121158900,335197786629.8000
2021-07-06,5089.7780,5083.1043,5092.2066,5028.5058,14065522000,362828901848.9000
2021-07-07,5052.4204,5140.4899,5152.7711,5045.4056,14854906000,336731403375.7000
2021-07-08,5149.3095,5088.2566,5151.2171,5078.9295,17390100800,397879869879.7000
2021-07-09,5063.1480,5069.4361,5081.4086,5006.4115,16065322600,352845583768.9000
2021-07-12,5108.3783,5132.7088,5159.4115,5070.3188,20621203900,437203145943.3000
2021-07-13,5128.6138,5142.0991,5154.0508,5114.9430,16648220900,361328491653.3000
2021-07-14,5130.7522,5083.0849,5130.7522,5075.1252,18835272000,372568110291.6000
2021-07-15,5073.2634,5151.4626,5153.8056,5067.6767,18107710300,372484081122.6000
2021-07-16,5140.9040,5094.7727,5140.9040,5090.6321,16995598200,362594258079.0000
2021-07-19,5083.7276,5113.4945,5120.8235,5047.6234,15319958900,340322623792.1000
2021-07-20,5080.2158,5108.9941,5114.0033,5067.8619,12930004400,283543130755.2000
2021-07-21,5122.7843,5144.0428,5160.5447,5122.3046,16797646900,390275519305.4000
2021-07-22,5150.3859,5151.7517,5171.2096,5137.8795,18555686400,418221654806.0000
2021-07-23,5145.4308,5089.2282,5145.4308,5079.9973,21653684700,435521169695.0000
2021-07-26,5067.3072,4925.2990,5067.3072,4859.6031,22811171000,495153655116.7000
2021-07-27,4924.2816,4751.3130,4940.8600,4749.0327,23663122500,521146117041.1000
2021-07-28,4714.2948,4760.4826,4785.6567,4663.9009,19263439300,419706155162.8000
2021-07-29,4845.7603,4850.2746,4857.9709,4800.0125,17332205400,415676120877.6000
2021-07-30,4825.7002,4811.1695,4825.7002,4761.0376,18234977600,420943935061.8000
2021-08-02,4794.8192,4933.7360,4938.8154,4761.4593,22719491800,524659449295.5000
2021-08-03,4909.2325,4934.4583,4957.0291,4890.8495,20353336000,471194128401.9000
2021-08-04,4927.7358,4978.8479,4979.2911,4919.6569,17546646100,425801406611.8000
2021-08-05,4946.1668,4948.6703,4997.1397,4921.9382,16738182900,398772206808.2000
2021-08-06,4943.0427,4921.5647,4944.3486,4891.7968,15417968800,371773603785.1000
2021-08-09,4890.2573,4985.5627,5002.8944,4884.0392,18243687100,408897062935.4000
2021-08-10,4977.8164,5043.1480,5043.7608,4941.2399,16705190200,410098755610.3000
2021-08-11,5037.0819,5015.3406,5059.7887,5009.9782,18226607400,373386347207.4000
2021-08-12,4998.0733,4973.3509,5016.2628,4962.9850,16822373300,361828381964.4000
2021-08-13,4958.7577,4945.9829,4993.7432,4921.2812,15831432100,352459069035.5000
2021-08-16,4935.9229,4941.0676,4973.3761,4931.3691,16195337300,340735120174.7000
2021-08-17,4935.0044,4837.4034,4967.5648,4823.3923,18757347200,388457131504.0000
2021-08-18,4838.4706,4894.2384,4909.5409,4818.9013,19747437800,395792165759.8000
2021-08-19,4886.5640,4862.1394,4893.4670,4839.5681,20171171900,397424964846.0000
2021-08-20,4817.4937,4769.2678,4835.1530,4720.8257,17763581000,404938035667.4000
2021-08-23,4777.7347,4835.8782,4843.8193,4764.0089,16757909300,389599126282.0000
2021-08-24,4844.5925,4888.3902,4906.2036,4842.7476,19788316300,417481426158.2000
2021-08-25,4890.5211,4898.1572,4899.7651,4865.7646,18944801600,371868197458.6000
2021-08-26,4892.2044,4801.6094,4892.2044,4798.6954,19761738700,368987718505.9000
2021-08-27,4794.9740,4827.0433,4863.4692,4793.5908,18331021100,368421410281.2000
2021-08-30,4847.0348,4813.2703,4849.1598,4787.1999,21963575700,477182071719.8000
2021-08-31,4803.0854,4805.6099,4821.7564,4740.7524,23511865800,460805653996.0000
2021-09-01,4804.6863,4869.4587,4906.4024,4763.2992,32672108000,568819748405.8000
2021-09-02,4865.8218,4869.4113,4892.7049,4845.6246,26785801300,465954132797.1000
2021-09-03,4875.0656,4843.0624,4886.5477,4828.6991,26809189600,466430119699.6000
2021-09-06,4841.0623,4933.7262,4944.4497,4837.7859,24050724500,452756275291.9000
2021-09-07,4932.9759,4992.8294,5005.9606,4915.6119,24417851900,417759639120.9000
2021-09-08,4986.7953,4972.1324,5013.9764,4955.8876,26461531500,428591077708.1000
2021-09-09,4952.4924,4970.0133,4970.1470,4929.9501,25653021700,401675689275.8000
2021-09-10,4967.9759,5013.5219,5042.7994,4962.3707,28830435200,472762533239.2000
2021-09-13,5006.7748,4991.6598,5029.7237,4964.9599,24991529800,433329627421.1000
2021-09-14,4989.8348,4917.1617,5000.9772,4907.3159,24559040200,417245830782.2000
2021-09-15,4903.8471,4867.3187,4903.8471,4843.1158,18798473000,363256653878.3000
2021-09-16,4866.7936,4807.6978,4879.5306,4806.1442,21675209900,393517267165.6000
2021-09-17,4797.1129,4855.9402,4857.9580,4786.0876,20195812700,360397420086.7000
2021-09-22,4770.7323,4821.7675,4830.8496,4765.2301,19122037600,311952989432.1000
2021-09-23,4848.2223,4853.1957,4877.3359,4837.5571,22815106400,362140919563.0000
2021-09-24,4845.6380,4849.4277,4897.0596,4838.5352,20769329000,361849453197.3000
2021-09-27,4870.8482,4877.3698,4922.5626,4852.1997,21596703000,426083025417.5000
2021-09-28,4869.0845,4883.8280,4901.3114,4846.6306,17689088000,321272191534.0000
2021-09-29,4846.0212,4833.9281,4868.0678,4799.8770,18817136600,331841767748.9000
2021-09-30,4843.9531,4866.3826,4876.0728,4843.9531,14611389600,283254685232.2000
2021-10-08,4915.7305,4929.9409,4937.0918,4891.6249,16896807700,343635835306.4000
2021-10-11,4941.2918,4936.1918,4983.7294,4930.7132,16351162400,315186321382.1000
2021-10-12,4920.6596,4883.8369,4925.4883,4840.7700,16807933700,299424238601.1000
2021-10-13,4880.1440,4940.1089,4953.3749,4869.8307,13114281300,280044666628.4000
2021-10-14,4934.2575,4913.6123,4953.9231,4903.2498,11955701300,249151666554.2000
2021-10-15,4896.5578,4932.1084,4939.8153,4881.0136,14282200100,300728491201.2000
2021-10-18,4922.5137,4874.7753,4922.5137,4844.9383,14124519900,302539444437.0000
2021-10-19,4869.3907,4922.7232,4928.1433,4868.8106,13526649300,282928243806.8000
2021-10-20,4926.7727,4910.1846,4944.0216,4898.3651,14153318300,279747732455.1000
2021-10-21,4914.7378,4928.0156,4946.1764,4893.8525,14889815400,274802962494.9000
2021-10-22,4934.8698,4959.7254,4989.8870,4934.8698,14392622800,289252612199.9000
2021-10-25,4940.8962,4979.5235,4981.6499,4930.1120,14186149000,299408232157.6000
2021-10-26,4983.2383,4963.0984,5002.5746,4953.4787,14088894300,301786229740.4000
2021-10-27,4949.2269,4898.1644,4949.2269,4884.9418,14711159300,299460469414.7000
2021-10-28,4882.5858,4864.1380,4898.6576,4846.2779,15664947200,316631709566.3000
2021-10-29,4861.2667,4908.7701,4908.7701,4855.7593,15988735300,368731987310.2000
2021-11-01,4878.1276,4890.6851,4908.2056,4858.2485,17158397400,379730767559.0000
2021-11-02,4886.1849,4839.8457,4911.2266,4797.8990,18543768800,385731879817.5000
2021-11-03,4835.8093,4821.1119,4858.7133,4804.3657,14276382000,302269934656.2000
2021-11-04,4841.0912,4868.7419,4873.9394,4834.7433,13259297000,308688054573.6000
2021-11-05,4858.8999,4842.3458,4889.6835,4841.7442,14778935900,312070841453.0000
2021-11-08,4841.1527,4848.1795,4866.0822,4827.6892,13739826400,295893824000.4000
2021-11-09,4858.2525,4846.7444,4870.7905,4818.5386,11837552600,261645065376.2000
2021-11-10,4832.8006,4821.1925,4832.8006,4753.9959,13511817900,301058966270.5000
2021-11-11,4814.7655,4898.6529,4898.6529,4809.1109,16048486300,323624626069.0000
2021-11-12,4902.9289,4888.3749,4909.0839,4875.3492,13266296900,271773244503.0000
2021-11-15,4894.4119,4882.3777,4906.3301,4863.3960,12182314900,272997748910.2000
2021-11-16,4880.8964,4883.3206,4915.3717,4876.5004,12725440600,284094590893.0000
2021-11-17,4883.2481,4885.7544,4891.5232,4864.5198,10845922300,246177916948.6000
2021-11-18,4871.4216,4837.6185,4871.4216,4830.4123,11448056500,244484713797.1000
2021-11-19,4832.0595,4890.0575,4892.8093,4829.5665,12719831200,266280681863.6000
2021-11-22,4895.3875,4912.3990,4918.9957,4893.2732,13809283600,316148811480.0000
2021-11-23,4905.7587,4913.3457,4927.5211,4896.8781,15430441100,301022146081.1000
2021-11-24,4914.0266,4916.6579,4935.4885,4899.6112,13715067300,289707337708.6000
2021-11-25,4917.6055,4896.4416,4921.3333,4891.7280,11598403100,255450994352.1000
2021-11-26,4886.9516,4860.1265,4886.9516,4850.8114,12036897400,243041335647.2000
2021-11-29,4820.0053,4851.4230,4858.5322,4818.7058,13362686200,285995221656.8000
2021-11-30,4857.1830,4832.0260,4871.2528,4810.2192,12963059600,279268234018.0000
2021-12-01,4831.8885,4843.8510,4844.5242,4823.9254,12308678900,255968912362.1000
2021-12-02,4839.9137,4856.1630,4866.8505,4830.3228,14808852100,278051726155.7000
2021-12-03,4856.9802,4901.0175,4901.0175,4853.3505,14405962600,300052698342.0000
2021-12-06,4909.4292,4892.6209,4943.9032,4888.6927,17361568300,333405791014.9000
2021-12-07,4930.8261,4922.1015,4934.0973,4895.2178,17905346000,340617766237.8000
2021-12-08,4934.4056,4995.9298,4995.9298,4915.7898,15749055900,329064831238.9000
2021-12-09,5000.6871,5078.6901,5114.5012,4999.4097,22056877600,425680958779.1000
2021-12-10,5046.2677,5055.1172,5060.0554,5035.8087,19369515400,356917625379.5000
2021-12-13,5090.0207,5083.8007,5143.8410,5079.7276,21180159600,426376532477.1000
2021-12-14,5066.3497,5049.6953,5075.2138,5038.8583,15910779000,318685538073.5000
2021-12-15,5036.2840,5005.8991,5060.3680,5003.7776,15052975200,291072568760.8000
2021-12-16,5006.6105,5034.7321,5034.7321,4987.2247,14405386700,291474766866.2000
2021-12-17,5021.3385,4954.7599,5022.1067,4954.7592,14900539900,297943311186.6000
2021-12-20,4934.9662,4880.4178,4971.6727,4872.6846,16967569000,317536919390.0000
2021-12-21,4876.5141,4913.4853,4917.7994,4872.9491,14333989800,259023177322.6000
2021-12-22,4924.5771,4914.4544,4936.6731,4903.1652,13325674000,244642450513.7000
2021-12-23,4924.2912,4948.7389,4948.7389,4906.7473,13955540600,263359754800.7000
2021-12-24,4953.0616,4921.3449,4964.9064,4905.9785,14267332300,290483663506.4000
2021-12-27,4918.1462,4919.3238,4939.6890,4894.1598,12410095200,254421525172.7000
2021-12-28,4923.6917,4955.9644,4959.1448,4913.5983,13045775700,276316732181.2000
2021-12-29,4958.6455,4883.4804,4958.6455,4883.4804,11358700200,273225467112.2000
2021-12-30,4882.1561,4921.5109,4940.1780,4878.6478,12161717800,268022477311.8000
2021-12-31,4937.4630,4940.3733,4950.3639,4923.1392,12131373700,266975388723.2000
2022-01-04,4957.9835,4917.7653,4961.4527,4874.5337,15153477600,336516961627.0000
2022-01-05,4907.9347,4868.1202,4916.2822,4851.9835,17881610000,363944528847.9000
2022-01-06,4842.1560,4818.2318,4857.5596,4786.4330,15766582600,321750076549.2000
2022-01-07,4824.3181,4822.3689,4856.6522,4818.1931,18713941300,332218950735.0000
2022-01-10,4812.2300,4844.0451,4844.3928,4780.8191,15621169600,305033816783.5000
2022-01-11,4840.0087,4797.7735,4850.8790,4791.8854,14692800400,286445756033.7000
2022-01-12,4818.8902,4845.5787,4852.7314,4810.9190,14320020400,293153042845.2000
2022-01-13,4853.0314,4765.9191,4853.0632,4765.2416,14251965300,288799117043.3000
2022-01-14,4743.9124,4726.7317,4764.0522,4723.9428,14686312600,281828448517.4000
2022-01-17,4728.7595,4767.2762,4775.2385,4726.7083,11529569100,263788241676.0000
2022-01-18,4766.7811,4813.3472,4826.3003,4747.9200,15087080200,282749393138.7000
2022-01-19,4815.8106,4780.3784,4828.7522,4755.9301,13392736000,275534557468.5000
2022-01-20,4778.2616,4823.5091,4845.0048,4777.5683,16497131500,304344267970.5000
2022-01-21,4808.7733,4779.3142,4818.3052,4762.5641,13895258500,274699155293.8000
2022-01-24,4753.9413,4786.7377,4801.0976,4746.4479,11446388000,246261594852.9000
2022-01-25,4761.9500,4678.4511,4781.3908,4678.2472,13366758600,250555769168.0000
2022-01-26,4697.0991,4712.3109,4718.9946,4648.1283,10707084200,226553448356.8000
2022-01-27,4708.0989,4619.8765,4708.4364,4616.0273,12126380400,250535654824.4000
2022-01-28,4641.8137,4563.7720,4660.5190,4559.8331,12648011200,263967891828.3000
2022-02-07,4638.5754,4634.0899,4672.6535,4615.0052,14484972000,266031793985.3000
2022-02-08,4626.4365,4608.7729,4626.4365,4522.4709,15583070800,281364873762.5000
2022-02-09,4608.1491,4652.0609,4659.4611,4595.2826,14833554700,273771960506.0000
2022-02-10,4657.2107,4639.8625,4657.2107,4608.0905,15157666600,287224388085.6000
2022-02-11,4617.8741,4601.3953,4662.5963,4595.8751,15597458400,307938016714.5000
2022-02-14,4579.4202,4551.6878,4593.6324,4530.0566,14367389400,275737553466.7000
2022-02-15,4553.8112,4600.1025,4601.4530,4550.5430,11502560000,249977008675.0000
2022-02-16,4619.8458,4617.9893,4643.1003,4607.2178,10725895500,210190931035.5000
2022-02-17,4616.8955,4629.1649,4650.1591,4606.9522,11001464300,227946249306.5000
2022-02-18,4604.5669,4651.2358,4651.3415,4598.1003,10455022800,195825700477.9000
2022-02-21,4646.0522,4634.3141,4646.6724,4613.2971,11251651200,215039182297.2000
2022-02-22,4601.9184,4574.1527,4602.0660,4550.8040,12331723700,246872960668.1000
2022-02-23,4582.0064,4623.0465,4625.2979,4579.2945,12295291600,259050146194.4000
2022-02-24,4592.0690,4529.3189,4610.8792,4488.4763,18440305800,342346666856.5000
2022-02-25,4564.6321,4573.4247,4611.8602,4561.8964,14972258300,271727599672.0000
2022-02-28,4563.7427,4581.6459,4581.6459,4530.6764,13540697800,248363727482.7000
2022-03-01,4597.8550,4619.6862,4623.4312,4583.9170,12313922000,260431185063.7000
2022-03-02,4594.0170,4578.6007,4594.0170,4558.4416,11329832500,215299655365.1000
2022-03-03,4595.0249,4551.6283,4599.3973,4544.4313,13828587700,242701771996.2000
2022-03-04,4513.3636,4496.4301,4539.3925,4481.4927,12726680600,249970282271.0000
2022-03-07,4462.5174,4352.7775,4462.5174,4338.3042,16219770600,306898527658.4000
2022-03-08,4361.6424,4265.3910,4383.6467,4252.5386,16786327700,315176698370.9000
2022-03-09,4280.9789,4226.3463,4304.4820,4068.1930,19423290000,341009391865.7000
2022-03-10,4326.2035,4292.8374,4335.6731,4288.5078,14526638300,301636182195.2000
2022-03-11,4231.1961,4306.5217,4316.0440,4176.4522,15239992100,295008832432.0000
2022-03-14,4248.1526,4174.7577,4280.3609,4174.7577,13018723600,260691659460.8000
2022-03-15,4125.4866,3983.8120,4163.4176,3983.8120,20252469900,346988947367.8000
2022-03-16,4053.0990,4156.0810,4168.5853,3942.8610,19602198200,378883588290.3000
2022-03-17,4237.6722,4237.6956,4302.7426,4217.8038,17940734400,385039197285.7000
2022-03-18,4218.4736,4265.9017,4283.3679,4194.9402,14945830500,275791291072.6000
2022-03-21,4280.1397,4258.7459,4287.8166,4223.0240,12703636000,251214543321.0000
2022-03-22,4252.5658,4255.2950,4283.3344,4236.6888,12638247000,226213533984.5000
2022-03-23,4269.6088,4276.5174,4287.5771,4241.9570,11708907800,226390778403.3000
2022-03-24,4249.5328,4251.3061,4273.9568,4216.8506,10891827200,219594430540.4000
2022-03-25,4249.0731,4174.5742,4254.8449,4173.9300,10880804600,217013187264.8000
2022-03-28,4128.8379,4148.4663,4174.1206,4091.2978,11844902100,213468973997.5000
2022-03-29,4155.4182,4134.1441,4177.2134,4124.7179,10026697200,199463853668.2000
2022-03-30,4162.1666,4254.0989,4254.0989,4160.7351,13834602400,268869181171.3000
2022-03-31,4234.7159,4222.5968,4247.3602,4214.5352,13402918500,238877216805.6000
2022-04-01,4198.8191,4276.1580,4290.6710,4190.0835,13380305300,244758870755.2000
2022-04-06,4258.8325,4263.8411,4277.5238,4236.7283,15906219500,253690929897.9000
2022-04-07,4240.0237,4209.0998,4278.1127,4205.7430,13488035300,216996185503.7000
2022-04-08,4213.2107,4230.7669,4237.8126,4175.5287,14284379300,229081764759.3000
2022-04-11,4203.7902,4100.0703,4203.7902,4089.0934,14819707100,265224932471.5000
2022-04-12,4102.9711,4179.9727,4179.9727,4075.7960,14428568400,252830412756.4000
2022-04-13,4154.4121,4139.7370,4194.0374,4139.7370,12509748900,221281029559.7000
2022-04-14,4172.6443,4191.5684,4217.0612,4155.5509,12479131600,245993822040.5000
2022-04-15,4162.3718,4188.7472,4211.3174,4152.9740,12476226300,226229740275.2000
2022-04-18,4152.9306,4166.3844,4171.7427,4119.9941,11750461000,212855328186.8000
2022-04-19,4161.9328,4134.9017,4186.9389,4115.4184,11021747100,208570579128.8000
2022-04-20,4130.5427,4070.7889,4136.1661,4060.5044,11733165800,216536635695.2000
2022-04-21,4048.7338,3995.8300,4086.4393,3978.3669,13278382800,227026679682.4000
2022-04-22,3967.2016,4013.2498,4037.0840,3953.7217,12210181100,206371766715.6000
2022-04-25,3933.4459,3814.9127,3958.2102,3814.9127,16836450200,272889272275.2000
2022-04-26,3822.4887,3784.1198,3871.8498,3773.8986,15757761100,259626354225.4000
2022-04-27,3758.0835,3895.5361,3895.7310,3757.0859,17273404600,296924102939.0000
2022-04-28,3883.4196,3921.1073,3943.4349,3873.5781,15305658600,268502242452.9000
2022-04-29,3939.6238,4016.2410,4017.4281,3898.5701,17945837700,321414877428.2000
2022-05-05,3995.3533,4010.2102,4039.7000,3988.9312,15417071600,290538230662.9000
2022-05-06,3928.8548,3908.8150,3947.2378,3902.0510,12300555100,214825174047.3000
2022-05-09,3883.9514,3877.4364,3914.1116,3854.9353,9293669400,171756502863.8000
2022-05-10,3820.6278,3919.8684,3932.6823,3808.5699,13641691800,239060211932.9000
2022-05-11,3917.9322,3976.4231,4033.3026,3916.5249,16563225600,309294912796.8000
2022-05-12,3949.9490,3958.7400,3985.9268,3935.5886,11337606600,202029156415.1000
2022-05-13,3983.8201,3988.6002,4003.8539,3957.1392,10996835700,195727044922.1000
2022-05-16,4014.9955,3956.5378,4018.0283,3947.7461,11242529400,199717909541.0000
2022-05-17,3961.7605,4005.8934,4005.8934,3955.1018,10966145400,210117539690.9000
2022-05-18,4015.0134,3991.9069,4017.3410,3964.7503,10807423300,201800666052.1000
2022-05-19,3938.2964,3999.5984,3999.5984,3933.7452,11629342000,210206681641.5000
2022-05-20,4020.8162,4077.5998,4077.6016,4020.8162,14706917300,265609089942.6000
2022-05-23,4080.9694,4053.9823,4080.9694,4029.0846,13047781000,225981540919.1000
2022-05-24,4052.8675,3959.1541,4055.7830,3959.1541,14555433600,247713039712.6000
2022-05-25,3959.7672,3983.1784,3983.6236,3946.8083,10773401500,188700537391.3000
2022-05-26,3987.6815,3993.0446,4015.7468,3938.2389,12626368900,216987025401.0000
2022-05-27,4022.7095,4001.2988,4051.1428,3983.3838,11276933700,206944426227.2000
2022-05-30,4020.8584,4029.0179,4040.8190,4003.3768,11115224100,211144721615.5000
2022-05-31,4031.7621,4091.5176,4096.1971,4020.3781,13541551300,267770088726.0000
2022-06-01,4086.6177,4083.1772,4094.9008,4058.8468,11485087900,225416237873.3000
2022-06-02,4063.9996,4089.5682,4091.1520,4057.9135,11389363800,222657537906.0000
2022-06-06,4090.5286,4166.0850,4166.6151,4063.9057,16787101100,324075626903.1000
2022-06-07,4165.6899,4179.1285,4198.0863,4155.1683,14299288100,285733722332.6000
2022-06-08,4187.1483,4219.8122,4224.8096,4158.0329,15737405700,319480252836.5000
2022-06-09,4211.7225,4175.6747,4227.4484,4160.8814,16844915400,285172804211.6000
2022-06-10,4145.6505,4238.9936,4241.3541,4140.2203,18479621400,324091440663.3000
2022-06-13,4194.4574,4189.3527,4218.2327,4156.7146,16847562200,336585670508.0000
2022-06-14,4143.2232,4222.3114,4224.0857,4102.9290,17138590400,335418557931.6000
2022-06-15,4228.2926,4278.2178,4348.4226,4228.2926,25704659000,459766820664.8000
2022-06-16,4282.0827,4250.0614,4302.9212,4241.0750,18407441600,337235911542.4000
2022-06-17,4219.2339,4309.0444,4318.7655,4218.6817,15864909800,346675726828.8000
2022-06-20,4322.8324,4330.4328,4368.3555,4297.8912,16566638200,359569296859.8000
2022-06-21,4327.9159,4325.5657,4357.3396,4287.1406,16466761500,317163317740.3000
2022-06-22,4331.9020,4270.6227,4333.1827,4269.2456,15856585400,298656263311.3000
2022-06-23,4277.9555,4343.8781,4343.8781,4260.9002,17088236000,327144780543.7000
2022-06-24,4354.5530,4394.7723,4400.6852,4346.1221,16897219900,356054750521.5000
2022-06-27,4414.3321,4444.2639,4472.6948,4414.3321,17738567600,381432966327.9000
2022-06-28,4442.5811,4490.5166,4497.8949,4407.3519,17475648900,361685970663.6000
2022-06-29,4472.7346,4421.3570,4503.1307,4413.9961,18727668800,395926107698.5000
2022-06-30,4418.0656,4485.0108,4514.9968,4418.0656,15666628900,354343886760.3000
2022-07-01,4489.5204,4466.7179,4500.9853,4449.2914,14477959900,318492130199.6000
2022-07-04,4447.2159,4496.0303,4496.0338,4427.8232,14634565100,356968521261.0000
2022-07-05,4505.4572,4489.5383,4530.3245,4439.4511,15496241500,361891850839.3000
2022-07-06,4475.4815,4423.9698,4484.3615,4393.4165,14980023500,344672707728.0000
2022-07-07,4425.2814,4443.4736,4457.3431,4391.1938,13266090600,328133133656.5000
2022-07-08,4468.0627,4428.7810,4479.4937,4426.8856,12319573900,304031107302.5000
2022-07-11,4406.1476,4354.6167,4406.1476,4330.5819,13444857800,299195233430.3000
2022-07-12,4352.6456,4313.6184,4370.3411,4296.6215,13018783800,291072311850.2000
2022-07-13,4313.3589,4321.4617,4341.4663,4284.9419,13111317900,286075545406.5000
2022-07-14,4308.8229,4322.0742,4352.0978,4292.7595,14525092600,301569861036.8000
2022-07-15,4299.4714,4248.5273,4344.8572,4248.5273,15021445300,316793192669.9000
2022-07-18,4262.1539,4292.5858,4300.7777,4217.5064,12260119200,281055128639.5000
2022-07-19,4288.4441,4269.3401,4288.4441,4238.8238,10380573000,231117731807.1000
2022-07-20,4291.2808,4283.8027,4303.3668,4269.9717,9449014400,212301881407.6000
2022-07-21,4270.3624,4236.0578,4283.1471,4236.0499,11715634400,239228146811.6000
2022-07-22,4251.7867,4238.2341,4275.4696,4207.3135,10384062400,224295333457.3000
2022-07-25,4233.9277,4212.6441,4234.8448,4201.9190,8363666400,188136426672.8000
2022-07-26,4220.0911,4245.9758,4259.9854,4214.5343,8582327400,197601406373.7000
2022-07-27,4236.1540,4225.0357,4242.0951,4217.2809,7890494000,194245303807.0000
2022-07-28,4242.2743,4225.6733,4267.9181,4223.0290,10753193000,243871486472.0000
2022-07-29,4226.4245,4170.1019,4243.5143,4160.8735,11417928600,253198574647.5000
2022-08-01,4160.6478,4188.6784,4196.5743,4129.4528,10774902900,251125308597.5000
2022-08-02,4144.3765,4107.0240,4144.3765,4071.4310,14222442500,281013555279.9000
2022-08-03,4114.8251,4066.9754,4150.9804,4058.1792,11666612400,268695834765.4000
2022-08-04,4089.4419,4101.5367,4108.1591,4064.6594,8953264400,216898674902.2000
2022-08-05,4109.6287,4156.9111,4159.4850,4097.8625,10257100400,247325902015.1000
2022-08-08,4142.1111,4148.0746,4155.7301,4135.0809,9020813800,224080812054.7000
2022-08-09,4143.6660,4156.2907,4161.8086,4131.4252,8413695900,214223692260.1000
2022-08-10,4149.2071,4109.7373,4160.7871,4092.5455,8556583900,217447368470.0000
2022-08-11,4130.7410,4193.5428,4193.8115,4116.0558,12138505100,269630998406.8000
2022-08-12,4185.4203,4191.1520,4202.4663,4175.0501,10680829500,219208055254.9000
2022-08-15,4180.0006,4185.6794,4219.9183,4174.3000,10589849500,245539800985.4000
2022-08-16,4190.5269,4177.8370,4208.8006,4170.5197,9390613900,233818584731.5000
2022-08-17,4182.5668,4216.9586,4222.7866,4155.1734,11286465900,252044325051.7000
2022-08-18,4205.7851,4180.0996,4211.9141,4173.5410,10105265000,233115491389.8000
2022-08-19,4174.5458,4151.0738,4185.6579,4151.0738,11740297800,262494128152.3000
2022-08-22,4135.1623,4181.3965,4183.6498,4134.2008,11244272000,259747163698.2000
2022-08-23,4175.5314,4161.0823,4187.3875,4147.4127,10315351200,239101330833.1000
2022-08-24,4168.5764,4082.4195,4174.1565,4079.0934,11906967900,262844309316.1000
2022-08-25,4093.2949,4116.2396,4119.6196,4058.7454,11132074500,242149581477.5000
2022-08-26,4127.8142,4107.5455,4139.7879,4102.6818,9900049300,225519196800.4000
2022-08-29,4063.8825,4089.5205,4092.9474,4059.5963,9435443200,203086114712.3000
2022-08-30,4088.5262,4075.7937,4093.1356,4048.5244,9330166200,192649001277.8000
2022-08-31,4057.1443,4078.8402,4112.8485,4046.6225,13244976500,292974665546.2000
2022-09-01,4066.1869,4043.7395,4090.8852,4041.1281,9738707100,210898503453.9000
2022-09-02,4054.8423,4023.6131,4056.1805,4004.9110,8678927800,184468327005.7000
2022-09-05,4010.4052,4015.4264,4016.9986,3982.7395,9376710900,201118696559.4000
2022-09-06,4024.4726,4052.2802,4054.0040,4009.5826,11350626500,235921838118.4000
2022-09-07,4032.7231,4054.9830,4067.5437,4028.3740,10767805900,215147152182.0000
2022-09-08,4059.1689,4037.6839,4067.7580,4036.0226,10088604900,186889047980.8000
2022-09-09,4050.5853,4093.7874,4099.0081,4042.2498,11842711400,221442547204.1000
2022-09-13,4112.0123,4111.1145,4128.1113,4097.1408,11178973700,218521062135.8000
2022-09-14,4058.0441,4065.3590,4089.0583,4047.9187,9079368100,185484965110.5000
2022-09-15,4078.6495,4027.1186,4088.8078,3998.8564,12395119600,254367492776.0000
2022-09-16,4013.5829,3932.6826,4019.4104,3932.6826,13719365500,241251840050.3000
2022-09-19,3928.4239,3928.0001,3953.6494,3910.3106,9771957500,183574440581.8000
2022-09-20,3945.6467,3932.8361,3957.5538,3921.6884,8482413400,179248153537.9000
2022-09-21,3921.3177,3903.7348,3924.3914,3884.2268,8645839100,168939074342.6000
2022-09-22,3875.1771,3869.3440,3900.2736,3860.2308,8094691900,161134102784.4000
2022-09-23,3865.1049,3856.0212,3888.3958,3829.6913,9434246200,172904807364.4000
2022-09-26,3829.5958,3836.6773,3893.3186,3827.9498,10452603100,192906200253.8000
2022-09-27,3844.0692,3892.2950,3893.0283,3827.9265,8886016000,185955247353.4000
2022-09-28,3879.4398,3828.7098,3879.4398,3828.0545,8659221300,172438042788.2000
2022-09-29,3864.3160,3827.1434,3873.1823,3808.6496,8565414200,171635940007.5000
2022-09-30,3833.3504,3804.8853,3848.6018,3801.2798,7855996600,158692748773.3000
2022-10-10,3806.5596,3720.9365,3807.4574,3715.7142,10264759500,194635904094.3000
2022-10-11,3732.0191,3727.6867,3739.8084,3706.0629,8394462500,166800394853.2000
2022-10-12,3722.8659,3784.3064,3784.3064,3661.5255,10808931900,210931362291.5000
2022-10-13,3756.4176,3752.6729,3783.5960,3749.6393,9901891500,198368891548.5000
2022-10-14,3783.3160,3842.4698,3863.2265,3780.8415,11624229300,256551271975.0000
2022-10-17,3822.2428,3846.4119,3849.6207,3809.1196,10419201900,220488874406.8000
2022-10-18,3865.8258,3838.2667,3870.2155,3831.1723,8834690700,186556295765.5000
2022-10-19,3827.4658,3776.5335,3840.4870,3776.5335,8157484400,186736408229.7000
2022-10-20,3746.5793,3754.9269,3804.2468,3726.7925,9029089500,203781618922.2000
2022-10-21,3753.8903,3742.8929,3768.6895,3724.6900,9875003800,180686357677.0000
2022-10-24,3727.9150,3633.3733,3762.1580,3619.9876,13005686400,259450743134.0000
2022-10-25,3621.9356,3627.4542,3670.7327,3594.7011,11095388200,219302759596.7000
2022-10-26,3633.3107,3656.9027,3700.8797,3633.3107,12130154800,242453810571.9000
2022-10-27,3667.6645,3631.1448,3685.0837,3631.0639,11799867500,257473315676.0000
2022-10-28,3605.1598,3541.3295,3618.8640,3533.4993,11877216200,245816451977.6000
2022-10-31,3504.5070,3508.7034,3553.3871,3495.9509,13846565500,256574822102.2000
2022-11-01,3519.8174,3634.1732,3634.1732,3517.6209,14928669800,295089928407.3000
2022-11-02,3620.3693,3677.8051,3703.4650,3610.8029,14159291900,291648245712.0000
2022-11-03,3645.0604,3647.8966,3670.1574,3628.4987,11056603500,215379297964.4000
2022-11-04,3646.7709,3767.1746,3782.8823,3646.7709,14973494900,311145477555.0000
2022-11-07,3754.5227,3775.2971,3792.7942,3746.3715,12982637100,251195699936.5000
2022-11-08,3773.6612,3749.3251,3779.1156,3723.3415,9901645100,193351324896.7000
2022-11-09,3750.7821,3714.2704,3760.4068,3711.2680,8943452500,172029529943.6000
2022-11-10,3685.8274,3685.6885,3701.5306,3665.0585,10350930200,183155308702.9000
2022-11-11,3787.7568,3788.4387,3828.9004,3747.0902,18968558600,344471326267.1000
2022-11-14,3818.1447,3794.0171,3848.4116,3781.7778,16966504800,315536856084.6000
2022-11-15,3788.9260,3865.9726,3871.6424,3775.4988,15151565000,296268142768.9000
2022-11-16,3860.8110,3834.3899,3877.6781,3829.3126,12061096400,235844588244.6000
2022-11-17,3821.2709,3818.6640,3821.7419,3776.5739,10594063200,219540811334.9000
2022-11-18,3823.8207,3801.5686,3840.3018,3801.5686,11507877700,224276131007.5000
2022-11-21,3769.6270,3769.1269,3769.8731,3733.9954,9586696600,188230373665.4000
2022-11-22,3766.0817,3769.5727,3809.8582,3751.0448,14448633400,203490828432.2000
2022-11-23,3760.2157,3773.5287,3791.1782,3753.2136,14452791100,201070601177.9000
2022-11-24,3791.5399,3756.8082,3804.8987,3751.3818,10107344700,160698921546.2000
2022-11-25,3751.2822,3775.7764,3790.5660,3743.4138,14292971100,191711040706.5000
2022-11-28,3701.9020,3733.2424,3736.0813,3672.1306,12782574800,196305561705.9000
2022-11-29,3766.5702,3848.4224,3854.7742,3766.5702,17870139200,289062336430.7000
2022-11-30,3836.5598,3853.0365,3867.6591,3833.8272,15751140000,250051468093.3000
2022-12-01,3921.2954,3894.7687,3944.5645,3893.8718,16996458500,306678195716.4000
2022-12-02,3886.4034,3870.9478,3898.1146,3865.8844,11678635000,201253166362.9000
2022-12-05,3907.6375,3946.8759,3947.4760,3900.6742,20174722100,296615512326.6000
2022-12-06,3929.0063,3968.1979,3988.9007,3922.9969,15510832300,275583430840.8000
2022-12-07,3956.6722,3958.4409,3999.5864,3944.1831,14300135600,255490829027.1000
2022-12-08,3953.1990,3959.1798,3971.4927,3941.2966,11519998600,198037690481.4000
2022-12-09,3961.9919,3998.2442,4003.3178,3944.4396,15377495400,268166789656.9000
2022-12-12,3976.1722,3953.4433,3983.4332,3950.3203,12593536800,227606300936.9000
2022-12-13,3953.5482,3945.6813,3964.3957,3939.9795,10099410000,184020700110.0000
2022-12-14,3952.7885,3954.8857,3972.7381,3935.7668,9852800600,196175108617.2000
2022-12-15,3954.6720,3951.9885,3963.5002,3926.4997,8886472500,181994889123.4000
2022-12-16,3931.2318,3954.2270,3960.4705,3929.4873,9317856700,167488442588.9000
2022-12-19,3952.7707,3893.2207,3966.5679,3878.4367,10691907500,180801387702.4000
2022-12-20,3881.2257,3829.0173,3881.2729,3811.4759,8309682200,164046440873.7000
2022-12-21,3839.0009,3830.5384,3853.7272,3821.4037,6483921500,123450040359.8000
2022-12-22,3859.2041,3836.0280,3882.1263,3821.3418,8370517300,163970306950.9000
2022-12-23,3811.6164,3828.2188,3848.3436,3805.9487,6527814800,130559415565.7000
2022-12-26,3830.5682,3843.4887,3856.8066,3827.5186,7300571200,148692832422.1000
2022-12-27,3860.9054,3887.8540,3891.8497,3856.5800,7751535000,152032206630.9000
2022-12-28,3874.9132,3871.2644,3884.7205,3854.9406,8442465600,160671122030.7000
2022-12-29,3854.2363,3856.7007,3868.2933,3838.4803,7939481500,149011372437.3000
2022-12-30,3873.9358,3871.6338,3887.5527,3868.7569,7877327200,148295049381.5000
2023-01-03,3864.8356,3887.8992,3893.9904,3831.2450,11505187500,207540165953.2000
2023-01-04,3886.2504,3892.9477,3905.9032,3873.6549,11066074300,198997711686.0000
2023-01-05,3913.4928,3968.5782,3974.8750,3912.2600,11650239500,256312608292.0000
2023-01-06,3969.5493,3980.8888,4000.4143,3966.4696,11095303800,235744305582.2000
2023-01-09,3998.5278,4013.1196,4023.0898,3990.7073,11705442500,233212426458.1000
2023-01-10,4014.7125,4017.4737,4030.4574,4002.2297,10175114100,214871166239.5000
2023-01-11,4019.8844,4010.0309,4043.3991,4008.0153,9999788900,203000262960.6000
2023-01-12,4021.7547,4017.8692,4030.2876,4003.5079,9055262700,183686268106.8000
2023-01-13,4032.2906,4074.3772,4074.3772,4027.8864,9587189600,212173997498.4000
2023-01-16,4077.8793,4137.9643,4177.1035,4076.6394,15139545500,319007749371.3000
2023-01-17,4138.8433,4137.2422,4148.5838,4118.1570,9547904000,204381576523.4000
2023-01-18,4140.1019,4130.3143,4151.4577,4125.7687,8420064500,172126171819.2000
2023-01-19,4125.5772,4156.0077,4156.0077,4105.9797,9460839800,192699589774.1000
2023-01-20,4166.8444,4181.5267,4189.8310,4161.6698,12355380900,222342455100.7000
2023-01-30,4267.6248,4201.3450,4268.1522,4197.8596,16460706400,330193322092.2000
2023-01-31,4200.5813,4156.8578,4212.7347,4153.0484,12455083500,249365321627.1000
2023-02-01,4170.1322,4195.9332,4195.9332,4137.7659,14100895400,265553944709.3000
2023-02-02,4207.4123,4181.1493,4207.4123,4170.5565,13382373600,262497434837.0000
2023-02-03,4162.0258,4141.6319,4162.0258,4103.1654,11704122100,226914770043.9000
2023-02-06,4103.8307,4086.8779,4105.9445,4065.2224,11019271700,226345113968.7000
2023-02-07,4098.3117,4094.2335,4107.3438,4077.9623,9136007200,183537351577.1000
2023-02-08,4099.8573,4076.1411,4111.4745,4072.6474,8478609900,170591751817.3000
2023-02-09,4067.5631,4130.8565,4130.8565,4064.7489,10228996100,211722604859.2000
2023-02-10,4124.0986,4106.3097,4125.2893,4092.3472,9671673300,195348320573.4000
2023-02-13,4098.8795,4143.5740,4146.4500,4092.2729,12889257700,251990181553.9000
2023-02-14,4151.2470,4145.2902,4152.0487,4125.2583,10249989000,204915435749.9000
2023-02-15,4146.8547,4123.6893,4153.7159,4115.9671,12166450800,219855528966.4000
2023-02-16,4125.4087,4093.4876,4167.9003,4068.8591,15931058500,281315625588.6000
2023-02-17,4086.2237,4034.5070,4104.6398,4032.9285,11614258900,225737746955.0000
2023-02-20,4039.9623,4133.4896,4134.8623,4035.4762,16179448100,280122962150.4000
2023-02-21,4130.0632,4144.3536,4151.7994,4116.2716,14577617300,249674201048.2000
2023-02-22,4118.9669,4106.9506,4134.8759,4101.8596,10429029500,191586158991.2000
2023-02-23,4106.2136,4103.6463,4132.3896,4088.2073,10356490600,197193582430.1000
2023-02-24,4100.9897,4061.0457,4102.6094,4048.2374,10098942500,191210465053.2000
2023-02-27,4040.4571,4043.8444,4067.0296,4034.5237,9378763000,187959491145.3000
2023-02-28,4058.1298,4069.4587,4074.2639,4026.4476,11032359100,198799712379.1000
2023-03-01,4068.7331,4126.9415,4135.4812,4061.2167,15601579400,255374791015.7000
2023-03-02,4119.9919,4117.7377,4137.2525,4113.8264,14821763700,235953764969.5000
2023-03-03,4126.0183,4130.5513,4135.2116,4100.3827,16033174100,226914545628.4000
2023-03-06,4131.1525,4109.0102,4132.8367,4088.4484,16297180700,283079861971.5000
2023-03-07,4103.6419,4048.8519,4124.9609,4046.5679,19591206800,272491994009.2000
2023-03-08,4030.7387,4034.1077,4037.2870,4011.5231,11793649300,191659655190.9000
2023-03-09,4035.8433,4019.8505,4043.8493,4000.8901,11653962900,201737990686.8000
2023-03-10,3991.7959,3967.1352,4004.3612,3966.4280,12385540900,218286956131.0000
2023-03-13,3962.6426,4008.6860,4008.6860,3962.6426,14356137000,242865516757.6000
2023-03-14,3999.8803,3984.6956,4001.9415,3946.9405,15054417400,267224848810.5000
2023-03-15,4011.8444,3986.9020,4018.7495,3986.9020,14202600700,232101093978.6000
2023-03-16,3958.1962,3939.1505,3981.3210,3936.4758,15251564400,246264286428.0000
2023-03-17,3971.1585,3958.8194,4004.2153,3945.2501,17743381800,305541015556.1000
2023-03-20,3962.6625,3939.0770,3979.5485,3935.0161,20526497000,319760032638.0000
2023-03-21,3948.1573,3982.3782,3982.7047,3948.1573,14509067900,251631985016.9000
2023-03-22,3993.7849,3999.4427,4016.4495,3986.7093,14922897000,265180992104.1000
2023-03-23,3985.9928,4039.0895,4039.0895,3983.9986,15888742100,296479529467.0000
2023-03-24,4035.1564,4027.0457,4037.8417,4017.0028,15944233000,295785588943.1000
2023-03-27,4023.3028,4012.4771,4023.3028,3987.0297,16848227900,315474696948.0000
2023-03-28,4015.6973,3999.5147,4023.7834,3994.5999,13189511700,248736920971.8000
2023-03-29,4013.5926,4006.1440,4017.7572,3992.6662,13374351000,263866922733.1000
2023-03-30,4009.5573,4038.5257,4040.5023,3983.8958,14990103700,280004715991.0000
2023-03-31,4045.4538,4050.9257,4063.5675,4039.9587,13884254600,279863685781.0000
2023-04-03,4059.6227,4090.5676,4094.9376,4059.0607,18212431300,382895558426.0000
2023-04-04,4089.2932,4103.1052,4103.1583,4080.0682,19714663100,394443175146.2000
2023-04-06,4084.1320,4096.6400,4098.8332,4078.4048,15070337400,328981851588.3000
2023-04-07,4096.9009,4123.2799,4131.3126,4092.1848,12867673800,286567771883.1000
2023-04-10,4132.0096,4104.8118,4132.2952,4099.0519,15245300200,340822557207.6000
2023-04-11,4108.5062,4100.1479,4116.1247,4083.4946,15390133300,324192951998.7000
2023-04-12,4102.3968,4097.2876,4108.2451,4090.2784,16596527800,325425226403.2000
2023-04-13,4081.3871,4068.9786,4088.8809,4059.5744,15644429500,300291020752.9000
2023-04-14,4078.9703,4091.9988,4098.2151,4075.2049,15069568200,306201501438.7000
2023-04-17,4090.0719,4149.3836,4149.3836,4089.5090,18877309500,341831272792.7000
2023-04-18,4139.3088,4162.0320,4169.6678,4138.4618,17018413000,331545662315.6000
2023-04-19,4159.3938,4124.5589,4159.3938,4118.6261,16255459200,312219504522.6000
2023-04-20,4122.9461,4113.0192,4125.8231,4094.0022,16270667700,332172409512.0000
2023-04-21,4114.2642,4032.5672,4114.2642,4031.9123,18080243500,347852011602.5000
2023-04-24,4031.3030,3982.6429,4033.6367,3967.9070,17009921700,328375614674.3000
2023-04-25,3985.1055,3962.6658,3991.6868,3925.4360,17255540900,331110619767.7000
2023-04-26,3950.2553,3959.2323,3975.6562,3934.6625,16270200600,322062811333.5000
2023-04-27,3948.0313,3988.4185,3999.1302,3942.8152,15382819500,304804002557.4000
2023-04-28,3993.2561,4029.0858,4030.4469,3993.2561,17950848800,328936294025.2000
2023-05-04,4013.4713,4030.2471,4035.7832,4001.1259,22758284600,345492506049.3000
2023-05-05,4031.0946,4016.8774,4047.6015,3998.3920,20662692400,307694489937.0000
2023-05-08,4028.1056,4062.6624,4070.7724,4018.9608,25558308500,359539954170.1000
2023-05-09,4065.4390,4027.8754,4092.8501,4026.3886,27930604800,396422120420.6000
2023-05-10,4017.9358,3996.8695,4019.0587,3984.6287,20755270900,309484851741.1000
2023-05-11,4005.7823,3990.6637,4018.0579,3988.4816,14480461900,241052071431.6000
2023-05-12,3987.7690,3937.7622,3999.3831,3937.5274,14442172800,228992923388.1000
2023-05-15,3938.8300,3998.8872,3998.8872,3923.0317,17625736200,279531163508.4000
2023-05-16,4002.5237,3978.2054,4005.0150,3966.9921,13683327100,234840652671.0000
2023-05-17,3971.7017,3960.1650,3982.6044,3945.7137,11844818500,205195685976.4000
2023-05-18,3965.5162,3956.0701,3982.7178,3939.5526,13653394700,229134184412.9000
2023-05-19,3946.2215,3944.5403,3967.2816,3928.3160,12021247900,207094944781.3000
2023-05-22,3941.0015,3969.3277,3985.4031,3935.8015,10911660500,202185550245.9000
2023-05-23,3968.2346,3913.1882,3971.9390,3913.1882,11868507700,189955815340.0000
2023-05-24,3903.7818,3859.0935,3903.7818,3859.0935,13725826500,211768410520.2000
2023-05-25,3851.4053,3850.4996,3861.3815,3817.8365,12415077000,213313620055.3000
2023-05-26,3848.4174,3850.9511,3859.6291,3815.5701,10032643900,191537814872.5000
2023-05-29,3862.0838,3833.9416,3866.7238,3819.1822,13185996700,230095604813.4000
2023-05-30,3827.7924,3837.7531,3844.0052,3789.2736,13761962900,244566265534.9000
2023-05-31,3827.1634,3798.5434,3827.1634,3781.4034,12638736800,235606123947.6000
2023-06-01,3788.5902,3806.8679,3832.2051,3786.7344,13456188100,241829546409.4000
2023-06-02,3821.6198,3861.8337,3865.2843,3821.6198,12501511000,232696547130.8000
2023-06-05,3860.5557,3844.2492,3860.5557,3832.4578,11616398900,211144360143.7000
2023-06-06,3840.4587,3808.1629,3867.8452,3802.8449,12578125800,222091722592.2000
2023-06-07,3815.4823,3789.3418,3823.1124,3780.1021,9886243200,189879792179.6000
2023-06-08,3791.0826,3820.1867,3834.3888,3777.7752,11870093400,199119300649.7000
2023-06-09,3822.4088,3836.7026,3836.7026,3811.2189,13431986300,247296087070.9000
2023-06-12,3827.3253,3844.4324,3859.7156,3813.8577,12675854300,240791270473.5000
2023-06-13,3838.1287,3864.9074,3867.3034,3833.4598,11092494600,225435215314.9000
2023-06-14,3872.7155,3864.0247,3891.6656,3862.0609,12495575900,243932581183.9000
2023-06-15,3871.7746,3925.4994,3925.4994,3871.7746,12836993800,282635910894.2000
2023-06-16,3932.2114,3963.3509,3968.0128,3928.5419,13976007600,280374762837.8000
2023-06-19,3957.0327,3930.9079,3957.0327,3922.4742,13490584800,268213068579.8000
2023-06-20,3926.0940,3924.2377,3937.4945,3918.4730,12252031800,266274081286.8000
2023-06-21,3909.1044,3864.0323,3920.1276,3864.0323,11834657500,243630705591.5000
2023-06-26,3833.4436,3809.6962,3841.2862,3801.0537,13399041900,247713845779.5000
2023-06-27,3811.6872,3845.4334,3851.8957,3806.3242,11699268100,210097713687.6000
2023-06-28,3836.6086,3840.7986,3846.8516,3808.1607,10702154100,206187959876.8000
2023-06-29,3836.7305,3821.8435,3840.7132,3817.3759,9828927400,204110031407.8000
2023-06-30,3816.3345,3842.4516,3860.0311,3813.5520,10126842900,208146272909.0000
2023-07-03,3853.2919,3892.8821,3897.3273,3853.2919,13315805100,256876520211.7000
2023-07-04,3888.0328,3899.0133,3899.9755,3878.3978,10949452700,216335611421.8000
2023-07-05,3895.1945,3868.8054,3899.5188,3864.1301,9763638400,188400265050.6000
2023-07-06,3857.0304,3842.7547,3876.8901,3836.4573,10012184200,184742420862.3000
2023-07-07,3831.5955,3825.6988,3844.8438,3819.0772,10090692000,173918560673.0000
2023-07-10,3841.5591,3844.3269,3865.4566,3831.9200,9203344100,185360813110.7000
2023-07-11,3853.7955,3869.4861,3870.6549,3844.5244,8651071600,177585694368.3000
2023-07-12,3864.6013,3843.4369,3874.0403,3838.5632,11152202400,214046519056.1000
2023-07-13,3855.6620,3898.4229,3901.1023,3855.6620,12030023200,235278706834.5000
2023-07-14,3904.6033,3899.1027,3908.4871,3893.7862,12236484600,220230466522.9000
2023-07-17,3881.6225,3867.1749,3881.6225,3852.2626,9834014400,174623552807.4000
2023-07-18,3871.0444,3854.9393,3871.0444,3844.5129,9143861500,167104315117.1000
2023-07-19,3848.4826,3850.8663,3860.0092,3830.4073,7958570000,151311481029.8000
2023-07-20,3857.7725,3823.6946,3875.6241,3818.7134,9204207600,174320872139.8000
2023-07-21,3816.9835,3821.9100,3849.5109,3808.8030,7950756300,157144211209.3000
2023-07-24,3803.3492,3805.2210,3828.7853,3798.8048,7548354500,151448369566.2000
2023-07-25,3866.6445,3915.1153,3915.8148,3866.6445,16306632000,299853562168.1000
2023-07-26,3908.1740,3907.0128,3912.9834,3893.3987,10788171700,192912604792.0000
2023-07-27,3914.2298,3902.3458,3935.3578,3894.6923,11066710900,196845425513.0000
2023-07-28,3889.7929,3992.7376,4000.9190,3886.5535,17973548100,310092467404.5000
2023-07-31,4018.8895,4014.6301,4064.3621,4002.0784,19960683000,366544120003.6000
2023-08-01,4009.1831,3998.0010,4031.7008,3983.0273,14228685900,255620773637.6000
2023-08-02,3985.6951,3969.8950,4008.3343,3958.5127,12585569000,204875690923.8000
2023-08-03,3962.1296,4004.9839,4004.9996,3962.1296,12900664000,224809824820.3000
2023-08-04,4033.7239,4020.5792,4058.2431,4011.6202,17826718900,316529733837.7000
2023-08-07,4002.9677,3990.1531,4002.9677,3977.0173,12131066200,227090572750.9000
2023-08-08,3980.0423,3979.7322,4002.2904,3963.4632,10987169900,202611335313.8000
2023-08-09,3967.3566,3967.5652,3982.1091,3961.8434,9464026900,174394242765.3000
2023-08-10,3962.8569,3975.7166,3976.4637,3945.3869,9717684900,175646730198.2000
2023-08-11,3977.9834,3884.2538,3977.9834,3884.2538,12608293100,203546314647.4000
2023-08-14,3840.8872,3855.9061,3859.4718,3814.0711,11596633600,197623765246.4000
2023-08-15,3858.3662,3846.5357,3865.2840,3811.6839,10309711100,177437071692.5000
2023-08-16,3830.8274,3818.3338,3852.4198,3817.6324,9461694600,169323869027.6000
2023-08-17,3801.1969,3831.1008,3836.1507,3782.4967,9841549300,174093848242.9000
2023-08-18,3832.4554,3784.0038,3844.1950,3784.0038,9554963800,168445686988.2000
2023-08-21,3773.2250,3729.5550,3782.1112,3729.5550,9870836900,173379942906.6000
2023-08-22,3748.0675,3758.2271,3770.0556,3704.6785,12031832700,203463879671.8000
2023-08-23,3751.7736,3696.6339,3756.1659,3695.0309,9708163800,160476231586.9000
2023-08-24,3711.5403,3723.4293,3748.8567,3701.5717,11961452100,196257391083.7000
2023-08-25,3703.5136,3709.1517,3734.2185,3695.8442,10518261000,175601437172.9000
2023-08-28,3911.5485,3752.6194,3911.5485,3740.5279,19799037900,335047670966.8000
2023-08-29,3743.0534,3790.1067,3810.3772,3742.0758,15248614600,262134936751.0000
2023-08-30,3803.1191,3788.5097,3813.7032,3780.2411,12967166100,226727480838.7000
2023-08-31,3786.9261,3765.2678,3793.9972,3762.0046,11896164600,193577001342.0000
2023-09-01,3778.9129,3791.4912,3808.5306,3778.9129,10531904500,172219141586.1000
2023-09-04,3812.9873,3848.9517,3854.2605,3804.5886,14238520100,237934727924.3000
2023-09-05,3839.5779,3820.3174,3839.5779,3814.3338,10405233300,181377877955.3000
2023-09-06,3808.1000,3812.0283,3817.5239,3790.8949,9344239300,166081524007.0000
2023-09-07,3802.2272,3758.4748,3802.2272,3756.8530,9510390300,164405748827.5000
2023-09-08,3747.6509,3739.9927,3753.2630,3724.9870,7163816600,129197657303.1000
2023-09-11,3740.5846,3767.5370,3788.3219,3734.7228,10535801600,186871759441.3000
2023-09-12,3764.3331,3760.6048,3775.0930,3755.4162,7938537800,140117510233.3000
2023-09-13,3759.6091,3736.6513,3768.8162,3719.1114,8157690100,138238089912.5000
2023-09-14,3736.9355,3733.5077,3748.8177,3717.3107,10038607500,151578100463.9000
2023-09-15,3740.7853,3708.7766,3749.0247,3699.3806,10939568900,180398970938.3000
2023-09-18,3698.9344,3727.7110,3737.5306,3691.1107,8672774100,156966973910.5000
2023-09-19,3723.4244,3720.5021,3724.0717,3702.6934,8319903800,135216895229.4000
2023-09-20,3715.9578,3705.6898,3718.5207,3705.1274,7544820900,117691805957.0000
2023-09-21,3698.3130,3672.4448,3708.4557,3672.4448,8303100500,135011796555.2000
2023-09-22,3672.6402,3738.9327,3740.4183,3664.7661,11023116600,192236467362.8000
2023-09-25,3738.0622,3714.6037,3738.0622,3711.2049,9259647900,155793827361.5000
2023-09-26,3711.7106,3692.8928,3723.8481,3692.6172,7804452500,137808437774.8000
2023-09-27,3694.9607,3700.4950,3731.1405,3694.3938,9162921000,164790435265.8000
2023-09-28,3711.2117,3689.5172,3716.0569,3685.3001,8522171900,153500421344.0000
2023-10-09,3678.9290,3684.7272,3694.1713,3641.9966,10214805800,178072374748.1000
2023-10-10,3696.2542,3657.1259,3701.2562,3655.5890,9916373000,161938958924.8000
2023-10-11,3674.7514,3667.5483,3689.5347,3658.3550,10209158700,187667554127.0000
2023-10-12,3697.9337,3702.3824,3711.4985,3682.8418,11436322500,194598219817.3000
2023-10-13,3677.9585,3663.4104,3678.1913,3652.3094,9828798700,170152309003.0000
2023-10-16,3664.0390,3626.5972,3664.0390,3615.7686,9185311800,159537973598.4000
2023-10-17,3635.2994,3639.4018,3645.5654,3619.1277,9074518800,147056233347.4000
2023-10-18,3631.0671,3610.5767,3632.0579,3608.9768,9454587900,158982356667.4000
2023-10-19,3588.5154,3533.5445,3588.5154,3532.3059,11173752000,189194781843.9000
2023-10-20,3518.3464,3510.5889,3535.6623,3501.7250,9851860500,169591289145.3000
2023-10-23,3500.1990,3474.2438,3505.3468,3450.6456,9656165200,152054894179.0000
2023-10-24,3481.7644,3487.1302,3495.0039,3453.1016,11554728900,186529203442.0000
2023-10-25,3524.2965,3504.4576,3531.8314,3500.9154,12800961700,203691741119.2000
2023-10-26,3484.7807,3514.1448,3515.5716,3478.0503,10514356600,176088467225.8000
2023-10-27,3501.1710,3562.3851,3576.5861,3494.5488,12022510800,224301960437.0000
2023-10-30,3554.1055,3583.7718,3592.7188,3554.0238,14401042600,242973328094.4000
2023-10-31,3581.6759,3572.5056,3581.6759,3554.5822,11258726700,196317658324.1000
2023-11-01,3605.7576,3571.0268,3606.4126,3564.6421,9764553800,182943566435.3000
2023-11-02,3580.0672,3554.1889,3597.1699,3553.7406,9035964300,149465055433.9000
2023-11-03,3558.5303,3584.1364,3596.1010,3558.5303,9754210100,165865989200.0000
2023-11-06,3608.3187,3632.6084,3635.7897,3600.6304,15298246300,254465948110.4000
2023-11-07,3623.7849,3619.7593,3628.4615,3606.2975,11028859100,190433605311.0000
2023-11-08,3610.6434,3611.0723,3627.0479,3591.8248,11059423000,192594372352.5000
2023-11-09,3603.1082,3612.8263,3624.4141,3601.3744,11187205700,189355228591.7000
2023-11-10,3596.0688,3586.4893,3599.4519,3576.1011,10210703400,166924677328.0000
2023-11-13,3593.9109,3579.4141,3599.3897,3562.7682,9670764900,164821249625.0000
2023-11-14,3581.1034,3582.0584,3600.1483,3568.8820,10088415800,165935163426.0000
2023-11-15,3616.8765,3607.2454,3620.6007,3596.9158,10492921800,188932150501.0000
2023-11-16,3600.9813,3572.3641,3605.2898,3572.3636,8746478000,146629217157.8000
2023-11-17,3561.3112,3568.0685,3573.6819,3547.0287,8731920700,139621898705.2000
2023-11-20,3569.7314,3576.3233,3586.9731,3545.1038,9108044500,157449634694.0000
2023-11-21,3587.8779,3581.0674,3615.0569,3575.6820,10859431400,175922105929.9000
2023-11-22,3569.4389,3544.4162,3574.3782,3544.4162,8478438100,136041195538.9000
2023-11-23,3541.4416,3561.5204,3562.0675,3529.9390,8480016700,141499811491.0000
2023-11-24,3560.6462,3538.0087,3560.6462,3533.9955,8501840300,140101998555.3000
2023-11-27,3534.4445,3511.9424,3534.4445,3492.8623,9910231400,155975437035.7000
2023-11-28,3510.6554,3518.5232,3521.0463,3501.1093,8933578900,147740535862.4000
2023-11-29,3518.8836,3488.3073,3519.1980,3482.2444,9884141200,155948235975.9000
2023-11-30,3485.5171,3496.2028,3505.1273,3481.4515,10135082000,153790180653.3000
2023-12-01,3494.2234,3482.8813,3494.2234,3452.1728,10853094100,176078323469.4000
2023-12-04,3481.0449,3460.1380,3488.1330,3459.6110,9715682600,164664395292.9000
2023-12-05,3450.0898,3394.2571,3450.0898,3393.8139,10047200700,164840691112.1000
2023-12-06,3387.8798,3399.5980,3420.2773,3382.9457,10580551900,172142987724.9000
2023-12-07,3394.3064,3391.2823,3404.4074,3369.7675,9771324800,160949948197.3000
2023-12-08,3391.8585,3399.4618,3409.3845,3383.4479,12952205400,203034222561.1000
2023-12-11,3378.0517,3419.4548,3426.6106,3346.8902,13962624900,219761181423.1000
2023-12-12,3409.9976,3426.8030,3427.5456,3406.1013,10559001300,166979964779.7000
2023-12-13,3418.6413,3369.6050,3418.6413,3369.6050,9528536700,165455928375.6000
2023-12-14,3387.3847,3351.9639,3399.1394,3350.7648,8365513500,150245775736.4000
2023-12-15,3365.9388,3341.5517,3388.5047,3339.5190,9778778300,164907019372.1000
2023-12-18,3329.1910,3329.3657,3352.3458,3314.9095,9052682600,142303319418.9000
2023-12-19,3325.6596,3334.0412,3345.7795,3313.1874,8380811800,135293655396.1000
2023-12-20,3334.3320,3297.5022,3338.5434,3297.3652,9241286800,141290542802.3000
2023-12-21,3285.6049,3330.8698,3339.3552,3283.9883,10254619800,171120780579.5000
2023-12-22,3329.4668,3337.2281,3359.0601,3315.8976,10522013300,167336342309.2000
2023-12-25,3330.3333,3347.4508,3348.8820,3330.3333,7454269300,121838327071.1000
2023-12-26,3345.3952,3324.7902,3345.4171,3315.9370,7473293500,121689997434.6000
2023-12-27,3326.9267,3336.3572,3341.2659,3309.6731,9440392800,140924923674.8000
2023-12-28,3335.5572,3414.5403,3423.4018,3331.2082,14806485100,245855634464.3000
2023-12-29,3411.1094,3431.1099,3432.5412,3409.5795,11492893200,193573180515.1000
2024-01-02,3426.2684,3386.3522,3426.2684,3386.3522,11618072600,184096097448.7000
2024-01-03,3379.7501,3378.2971,3392.8504,3362.6617,10561385100,165099018642.5000
2024-01-04,3375.0207,3347.0519,3375.0207,3323.8647,10672101300,165512262698.6000
2024-01-05,3341.3061,3329.1114,3372.5444,3313.5542,12640057400,182251664948.1000
2024-01-08,3322.6051,3286.0564,3333.5160,3283.3421,11742948500,170761644873.4000
2024-01-09,3286.7083,3292.4994,3304.6008,3273.8431,10933046500,172276323045.2000
2024-01-10,3281.6692,3277.1290,3312.9161,3268.2471,9419936600,159777649838.1000
2024-01-11,3275.3086,3295.6717,3311.1137,3266.7911,10878973500,180978533555.5000
2024-01-12,3284.3580,3284.1667,3310.4704,3279.6987,9685355500,156536022291.9000
2024-01-15,3270.1029,3280.9195,3306.9217,3261.2687,8885153000,144331722430.6000
2024-01-16,3272.5710,3300.8762,3300.8762,3260.4362,11327666500,175650587488.9000
2024-01-17,3291.1392,3229.0820,3291.1392,3229.0820,10876972800,173516385174.7000
2024-01-18,3214.2844,3274.7286,3279.2538,3171.6329,17490916800,256784536828.0000
2024-01-19,3261.2393,3269.7763,3286.9415,3251.8136,11850140800,191261807098.8000
2024-01-22,3262.4685,3218.9016,3281.4205,3193.1776,14870562800,225510031844.3000
2024-01-23,3208.4316,3231.9329,3249.5306,3188.1259,12201200000,193791168624.2000
2024-01-24,3245.9592,3277.1089,3281.4892,3190.4674,15437195400,219036341624.5000
2024-01-25,3274.3391,3342.9189,3344.2426,3269.7943,19683361400,265521114954.3000
2024-01-26,3326.6465,3333.8213,3351.9692,3315.1265,18066400500,238144899501.0000
2024-01-29,3335.3936,3303.9604,3351.3715,3303.9604,18416479500,244698013593.3000
2024-01-30,3283.8977,3245.0387,3300.2040,3244.9719,14364935000,199592929911.7000
2024-01-31,3231.5425,3215.3518,3252.1475,3201.9264,15314346900,215333349921.2000
2024-02-01,3202.2564,3217.7109,3251.7582,3191.8968,14551679200,203815063232.5000
2024-02-02,3219.8734,3179.6276,3235.4079,3108.3515,17375808900,234495151557.0000
2024-02-05,3164.2500,3200.4218,3233.8485,3111.5184,20304297000,279713141507.2000
2024-02-06,3185.2498,3311.6922,3314.5120,3182.8216,20271309900,285042020945.9000
2024-02-07,3314.0306,3343.6303,3343.6303,3289.6704,21664793300,297997664575.2000
2024-02-08,3351.4052,3364.9297,3367.2101,3336.9779,18997757800,270239765211.0000
2024-02-19,3393.1916,3403.8078,3403.8078,3364.1418,18331980000,267674145147.3000
2024-02-20,3395.1916,3410.8542,3415.8943,3380.1030,14073458100,218459281946.0000
2024-02-21,3390.3619,3456.8713,3500.1338,3383.6911,18887936200,291823544608.2000
2024-02-22,3450.3518,3486.6747,3486.6826,3448.4135,14102078400,225098128872.7000
2024-02-23,3491.3367,3489.7416,3507.5592,3472.9680,14482127300,232926057113.9000
2024-02-26,3485.5427,3453.3585,3492.6061,3445.3889,15124833100,238951637715.0000
2024-02-27,3440.0516,3494.7874,3494.7874,3437.4422,13952824600,244488721250.8000
2024-02-28,3499.8257,3450.2598,3521.6574,3450.2598,18983754800,328300591256.4000
2024-02-29,3437.8984,3516.0826,3516.0826,3437.8984,15594453200,281971899288.2000
2024-03-01,3515.0587,3537.8038,3544.3595,3503.4590,16270957000,288575619224.5000
2024-03-04,3538.3660,3540.8686,3548.6901,3519.7599,16324461300,297719931809.3000
2024-03-05,3524.9644,3565.5143,3570.6935,3519.0816,16642238900,299895929709.1000
2024-03-06,3556.5323,3551.0481,3577.3883,3545.1013,14307661300,248294165707.4000
2024-03-07,3548.1007,3529.7195,3569.9185,3522.8964,14811051000,251839533036.1000
2024-03-08,3529.5509,3544.9099,3548.5055,3511.5770,12579266400,225379101014.0000
2024-03-11,3545.9427,3589.2635,3589.2635,3542.2789,14820282500,286418582154.6000
2024-03-12,3592.5826,3597.4939,3605.6976,3574.2117,18068556000,339997042337.1000
2024-03-13,3594.4211,3572.3610,3594.4211,3563.3685,14459059000,266898756379.8000
2024-03-14,3571.7885,3562.2229,3597.4600,3545.6120,14096272200,263803609335.2000
2024-03-15,3554.9068,3569.9930,3572.8091,3533.6798,13831604400,243991558366.2000
2024-03-18,3577.0564,3603.5280,3604.0519,3573.4040,16037943800,295314840611.0000
2024-03-19,3593.3396,3577.6303,3610.7389,3577.1880,14557178600,259553448413.4000
2024-03-20,3568.7158,3585.3838,3589.5456,3568.4341,12952896600,223752103886.2000
2024-03-21,3593.0700,3581.0902,3601.1145,3575.0331,13074337700,233162492629.6000
2024-03-22,3571.2736,3545.0023,3575.7171,3522.8404,13922735800,248850931022.2000
2024-03-25,3536.7136,3525.7634,3564.9604,3525.7634,13701572400,233747256235.1000
2024-03-26,3526.6818,3543.7467,3547.6461,3518.6018,12620953500,226730734844.1000
2024-03-27,3538.7244,3502.7866,3542.9624,3502.7866,12862676300,216404726565.9000
2024-03-28,3498.4820,3520.9648,3551.2143,3489.3861,14333471700,232530806334.5000
2024-03-29,3516.8830,3537.4843,3538.2378,3516.8830,12864329000,201749384356.7000
2024-04-01,3551.5815,3595.6466,3600.9193,3551.5815,16277656100,251637272845.1000
2024-04-02,3593.2206,3580.6759,3596.1903,3568.7539,14127297200,220207515542.9000
2024-04-03,3578.6835,3567.8031,3582.4324,3558.8740,13559233100,214222897580.1000
2024-04-08,3553.5554,3536.4077,3567.8200,3535.7688,15530428300,243249251687.2000
2024-04-09,3533.3849,3533.4871,3543.7141,3518.8601,12967094200,195893525574.7000
2024-04-10,3528.9679,3504.7086,3531.2295,3490.0525,12879027400,199754768626.1000
2024-04-11,3485.0294,3504.2447,3520.5893,3484.9252,12653439500,200293481885.7000
2024-04-12,3505.7499,3475.8389,3516.6988,3470.0611,12892111600,208566204702.9000
2024-04-15,3473.5047,3549.0759,3552.4125,3473.5047,18394125000,267472484531.0000
2024-04-16,3533.3636,3511.1146,3545.5034,3503.6158,17615306500,253315972272.3000
2024-04-17,3509.1318,3565.4030,3565.9389,3498.0324,16846639800,244987812753.2000
2024-04-18,3550.5562,3569.8018,3602.7902,3547.5996,17857410500,261329927268.4000
2024-04-19,3550.6087,3541.6619,3560.9492,3529.3237,14728150500,226229520121.3000
2024-04-22,3536.1844,3530.9045,3558.1642,3528.0186,15057904200,229511183118.0000
2024-04-23,3525.6681,3506.2249,3533.7584,3499.9838,14311350400,213257232210.7000
2024-04-24,3514.0108,3521.6219,3524.5370,3495.6494,12173985100,195299919746.2000
2024-04-25,3510.6396,3530.2813,3543.9699,3505.1999,11518772200,184524622000.7000
2024-04-26,3531.9647,3584.2686,3588.4003,3531.9647,19721613300,308045062250.7000
2024-04-29,3584.5427,3623.9124,3645.8229,3578.7597,22272138100,358709708837.6000
2024-04-30,3619.2586,3604.3943,3630.7092,3604.3943,19129689900,286674161757.8000
2024-05-06,3654.0485,3657.8767,3668.2565,3645.7380,20801800700,333270472130.0000
2024-05-07,3657.0007,3659.0076,3665.6840,3648.3760,16483428600,247368347983.1000
2024-05-08,3650.7484,3630.2233,3650.9355,3628.6984,13003533600,199923460349.8000
2024-05-09,3630.4142,3664.5610,3669.7593,3630.4142,14655901700,232694927940.9000
2024-05-10,3669.0869,3666.2771,3674.6088,3641.7639,15072053600,233730562074.5000
2024-05-13,3646.3491,3664.6907,3673.6211,3634.6049,15726745500,249688465072.9000
2024-05-14,3668.2254,3657.0454,3675.7760,3646.7092,13340649000,214643548213.8000
2024-05-15,3651.0536,3626.0559,3656.5277,3624.0020,12352276400,191480969435.1000
2024-05-16,3636.6007,3640.3592,3657.4831,3626.3340,15463050300,240288953464.0000
2024-05-17,3638.5613,3677.9696,3677.9696,3627.4470,16457041700,247729525192.2000
2024-05-20,3682.0615,3690.9623,3703.0287,3677.4426,18460942300,279971341520.4000
2024-05-21,3682.2868,3676.1611,3684.6106,3665.1524,13067828300,196575354877.9000
2024-05-22,3675.6471,3684.4510,3691.8804,3667.0885,15191460500,230839373504.9000
2024-05-23,3672.8403,3641.7917,3674.3654,3633.5051,14257299000,214205039030.7000
2024-05-24,3630.8270,3601.4754,3650.8734,3599.6678,12479117700,195344742155.9000
2024-05-27,3606.6450,3635.7079,3638.1514,3603.7131,13127264400,206143742535.6000
2024-05-28,3633.2535,3609.1724,3638.9703,3605.9213,12353223800,184381267979.1000
2024-05-29,3609.0708,3613.5223,3633.1971,3602.8198,11590632100,179072813277.6000
2024-05-30,3607.0522,3594.3121,3624.0352,3586.7543,12260299500,193069647050.8000
2024-05-31,3599.8196,3579.9247,3614.6439,3579.9247,11246201900,180707602931.7000
2024-06-03,3577.3798,3588.7483,3600.6044,3567.8713,14105459100,222756928174.4000
2024-06-04,3583.8104,3615.6714,3622.5012,3580.2771,12454509600,195790966233.8000
2024-06-05,3610.3601,3594.7936,3623.3232,3594.1056,11090676600,182639598874.9000
2024-06-06,3602.1554,3592.2454,3625.0109,3584.1710,13789351700,226764072639.2000
2024-06-07,3594.6335,3574.1143,3603.0698,3552.0853,13110302600,213001530097.8000
2024-06-11,3555.8186,3542.8771,3565.3113,3525.8945,13452230600,219282337214.0000
2024-06-12,3539.0947,3544.1225,3551.1706,3531.5657,12281372900,200722600631.1000
2024-06-13,3548.2162,3526.1306,3551.0771,3520.1802,12324546200,214792338449.3000
2024-06-14,3514.7998,3541.5331,3547.1473,3503.5233,17151694200,283768816845.0000
2024-06-17,3521.4365,3536.1986,3540.7932,3520.7381,13743343800,232293851893.9000
2024-06-18,3533.4875,3545.5902,3551.7085,3532.7845,12367183800,208824124156.0000
2024-06-19,3543.3599,3528.7490,3543.3599,3524.8449,10664279700,184790298728.6000
2024-06-20,3525.1687,3503.2817,3533.9865,3500.1310,11161739600,186515776574.7000
2024-06-21,3496.3428,3495.6198,3505.5123,3473.8283,10918661500,182736735066.8000
2024-06-24,3473.6392,3476.8102,3505.7752,3471.2164,11799018400,195787549313.6000
2024-06-25,3475.1648,3457.9023,3483.2189,3440.6464,11844811800,190886336762.4000
2024-06-26,3451.5389,3480.2648,3487.3964,3442.2982,10589886100,171538111702.3000
2024-06-27,3467.2888,3454.1175,3471.1423,3452.5775,11491810100,174112508796.1000
2024-06-28,3443.6744,3461.6570,3484.6780,3443.6744,13540915300,205118806811.8000
2024-07-01,3458.2636,3478.1827,3479.9548,3443.8086,12182977000,188018227774.8000
2024-07-02,3472.4527,3471.7857,3488.3189,3464.5237,12165012100,186104752421.9000
2024-07-03,3471.5556,3463.4141,3478.7047,3454.9942,10385710800,163035359363.1000
2024-07-04,3468.2958,3445.8128,3483.3098,3444.9280,10442990900,159477153569.5000
2024-07-05,3443.3588,3431.0605,3451.0386,3399.6693,11660965900,181416567402.8000
2024-07-08,3420.8033,3401.7604,3428.0418,3395.9123,11552821800,177559765827.5000
2024-07-09,3396.8044,3439.8111,3448.9279,3384.8086,13162944300,215048837819.8000
2024-07-10,3425.8818,3428.9657,3447.5050,3423.6483,12720345600,198149476849.1000
2024-07-11,3451.0442,3468.1690,3473.9837,3438.1180,14589246600,237551298481.6000
2024-07-12,3459.9564,3472.4014,3479.0958,3457.3633,13087458900,205055553856.4000
2024-07-15,3462.6113,3476.2467,3481.4613,3460.7915,11851708300,171584915379.5000
2024-07-16,3466.8523,3498.2827,3500.2943,3464.3655,12065901700,200456285077.5000
2024-07-17,3494.2090,3501.5836,3514.4753,3486.2229,13180206200,222830802528.4000
2024-07-18,3483.2975,3520.9310,3522.7995,3475.7236,12376819900,215783795702.6000
2024-07-19,3500.8052,3539.0156,3545.3383,3493.0734,13244797500,228065104129.0000
2024-07-22,3538.4012,3514.9249,3540.1874,3494.0143,13212633700,217457320403.9000
2024-07-23,3509.7887,3439.8779,3509.7887,3439.8779,12889766000,202857560168.7000
2024-07-24,3432.3459,3418.1663,3451.4196,3408.4129,12703626300,184884499786.8000
2024-07-25,3404.6110,3399.2716,3415.8557,3383.7991,13102224200,190131464834.7000
2024-07-26,3403.7084,3409.2931,3420.8201,3388.6601,12419555800,187853329477.8000
2024-07-29,3404.3663,3390.7420,3408.5024,3388.8444,10978778600,166697103823.1000
2024-07-30,3380.6893,3369.3821,3380.6893,3352.8043,10495216400,165442824490.2000
2024-07-31,3364.0268,3442.0844,3445.0042,3364.0268,17195917700,258249147336.4000
2024-08-01,3443.1397,3419.2666,3448.3361,3419.1872,13632346400,206038002517.7000
2024-08-02,3393.9167,3384.3919,3419.1023,3380.9645,11661525500,179671192427.6000
2024-08-05,3362.1117,3343.3205,3409.0314,3343.3205,14281251600,223631266563.2000
2024-08-06,3367.3517,3342.9789,3376.7956,3318.6251,11934027900,181724693847.5000
2024-08-07,3338.5909,3341.4890,3362.3839,3329.9658,9508437700,145078975325.5000
2024-08-08,3332.4281,3342.9369,3364.7855,3320.8432,9249569500,149482926226.5000
2024-08-09,3358.1280,3331.6274,3366.6688,3331.6274,9151162600,142852166559.2000
2024-08-12,3327.5561,3325.8645,3338.0771,3319.8908,7993875400,117544892726.5000
2024-08-13,3328.0138,3334.3903,3335.0140,3310.1909,8448967900,125259155343.0000
2024-08-14,3332.7866,3309.2389,3332.7866,3309.1000,7874240700,118181952004.2000
2024-08-15,3301.4455,3341.9530,3356.7644,3297.9711,10476639900,149249335425.5000
2024-08-16,3342.0346,3345.6340,3356.9071,3335.6239,9651908300,135885323083.0000
2024-08-19,3344.2614,3356.9677,3375.9621,3343.7116,10557111000,143421671337.3000
2024-08-20,3361.6394,3332.7034,3362.3338,3321.6397,10166833100,137910585091.6000
2024-08-21,3322.9134,3321.6350,3339.4430,3307.9917,8995475100,130005992563.3000
2024-08-22,3322.8723,3313.1357,3327.6962,3305.2453,10036650400,147702791560.6000
2024-08-23,3305.9307,3327.1905,3336.2414,3305.6403,8952577400,132680886499.7000
2024-08-26,3330.7184,3324.2231,3336.5271,3311.5701,9399077200,139070603958.0000
2024-08-27,3315.6860,3305.3338,3320.5667,3299.5635,9580815700,129755962864.4000
2024-08-28,3298.9089,3286.4956,3305.3496,3274.5881,9269665000,135982310964.6000
2024-08-29,3273.5410,3277.6812,3290.7857,3269.5288,13070233300,174340106392.6000
2024-08-30,3273.7532,3321.4323,3351.6254,3273.6496,18869544300,268376041210.9000
2024-09-02,3307.5432,3265.0110,3307.7627,3264.7565,14761235300,194409996348.3000
2024-09-03,3261.7410,3273.4282,3281.5935,3261.1877,12289730600,155089488535.3000
2024-09-04,3253.8980,3252.1649,3272.9861,3249.9809,10483248200,140070063076.9000
2024-09-05,3252.9600,3257.7578,3266.8820,3247.1725,9710945000,134618198893.7000
2024-09-06,3261.1542,3231.3457,3274.8144,3231.0685,8840041700,121541545905.7000
2024-09-09,3214.7996,3192.9516,3222.9278,3180.9277,10867306900,146516054460.5000
2024-09-10,3193.4557,3195.7552,3205.0972,3171.7932,9729007800,133610476131.5000
2024-09-11,3187.0508,3186.1299,3197.3363,3174.0343,10248211000,141513837135.3000
2024-09-12,3189.4271,3172.4747,3201.5544,3171.8775,9286865700,136387244637.1000
2024-09-13,3174.0344,3159.2470,3188.9145,3159.2470,8833667700,137448911397.4000
2024-09-18,3158.8179,3171.0102,3179.9012,3145.7908,8472281400,123452147968.9000
2024-09-19,3178.3959,3196.0357,3213.8378,3149.7925,12543927200,181785109712.7000
2024-09-20,3192.4322,3201.0497,3207.9875,3173.2238,11806409800,163985054956.9000
2024-09-23,3200.8678,3212.7639,3230.1613,3198.0248,9534485500,143876166860.9000
2024-09-24,3244.6468,3351.9090,3351.9684,3222.4885,20407221700,307879526847.5000
2024-09-25,3403.7021,3401.5330,3465.4882,3393.4380,24156425500,356862584939.5000
2024-09-26,3399.3188,3545.3204,3545.3249,3391.6772,24313401000,373983643044.8000
2024-09-27,3617.9203,3703.6849,3708.4951,3596.5833,26548777400,466692757481.8000
2024-09-30,3846.6515,4017.8545,4038.6968,3796.5045,51021770700,862528807419.2000
2024-10-08,4450.3675,4256.0962,4450.3675,4094.3519,58986789400,1130387437130.1000
2024-10-09,4168.8436,3955.9839,4197.6000,3942.5118,48226929500,1029032062193.4000
2024-10-10,3979.6116,3997.7879,4098.4967,3912.7708,39505309900,717952217512.6000
2024-10-11,3969.7576,3887.1670,3978.2389,3847.1228,27409650500,484998267295.6000
2024-10-14,3915.2186,3961.3424,3979.5431,3868.7790,30757899300,534076602215.5000
2024-10-15,3942.5342,3855.9949,3967.8712,3855.9949,24248644800,434410916723.5000
2024-10-16,3806.1373,3831.5890,3877.7483,3805.0868,21886640700,377301324426.4000
2024-10-17,3853.8410,3788.2217,3882.0733,3787.7498,21231382000,369170521634.5000
2024-10-18,3780.3143,3925.2340,3998.2140,3765.1615,31295883400,620673701894.1000
2024-10-21,3946.9016,3935.1974,3979.2638,3896.1650,29118563400,600109598949.1000
2024-10-22,3923.7443,3957.7755,3965.9084,3917.5218,22343339600,442881846813.7000
2024-10-23,3955.3191,3973.2089,4012.1795,3939.0986,24587394900,469120806272.1000
2024-10-24,3950.8987,3928.8334,3957.9832,3914.0887,17472406200,340486884485.3000
2024-10-25,3931.3205,3956.4210,3992.8918,3921.9396,21069488500,412231378430.4000
2024-10-28,3953.1063,3964.1569,3964.1569,3917.2042,21616041500,390450182338.0000
2024-10-29,3970.0080,3924.6490,3991.3091,3921.5795,21729398400,429625020404.8000
2024-10-30,3904.1595,3889.4487,3926.0581,3864.3051,21943662600,385010582233.2000
2024-10-31,3888.4229,3891.0396,3923.8997,3859.1079,30063671800,515533818945.0000
2024-11-01,3882.4579,3890.0203,3933.2204,3879.9588,30798648100,476472952028.3000
2024-11-04,3897.7144,3944.7619,3944.7619,3891.2109,22923906000,381048606068.1000
2024-11-05,3937.6228,4044.5725,4046.6977,3925.4138,31686279400,580971852723.7000
2024-11-06,4051.2891,4024.2831,4091.7031,4002.5027,33580793800,639124093911.8000
2024-11-07,3987.2665,4145.6952,4146.1510,3984.6652,34143641400,658145920948.1000
2024-11-08,4192.0794,4104.0470,4200.9080,4094.1631,33235038500,688446559772.2000
2024-11-11,4066.9336,4131.1312,4132.5111,4048.0390,28959422700,625605935910.0000
2024-11-12,4133.3528,4085.7430,4181.7096,4060.7936,29777808600,660380524820.6000
2024-11-13,4059.5898,4110.8901,4121.0735,4059.5898,24048409900,512734303119.4000
2024-11-14,4101.2228,4039.6191,4118.1686,4034.9441,23015278400,464157560755.1000
2024-11-15,4025.6482,3968.8308,4049.0710,3968.8308,24739946300,474079686588.2000
2024-11-18,3982.1036,3950.3806,4034.0596,3931.1872,30677794600,472408054830.7000
2024-11-19,3954.6038,3976.8912,3979.1505,3896.7493,24294646500,402610970340.1000
2024-11-20,3966.1238,3985.7727,4001.0847,3958.3383,18459937200,347577693099.5000
2024-11-21,3979.4554,3989.2979,3999.5693,3966.0658,16612592700,324235010779.0000
2024-11-22,3984.2435,3865.6989,3990.2647,3865.6989,21628580900,397566831847.8000
2024-11-25,3875.6126,3848.0909,3889.7069,3812.3179,19070295300,349006773180.1000
2024-11-26,3836.2590,3840.1847,3875.2290,3833.2842,14989244100,264403254830.0000
2024-11-27,3829.3442,3907.0447,3907.1640,3817.9125,17413609600,320632355477.0000
2024-11-28,3904.2525,3872.5505,3908.3918,3866.0136,15011729100,286432871223.5000
2024-11-29,3869.8903,3916.5832,3962.7002,3869.8903,18765671300,375262017919.2000
2024-12-02,3909.7029,3947.6320,3955.1252,3902.1697,19728978400,368591235990.8000
2024-12-03,3946.7034,3951.8912,3963.9474,3922.8425,18249686700,327295048700.8000
2024-12-04,3948.1300,3930.5568,3957.3650,3917.7467,17462631800,312040419081.5000
2024-12-05,3916.5638,3921.5881,3936.3358,3910.0834,13853403800,257716297996.5000
2024-12-06,3923.8954,3973.1405,3995.1168,3923.8954,19205790700,351751735425.0000
2024-12-09,3970.6628,3966.5708,3995.5116,3948.4206,17595995800,308227216702.9000
2024-12-10,4094.0500,3995.6369,4098.3804,3988.9676,25346379500,487278042807.0000
2024-12-11,3988.0179,3988.8308,4005.3253,3977.3522,17725284600,310713317895.4000
2024-12-12,3987.1525,4028.5048,4031.7441,3981.3485,18162177700,333667518401.4000
2024-12-13,4000.9854,3933.1808,4000.9854,3931.7392,23035307900,421478609274.0000
2024-12-16,3930.7807,3911.8416,3938.7595,3901.6465,17851125100,327619081581.3000
2024-12-17,3908.1263,3922.0334,3955.9450,3908.1263,16093909000,306037370846.7000
2024-12-18,3934.5425,3941.8900,3956.1441,3933.9693,15773832100,276825381224.3000
2024-12-19,3911.8901,3945.4635,3954.3491,3899.7479,16108104000,321771606933.4000
2024-12-20,3937.4722,3927.7441,3958.6336,3923.2562,15498649600,332143276397.7000
2024-12-23,3928.1493,3933.5718,3965.8502,3928.1493,19006736200,354063425208.7000
2024-12-24,3934.9422,3983.6882,3985.8588,3934.7338,16149458900,310384873294.2000
2024-12-25,3987.9557,3985.6291,4007.7626,3969.4766,15939074700,299295145793.1000
2024-12-26,3981.7317,3987.4801,3991.5331,3965.5461,14342528600,305769929402.7000
2024-12-27,3987.0189,3981.0307,4007.1314,3970.9365,16926866600,345011075199.0000
2024-12-30,3976.7004,3999.0549,4005.7780,3976.7004,16461248500,322699390191.8000
2024-12-31,3995.8705,3934.9109,4004.3462,3934.9109,18392839700,347880439530.4000
2025-01-02,3931.8155,3820.3952,3934.2034,3796.3389,21789872400,388636586639.3000
2025-01-03,3825.2426,3775.1648,3835.9353,3767.6653,17534267600,304322755435.9000
2025-01-06,3775.9902,3768.9697,3788.8489,3743.0727,15094667000,262803541116.2000
2025-01-07,3760.8660,3796.1055,3797.6020,3749.0581,14645577900,266855795347.4000
2025-01-08,3781.2610,3789.2153,3810.7355,3731.1887,16916696800,300965725432.7000
2025-01-09,3780.7341,3779.8773,3795.2608,3768.6810,12979400200,251486002819.8000
2025-01-10,3778.8928,3732.4806,3786.8069,3732.4806,13752317100,275354209064.3000
2025-01-13,3704.4442,3722.5130,3737.8852,3704.1073,13644619900,247861953196.7000
2025-01-14,3728.5561,3820.5395,3826.6399,3718.8768,17066465700,345461480063.6000
2025-01-15,3810.0353,3796.0260,3816.8284,3790.1655,14147552000,278850595531.7000
2025-01-16,3812.1935,3800.3836,3842.9470,3776.2861,14450587100,305734630771.3000
2025-01-17,3788.3729,3812.3429,3831.6404,3780.2133,12662196100,265437489593.6000
2025-01-20,3835.3042,3829.6764,3858.6677,3821.9815,13958127700,292175449108.6000
2025-01-21,3850.3563,3832.6145,3850.9106,3817.1214,14121840600,285073351693.4000
2025-01-22,3823.9447,3797.0166,3823.9447,3783.1438,13725506200,298745637551.4000
2025-01-23,3829.0462,3803.7439,3864.2585,3801.8531,18056955100,345198071113.9000
2025-01-24,3793.8498,3832.8637,3847.6003,3793.4836,14897172200,296474375469.1000
2025-01-27,3836.9578,3817.0802,3851.9969,3817.0802,14667077200,282940127540.6000
2025-02-05,3844.6998,3795.0848,3844.6998,3785.1620,15716830800,346016202025.2000
2025-02-06,3789.6086,3842.8314,3843.4942,3788.3196,16728817600,371891971101.4000
2025-02-07,3844.0574,3892.7028,3919.3499,3833.8685,22185770700,487381557078.2000
2025-02-10,3898.1023,3901.0618,3906.3678,3878.8314,18890304000,384968342874.3000
2025-02-11,3905.1594,3883.1352,3905.1594,3872.9087,16657490900,337866056115.9000
2025-02-12,3875.9596,3919.8617,3920.7229,3867.3538,16422854000,354830596297.9000
2025-02-13,3913.9044,3905.1398,3939.1978,3904.9845,17248587400,376473453306.6000
2025-02-14,3900.8274,3939.0085,3942.0356,3900.8274,17297645200,360974236854.4000
2025-02-17,3954.4147,3947.3983,3955.8959,3921.7017,21358824600,430929575563.2000
2025-02-18,3942.5761,3912.7829,3965.4232,3901.8675,20942510100,400186229940.7000
2025-02-19,3906.2201,3940.1602,3943.6742,3904.1455,18282951700,363680372562.7000
2025-02-20,3934.6503,3928.8959,3940.6780,3916.1772,16389523600,325972429362.6000
2025-02-21,3938.0518,3978.4440,3981.0480,3927.7874,22740033000,504645493577.1000
2025-02-24,3972.4831,3969.7169,3995.9456,3949.2309,22081061800,455088749684.5000
2025-02-25,3933.6360,3925.6505,3955.4336,3915.6527,17810858000,377981451250.4000
2025-02-26,3931.8420,3959.9413,3960.3298,3925.3664,19106250100,386458193762.6000
2025-02-27,3961.0635,3968.1159,3973.9323,3933.4611,20288796300,428272792667.6000
2025-02-28,3950.1866,3890.0487,3972.4813,3886.3994,19810414700,420308043450.1000
2025-03-03,3899.6962,3888.4738,3930.0048,3872.5872,17762316600,356057735014.0000
2025-03-04,3865.9939,3885.2208,3890.4235,3855.7254,14985096700,297739246802.3000
2025-03-05,3887.7992,3902.5706,3906.4214,3877.0188,15865275100,290860484504.9000
2025-03-06,3923.3827,3956.2369,3964.4942,3917.0833,19396091500,397419427642.7000
2025-03-07,3944.9145,3944.0143,3967.0743,3935.0464,16673237500,340626700285.5000
2025-03-10,3945.5795,3928.8018,3949.1448,3905.1270,15276523200,292574987480.9000
2025-03-11,3890.4305,3941.4157,3941.4157,3889.4298,14475440200,287480453119.8000
2025-03-12,3946.8623,3927.2315,3953.6125,3921.4736,15673219000,309627267364.8000
2025-03-13,3925.7439,3911.5793,3939.2854,3897.3758,15653644300,295173112579.6000
2025-03-14,3919.6159,4006.5567,4014.1586,3919.6159,21613900300,450895278803.0000
2025-03-17,4020.6402,3996.7876,4021.7278,3992.2563,16220291100,318904417418.3000
2025-03-18,4011.7794,4007.7229,4016.8730,3995.9602,14020849600,292739319544.6000
2025-03-19,4004.8251,4010.1680,4025.2990,3989.5120,14441942800,286075300795.3000
2025-03-20,4011.0588,3974.9918,4012.0416,3969.9259,13375467000,260020676825.8000
2025-03-21,3966.5146,3914.6956,3983.1476,3904.7674,16590529400,309348613935.4000
2025-03-24,3916.1136,3934.8486,3938.1826,3907.1999,15223467400,266051442612.7000
2025-03-25,3937.8975,3932.2951,3946.3574,3921.5287,14047539900,239246310985.8000
2025-03-26,3930.2073,3919.3566,3942.0260,3916.8607,13116418700,220943164486.2000
2025-03-27,3911.3841,3932.4117,3952.9852,3903.6520,12679373800,232173613774.0000
2025-03-28,3930.7763,3915.1662,3934.2336,3907.3840,12635621400,213379194289.3000
2025-03-31,3905.9815,3887.3056,3928.4482,3872.4030,16679852300,268480316572.3000
2025-04-01,3892.7794,3887.6841,3905.2622,3882.4045,14038027400,246041674670.2000
2025-04-02,3884.4181,3884.3858,3900.4949,3877.1599,11304317500,198267515342.4000
2025-04-03,3843.4177,3861.5034,3883.7025,3843.4177,14259978900,263684681545.1000
2025-04-07,3675.2017,3589.4406,3707.7771,3514.1165,31257858600,512971787744.6000
2025-04-08,3597.9859,3650.7590,3650.7590,3583.8746,28019731200,464021087837.5000
2025-04-09,3606.1036,3686.7943,3686.7943,3587.3368,26230570800,455031069289.8000
2025-04-10,3749.1262,3735.1151,3756.1386,3708.8194,22725222700,403842564855.5000
2025-04-11,3730.3148,3750.5167,3762.3653,3708.4617,16875969100,318535141904.4000
2025-04-14,3772.0407,3759.1422,3776.6344,3754.0330,16446240300,292571297039.1000
2025-04-15,3756.4788,3761.2348,3764.4860,3737.8495,13400604000,228604621375.8000
2025-04-16,3757.8757,3772.8204,3775.1661,3721.6025,15635900600,261711094768.5000
2025-04-17,3755.0862,3772.2221,3779.1253,3749.5040,12237100200,209012323066.2000
2025-04-18,3760.0425,3772.5230,3782.0443,3754.4072,10294850900,173109384097.2000
2025-04-21,3768.1421,3784.8806,3790.1782,3763.1383,12135573000,208085677382.1000
2025-04-22,3780.1122,3783.9522,3799.2295,3778.0791,12568825700,210200698793.7000
2025-04-23,3803.4295,3786.8824,3807.9536,3780.5183,13198687000,247117386122.1000
2025-04-24,3787.4590,3784.3574,3807.2599,3775.2070,11716456000,205483051375.0000
2025-04-25,3792.0838,3786.9937,3801.5765,3780.7772,12459113300,220535052619.3000
2025-04-28,3786.3867,3781.6188,3792.0082,3772.8029,12514509100,210635318523.2000
2025-04-29,3776.0025,3775.0767,3785.3157,3768.0311,11151469400,197462744362.5000
2025-04-30,3775.8306,3770.5705,3787.5639,3768.7573,14368165800,244820462217.6000
2025-05-06,3794.3757,3808.5424,3809.0939,3782.7770,15852045900,267937090757.4000
2025-05-07,3861.5767,3831.6270,3863.6776,3814.9868,16117229900,286010735453.4000
2025-05-08,3820.5481,3852.8963,3867.3313,3816.2642,12495983300,246987280587.7000
2025-05-09,3848.6187,3846.1566,3853.6632,3836.5349,11938952600,216697939671.7000
2025-05-12,3866.5305,3890.6096,3890.7342,3859.0346,15333246000,296122947807.8000
2025-05-13,3915.5924,3896.2583,3915.5924,3890.6855,14732029900,267586397719.9000
2025-05-14,3894.8386,3943.2108,3960.5228,3890.6504,17203377900,319465226850.5000
2025-05-15,3934.0273,3907.1992,3936.4653,3904.9068,13808174900,241464943553.6000
2025-05-16,3898.6662,3889.0854,3903.8528,3874.8619,11840534500,208835664039.2000
2025-05-19,3882.5677,3877.1453,3885.5889,3866.5695,9864341400,184888170553.8000
2025-05-20,3883.1024,3898.1705,3911.4737,3881.7436,10488523400,201636702521.8000
2025-05-21,3899.4365,3916.3807,3928.6339,3899.4365,10979134300,217037739435.0000
2025-05-22,3912.6007,3913.8651,3923.0195,3903.0898,10759705200,197511410270.8000
2025-05-23,3910.3739,3882.2741,3931.5514,3882.2741,12027741900,232945378294.8000
2025-05-26,3875.7891,3860.1067,3884.5370,3849.0384,10960120700,208876792148.9000
2025-05-27,3857.6271,3839.3969,3865.4291,3834.8455,9857242500,178466763540.9000
2025-05-28,3843.0747,3836.2366,3849.7360,3833.9582,8903102600,162496372727.5000
2025-05-29,3838.0092,3858.6998,3869.7909,3831.4577,10847188600,209459602501.2000
2025-05-30,3850.4930,3840.2323,3858.6128,3829.2542,11167222800,199389751071.1000
2025-06-03,3833.4584,3852.0127,3863.2952,3832.7202,13140309000,226782772062.7000
2025-06-04,3855.4878,3868.7429,3875.8569,3855.4878,11680387300,211736178154.1000
2025-06-05,3872.6373,3877.5557,3883.1345,3861.2720,12287818400,231749275334.6000
2025-06-06,3878.1027,3873.9841,3889.4557,3869.3871,11098797100,202034736310.9000
2025-06-09,3877.7977,3885.2459,3894.6517,3871.9917,13630629300,262023668465.5000
2025-06-10,3887.5512,3865.4652,3897.4573,3850.4663,14556385900,263647551794.8000
2025-06-11,3870.6719,3894.6252,3911.6107,3870.6719,14241477200,257217704405.4000
2025-06-12,3885.5196,3892.1992,3900.0408,3870.3838,13399869700,260239581458.0000
2025-06-13,3881.4923,3864.1822,3889.1602,3853.8186,17253953600,309172346179.9000
2025-06-16,3853.6193,3873.7951,3876.1704,3853.6193,13734183500,246860982863.3000
2025-06-17,3875.1768,3870.3786,3880.4156,3860.4090,12234252600,220399818948.5000
2025-06-18,3871.6502,3874.9708,3881.3460,3854.6575,12752862100,230553858263.6000
2025-06-19,3870.0490,3843.0912,3872.9425,3834.9512,13028065800,234840180805.5000
2025-06-20,3839.7833,3846.6443,3856.4799,3839.7833,11815102000,213522822874.5000
2025-06-23,3831.1703,3857.9016,3867.5896,3827.0829,13380089200,232482215850.4000
2025-06-24,3862.3876,3904.0342,3914.1579,3862.3876,16365618800,294228720612.5000
2025-06-25,3907.0682,3960.0662,3963.0371,3902.1771,18721367100,361727254624.0000
2025-06-26,3953.1603,3946.0195,3964.4820,3945.2589,16531626300,328102847495.6000
2025-06-27,3949.7879,3921.7578,3969.2626,3918.2041,19455791300,343468229813.8000
2025-06-30,3920.3149,3936.0791,3940.3611,3911.6044,14517023600,288821434921.4000
2025-07-01,3935.9078,3942.7620,3946.2451,3924.7219,12895936200,236070338399.4000
2025-07-02,3943.3232,3943.6849,3952.1378,3929.6956,14706306200,246637847453.8000
2025-07-03,3949.3998,3968.0676,3971.6160,3945.1380,14100400600,269609569538.7000
2025-07-04,3967.4637,3982.2034,4013.8478,3958.3762,15719713300,290512992198.0000
2025-07-07,3977.2881,3965.1746,3979.7481,3956.5663,13113527300,225106992875.9000
2025-07-08,3965.4260,3998.4527,4002.2690,3965.4260,15640289500,292089834223.8000
2025-07-09,3997.5044,3991.4006,4016.7434,3987.4267,17329379600,305398796562.7000
2025-07-10,3993.4196,4010.0243,4032.9829,3992.5242,20977890400,347836703626.3000
2025-07-11,4011.4652,4014.8070,4065.9419,4010.1052,26205277300,443780794880.4000
2025-07-14,4021.2135,4017.6678,4034.9198,4017.6678,20791717500,321415945157.1000
2025-07-15,4023.9896,4019.0644,4042.6574,3994.2628,19104293100,353524574440.9000
2025-07-16,4019.3925,4007.2019,4027.8567,3993.9209,15102730800,300656795664.6000
2025-07-17,4005.0670,4034.4910,4034.5935,4005.0670,16124904100,325516865722.7000
2025-07-18,4039.8712,4058.5486,4064.6378,4039.3181,18621106300,354244444629.7000
2025-07-21,4069.7685,4085.6072,4086.1171,4063.4427,22326847600,377938564877.6000
2025-07-22,4087.3354,4118.9582,4119.2021,4068.3383,25759698500,450874014479.4000
2025-07-23,4129.1476,4119.7685,4155.6783,4113.9085,30050615400,470330899420.8000
2025-07-24,4116.8312,4149.0368,4152.4265,4111.8849,31963239200,487000043884.1000
2025-07-25,4145.3195,4127.1634,4150.4994,4117.8005,27359496300,430445513470.9000
2025-07-28,4128.1993,4135.8242,4146.1200,4112.9677,22275981500,406792873973.3000
2025-07-29,4132.6833,4152.0247,4153.3307,4117.5772,23080788000,428764310973.8000
2025-07-30,4148.9405,4151.2379,4185.2064,4127.4301,24985304800,445168467668.0000
2025-07-31,4141.5612,4075.5912,4141.8243,4063.6662,26708740600,492142571738.8000
2025-08-01,4069.9254,4054.9286,4085.3543,4040.4620,19622182600,359685164163.4000
2025-08-04,4037.9378,4070.7023,4070.7023,4037.9378,16227590200,295976826632.4000
2025-08-05,4080.3877,4103.4500,4106.2969,4075.5836,17885199900,306934255765.6000
2025-08-06,4100.4283,4113.4852,4116.7085,4098.3544,17667615500,307674626124.8000
2025-08-07,4120.2822,4114.6660,4129.7382,4094.8214,19864190200,358108366983.7000
2025-08-08,4109.2734,4104.9669,4122.2104,4097.4157,17317120100,308507687634.7000
2025-08-11,4110.2939,4122.5106,4134.2462,4103.6050,19044371600,360685826235.0000
2025-08-12,4123.5762,4143.8252,4153.2948,4121.2243,17728782300,383088423330.0000
2025-08-13,4150.5037,4176.5776,4186.7480,4147.1991,21393499900,462776745465.3000
2025-08-14,4179.9650,4173.3131,4220.3109,4165.9376,22110359500,485075642622.0000
2025-08-15,4162.4205,4202.3533,4214.7291,4157.4950,26132756600,518686873500.8000
2025-08-18,4218.2471,4239.4125,4272.9602,4203.4191,30147910200,635365867184.5000
2025-08-19,4241.7651,4223.3741,4264.2303,4215.2075,25081877100,553536203259.6000
2025-08-20,4208.4005,4271.3958,4272.1463,4190.5559,24648177300,538815306146.9000
2025-08-21,4284.3712,4288.0707,4308.4472,4273.6523,25903001400,558521268967.4000
2025-08-22,4287.3633,4377.9977,4378.3881,4287.3633,29043489700,675935075408.9000
2025-08-25,4416.2924,4469.2217,4472.6525,4404.7761,35809000600,823681964472.7000
2025-08-26,4453.3526,4452.5905,4476.8030,4435.5275,27062139500,627950450229.2000
2025-08-27,4458.8399,4386.1266,4494.9126,4386.1266,33313389800,785098482973.5000
2025-08-28,4378.0351,4463.7820,4464.8028,4364.1710,29683453600,739423602221.4000
2025-08-29,4455.8034,4496.7591,4516.8395,4452.3632,35193894700,831194066157.9000
2025-09-01,4516.8787,4523.7111,4528.1342,4487.5304,32036670800,770378288126.9000
2025-09-02,4521.9828,4490.4528,4548.8937,4454.4169,30393256600,777999297964.1000
2025-09-03,4501.3388,4459.8296,4510.7303,4427.5176,25432021700,655697116709.1000
2025-09-04,4461.2503,4365.2085,4465.4967,4327.5068,30793460900,773124596998.1000
2025-09-05,4365.6083,4460.3249,4466.5603,4350.2974,24962565700,664166970946.5000
2025-09-08,4467.1693,4467.5733,4482.7630,4438.0698,26763838200,683630879769.1000
2025-09-09,4448.7390,4436.2584,4472.0930,4412.6914,22137546000,562861103958.4000
2025-09-10,4438.2998,4445.3649,4466.6325,4414.5937,20359764600,535539349489.1000
2025-09-11,4438.8390,4548.0345,4548.0345,4427.9242,25326405100,693156671397.7000
2025-09-12,4544.5905,4521.9980,4564.6665,4517.7897,26644200300,689576075691.4000
2025-09-15,4534.8866,4533.0557,4566.9053,4522.4958,23188567800,613314652419.1000
2025-09-16,4539.9217,4523.3367,4552.4190,4494.7875,24926920600,613728334805.9000
2025-09-17,4517.2855,4551.0230,4556.0296,4503.7959,23571647200,608454200521.1000
2025-09-18,4546.0319,4498.1090,4573.8331,4454.9886,30985982600,839987127411.0000
2025-09-19,4499.0906,4501.9195,4533.0919,4491.8437,22504400000,603887059817.1000
2025-09-22,4512.0251,4522.6080,4523.8695,4487.1299,19645995600,563149164266.0000
2025-09-23,4536.7569,4519.7781,4560.7319,4459.7281,25282706200,680513630695.8000
2025-09-24,4495.2659,4566.0708,4567.4948,4494.1133,22048260800,629161495484.1000
2025-09-25,4563.9827,4593.4875,4613.9486,4558.8424,22982333300,669866986618.6000
2025-09-26,4576.9142,4550.0487,4597.8472,4550.0487,20848211400,598723903173.9000
2025-09-29,4555.0342,4620.0528,4647.5691,4541.4252,27435887700,693395231241.2000
2025-09-30,4629.8987,4640.6935,4647.5031,4616.2243,24798035900,664624101862.0000
2025-10-09,4662.1133,4709.4820,4726.3449,4651.9895,34767869600,862208005908.4000
2025-10-10,4679.4983,4616.8341,4692.5858,4600.9646,31902089900,792743047250.5000
2025-10-13,4490.8661,4593.9785,4601.8072,4490.8661,31501035400,714001634395.3000
2025-10-14,4634.0543,4539.0644,4641.4492,4520.9258,37295403000,808959003201.4000
2025-10-15,4544.2431,4606.2879,4608.8239,4526.8340,28477185500,607326345325.6000
2025-10-16,4588.9206,4618.4218,4645.0959,4586.2801,24823551800,560567191741.4000
2025-10-17,4610.6967,4514.2345,4618.5621,4509.3289,25690561700,559085965218.7000
2025-10-20,4558.2421,4538.2201,4570.4376,4520.5024,21842040500,505798833703.2000
2025-10-21,4556.1224,4607.8715,4615.4630,4547.9283,21571117500,551390253215.9000
2025-10-22,4576.0277,4592.5700,4603.4884,4567.2361,18533396000,440935302747.4000
2025-10-23,4578.7018,4606.3447,4611.3409,4541.6944,20046391700,420800208775.6000
2025-10-24,4622.7873,4660.6835,4660.6835,4622.7873,20881448300,551986648560.5000
2025-10-27,4699.3819,4716.0186,4720.4288,4687.6876,26220067400,672670372522.7000
2025-10-28,4697.7277,4691.9730,4734.3218,4679.2288,22090664500,571563257095.5000
2025-10-29,4701.0362,4747.8378,4747.8378,4697.2680,24621132400,645898688765.2000
2025-10-30,4735.9807,4709.9110,4761.8339,4706.4520,27328911800,719956285438.0000
2025-10-31,4702.4946,4640.6676,4706.1395,4640.6676,28146474000,680712251492.7000
2025-11-03,4636.7323,4653.4028,4653.4028,4595.7339,23986980900,557602941095.9000
2025-11-04,4649.3481,4618.6990,4665.3230,4595.0660,23322403200,505177700976.6000
2025-11-05,4562.1117,4627.2570,4642.6101,4558.7647,20304587100,468361161388.7000
2025-11-06,4642.0112,4693.4032,4698.0935,4642.0112,22424100800,553641780921.2000
2025-11-07,4673.7616,4678.7944,4701.3743,4666.0405,21249737700,507573849500.2000
2025-11-10,4688.1240,4695.0507,4695.1794,4654.2103,23602676400,593977127605.0000
2025-11-11,4706.3374,4652.1655,4707.1275,4648.4896,18663885800,477629076357.0000
2025-11-12,4643.5592,4645.9079,4669.6073,4620.9897,20946059200,492308866408.7000
2025-11-13,4643.7862,4702.0738,4703.4897,4643.7862,20736747400,510060678210.4000
2025-11-14,4663.3175,4628.1398,4684.2578,4628.0242,19209267600,444720433578.5000
2025-11-17,4616.8058,4598.0525,4624.8976,4580.2613,18895546600,438940097527.8000
2025-11-18,4584.7896,4568.1928,4606.6167,4552.8038,17771318500,420150126547.0000
2025-11-19,4568.0365,4588.2922,4607.8627,4568.0365,17292497400,385230481969.8000
2025-11-20,4619.5401,4564.9483,4620.6529,4560.1814,19456259300,415064817729.8000
2025-11-21,4513.3858,4453.6076,4527.0436,4453.1819,22285101300,481295814462.6000
2025-11-24,4473.1563,4448.0478,4478.8081,4421.8123,18583372900,425807469499.9000
2025-11-25,4475.8359,4490.4047,4510.7729,4467.3529,16957192900,411523796962.4000
2025-11-26,4490.2021,4517.6255,4538.1361,4485.6984,15620036800,427361377738.4000
2025-11-27,4520.0140,4515.4027,4559.2183,4509.8635,15031177200,417789843567.7000
2025-11-28,4511.4972,4526.6616,4531.7219,4492.4256,14290209600,341832317979.4000
2025-12-01,4539.1877,4576.4856,4576.9654,4531.2917,20038231700,463861587251.4000
2025-12-02,4571.9098,4554.3347,4575.4945,4539.4312,14849313200,364366426477.8000
2025-12-03,4554.5894,4531.0486,4569.8210,4523.5017,16976279000,374486168902.9000
2025-12-04,4533.6004,4546.5664,4557.4228,4514.1878,14719811000,348767399211.7000
2025-12-05,4547.9056,4584.5368,4593.8279,4535.0195,19679996800,412146806538.3000
2025-12-08,4593.1399,4621.7545,4640.6256,4592.7414,19962099000,496716196112.2000
2025-12-09,4611.3790,4598.2232,4628.7049,4584.2540,18416034400,452113884581.0000
2025-12-10,4586.2540,4591.8273,4598.5366,4549.0798,16911110600,401452781497.6000
2025-12-11,4597.1901,4552.1848,4610.2787,4547.1372,16841940500,432431093509.7000
2025-12-12,4558.7375,4580.9500,4583.6753,4530.7841,21282652000,523863221651.9000
2025-12-15,4550.0028,4552.0596,4595.0463,4548.4382,16758996700,424383389792.3000
2025-12-16,4542.4226,4497.5545,4553.0806,4484.2700,16516520100,390500134302.7000
2025-12-17,4499.7729,4579.8750,4594.6556,4498.9304,17842483000,452504741114.1000
2025-12-18,4553.9788,4552.7926,4571.9683,4544.1416,15168132800,382102395684.6000
2025-12-19,4561.3729,4568.1781,4591.0931,4546.8465,15487622000,371577144281.1000
2025-12-22,4587.6683,4611.6235,4615.8721,4587.6683,16525285600,448240599513.9000
2025-12-23,4616.0260,4620.7341,4644.5347,4607.7992,16925641200,433141326005.5000
2025-12-24,4623.6831,4634.0586,4639.4278,4602.1444,15371124100,406375640662.1000
2025-12-25,4629.3195,4642.5357,4651.1535,4621.9208,13943418600,385356060832.4000
2025-12-26,4639.7895,4657.2400,4676.1310,4635.1052,17539656500,460426934267.5000
2025-12-29,4658.2654,4639.3721,4672.0352,4629.0567,20039713300,482613536466.5000
2025-12-30,4617.3163,4651.2818,4664.3305,4616.6323,18037497400,457185489036.8000
2025-12-31,4656.4800,4629.9395,4667.0467,4622.0988,17076022400,444491545749.0000
2026-01-05,4661.6160,4717.7457,4721.6378,4661.6160,23414483900,630577351311.4000
2026-01-06,4719.2088,4790.6938,4790.6938,4718.0099,29697068600,725414566872.9000
2026-01-07,4796.9335,4776.6658,4802.6028,4751.0713,25909556400,664897929360.7000
2026-01-08,4761.0105,4737.6536,4765.4863,4717.0091,23880495700,630655637961.6000
2026-01-09,4725.9571,4758.9221,4771.4276,4719.1340,25468803800,668788811126.9000
2026-01-12,4769.6501,4789.9155,4795.9327,4737.5702,29483316500,799954082388.1000
2026-01-13,4798.0488,4761.0324,4836.9549,4745.5154,30144949700,801054979639.8000
2026-01-14,4767.6956,4741.9306,4818.1008,4720.2460,36495102300,891334219174.3000
2026-01-15,4721.7966,4751.4293,4769.5478,4720.9368,25400363600,674058683639.6000
2026-01-16,4778.4302,4731.8728,4792.5514,4715.3646,32527892900,785624166096.3000
2026-01-19,4720.1945,4734.4556,4761.6317,4715.0867,26761249200,655149256235.7000
2026-01-20,4736.9096,4718.8782,4748.2297,4684.9684,28271957900,671960685391.4000
2026-01-21,4714.5541,4723.0692,4758.2793,4714.2366,26635333200,665330511237.3000
2026-01-22,4741.7548,4723.7091,4757.7637,4700.4482,27419993200,690235248160.5000
2026-01-23,4729.5850,4702.4966,4734.7942,4684.6172,31463544500,755617735528.3000
2026-01-26,4715.3753,4706.9640,4754.1777,4693.1577,36300448100,796832970315.2000
2026-01-27,4705.1744,4705.6918,4736.9857,4675.6409,30147569700,715267914840.3000
2026-01-28,4725.6014,4717.9914,4739.6257,4697.9063,38225560200,829414067055.4000
2026-01-29,4733.0879,4753.8697,4770.9599,4696.0536,41551305500,917966160339.3000
2026-01-30,4723.0810,4706.3401,4738.8711,4645.4706,31978653100,750564885195.4000
2026-02-02,4674.2759,4605.9799,4716.6069,4601.7603,30477350000,725920381252.0000
2026-02-03,4648.3574,4660.1074,4662.1264,4578.2087,26554940500,666626842810.7000
2026-02-04,4647.9671,4698.6832,4701.4768,4641.8424,26488103200,636018589862.7000
2026-02-05,4664.7478,4670.4188,4687.0213,4639.4300,23785635100,550433167197.1000
2026-02-06,4622.9747,4643.5959,4678.2618,4606.6379,20271647700,505759806237.8000
2026-02-09,4693.6715,4719.0559,4719.9642,4679.9037,20725193800,522757267199.4000
2026-02-10,4718.2552,4724.2956,4732.0871,4713.8684,18700095800,450339578978.4000
2026-02-11,4715.6697,4713.8185,4723.7043,4703.6873,17339168100,433428613402.0000
2026-02-12,4720.0085,4719.5780,4726.0426,4707.7359,19784143900,490473852275.1000
2026-02-13,4693.4106,4660.4056,4703.6332,4658.4038,18916775600,452878594068.8000
2026-02-24,4727.2961,4707.5440,4727.3730,4698.3488,21848889000,526084235584.0000
2026-02-25,4713.5754,4735.8858,4766.5587,4713.3438,28426835400,596903872616.7000
2026-02-26,4741.3896,4726.8739,4742.1476,4706.6943,23484764400,599848915404.9000
2026-02-27,4698.3000,4710.6469,4721.0141,4692.8910,26142086500,578820992510.3000
2026-03-02,4681.0141,4728.6688,4735.4055,4667.2752,34926075200,752681937770.4000
2026-03-03,4737.3164,4655.8962,4744.5987,4651.4047,37062427200,801659243770.0000
2026-03-04,4609.1918,4602.6247,4639.4204,4575.8249,30303566600,608923128590.3000
2026-03-05,4651.9415,4647.6921,4671.5268,4630.3024,25931782500,570443777084.6000
2026-03-06,4621.4939,4660.4390,4671.7126,4612.7943,23852792600,487807080156.9000
2026-03-09,4600.2535,4615.4551,4625.9814,4548.9690,32278761700,665821508005.3000
2026-03-10,4648.7851,4674.7562,4677.5958,4648.7851,26390374800,557607876148.6000
2026-03-11,4681.0316,4704.4959,4711.8671,4674.7088,27017544300,579564397580.3000
2026-03-12,4700.7205,4687.5601,4704.3791,4654.3147,30298681600,572105482463.8000
2026-03-13,4669.0619,4669.1400,4707.4194,4659.4979,31077200900,580305608197.8000
2026-03-16,4669.2241,4671.5591,4673.6929,4621.8118,29621507000,598799098356.4000
2026-03-17,4685.5697,4637.4392,4720.8608,4637.3680,26302191300,578501505807.6000
2026-03-18,4648.7517,4658.3324,4662.2936,4604.5163,23469070500,524173911454.0000
2026-03-19,4611.4399,4583.2511,4634.5468,4570.3920,25413044900,547850295789.2000
2026-03-20,4602.8205,4567.0179,4628.7118,4563.0687,25787370300,615463088557.8000
2026-03-23,4499.1004,4417.9971,4514.7182,4397.5661,32808194500,671719761060.9000
2026-03-24,4458.9074,4474.7224,4474.8250,4394.2943,25553251700,530149390314.2000
2026-03-25,4506.6247,4537.4656,4542.1806,4502.0265,26263927900,550428161188.3000
2026-03-26,4525.3291,4477.5343,4541.0502,4468.9571,21373678800,471127498414.3000
2026-03-27,4431.5034,4502.5698,4519.8903,4431.4205,19240038800,440517561617.1000
2026-03-30,4461.7367,4491.9500,4496.4109,4447.1373,20929309200,444629519711.2000
2026-03-31,4491.9209,4450.0493,4523.1745,4450.0493,22454158500,484558113011.2000
2026-04-01,4517.2717,4526.0668,4532.1093,4492.0544,21648319600,503744056996.0000
2026-04-02,4514.4416,4478.9141,4519.6931,4459.6095,19099216100,429949131699.9000
2026-04-03,4492.8461,4440.7889,4494.4571,4437.5952,16832170500,373234910157.7000
2026-04-07,4445.8613,4440.6162,4458.9264,4420.6939,16263878700,378261695014.8000
2026-04-08,4517.3403,4595.5560,4595.5560,4513.7705,25333921300,641779180969.5000
2026-04-09,4562.6696,4566.2237,4579.1970,4552.4244,18493978300,500445676660.7000
2026-04-10,4594.9467,4636.5655,4655.0988,4590.1089,20867860500,625717995648.2000
2026-04-13,4615.1330,4646.1546,4653.3983,4615.1330,19671227700,556620945240.3000
2026-04-14,4676.1235,4701.2837,4701.2837,4654.8526,20470033200,605717793585.3000
2026-04-15,4726.6381,4685.2464,4731.2729,4672.5560,20168850000,604550556798.3000
2026-04-16,4694.4309,4736.6077,4739.2208,4689.4140,19205760000,567611323592.2000
2026-04-17,4728.9951,4728.6716,4738.3236,4714.4669,18291533600,587622682307.9000
2026-04-20,4727.1661,4757.4419,4763.0427,4720.6853,22163349400,626568410330.9000
2026-04-21,4750.5149,4767.9970,4776.8258,4722.0074,20561405800,580407995619.7000
2026-04-22,4751.2794,4799.6270,4801.4465,4750.3502,20448183000,619505670177.0000
2026-04-23,4816.0267,4786.3273,4823.4704,4759.8600,23286573600,693853775975.6000
2026-04-24,4771.7348,4769.3688,4786.4440,4735.6060,19379831400,680097832547.3000
2026-04-27,4776.3351,4770.9469,4795.1682,4762.6441,19279655000,648904814981.1000
2026-04-28,4757.0766,4758.2083,4778.1891,4743.4355,21672423300,631521664930.9000
2026-04-29,4737.5755,4810.3468,4813.6104,4737.1139,23329811000,681020507300.6000
2026-04-30,4820.9716,4807.3069,4829.2715,4797.5445,25063337000,726665374516.3000
2026-05-06,4857.6537,4877.0932,4892.7957,4834.2807,27444388000,881744311635.1000
2026-05-07,4895.8001,4900.5098,4901.8575,4866.8749,25783397200,787236200022.7000
2026-05-08,4871.1185,4871.9122,4887.2129,4849.9871,25172099600,716546104146.0000
2026-05-11,4902.2775,4951.8366,4960.3975,4889.5659,30573480100,904479321902.1000
2026-05-12,4965.0175,4948.0465,4971.3026,4926.7897,27381200100,819351442664.4000
2026-05-13,4919.4248,4998.3417,5001.1201,4919.4248,26845453700,823173197928.5000
2026-05-14,5027.6405,4914.5971,5030.5187,4913.6037,28069537900,857446326247.6000
2026-05-15,4911.6223,4859.5927,4935.6173,4832.6899,27696776900,887687426984.5000
2026-05-18,4836.3286,4833.5237,4868.6008,4806.1455,23907758700,733452822623.8000
2026-05-19,4818.7051,4852.8832,4854.5247,4773.5340,23228085200,712401049984.5000
2026-05-20,4829.6129,4850.7000,4866.2121,4825.6430,22002320600,729653332839.0000
2026-05-21,4886.2389,4783.0976,4937.9327,4780.7107,28734250700,891936347970.3000
2026-05-22,4818.8435,4845.0956,4851.3489,4785.3486,28694043500,771823300850.7000
