日期,开盘,收盘,最高,最低,成交量,成交额
2020-01-02,26.7903512000,26.5943242400,27.4437744000,26.5534852900,101213040,3342373870.6000
2020-01-03,26.7168410900,26.1777669500,26.7985189900,25.9572366200,80553629,2584309903.2900
2020-01-06,25.9327332500,25.7367062900,25.9409010400,25.5243437500,87684058,2761448649.6100
2020-01-07,25.8183841900,25.9409010400,26.0797534700,25.6060216500,57793343,1827510871.9400
2020-01-08,25.5651827000,25.8755587200,25.9490688300,25.3609879500,52999684,1667143803.0800
2020-01-09,26.2594448500,26.3002838000,26.5289819200,26.0144111500,78373446,2519927706.8200
2020-01-10,26.1369280000,25.6958673400,26.3166193800,25.6060216500,55744373,1762516212.1000
2020-01-13,25.6468606000,25.8755587200,25.9572366200,25.5325115400,62074912,1957169612.1500
2020-01-14,25.7693774500,25.6386928100,25.9654044100,25.6223572300,41971228,1322400772.1000
2020-01-15,25.5651827000,24.9035917100,25.7203707100,24.8790883400,67294431,2071443624.8900
2020-01-16,25.0097729800,24.9362628700,25.2629744700,24.8300816000,58139589,1779302393.9300
2020-01-17,25.0097729800,24.8790883400,25.1976321500,24.7647392800,47221927,1442665863.0800
2020-01-20,24.9117595000,24.3971887300,24.9199272900,24.1113160800,91563767,2730988423.0200
2020-01-21,24.1439872400,23.8581145900,24.3890209400,23.7029265800,81796927,2399809082.5900
2020-01-22,23.8499468000,24.5932156900,24.7810748600,23.8336112200,93771024,2796437180.9500
2020-01-23,24.2583363000,23.6702554200,24.3236786200,23.4252217200,98694879,2884502300.2800
2020-02-03,21.3097641100,21.7508247700,22.4777580800,21.3015963200,153086547,4119846241.3500
2020-02-04,21.9713551000,22.5594359800,22.7636307300,21.9713551000,103628313,2838999600.3000
2020-02-05,22.4695902900,22.5757715600,22.8534764200,22.2327243800,80068551,2213431074.5900
2020-02-06,22.6656172500,22.7881341000,22.9678254800,22.3960801800,87186933,2412853830.1300
2020-02-07,22.4532547100,22.4614225000,22.5431004000,22.2245565900,71378548,1956685390.1100
2020-02-10,22.2572277500,23.4170539300,23.5885775200,22.1510464800,91123804,2575641111.9200
2020-02-11,23.3190404500,23.7519333200,24.1194838700,23.3190404500,68535405,2004428742.4700
2020-02-12,23.6784232100,23.7519333200,23.9316247000,23.5640741500,41758679,1213044773.8000
2020-02-13,24.0786449200,24.4625310500,25.1159542500,24.0623093400,89569809,2704306520.9600
2020-02-14,24.5033700000,25.1567932000,25.1567932000,24.4788666300,119770317,3648835020.1500
2020-02-17,25.2711422600,24.8464171800,25.2793100500,24.4380276800,102213900,3098649744.0100
2020-02-18,24.5115377900,24.2583363000,24.5442089500,24.1113160800,78595188,2334626806.9900
2020-02-19,24.2746718800,24.2174973500,24.5850479000,24.1358194500,60820721,1812951829.5400
2020-02-20,24.1031482900,24.3808531500,24.3971887300,23.9152891200,80199628,2370776285.6300
2020-02-21,24.3400142000,23.8907857500,24.3400142000,23.6865910000,105920154,3098548224.9100
2020-02-24,23.7682689000,23.6049131000,23.8091078500,23.2128591800,94999558,2730214174.2400
2020-02-25,23.5395707800,23.9561280700,24.2174973500,23.5232352000,105297000,3080948536.9100
2020-02-26,23.5640741500,24.5932156900,25.2874778400,23.3598794000,165445671,5002513795.4400
2020-02-27,24.6912291700,24.2338329300,24.7157325400,23.9969670200,92275882,2745257988.2900
2020-02-28,23.8907857500,24.1684906100,24.9934374000,23.8336112200,110129976,3303591400.5000
2020-03-02,24.4216921000,25.4263302700,25.8347197700,24.4216921000,137574700,4275882349.8200
2020-03-03,25.7367062900,25.4018269000,25.8347197700,24.8545849700,94283195,2913732843.5000
2020-03-04,25.5488471200,26.3492905400,26.5044785500,25.1077864600,112979624,3595379313.2800
2020-03-05,25.9572366200,26.3819617000,26.7086733000,25.8102164000,92417006,2966839995.1000
2020-03-06,25.9817399900,25.4263302700,26.1287602100,25.3119812100,67952896,2124469847.0200
2020-03-09,24.9934374000,24.9525984500,25.4263302700,24.5115377900,84361344,2579914142.1600
2020-03-10,24.9934374000,25.1567932000,25.7857130300,24.6667258000,76599364,2358611141.0400
2020-03-11,25.1812965700,24.8137460200,25.3201490000,24.7974104400,56331860,1728508587.3400
2020-03-12,24.5115377900,24.4625310500,25.0179407700,24.1766584000,59349428,1776382654.9800
2020-03-13,23.2782015000,24.0541415500,24.3400142000,23.0331678000,73253061,2122142606.1000
2020-03-16,24.0623093400,23.3108726600,24.0623093400,23.1066779100,64661459,1868241398.2100
2020-03-17,23.3190404500,22.9596576900,23.5722419400,22.2980667000,71078617,1994660447.9900
2020-03-18,22.3797446000,21.4812877000,22.5757715600,21.2444217900,192869685,5201139414.3700
2020-03-19,21.0728982000,20.6073341700,21.1790794700,19.7497162200,151007905,3777799190.5400
2020-03-20,20.8278645000,21.0728982000,21.1872472600,20.4684817400,97529053,2492385260.1400
2020-03-23,20.2887903600,20.0519244500,20.4848173200,19.9212398100,70378195,1736521156.5400
2020-03-24,20.4848173200,20.3377971000,20.5501596400,19.8967364400,93404765,2315905317.7500
2020-03-25,20.7053476500,21.6446435000,21.7263214000,20.7053476500,149760554,3885764289.7100
2020-03-26,21.4159453800,21.3996098000,21.6528112900,21.2362540000,57625364,1513738535.8700
2020-03-27,21.8243348800,21.7018180300,22.1837176400,21.5793011800,83489353,2235263795.6400
2020-03-30,21.3179319000,21.2689251600,21.8325026700,21.2362540000,85001808,2238199381.5700
2020-03-31,21.5221266500,20.9503813500,21.5793011800,20.8278645000,60704410,1568993380.2400
2020-04-01,21.6038045500,21.7508247700,22.0203618400,21.4404487500,107433164,2866233201.3000
2020-04-02,21.6446435000,21.9550195200,22.0040262600,21.5221266500,66309738,1768779862.3900
2020-04-03,21.8488382500,21.8651738300,22.2000532200,21.7263214000,56945280,1531608324.6900
2020-04-07,22.3307378600,22.1102075300,22.3960801800,21.8896772000,67154006,1817212749.9800
2020-04-08,21.9713551000,22.0203618400,22.2572277500,21.8488382500,41251395,1113086185.7800
2020-04-09,22.1347109000,21.7998315100,22.1837176400,21.7263214000,38726254,1036553091.7000
2020-04-10,21.9223483600,21.9550195200,22.3307378600,21.7181536100,62460322,1685555121.3900
2020-04-13,21.8406704600,22.0857041600,22.1592142700,21.7344891900,43264902,1167461398.9100
2020-04-14,22.1347109000,22.3389056500,22.6656172500,22.0693685800,64241868,1759852283.6900
2020-04-15,22.2163888000,21.8079993000,22.2408921700,21.6854824500,70359257,1885375493.2000
2020-04-16,21.6609790800,21.7099858200,21.8570060400,21.5629656000,50238931,1333654607.5900
2020-04-17,21.8733416200,21.8243348800,22.0775363700,21.6854824500,83813322,2246148609.4400
2020-04-20,21.8733416200,21.7099858200,21.8978449900,21.2770929500,85012343,2239047179.7500
2020-04-21,21.5221266500,21.2525895800,21.6773146600,21.0320592500,79072744,2057574273.2500
2020-04-22,21.0892337800,21.3424352700,21.3669386400,20.9585491400,52540708,1362087684.5100
2020-04-23,21.3914420100,21.2362540000,21.4404487500,21.1545761000,45051946,1171993133.6800
2020-04-24,21.1954150500,20.9748847200,21.2035828400,20.8523678700,49794003,1279394254.2900
2020-04-27,20.9993880900,21.1382405200,21.3751064300,20.8768712400,71075344,1840628651.9000
2020-04-28,21.3587708500,21.5547978100,21.6446435000,21.0483948300,77942703,2043120536.4500
2020-04-29,21.5629656000,21.9386839400,22.0366974200,21.4486165400,80168834,2143185644.2600
2020-04-30,21.9713551000,21.8896772000,22.1755498500,21.8079993000,69687813,1875880774.6100
2020-05-06,21.3996098000,21.4486165400,21.5221266500,21.1954150500,92306498,2409411108.5300
2020-05-07,21.3832742200,21.2117506300,21.3832742200,21.1382405200,57316477,1489177072.8100
2020-05-08,21.3751064300,21.4486165400,21.5384622300,21.1627438900,91321417,2386804740.1100
2020-05-11,21.3996098000,21.5711333900,21.6283079200,21.3097641100,79506739,2094807004.4000
2020-05-12,21.5139588600,21.1790794700,21.5466300200,21.0974015700,77605774,2018276575.0200
2020-05-13,21.0810659900,21.1790794700,21.1790794700,20.9340457700,62809862,1616500583.9400
2020-05-14,21.0810659900,20.8196967100,21.0974015700,20.7870255500,70551216,1806027105.6500
2020-05-15,20.9177101900,20.8196967100,20.9912203000,20.7543543900,46015555,1175647112.6500
2020-05-18,21.0974015700,21.4077775900,21.5466300200,21.0728982000,138565294,3627067234.6500
2020-05-19,21.6283079200,21.3424352700,21.6446435000,21.2607573700,68078693,1786477037.9300
2020-05-20,21.3342674800,20.9177101900,21.3424352700,20.8850390300,110535427,2837891509.5200
2020-05-21,20.9830525100,20.8932068200,21.0238914600,20.8278645000,41036320,1051460938.5500
2020-05-22,20.8360322900,20.5501596400,20.8605356600,20.5338240600,53424167,1351549738.6600
2020-05-25,20.6073341700,20.7951933400,20.9013746100,20.3868038400,51276102,1300389792.2200
2020-05-26,20.8932068200,21.0974015700,21.1219049400,20.7788577600,55278167,1420430418.0000
2020-05-27,21.0974015700,21.1545761000,21.3179319000,20.9912203000,55524420,1440584203.6600
2020-05-28,21.1382405200,21.3506030600,21.6936502400,21.1382405200,70976946,1863217640.2300
2020-05-29,21.3342674800,20.9912203000,21.3342674800,20.9912203000,52078350,1345961672.4900
2020-06-01,21.2199184200,21.5629656000,21.6446435000,21.2199184200,77900422,2049366265.4600
2020-06-02,21.5384622300,22.2490599600,22.2653955400,21.4812877000,102084483,2738151204.1600
2020-06-03,22.3797446000,21.9223483600,22.8371408400,21.9141805700,92749214,2538104958.9700
2020-06-04,22.0693685800,21.8325026700,22.1592142700,21.4894554900,72455579,1927951771.9800
2020-06-05,21.7671603500,21.5711333900,21.8243348800,21.3914420100,64940073,1710519995.0300
2020-06-08,21.7181536100,21.7263214000,21.9305161500,21.5793011800,70904066,1887551591.5000
2020-06-09,21.7263214000,21.5956367600,21.9305161500,21.5139588600,73099449,1935524778.8500
2020-06-10,21.5547978100,21.3832742200,21.5711333900,21.2199184200,82901761,2166680255.3800
2020-06-11,21.3260996900,21.1545761000,21.4077775900,21.0892337800,65046772,1691584981.3200
2020-06-12,20.8605356600,20.9993880900,21.1790794700,20.7870255500,57849516,1489193139.5800
2020-06-15,20.8278645000,20.9095424000,21.3342674800,20.8278645000,69373188,1792009586.2600
2020-06-16,21.1382405200,21.0892337800,21.2199184200,20.9912203000,57704046,1489581307.3500
2020-06-17,21.0320592500,20.9748847200,21.1055693600,20.9258779800,45463412,1167883104.2600
2020-06-18,21.0157236700,21.1464083100,21.2770929500,21.0075558800,73326233,1900571862.2800
2020-06-19,21.1954150500,21.1954150500,21.2280862100,21.0075558800,79746001,2060655689.2700
2020-06-22,21.1382405200,20.9830525100,21.1872472600,20.9585491400,70139398,1808213750.9800
2020-06-23,20.9667169300,20.8687034500,20.9748847200,20.8196967100,64300245,1643546816.0600
2020-06-24,20.9830525100,21.5629656000,21.6038045500,20.9667169300,142603984,3740397516.8300
2020-06-29,21.3179319000,21.1709116800,21.4404487500,20.9993880900,89395913,2310930229.0500
2020-06-30,21.3179319000,21.3506030600,21.4404487500,21.1382405200,71438368,1861472337.7900
2020-07-01,21.3832742200,22.9433221100,23.2782015000,21.3751064300,260274854,7124087372.4900
2020-07-02,22.8698120000,23.1883558100,23.5967453100,22.6819528300,213474387,6033529847.5500
2020-07-03,23.4007183500,23.4007183500,23.7846044800,22.9841610600,174435560,4993062505.3400
2020-07-06,23.9316247000,25.3364845800,25.4426658500,23.9316247000,230128506,6955279099.3900
2020-07-07,25.7285385000,24.7484037000,26.1532635800,24.5033700000,171319580,5262391225.2500
2020-07-08,24.7484037000,24.8300816000,25.2384711000,24.2174973500,160128780,4827351740.1300
2020-07-09,24.8709205500,25.0179407700,25.0179407700,24.4053565200,134245408,4058954546.4000
2020-07-10,24.5197055800,23.8254434300,24.5605445300,23.6784232100,209840641,6190314614.8600
2020-07-13,23.6212486800,23.8499468000,24.0051348100,23.2618659200,180403306,5218016833.8500
2020-07-14,23.8009400600,23.6375842600,24.0949805000,23.2373625500,134301828,3889222008.1200
2020-07-15,23.6865910000,23.0985101200,23.9152891200,23.0985101200,115498979,3306443715.8600
2020-07-16,23.0740067500,22.4940936600,23.4578928800,22.4777580800,143843210,4055153708.7200
2020-07-17,22.2653955400,22.2408921700,22.5757715600,21.9795228900,116635074,3177245453.7500
2020-07-20,22.3715768100,23.1148457000,23.2782015000,22.2898989100,113274983,3171353300.9200
2020-07-21,23.2373625500,22.8779797900,23.3027048700,22.7391273600,77630844,2177172136.5200
2020-07-22,22.7799663100,22.7717985200,23.1148457000,22.5839393500,88214650,2470127024.9800
2020-07-23,22.5757715600,22.4777580800,22.8534764200,22.1428786900,99122569,2723562572.9400
2020-07-24,22.3389056500,22.0775363700,22.7717985200,21.9305161500,116023976,3174571069.7600
2020-07-27,22.2735633300,21.7916637200,22.2817311200,21.5057910700,94346722,2510590209.2600
2020-07-28,21.9141805700,21.9468517300,22.0530330000,21.7426569800,61944705,1660026209.3900
2020-07-29,21.8161670900,22.1428786900,22.1673820600,21.6528112900,92689379,2490844472.1400
2020-07-30,22.0857041600,21.9550195200,22.1347109000,21.8815094100,73396871,1975837270.0500
2020-07-31,21.9550195200,21.9223483600,22.2408921700,21.7344891900,73332735,1974226165.3600
2020-08-03,22.0693685800,22.2817311200,22.3389056500,21.9876906800,106223706,2878942644.0600
2020-08-04,22.3797446000,22.6574494600,22.8289730500,22.1102075300,124638336,3425728931.3600
2020-08-05,22.4614225000,22.3389056500,22.5104292400,22.1428786900,81132358,2215309569.1800
2020-08-06,22.3634090200,22.3634090200,22.5676037700,22.0448652100,82724210,2253354540.3600
2020-08-07,22.2082210100,22.0775363700,22.3470734400,21.9713551000,66406285,1798228229.1400
2020-08-10,22.1183753200,22.7146239900,22.8208052600,22.0938719500,105284004,2908314678.9100
2020-08-11,22.8044696800,22.7717985200,23.2291947600,22.7146239900,103836584,2917894974.6400
2020-08-12,22.7799663100,23.4497250900,23.4497250900,22.7064562000,124977408,3535287161.5200
2020-08-13,23.5477385700,23.3598794000,23.7355977400,23.1230134900,79090289,2261412098.2000
2020-08-14,23.6309373000,23.4446001600,23.6309373000,22.9956970500,94094734,2592380291.0000
2020-08-17,23.4954193800,23.8935032700,24.2661775500,23.3429617200,134781783,3808676655.0000
2020-08-18,23.8935032700,23.4615399000,23.9527923600,23.2921425000,84839264,2355345990.9300
2020-08-19,23.4107206800,23.2413232800,23.6309373000,23.1227451000,73057697,2011514008.8000
2020-08-20,23.1650944500,23.2752027600,23.3175521100,23.0041669200,56897597,1555164387.4600
2020-08-21,23.4954193800,23.1735643200,23.5123591200,23.0465162700,51555108,1412631491.6200
2020-08-24,23.3599014600,22.9787573100,23.5038892500,22.9533477000,56626920,1549031069.9200
2020-08-25,23.0295765300,23.0295765300,23.2497931500,22.9702874400,48963532,1334277356.8300
2020-08-26,22.9702874400,22.9364079600,23.2328534100,22.8347695200,52089356,1414456519.9700
2020-08-27,22.9448778300,22.8262996500,23.0126367900,22.4790349800,54184719,1451853794.6700
2020-08-28,22.8940586100,23.3514315900,23.4954193800,22.8940586100,89155721,2453608315.7000
2020-08-31,23.3853110700,23.0973354900,23.5885879500,23.0211066600,80390243,2211848528.3600
2020-09-01,23.0211066600,23.0549861400,23.0634560100,22.8093599100,52429625,1420467874.5200
2020-09-02,23.2074438000,23.3090822400,23.4700097700,22.9787573100,73002297,2002238835.0600
2020-09-03,23.3768412000,23.5547084700,23.8850334000,23.2243835400,79922055,2224433222.7300
2020-09-04,23.3429617200,23.7749250900,23.8426840500,23.2582630200,81618597,2279067498.7000
2020-09-07,23.6732866500,24.0798404100,24.6049723500,23.6732866500,143229421,4103510527.7900
2020-09-08,24.2238282000,23.9697321000,24.7066107900,23.8511539200,96499732,2760457179.9500
2020-09-09,23.8003347000,23.6986962600,24.0544308000,23.4191905500,64561425,1807367850.4400
2020-09-10,24.0205513200,24.1052500200,24.6473217000,24.0205513200,95467662,2741079761.9100
2020-09-11,24.1052500200,23.7156360000,24.1052500200,23.6309373000,54110837,1519932745.3100
2020-09-14,23.7241058700,23.4615399000,23.9697321000,23.3006123700,58840274,1630471940.5900
2020-09-15,23.4191905500,23.6055276900,23.7918648300,23.2752027600,58423226,1625514791.9500
2020-09-16,23.6478770400,23.8765635300,24.0374910600,23.4276604200,55470146,1560700433.4600
2020-09-17,23.8935032700,23.7664552200,24.0798404100,23.6732866500,56562254,1592888069.6400
2020-09-18,23.9527923600,24.8167191000,24.8167191000,23.7833949600,161510550,4683407502.2700
2020-09-21,24.8082492300,24.6812011800,25.0369357200,24.5965024800,72510247,2124799243.1000
2020-09-22,24.5287435200,24.5287435200,24.8844780600,24.3085269000,58374238,1695439445.1200
2020-09-23,24.6473217000,24.3085269000,24.7320204000,24.1814788500,38628856,1110921939.6500
2020-09-24,24.1984185900,23.8003347000,24.2661775500,23.6986962600,56459647,1594343353.4900
2020-09-25,23.7241058700,23.3937809400,24.0120814500,23.2074438000,69722981,1936770307.9300
2020-09-28,23.5462386000,24.0544308000,24.2746474200,23.5123591200,66962773,1898828553.2600
2020-09-29,24.0798404100,23.9612622300,24.3678159900,23.9612622300,41296707,1176463958.7500
2020-09-30,24.3169967700,23.7325757400,24.3169967700,23.4276604200,48983322,1378172924.3900
2020-10-09,23.7579853500,23.7410456100,23.9612622300,23.4954193800,68434585,1913388242.7400
2020-10-12,23.8511539200,23.9782019700,24.2153583300,23.7579853500,92624460,2621595757.6300
2020-10-13,23.8850334000,23.7071661300,23.8850334000,23.6055276900,58837993,1644236367.1500
2020-10-14,23.5885879500,23.5292988600,23.7156360000,23.4191905500,53783877,1492204334.5100
2020-10-15,23.3853110700,23.4615399000,23.6563469100,23.3514315900,52897537,1467258909.8300
2020-10-16,23.4615399000,23.5970578200,23.6648167800,23.4191905500,48096208,1337762653.9300
2020-10-19,23.7156360000,23.4954193800,24.2153583300,23.4361302900,110209791,3101786451.4500
2020-10-20,23.4107206800,23.2752027600,23.4107206800,23.1058053600,62397260,1710112426.8000
2020-10-21,23.3090822400,23.4022508100,23.4022508100,23.1227451000,47335315,1299443588.3400
2020-10-22,23.3006123700,23.7071661300,23.8003347000,23.2921425000,62700229,1748393673.0200
2020-10-23,23.6394071700,23.6139975600,23.8342141800,23.5038892500,57914038,1620264792.0000
2020-10-26,23.7156360000,23.7156360000,23.8342141800,23.5631783400,59362396,1659520719.1300
2020-10-27,23.6478770400,23.2667328900,23.7241058700,23.2243835400,59736939,1652760084.5700
2020-10-28,23.2497931500,22.8008900400,23.2752027600,22.7839503000,75040034,2032697145.9600
2020-10-29,22.7416009500,23.1905040600,23.2667328900,22.5467939400,62871422,1703222368.1000
2020-10-30,23.3768412000,23.3344918500,24.0629006700,23.2074438000,93718111,2612104090.5000
2020-11-02,23.4276604200,23.6732866500,23.8765635300,23.4276604200,82628600,2312506105.6700
2020-11-03,23.7156360000,23.7410456100,23.8426840500,23.5547084700,61766600,1728820912.7300
2020-11-04,23.7579853500,23.8511539200,23.9273827500,23.6309373000,45499180,1278442837.2400
2020-11-05,24.0967801500,24.7743697500,24.8675383200,23.9782019700,120119594,3472076596.9200
2020-11-06,24.8505985800,24.9522370200,25.0454055900,24.5880326100,85288066,2503004841.2900
2020-11-09,25.1724536400,25.0454055900,25.2910318200,24.7235505300,81118542,2391656949.6700
2020-11-10,25.1555139000,24.8421287100,25.5027785700,24.7320204000,61377060,1818191026.9400
2020-11-11,24.8760081900,25.2148029900,25.6213567500,24.7743697500,88521186,2642344524.7200
2020-11-12,25.2063331200,25.2063331200,25.2486824700,24.8844780600,45905719,1361151445.3800
2020-11-13,25.0369357200,24.6049723500,25.1470440300,24.4186352100,66013466,1919346195.0700
2020-11-16,24.8929479300,24.7320204000,24.9861165000,24.5626230000,51657638,1509809656.5700
2020-11-17,24.8167191000,25.3672606500,25.6891157100,24.8082492300,98054093,2936062624.9100
2020-11-18,25.4096100000,26.0533201200,26.3243559600,25.1978632500,124765830,3817214051.5300
2020-11-19,25.8754528500,26.1803681700,26.3412957000,25.8331035000,66088230,2038461994.7700
2020-11-20,26.1803681700,26.1464886900,26.2989463500,25.7822842800,45312111,1394980718.7000
2020-11-23,26.0702598600,26.2904764800,26.5106931000,25.9432118100,66538692,2061809094.0400
2020-11-24,26.2565970000,26.1295489500,26.5953918000,25.9178022000,49378272,1525373991.9300
2020-11-25,26.2565970000,26.0871996000,26.5022232300,25.9178022000,52568471,1627718041.5200
2020-11-26,26.0702598600,26.2057777800,26.3158860900,25.5112484400,58403977,1788275571.3800
2020-11-27,26.3412957000,26.7732590700,27.0188853000,26.3328258300,66701280,2094793750.2600
2020-11-30,26.8494879000,26.0025009000,27.7218845100,26.0025009000,135347749,4289703056.1400
2020-12-01,26.0956694700,26.0448502500,26.2227175200,25.5281881800,84985342,2594740798.8900
2020-12-02,26.1634284300,26.3667053100,27.0697045200,26.0109707700,95456166,2996575854.1100
2020-12-03,26.5699821900,26.1718983000,26.6208014100,25.8754528500,53332753,1649928177.5300
2020-12-04,26.3582354400,25.4096100000,26.3751751800,25.3587907800,81274805,2463450644.7000
2020-12-07,25.4519593500,24.9098876700,25.5620676600,24.8675383200,63008652,1864723134.8100
2020-12-08,24.9437671500,24.7150806600,25.0623453300,24.6642614400,51326146,1504880962.4300
2020-12-09,24.9014178000,24.2746474200,24.9352972800,24.2746474200,63703506,1846463886.7500
2020-12-10,24.4016954700,24.2068884600,24.5287435200,24.0629006700,57886966,1656053693.6200
2020-12-11,24.3085269000,24.1052500200,24.3254666400,23.8850334000,59367174,1686650439.8800
2020-12-14,24.2238282000,24.4948640400,24.5541531300,24.0459609300,65070980,1868221377.9100
2020-12-15,24.3593461200,24.1814788500,24.3847557300,23.9612622300,51801487,1475941747.5900
2020-12-16,24.2661775500,24.2238282000,24.3508762500,23.9189128800,46866602,1337464329.8200
2020-12-17,24.2322980700,24.4271050800,24.5033339100,23.9697321000,51935907,1490903435.0600
2020-12-18,24.4271050800,24.1391295000,24.4355749500,24.0120814500,52545925,1499697428.5300
2020-12-21,23.9697321000,23.8596237900,24.0798404100,23.6902263900,60094152,1692331342.0000
2020-12-22,23.7241058700,23.7579853500,24.1560692400,23.5970578200,56434924,1590342368.8700
2020-12-23,23.8003347000,23.5716482100,23.8426840500,23.3429617200,68509320,1905753907.9000
2020-12-24,23.5716482100,23.6648167800,23.7495154800,23.4700097700,40985765,1142911658.4400
2020-12-25,23.6732866500,23.8003347000,23.9019731400,23.3768412000,42587723,1190253575.2800
2020-12-28,23.8680936600,24.0713705400,24.2661775500,23.5970578200,58368064,1656263428.9200
2020-12-29,24.1899487200,24.1560692400,24.4440448200,23.9866718400,53904291,1544401165.8300
2020-12-30,24.1137198900,24.0374910600,24.2661775500,23.9019731400,49971854,1417604486.2900
2020-12-31,23.9612622300,24.3085269000,24.3932256000,23.9189128800,65199111,1862538331.1800
2021-01-04,24.0544308000,23.5292988600,24.0544308000,23.3090822400,146844133,4079416859.0800
2021-01-05,23.5292988600,23.6394071700,23.6563469100,22.9533477000,116265838,3189607202.9800
2021-01-06,23.5462386000,24.3508762500,24.3508762500,23.4869495100,104880129,2972572549.4500
2021-01-07,24.5626230000,24.3847557300,24.9861165000,24.0459609300,122675574,3544224002.5500
2021-01-08,24.5456832600,24.8505985800,24.9437671500,24.4016954700,102856329,3000845603.1300
2021-01-11,24.9861165000,25.2232728600,25.7060554500,24.7913094900,138812124,4142482791.1600
2021-01-12,25.2232728600,25.1555139000,25.2402126000,24.8760081900,98065437,2899071740.3100
2021-01-13,25.3249113000,25.3249113000,25.5959471400,25.0708152000,94050423,2807916706.3400
2021-01-14,25.3503209100,25.4011401300,26.0787297300,25.2402126000,121632323,3681938197.4800
2021-01-15,25.4180798700,25.3672606500,26.0279105100,25.3079715600,112337238,3399072612.4300
2021-01-18,25.5790074000,26.4768136200,26.4768136200,25.2656222100,125828168,3847315298.9400
2021-01-19,26.4175245300,26.4937533600,27.4000294500,26.0194406400,163168839,5130233086.7200
2021-01-20,26.3158860900,25.8331035000,26.4259944000,25.7060554500,96143454,2946920755.9000
2021-01-21,25.6637061000,25.4943087000,26.0025009000,25.4265497400,87525261,2650781806.7400
2021-01-22,25.3672606500,24.7828396200,25.3672606500,24.5710928700,105809055,3114137415.6400
2021-01-25,24.7828396200,24.8675383200,25.0708152000,24.1899487200,97374972,2825867846.0200
2021-01-26,24.7828396200,25.1555139000,25.5366580500,24.6896710500,81665458,2433266442.4500
2021-01-27,25.1470440300,24.9014178000,25.3672606500,24.8760081900,72430275,2146772480.0900
2021-01-28,24.6049723500,24.0798404100,24.6219120900,23.9019731400,78604139,2240534518.7800
2021-01-29,24.1814788500,23.5377687300,24.2661775500,23.3514315900,96368543,2691727578.6200
2021-02-01,23.6902263900,23.7749250900,23.8172744400,23.0888656200,88669362,2456621915.2700
2021-02-02,23.8765635300,24.0036115800,24.1221897600,23.6817565200,71610837,2021288070.0900
2021-02-03,24.0036115800,23.6478770400,24.0120814500,23.5292988600,58961004,1646692738.7500
2021-02-04,23.6224674300,23.6224674300,24.0120814500,23.2328534100,66557430,1856062457.4500
2021-02-05,23.7241058700,24.4609845600,24.8505985800,23.7241058700,103026092,2954837147.9500
2021-02-08,24.5626230000,24.6727313100,25.2063331200,24.2238282000,83203690,2428055238.6700
2021-02-09,24.5541531300,24.3508762500,24.6219120900,24.1730089800,67356766,1934330496.7200
2021-02-10,24.2322980700,24.4186352100,24.5456832600,24.0120814500,65214896,1874968653.2700
2021-02-18,24.5202736500,25.4180798700,25.5197183100,24.5202736500,99692214,2956988623.6800
2021-02-19,25.1555139000,25.2740920800,25.4434894800,25.0708152000,75857453,2260941140.7900
2021-02-22,25.2740920800,25.1809235100,25.6891157100,25.0030562400,85234085,2548985160.4900
2021-02-23,25.1470440300,25.4180798700,25.4519593500,24.8082492300,86137981,2558687600.1700
2021-02-24,25.3418510400,25.4011401300,25.9008624600,24.9861165000,96994813,2915177292.9000
2021-02-25,25.8246336300,27.9421011300,27.9421011300,25.7568746700,259540385,8382663603.6300
2021-02-26,27.5863665900,28.0352697000,28.8653169600,26.7817289400,252918039,8329307819.7500
2021-03-01,28.0352697000,28.2470164500,28.5519317700,27.3492102300,128083415,4229750891.0300
2021-03-02,27.9505710000,28.1961972300,29.3057502000,27.8658723000,122014989,4110315440.8700
2021-03-03,27.9082216500,28.3740645000,28.7890881300,27.6033063300,116484063,3876750278.8300
2021-03-04,28.2046671000,27.6880050300,28.8822567000,27.5016678900,129285784,4282826795.7100
2021-03-05,27.2729814000,26.7139699800,27.6880050300,26.3243559600,130328373,4141889138.1000
2021-03-08,27.0188853000,26.4259944000,27.2729814000,26.4259944000,77195980,2440558380.4100
2021-03-09,26.5276328400,26.2735367400,26.8156084200,26.0109707700,94341472,2952321623.7800
2021-03-10,26.4005847900,25.9940310300,26.4259944000,25.6637061000,87751775,2695626753.0900
2021-03-11,26.0533201200,26.3836450500,26.6462110200,25.9855611600,74267935,2305270606.4200
2021-03-12,26.3412957000,26.6716206300,27.4084993200,25.9686214200,90195992,2834218950.5900
2021-03-15,26.5106931000,26.6292712800,27.0019455600,26.4683437500,61931560,1951738303.2600
2021-03-16,26.6716206300,27.8658723000,28.0860889200,26.5106931000,120542317,3904735921.9300
2021-03-17,27.6541255500,27.7049447700,28.3147754100,27.4084993200,71897072,2355350648.6100
2021-03-18,27.6117762000,27.6964749000,28.1877273600,27.5101377600,48213522,1580726128.4100
2021-03-19,27.5270775000,26.4259944000,27.5270775000,26.1295489500,98992204,3114965955.7000
2021-03-22,26.1380188200,26.7901988100,26.8833673800,26.1295489500,52195000,1638045601.5300
2021-03-23,26.7732590700,26.6123315400,26.8156084200,26.3751751800,42266007,1324354573.9400
2021-03-24,26.6123315400,26.0533201200,26.6800905000,25.7484048000,55912271,1720137542.6700
2021-03-25,26.0617899900,25.8754528500,26.2142476500,25.7484048000,36169451,1107320163.9400
2021-03-26,25.9178022000,26.0194406400,26.2227175200,25.8500432400,42877115,1317279830.2000
2021-03-29,25.9855611600,26.2565970000,26.5361027100,25.6806458400,51928828,1608545546.8500
2021-03-30,26.2481271300,26.5699821900,26.8410180300,26.0871996000,47909950,1496309174.5600
2021-03-31,26.2311873900,25.4096100000,26.2311873900,25.1809235100,116841303,3512092086.3000
2021-04-01,25.4096100000,25.2656222100,25.5366580500,25.0454055900,52511818,1565413902.0200
2021-04-02,25.4096100000,25.4096100000,25.4773689600,25.1131645500,38134962,1140366058.4600
2021-04-06,25.4096100000,24.9268274100,25.4096100000,24.7489601400,58384570,1724509734.1400
2021-04-07,24.9861165000,25.1555139000,25.1724536400,24.7913094900,48844053,1441764754.0900
2021-04-08,24.9014178000,24.7066107900,24.9691767600,24.5456832600,63040064,1836528786.2600
2021-04-09,24.8167191000,24.4440448200,24.8336588400,24.3339365100,52859580,1527734333.9400
2021-04-12,24.5710928700,24.2153583300,24.6388518300,24.1391295000,63522777,1826857600.6500
2021-04-13,24.3085269000,23.9612622300,24.3932256000,23.8257443100,66969480,1899238929.4300
2021-04-14,24.0544308000,24.3593461200,24.4355749500,23.9782019700,54416459,1559705230.6200
2021-04-15,24.2661775500,24.2492378100,24.4694544300,23.9612622300,50352728,1436503927.3200
2021-04-16,24.3847557300,24.4525146900,24.4525146900,24.1475993700,39575323,1137450227.7300
2021-04-19,24.4186352100,24.5626230000,24.6219120900,24.0967801500,61989379,1786257528.4100
2021-04-20,24.3932256000,24.3339365100,24.4948640400,24.2915871600,52977442,1524136940.4900
2021-04-21,24.2068884600,24.2661775500,24.3254666400,23.8596237900,55173425,1570191364.3200
2021-04-22,24.4101653400,24.5795627400,24.6303819600,24.2577076800,56002606,1619545180.4100
2021-04-23,24.1391295000,23.7918648300,24.1814788500,23.6478770400,129256862,3642929927.4000
2021-04-26,23.7156360000,23.4615399000,23.8850334000,23.3768412000,85945040,2389022461.0500
2021-04-27,23.4107206800,23.6563469100,23.6732866500,23.2921425000,51107923,1419534467.8300
2021-04-28,23.6648167800,23.4446001600,23.6986962600,23.3599014600,47612048,1318472547.2200
2021-04-29,23.5292988600,23.6224674300,23.6224674300,23.2921425000,62386245,1730411465.2000
2021-04-30,23.8765635300,23.8596237900,24.1137198900,23.6563469100,77713354,2193592779.8300
2021-05-06,23.6055276900,23.6478770400,23.8426840500,23.4869495100,48997550,1368795687.5600
2021-05-07,23.6394071700,23.7156360000,24.0120814500,23.6139975600,49128928,1382769019.5100
2021-05-10,23.7071661300,23.3260219800,23.7156360000,23.1058053600,58966732,1620092499.8300
2021-05-11,23.1312149700,23.3937809400,23.4869495100,22.9533477000,36885546,1011671789.1600
2021-05-12,23.2074438000,22.8940586100,23.2074438000,22.7670105600,81036366,2192214694.8200
2021-05-13,22.6992516000,22.7670105600,22.8432393900,22.6060830300,55027701,1475343362.8500
2021-05-14,22.7670105600,22.9279380900,22.9618175700,22.5467939400,62463017,1679203378.4500
2021-05-17,22.8940586100,22.9702874400,23.2074438000,22.7161913400,58204840,1579929565.0300
2021-05-18,23.0211066600,23.1142752300,23.1820341900,22.8432393900,43748593,1188090534.6700
2021-05-19,23.1227451000,22.6738419900,23.1650944500,22.6145529000,51506774,1386373303.0700
2021-05-20,22.5806734200,22.8432393900,22.8686490000,22.3773965400,45749855,1226541383.5200
2021-05-21,22.8347695200,22.5044445900,22.8601791300,22.4451555000,49577012,1323749768.5000
2021-05-24,22.4282157600,22.1825895300,22.4282157600,22.1148305700,72921236,1911692454.0100
2021-05-25,22.2079991400,22.6653721200,22.7331310800,22.1487100500,72105809,1914396826.2300
2021-05-26,22.6569022500,23.0211066600,23.2752027600,22.6230227700,81702930,2219956237.6500
2021-05-27,23.0295765300,23.0041669200,23.1735643200,22.8517092600,54203468,1472407803.0100
2021-05-28,23.0041669200,22.8262996500,23.2328534100,22.6992516000,60260467,1627551100.0800
2021-05-31,22.8262996500,22.6145529000,22.8940586100,22.4705651100,56625076,1511447034.6200
2021-06-01,22.7670105600,22.5298542000,22.8432393900,22.4197458900,60990961,1622419892.4100
2021-06-02,22.4451555000,22.6653721200,23.0211066600,22.2842279700,85354506,2287264276.0500
2021-06-03,22.7416009500,22.5891432900,22.8432393900,22.4959747200,50594187,1353546853.7500
2021-06-04,22.4959747200,22.3011677100,22.6145529000,22.1741196600,71422364,1885479323.0300
2021-06-07,22.1233004400,21.9708427800,22.1741196600,21.8353248600,64745280,1676861164.6200
2021-06-08,22.0131921300,22.0724812200,22.1825895300,21.9369633000,44676494,1164306328.2600
2021-06-09,22.0724812200,21.9454331700,22.1487100500,21.9030838200,38991824,1012531051.4100
2021-06-10,21.9030838200,21.7252165500,22.0555414800,21.6828672000,53800776,1387584802.9600
2021-06-11,21.6659274600,21.4203012300,21.7252165500,21.3186627900,75853738,1918663075.9500
2021-06-15,21.3440724000,20.9713981200,21.3694820100,20.8358802000,89915501,2228846013.4000
2021-06-16,20.9629282500,21.1407955200,21.5134698000,20.9375186400,67606805,1693490877.2400
2021-06-17,21.1407955200,21.1746750000,21.2763134400,20.9798679900,44017536,1098897074.4900
2021-06-18,21.1323256500,20.8104705900,21.1323256500,20.7088321500,70094229,1722492946.0300
2021-06-21,20.7511815000,20.4970854000,20.7765911100,20.3700373500,62470530,1513602453.7900
2021-06-22,20.5817841000,20.5224950100,20.7257718900,20.3276880000,72475025,1754346052.9900
2021-06-23,20.5394347500,20.7511815000,20.8020007200,20.4293264400,74396048,1809991559.9100
2021-06-24,20.8020007200,20.6071937100,20.8528199400,20.5224950100,60145502,1470290943.3200
2021-06-25,20.6664828000,20.7596513700,20.7935308500,20.5817841000,47820696,1168852241.1400
2021-06-28,20.8612898100,20.3954469600,20.8866994200,20.3700373500,56301894,1364565709.0000
2021-06-29,20.4123867000,20.1582906000,20.5140251400,20.0905316400,66440465,1588927547.4600
2021-06-30,20.1752303400,20.1667604700,20.2599290400,19.9041945000,49888263,1183027397.4700
2021-07-01,20.2345194300,21.1577352600,21.4711204500,20.2006399500,131538353,3255497222.2400
2021-07-02,20.9883378600,20.3700373500,20.9883378600,20.3615674800,88729038,2155246012.5800
2021-07-05,20.3785072200,20.1752303400,20.4039168300,19.9465438500,60599153,1437710035.2900
2021-07-06,20.2429893000,20.7342417600,20.9629282500,20.1244111200,84413479,2058328662.1200
2021-07-07,20.4970854000,20.3615674800,20.7342417600,20.3022783900,59854074,1442986989.7700
2021-07-08,20.4547360500,20.3700373500,20.5394347500,20.0820617700,58915523,1411774651.6100
2021-07-09,20.1837002100,20.3785072200,20.5733142300,20.1752303400,49590781,1192140717.6400
2021-07-12,20.5733142300,20.1752303400,20.5733142300,20.1413508600,64578882,1547277245.8300
2021-07-13,20.1921700800,20.1921700800,20.4462661800,20.0990015100,42941308,1026027218.9500
2021-07-14,20.1667604700,19.6585682700,20.2260495600,19.6500984000,74848233,1753035681.2500
2021-07-15,19.6585682700,19.9211342400,20.0990015100,19.4891708700,63981243,1498254942.1000
2021-07-16,19.8194958000,20.2853386500,20.3700373500,19.7771464500,64315372,1534958952.8100
2021-07-19,20.2260495600,19.8872547600,20.2345194300,19.7093874900,57864557,1355079894.4100
2021-07-20,19.7347971000,19.5569298300,19.7940861900,19.3960023000,55247795,1275982242.0800
2021-07-21,19.4807010000,19.2520145100,19.6162189200,19.1842555500,69051128,1573728265.6500
2021-07-22,19.2350747700,19.6585682700,19.6924477500,19.1588459400,71118078,1640587778.9100
2021-07-23,19.6077490500,19.5738695700,19.7771464500,19.3536529500,52294329,1205101189.0000
2021-07-26,19.3113036000,18.0916423200,19.3113036000,17.9984737500,142371428,3100431096.0600
2021-07-27,18.0408231000,17.0752579200,18.0408231000,17.0159688300,141066174,2909955940.0100
2021-07-28,17.0921976600,17.3547636300,17.5919199900,17.0583181800,105118849,2147044673.8500
2021-07-29,17.5326309000,17.4479322000,17.6596789500,17.1176072700,78796684,1623275244.0600
2021-07-30,17.2700649300,17.4987514200,17.5326309000,17.0244387000,67998848,1392126723.3400
2021-08-02,17.4479322000,17.7020283000,17.9391846600,17.0244387000,83480263,1731493149.1000
2021-08-03,17.7104981700,17.6850885600,17.9815340100,17.6088597300,55773652,1167380578.7800
2021-08-04,17.6766186900,17.4055828500,17.6766186900,17.3378238900,62016383,1277452582.0800
2021-08-05,17.5749802500,17.7782571300,18.2017506300,17.4902815500,114984354,2425340168.7100
2021-08-06,17.5580405100,17.8714257000,17.9222449200,17.2192457100,63643530,1323046749.8600
2021-08-09,17.7867270000,18.8708703600,19.2774241200,17.7697872600,138908123,3081214270.2600
2021-08-10,18.7946415300,18.5151358200,18.7946415300,18.1848108900,89860703,1954452444.5300
2021-08-11,19.1419062000,19.5738695700,20.2853386500,19.1419062000,194035706,4554630705.2700
2021-08-12,19.5061106100,19.1757856800,19.7263272300,19.1757856800,86088384,1967002394.3400
2021-08-13,19.1334363300,19.3028337300,19.5061106100,18.9047498400,57671209,1311218580.0900
2021-08-16,19.4044721700,19.4468215200,19.9719534600,19.2858939900,82395427,1914354776.9000
2021-08-17,19.3113036000,19.5823394400,20.2175796900,19.2943638600,105042381,2457163052.3900
2021-08-18,19.6500984000,20.0905316400,20.2853386500,19.2689542500,92775578,2172493652.6800
2021-08-19,19.9126643700,19.6077490500,20.0735919000,19.4552913900,79264468,1838800106.4100
2021-08-20,19.6416285300,19.2689542500,19.9041945000,18.9894485400,82038392,1868941863.7700
2021-08-23,19.3197734700,19.3282433400,19.4637612600,19.2096651600,41164196,939780918.2600
2021-08-24,19.2858939900,19.4976407400,19.6755080100,19.1673158100,74620829,1708479465.7900
2021-08-25,19.8110922800,19.0229475600,19.8110922800,18.8527799500,88659218,1900600261.0800
2021-08-26,18.9154732800,18.6915685300,19.2468523100,18.6467875800,60152046,1266424488.4600
2021-08-27,18.6915685300,18.7184371000,18.9244294700,18.5572256800,48674682,1017770853.8400
2021-08-30,17.9123800000,17.4018771700,17.9750733300,17.2854467000,170726663,3346337006.4600
2021-08-31,17.2675343200,17.7332562000,17.7959495300,17.0884105200,96739546,1880117403.1300
2021-09-01,17.5989133500,18.6467875800,18.9423418500,17.5003952600,125179018,2578218302.3600
2021-09-02,18.7632180500,18.9871228000,19.2558085000,18.4855761600,75926643,1602798012.0600
2021-09-03,18.8975609000,18.7453056700,19.2110275500,18.5393133000,68451633,1441816155.7100
2021-09-06,18.6020066300,18.4049704500,18.8527799500,18.2885399800,79230248,1633927073.7700
2021-09-07,18.5214009200,18.4407952100,18.5930504400,18.2258466500,63070053,1295608674.3300
2021-09-08,18.2795837900,18.2079342700,18.5393133000,18.1810657000,66361055,1355179398.0800
2021-09-09,18.0646352300,18.0915038000,18.2616714100,17.8586428600,58518237,1179987025.7600
2021-09-10,18.0915038000,18.2706276000,18.4766199700,18.0198542800,68211435,1391976583.4700
2021-09-13,18.1721095100,19.0408599400,19.0766847000,17.9302923800,147044429,3065955441.4900
2021-09-14,18.9244294700,18.0288104700,19.2110275500,17.9661171400,160705843,3298161712.3400
2021-09-15,17.9123800000,17.5362200200,17.9482047600,17.4735266900,103346382,2041881878.4200
2021-09-16,17.5272638300,17.0346733800,17.5541324000,17.0346733800,110087024,2113908028.0500
2021-09-17,17.0615419500,17.0794543300,17.3212714600,16.9540676700,70531915,1347615553.1500
2021-09-22,16.9271991000,17.9840295200,18.1362847500,16.7839000600,164489990,3250979129.5800
2021-09-23,17.8228181000,18.4049704500,18.7453056700,17.7780371500,145578719,2986064845.5500
2021-09-24,18.2706276000,18.1989780800,18.6109628200,18.0915038000,76925935,1573373809.7800
2021-09-27,18.0467228500,17.7422123900,18.2527152200,17.6526504900,69313022,1380073626.0400
2021-09-28,18.1989780800,18.8796485200,19.3991075400,18.1989780800,210343452,4437843102.2700
2021-09-29,19.0766847000,18.9602542300,19.2558085000,18.7542618600,109234913,2317154698.9200
2021-09-30,19.2110275500,19.0856408900,19.5961437200,18.8886047100,100586048,2159365666.9100
2021-10-08,19.2378961200,19.0229475600,19.4259761100,18.8886047100,73268745,1562199440.5000
2021-10-11,19.0587723200,19.7931799000,20.1603836900,19.0319037500,126899398,2804632484.4000
2021-10-12,19.7036180000,19.9723037000,20.4648941500,19.5603189600,127217949,2861826258.6400
2021-10-13,19.9275227500,19.9723037000,20.0976903600,19.4438884900,75108756,1662450797.9900
2021-10-14,19.8827418000,19.0766847000,20.1066465500,19.0319037500,84773763,1836458399.6800
2021-10-15,19.0319037500,18.8886047100,19.2289399300,18.7632180500,78429686,1659579916.0500
2021-10-18,18.8348675700,18.1810657000,18.8796485200,18.0735914200,107603224,2201113070.4800
2021-10-19,18.3781018800,18.1810657000,18.5751380600,18.1004599900,63732740,1299648695.9100
2021-10-20,18.2348028400,17.9123800000,18.4228828300,17.8317742900,91426900,1836350372.8200
2021-10-21,18.0915038000,18.5661818700,18.7453056700,17.8407304800,162394148,3345828101.9500
2021-10-22,18.8617361400,19.1035532700,19.7483989500,18.8527799500,151416456,3259316919.7200
2021-10-25,18.6288752000,18.4407952100,19.4080637300,18.1094161800,170241599,3519256932.7400
2021-10-26,18.4407952100,17.6616066800,18.4407952100,17.6616066800,155672779,3109672068.2100
2021-10-27,17.5630885900,17.6078695400,17.8586428600,17.2675343200,94848812,1864580876.6600
2021-10-28,17.5541324000,17.1331914700,17.5541324000,17.0167610000,104188563,2000450263.9200
2021-10-29,16.9809362400,16.3092219900,17.1331914700,16.1659229500,244690482,4474612186.0600
2021-11-01,16.2733972300,16.2913096100,16.4793896000,16.0942734300,108848243,1975554523.1700
2021-11-02,16.2465286600,15.7987191600,16.3808715100,15.6912448800,144431669,2575924469.9700
2021-11-03,15.8524563000,16.1659229500,16.2017477100,15.7270696400,91734710,1647494236.6700
2021-11-04,16.1300981900,16.1748791400,16.2465286600,15.8793248700,68115306,1223281181.5000
2021-11-05,16.1211420000,15.9599305800,16.1211420000,15.9241058200,59899261,1070050195.0300
2021-11-08,16.4614772200,16.3987838900,16.6585134000,16.2375724700,120452383,2211029748.2000
2021-11-09,16.3540029400,16.3181781800,16.3987838900,16.0405362900,67342991,1222203473.4100
2021-11-10,16.4525210300,16.9988486200,17.0257171900,16.1121858100,169556754,3153132849.0400
2021-11-11,16.9719800500,18.6199190100,18.6646999600,16.9182429100,315101584,6352746112.9500
2021-11-12,18.3601895000,17.6974314400,18.3601895000,17.3839647900,206592412,4100076111.0300
2021-11-15,17.5183076400,17.3750086000,17.5451762100,17.1242352800,95933152,1852352374.3600
2021-11-16,17.2764905100,17.2317095600,17.5272638300,17.2048409900,59398940,1149085955.8200
2021-11-17,17.2227533700,17.4287457400,17.4914390700,17.0973667100,62374971,1205064294.2000
2021-11-18,17.3302276500,17.0973667100,17.3750086000,16.9988486200,60999575,1168010581.6200
2021-11-19,17.0257171900,17.8228181000,18.1631533200,16.9451114800,130829309,2570652947.7800
2021-11-22,17.8228181000,17.2137971800,17.8675990500,17.1869286100,87758430,1697701639.9300
2021-11-23,17.1869286100,17.2317095600,17.4108333600,17.1063229000,56343565,1083646252.5300
2021-11-24,17.1242352800,17.2854467000,17.3570962200,17.0167610000,82736698,1587246249.1600
2021-11-25,17.2137971800,17.2137971800,17.3302276500,17.0794543300,51812306,995473890.4900
2021-11-26,17.1511038500,17.0078048100,17.1511038500,16.9719800500,50402333,959331064.9900
2021-11-29,16.7928562500,16.5331267400,16.9003305300,16.4346086500,71859581,1334479867.8400
2021-11-30,16.5152143600,16.3540029400,16.7122505400,16.2644410400,71309222,1305310857.9500
2021-12-01,16.3540029400,16.5420829300,16.6943381600,16.3092219900,67451582,1243807181.2000
2021-12-02,16.4793896000,17.0436295700,17.0973667100,16.3181781800,101785861,1912007664.3200
2021-12-03,17.0436295700,17.2585781300,17.3302276500,16.6495572100,109532905,2086138469.6700
2021-12-06,17.5541324000,17.4556143100,18.0467228500,17.4287457400,125570893,2480574983.0100
2021-12-07,18.0467228500,17.8586428600,18.1810657000,17.6436943000,152240768,3043922670.0600
2021-12-08,17.8586428600,17.7422123900,17.8944676200,17.4645705000,92476411,1822115931.3800
2021-12-09,17.8049057200,18.2706276000,18.4497514000,17.7959495300,131433978,2670445855.9300
2021-12-10,18.0915038000,18.0556790400,18.3064523600,17.9213361900,77189000,1556669244.6600
2021-12-13,17.9840295200,17.8228181000,18.3960142600,17.7959495300,97355343,1956861382.3000
2021-12-14,17.8317742900,17.4645705000,17.8675990500,17.4018771700,77966905,1527933127.4500
2021-12-15,17.3839647900,17.5630885900,17.7063876300,17.3750086000,53641083,1052614958.1000
2021-12-16,17.4735266900,17.7243000100,17.9929857100,17.4466581200,55501743,1099032837.5000
2021-12-17,17.7243000100,17.4914390700,17.8586428600,17.4914390700,52678298,1035530890.1500
2021-12-20,17.4735266900,17.5183076400,17.8675990500,17.4735266900,68959848,1360521094.6900
2021-12-21,17.4556143100,18.1900218900,18.5124447300,17.4108333600,159263253,3232649618.8600
2021-12-22,18.1721095100,17.7869933400,18.2079342700,17.7332562000,96198591,1921112690.9800
2021-12-23,17.7959495300,17.5989133500,17.9034238100,17.4645705000,69722678,1371590383.7500
2021-12-24,17.5989133500,17.5899571600,17.6705628700,17.2854467000,54067661,1054677918.0700
2021-12-27,17.7243000100,17.5720447800,18.0377666600,17.5362200200,75474417,1497295613.0900
2021-12-28,17.4824828800,17.6257819200,17.7063876300,17.3660524100,69046789,1353124078.2100
2021-12-29,17.5989133500,17.3570962200,17.7422123900,17.3391838400,58214420,1135708852.0900
2021-12-30,17.3302276500,17.1242352800,17.4018771700,17.0436295700,81221299,1557113848.0900
2021-12-31,17.1421476600,17.6974314400,17.8855114300,17.1063229000,115918655,2275602656.0000
2022-01-04,17.4556143100,18.3512333100,18.4945323500,17.3391838400,194720202,3956475666.0500
2022-01-05,18.2974961700,18.9602542300,19.3543265900,18.2348028400,193045791,4075047844.5600
2022-01-06,18.9154732800,18.8527799500,19.3991075400,18.6199190100,138027406,2923511291.2500
2022-01-07,19.1483342200,19.6050999100,20.1156027400,19.1214656500,226276805,4969780143.6900
2022-01-10,19.5244942000,19.8469170400,20.2947265400,19.3095456400,152779663,3376585470.5000
2022-01-11,19.8021360900,19.9723037000,20.6798427100,19.5155380100,170265125,3837452592.7200
2022-01-12,19.8379608500,19.7483989500,19.9812598900,19.2647646900,126895594,2783109367.8600
2022-01-13,19.7036180000,19.2826770700,19.9543913200,19.2289399300,91286731,1984764398.4100
2022-01-14,19.3364142100,18.5393133000,19.4349323000,18.5124447300,104725179,2191322326.4800
2022-01-17,18.5034885400,18.6915685300,19.0050351800,18.5034885400,62602107,1311268282.5600
2022-01-18,18.7632180500,19.3364142100,19.6140561000,18.6826123400,106723695,2286204060.4200
2022-01-19,19.5244942000,19.6140561000,19.9723037000,19.2558085000,119176273,2611685896.0800
2022-01-20,19.6946618100,19.8021360900,20.2409894000,19.6140561000,159201940,3538267133.3200
2022-01-21,19.6319684800,19.3811951600,19.7663113300,19.2558085000,79129554,1717179550.1900
2022-01-24,19.3364142100,19.4349323000,19.7036180000,19.0319037500,81358420,1761877978.2300
2022-01-25,19.3453704000,18.6467875800,19.4170199200,18.5661818700,106317655,2239316767.5600
2022-01-26,18.7990428100,18.5661818700,18.9065170900,18.3601895000,67740414,1400883473.2300
2022-01-27,18.3870580700,18.3064523600,18.7184371000,18.1273285600,99185805,2038304825.6400
2022-01-28,18.4497514000,18.2079342700,18.6736561500,18.1452409400,85890022,1765406636.6300
2022-02-07,18.3870580700,18.7273932900,18.8259113800,18.1273285600,93756430,1936407933.6800
2022-02-08,18.6378313900,18.7005247200,18.8886047100,18.2706276000,81650810,1690753297.2500
2022-02-09,18.6467875800,18.3601895000,19.0945970800,18.2795837900,136915644,2857589555.4900
2022-02-10,18.2885399800,18.6736561500,18.9781666100,17.8228181000,140992320,2911436086.9800
2022-02-11,18.8079990000,18.9692104200,19.4170199200,18.8079990000,149111845,3179393916.6200
2022-02-14,18.7632180500,18.1273285600,18.7632180500,18.0915038000,126886699,2590358817.4500
2022-02-15,18.1362847500,17.7422123900,18.1989780800,17.6526504900,114032047,2269888626.5400
2022-02-16,17.7959495300,17.9123800000,18.0556790400,17.6795190600,70648987,1409098466.0900
2022-02-17,17.8855114300,17.7332562000,17.8855114300,17.5183076400,77303530,1526819219.2700
2022-02-18,17.6436943000,18.3422771200,18.3960142600,17.6436943000,137271076,2777835884.5900
2022-02-21,18.1810657000,18.5393133000,18.7273932900,18.0019419000,93337388,1912526227.2500
2022-02-22,18.3691456900,18.4855761600,18.7542618600,18.2706276000,86777261,1788757118.0800
2022-02-23,18.4945323500,18.1452409400,18.5303571100,17.9302923800,91691868,1852695470.2600
2022-02-24,18.0467228500,17.7690809600,18.2527152200,17.5541324000,87979439,1752828027.7900
2022-02-25,17.8675990500,17.4914390700,17.9392485700,17.4197895500,89396982,1758871460.4300
2022-02-28,17.4645705000,17.1958848000,17.4645705000,17.0078048100,86195407,1652652688.0000
2022-03-01,17.2048409900,17.3570962200,17.4018771700,17.1063229000,81580563,1570307872.0000
2022-03-02,17.3839647900,17.3033590800,17.6168257300,17.1152790900,89209507,1727309504.0000
2022-03-03,17.3302276500,17.4556143100,17.6705628700,17.3212714600,131903840,2574130000.0000
2022-03-04,17.2854467000,16.7570314900,17.2854467000,16.4346086500,213782225,3984274064.0000
2022-03-07,16.6047762600,16.6047762600,16.9271991000,16.4166962700,119326590,2216789152.0000
2022-03-08,16.5241705500,15.8255877300,16.5689515000,15.7539382100,158372769,2844612864.0000
2022-03-09,15.9151496300,15.2076106200,15.9688867700,14.3746849500,229964748,3907216496.0000
2022-03-10,15.3867344200,15.0195306300,15.4673401300,14.9837058700,105907867,1796610784.0000
2022-03-11,14.6433706500,14.9120563500,15.0016182500,14.3478163800,102124839,1676581392.0000
2022-03-14,14.6702392200,14.4105097100,15.1807420500,14.3657287600,112594520,1852414496.0000
2022-03-15,14.1507802000,13.2551612000,14.2313859100,13.2282926300,209884233,3215504864.0000
2022-03-16,13.6134088000,13.8910506900,14.1507802000,12.9237821700,210098664,3180485808.0000
2022-03-17,14.6971077900,14.9389249200,15.1180487200,14.5806773200,221623620,3669244192.0000
2022-03-18,14.7239763600,15.6285515500,15.7181134500,14.5985897000,183948423,3126922096.2600
2022-03-21,15.4762963200,15.0463992000,15.4762963200,14.9478811100,141043856,2379849481.9700
2022-03-22,14.8314506400,15.7449820200,15.9151496300,14.8045820700,197057242,3421100900.3700
2022-03-23,15.8076753500,16.0405362900,16.4256524600,15.3329972800,182950907,3232947128.3200
2022-03-24,15.7449820200,15.6554201200,16.1211420000,15.6016829800,106482355,1880966654.7700
2022-03-25,15.4942087000,15.5927267900,16.0315801000,15.3240410900,96022889,1685566620.0100
2022-03-28,15.3150849000,15.9151496300,16.0405362900,15.2344791900,104208574,1837872774.3000
2022-03-29,15.7897629700,15.6554201200,15.9778429600,15.5748144100,65577238,1154358466.3500
2022-03-30,15.7181134500,16.9988486200,17.0615419500,15.6464639300,219506404,4075693974.7600
2022-03-31,16.3898277000,17.1511038500,18.0467228500,16.3719153200,334939968,6411092608.3300
2022-04-01,16.9719800500,18.5034885400,18.7542618600,16.9092867200,301454192,6031511993.4100
2022-04-06,19.0856408900,19.0050351800,19.6140561000,18.5124447300,296247392,6322297909.8900
2022-04-07,18.7184371000,18.7273932900,19.3811951600,18.5214009200,179090348,3769843494.2800
2022-04-08,18.7273932900,19.2468523100,19.3453704000,18.3154085500,182375430,3847315826.4600
2022-04-11,18.8527799500,18.5751380600,19.2378961200,18.2706276000,165525558,3468638474.9500
2022-04-12,18.7363494800,18.0646352300,19.0319037500,17.8765552400,172022414,3521839093.7300
2022-04-13,18.0019419000,18.3601895000,18.9781666100,17.7780371500,160518912,3294797527.5100
2022-04-14,18.4855761600,18.8079990000,19.3901513500,18.0467228500,177527324,3709221265.3000
2022-04-15,18.6646999600,19.0766847000,19.5961437200,18.5572256800,155838295,3335558127.3300
2022-04-18,18.7005247200,18.3870580700,18.8796485200,18.2258466500,106750212,2209265213.0800
2022-04-19,18.3960142600,18.5034885400,18.5393133000,17.6168257300,119979798,2423548169.6200
2022-04-20,18.2974961700,17.3302276500,18.4139266400,17.1958848000,161914837,3191731006.0200
2022-04-21,17.2406657500,17.2854467000,17.7869933400,17.1869286100,103053966,2007205390.7900
2022-04-22,17.1063229000,17.7422123900,18.0019419000,17.0167610000,110617127,2184286532.2400
2022-04-25,17.5541324000,16.8645057700,17.9034238100,16.8376372000,112780075,2172308177.6400
2022-04-26,16.8376372000,16.9809362400,17.5093514500,16.7032943500,106140057,2023745887.8900
2022-04-27,16.7122505400,16.3271343700,17.2048409900,15.8703686800,184496126,3368085084.5200
2022-04-28,16.3092219900,16.7480753000,17.0436295700,16.1659229500,159203223,2947417800.7900
2022-04-29,16.7928562500,17.3570962200,17.7063876300,16.4704334100,191745747,3665754967.1800
2022-05-05,17.4824828800,17.4018771700,17.7422123900,16.8107686300,153166945,2945383169.6300
2022-05-06,16.9898924300,16.5599953100,17.1331914700,16.4883457900,110968132,2075217616.6700
2022-05-09,16.5599953100,16.5510391200,16.9092867200,16.3719153200,54575587,1014274200.8800
2022-05-10,16.3360905600,16.6226886400,16.7749438700,16.0494924800,99267078,1809822438.5600
2022-05-11,16.5689515000,16.5331267400,16.7032943500,16.3181781800,96632470,1779263169.0000
2022-05-12,16.4077400800,16.1032296200,16.5241705500,15.9241058200,91043532,1641736923.1200
2022-05-13,16.1211420000,16.7212067300,16.7480753000,16.0405362900,121213833,2239903528.3600
2022-05-16,17.1958848000,16.9092867200,17.2764905100,16.4525210300,122100817,2301991153.5000
2022-05-17,16.8376372000,17.0794543300,17.5541324000,16.6674695900,116903766,2233125975.2500
2022-05-18,17.0257171900,16.8555495800,17.1690162300,16.5420829300,76115784,1428799003.8600
2022-05-19,16.5689515000,17.2406657500,17.3302276500,16.5420829300,101755207,1942389640.7000
2022-05-20,17.3750086000,16.9271991000,17.4556143100,16.6226886400,160207731,3026224962.5200
2022-05-23,16.7659876800,16.4346086500,16.8824181500,16.3898277000,97730652,1802623185.7000
2022-05-24,16.3898277000,16.2286162800,16.5868638800,16.2017477100,63520018,1161710152.7800
2022-05-25,16.2375724700,16.3181781800,16.3271343700,16.1211420000,43405272,785934746.8100
2022-05-26,16.3002658000,16.4704334100,16.7032943500,16.1838353300,63866715,1174594796.7600
2022-05-27,16.4973019800,16.2465286600,16.5599953100,16.1480105700,52641209,958935329.2500
2022-05-30,16.2554848500,15.9599305800,16.3450467500,15.8793248700,88207837,1580456942.5100
2022-05-31,15.9688867700,15.9509743900,16.0763610500,15.7718505900,94078893,1670901260.7700
2022-06-01,15.9778429600,16.0136677200,16.2286162800,15.8882810600,80684815,1445560286.7000
2022-06-02,15.9599305800,15.8614124900,15.9688867700,15.6912448800,76505893,1352806928.2200
2022-06-06,15.8435001100,15.4852525100,15.8435001100,15.2255230000,154844640,2662740744.9400
2022-06-07,15.4404715600,15.6106391700,15.7091572600,15.3956906100,94494171,1642075793.5900
2022-06-08,15.6195953600,15.7091572600,15.7270696400,15.4673401300,73783784,1285204784.3800
2022-06-09,15.7449820200,15.9688867700,16.0763610500,15.7270696400,100012186,1781400708.3300
2022-06-10,15.8793248700,15.9957553400,16.0763610500,15.8614124900,81803129,1458368450.3500
2022-06-13,15.8972372500,15.6464639300,15.9867991500,15.5658582200,68665278,1203431575.6500
2022-06-14,15.5389896500,15.8972372500,15.9061934400,15.5121210800,71188619,1254703210.0500
2022-06-15,15.9957553400,16.4256524600,16.8107686300,15.8972372500,157186515,2889284908.5400
2022-06-16,16.4346086500,16.2823534200,16.7122505400,16.2107039000,75917159,1386885797.8700
2022-06-17,16.1659229500,16.2554848500,16.3450467500,16.1569667600,53790177,976310275.1400
2022-06-20,16.4166962700,16.6406010200,16.7391191100,16.3181781800,92346930,1708865820.1200
2022-06-21,16.6406010200,16.6406010200,17.0167610000,16.4883457900,88513238,1659792899.8200
2022-06-22,16.6316448300,16.3898277000,16.7301629200,16.3719153200,47344785,871400206.2700
2022-06-23,16.3898277000,16.6316448300,16.7301629200,16.3181781800,58210867,1076076969.2300
2022-06-24,16.6943381600,16.4256524600,16.7839000600,16.3450467500,79337245,1456480474.6900
2022-06-27,16.4435648400,16.5779076900,16.7122505400,16.3719153200,70074192,1293838451.6200
2022-06-28,16.5689515000,16.5241705500,16.7480753000,16.3898277000,61164037,1124695929.3900
2022-06-29,16.6495572100,17.5810009700,17.7332562000,16.5868638800,196791373,3817994569.1500
2022-06-30,17.3750086000,18.3601895000,18.4049704500,17.3481400300,191818525,3864567512.4200
2022-07-01,18.3512333100,18.2706276000,18.4407952100,18.1452409400,75831845,1549359849.0600
2022-07-04,18.1183723700,18.1004599900,18.2258466500,17.7869933400,76999918,1547522161.4200
2022-07-05,18.1362847500,17.9482047600,18.3333209300,17.8586428600,68728876,1383375486.5700
2022-07-06,17.9123800000,17.4377019300,18.0467228500,17.2944028900,85930553,1678162082.5800
2022-07-07,17.4197895500,17.1869286100,17.6257819200,17.0525857600,73125472,1410857874.4500
2022-07-08,17.1869286100,17.2675343200,17.4556143100,17.1063229000,46743404,902203637.1500
2022-07-11,17.1511038500,16.9988486200,17.3033590800,16.9271991000,51024127,973515467.5400
2022-07-12,16.9809362400,17.0436295700,17.2227533700,16.9540676700,48118123,918400979.3800
2022-07-13,17.0615419500,16.9809362400,17.6078695400,16.8376372000,95041984,1827019763.0200
2022-07-14,16.8734619600,16.4704334100,16.9361552900,16.3898277000,83853614,1552591053.4300
2022-07-15,16.4166962700,15.7808067800,16.4525210300,15.7628944000,124755096,2225338842.6800
2022-07-18,15.8882810600,16.0315801000,16.1300981900,15.6285515500,76264189,1356003249.7900
2022-07-19,16.0674048600,15.9420182000,16.1121858100,15.7808067800,56592864,1004243045.5300
2022-07-20,16.0136677200,15.9061934400,16.0315801000,15.8345439200,50684960,900272704.6700
2022-07-21,15.8076753500,15.4852525100,15.8703686800,15.4136029900,98551935,1707259918.5200
2022-07-22,15.4942087000,15.5658582200,15.6643763100,15.3240410900,60168022,1040473262.3300
2022-07-25,15.5748144100,15.6733325000,15.9241058200,15.5389896500,67512871,1185932181.0600
2022-07-26,15.6733325000,16.1659229500,16.2913096100,15.4315153700,115735750,2067176290.5900
2022-07-27,16.0226239100,15.9061934400,16.0763610500,15.7897629700,59705091,1061623024.1200
2022-07-28,15.8793248700,15.8076753500,15.9688867700,15.6912448800,62719633,1108737327.6100
2022-07-29,15.7270696400,15.4136029900,15.8345439200,15.3867344200,80530398,1395216272.0400
2022-08-01,15.3509096600,15.1090925300,15.3598658500,15.0822239600,73200234,1239707852.6900
2022-08-02,15.0016182500,14.7956258800,15.0016182500,14.6165020800,68686869,1134409156.8300
2022-08-03,14.7866696900,14.3836411400,14.9299687300,14.3657287600,81500417,1329390214.7500
2022-08-04,14.4015535200,14.5358963700,14.6165020800,14.3478163800,38835684,628260391.3200
2022-08-05,14.5358963700,14.7418887400,14.7508449300,14.4463344700,37714561,615628062.5900
2022-08-08,14.7777135000,14.5717211300,15.0463992000,14.5090278000,59221079,970887803.6400
2022-08-09,14.5627649400,14.5358963700,14.6433706500,14.4373782800,41747816,676529159.4800
2022-08-10,14.4642468500,14.4194659000,14.5269401800,14.3478163800,42687575,687091533.3100
2022-08-11,14.4552906600,14.5806773200,14.5985897000,14.4105097100,62211501,1007490073.2400
2022-08-12,14.5179839900,14.6702392200,14.6881516000,14.4284220900,53430166,870359062.8600
2022-08-15,14.5985897000,14.5896335100,14.7956258800,14.5538087500,51121519,835979776.6300
2022-08-16,14.6881516000,14.8045820700,15.0105744400,14.6702392200,79459023,1316120153.5700
2022-08-17,14.7508449300,15.1180487200,15.2703039500,14.5985897000,94424893,1582396359.6300
2022-08-18,15.1090925300,15.0374430100,15.1090925300,14.8404068300,63900061,1069201871.6500
2022-08-19,15.0016182500,15.2344791900,15.4942087000,14.8941439700,71117015,1212848980.0600
2022-08-22,15.2434353800,15.2703039500,15.3598658500,15.0911801500,50415187,857067043.1000
2022-08-23,15.2703039500,15.1001363400,15.2792601400,14.9210125400,58180137,976410303.9800
2022-08-24,15.0016182500,14.8851877800,15.1180487200,14.7777135000,59417542,993923492.1800
2022-08-25,15.1990733800,15.0564037300,15.3512543400,14.8186209800,72552478,1146669783.1000
2022-08-26,15.1324942100,15.0564037300,15.2846751700,14.9137340800,64160665,1019159031.9800
2022-08-29,14.9708019400,14.8091096700,14.9803132500,14.5998608500,67140780,1037789350.9100
2022-08-30,14.7425305000,15.1134715900,15.1515168300,14.7139965700,59427615,935524155.3500
2022-08-31,15.5795257800,15.8173085300,15.9314442500,15.3988108900,160465590,2660329681.8600
2022-09-01,15.9314442500,16.0170460400,16.3594532000,15.6651275700,130830401,2216182160.9100
2022-09-02,16.1026478300,15.9790008000,16.1216704500,15.7602406700,69680411,1165902392.3700
2022-09-05,16.0360686600,16.3309192700,16.5211454700,15.9029103200,93396757,1594583409.7700
2022-09-06,16.2928740300,16.9776883500,17.0062222800,16.2643401000,143822394,2529054963.2400
2022-09-07,16.7969734600,16.6638151200,16.9491544200,16.5496794000,88338610,1550325356.4300
2022-09-08,16.6828377400,16.7208829800,16.8255073900,16.4070097500,72336234,1264869320.6800
2022-09-09,16.6352811900,17.2630276500,17.4912990900,16.5591907100,141202545,2554321936.9700
2022-09-13,17.2249824100,17.2915615800,17.6434800500,17.0632901400,106021641,1933183138.1200
2022-09-14,17.1203580000,17.0347562100,17.5673895700,16.9681770400,74322985,1342714911.2500
2022-09-15,17.2154711000,17.5959235000,17.8527288700,17.1488919300,150884861,2793462015.0100
2022-09-16,17.4532538500,17.1203580000,17.6815252900,17.0347562100,114495897,2085163457.8800
2022-09-19,17.1488919300,17.2915615800,17.5008104000,16.9586657300,82831132,1504824068.2100
2022-09-20,17.2915615800,16.7018603600,17.3961859900,16.5782133300,100725375,1783024418.8700
2022-09-21,16.8825752500,16.7018603600,16.8825752500,16.4640776100,73451537,1290708264.8100
2022-09-22,16.6733264300,16.6352811900,16.8445300100,16.3689645100,60782030,1055627388.6400
2022-09-23,16.5972359500,16.6543038100,17.1774258600,16.5401680900,63261813,1122656036.5400
2022-09-26,16.8255073900,16.5877246400,17.1964484800,16.5591907100,70104464,1243153965.8800
2022-09-27,16.5306567800,16.7399056000,16.9206204900,16.3974984400,58377021,1021378397.6800
2022-09-28,16.6257698800,16.6067472600,16.9301318000,16.4355436800,60084653,1055384380.8400
2022-09-29,16.8159960800,16.3118966500,16.8445300100,16.2928740300,53710931,930260611.7900
2022-09-30,16.6828377400,16.9586657300,17.1393806200,16.4165210600,86090478,1523629251.0700
2022-10-10,16.9301318000,16.8920865600,17.5198330200,16.7589282200,94803985,1703649815.2000
2022-10-11,16.8920865600,16.1502043800,16.9015978700,15.9219329400,88729965,1516868802.7700
2022-10-12,16.1502043800,16.3404305800,16.5972359500,15.9885121100,57958740,990739985.3100
2022-10-13,16.1882496200,15.9790008000,16.3118966500,15.6175710200,70228592,1172310954.5100
2022-10-14,16.0170460400,16.1882496200,16.7018603600,16.0170460400,66315307,1137716112.8100
2022-10-17,16.0741139000,15.7887746000,16.1977609300,15.5509918500,89515229,1480257473.0900
2022-10-18,15.7887746000,15.5795257800,15.9314442500,15.4178335100,70268854,1154282577.4800
2022-10-19,15.5034353000,15.3797882700,15.7507293600,15.3797882700,69440597,1130203988.1600
2022-10-20,15.3132091000,15.3322317200,15.4749013700,15.2371186200,44992317,725438358.1600
2022-10-21,15.5034353000,15.3988108900,15.6746388800,15.2846751700,65896956,1071281707.0600
2022-10-24,15.2180960000,14.7995983600,15.2466299300,14.7425305000,89302158,1401719806.0100
2022-10-25,14.7425305000,14.7900870500,14.9612906300,14.6283947800,59127836,917749325.7200
2022-10-26,14.7900870500,14.3335441700,14.8471549100,14.2479423800,142607265,2159205449.9400
2022-10-27,14.3335441700,14.1623405900,14.4191459600,14.1528292800,106219858,1592665605.0400
2022-10-28,14.0577161800,13.6392185400,14.0957614200,13.6106846100,99699509,1448620565.3900
2022-10-31,13.3919244800,12.8592911200,13.4109471000,12.4883500300,179902012,2434897199.2700
2022-11-01,12.8402685000,13.1826756600,13.1826756600,12.6310196800,119725232,1625200150.3300
2022-11-02,12.9829381500,13.2302322100,13.4014357900,12.8402685000,97590232,1353942239.3400
2022-11-03,13.0780512500,12.9734268400,13.2016982800,12.8783137400,71606710,979079593.4700
2022-11-04,12.9163589800,13.3538792400,13.4014357900,12.8878250500,107751438,1500447962.8000
2022-11-07,13.2302322100,13.5345941300,13.5821506800,13.2207209000,78028943,1102606762.1200
2022-11-08,13.5060602000,13.5631280600,13.8484673600,13.4204584100,84443873,1205228539.5200
2022-11-09,13.9340691500,13.8389560500,14.2574536900,13.7438429500,139348952,2049047167.8800
2022-11-10,13.6962864000,13.6297072300,13.8104221200,13.4870375800,64115572,918750012.4700
2022-11-11,14.0101596300,14.9898245600,14.9898245600,13.9435804600,291165404,4449223899.2500
2022-11-14,15.3988108900,15.5890370900,16.0170460400,15.2085846900,285060628,4673831799.9200
2022-11-15,15.5034353000,15.5509918500,15.7697519800,15.2180960000,154225629,2511540462.7500
2022-11-16,15.3512543400,15.0849376600,15.4463674400,14.9517793200,107212847,1704672479.3300
2022-11-17,15.0944489700,15.0373811100,15.2180960000,14.8091096700,86226720,1359627500.0200
2022-11-18,15.0088471800,14.8852001500,15.1515168300,14.8186209800,67514748,1061066954.5500
2022-11-21,14.8091096700,14.8091096700,14.8376436000,14.3430554800,76322405,1170548957.4500
2022-11-22,15.0278698000,14.8376436000,15.1705394500,14.6379060900,82836874,1295600188.9100
2022-11-23,14.6474174000,14.7330191900,14.9612906300,14.6283947800,46741267,725267998.8600
2022-11-24,15.2466299300,15.2371186200,15.3797882700,14.9898245600,131671722,2102615430.0100
2022-11-25,15.4083222000,16.4735889200,16.5972359500,15.3988108900,246898619,4171659422.2900
2022-11-28,16.0646025900,16.2833627200,16.4545663000,15.8173085300,146852135,2494557511.3400
2022-11-29,17.1013353800,17.9097967300,17.9097967300,16.9871996600,254560297,4684526916.1400
2022-11-30,18.0714890000,17.7385931500,18.7277693900,17.5959235000,274534174,5216426116.7700
2022-12-01,17.4722764700,18.0714890000,18.2046473400,17.4342312300,171925489,3232368251.6300
2022-12-02,17.5959235000,17.4912990900,17.8241949400,16.9111091800,181199684,3304802524.9600
2022-12-05,17.9763759000,17.9953985200,18.4519414000,17.9002854200,193712420,3707004415.1800
2022-12-06,17.8812628000,18.2426925800,18.3187830600,17.5483669500,111442351,2120240419.5500
2022-12-07,17.9858872100,17.5959235000,18.2331812700,17.4056973000,139679464,2596529613.3000
2022-12-08,17.6434800500,18.4329187800,18.5470545000,17.6244574300,151486793,2900379907.9500
2022-12-09,18.4234074700,19.4601402600,19.6218325300,18.3187830600,217733959,4380717630.4000
2022-12-12,19.1272444100,18.4994979500,19.2604027500,18.4138961600,115920179,2288939780.6600
2022-12-13,18.4994979500,18.5280318800,18.6421676000,18.2236699600,75261503,1460346558.2600
2022-12-14,18.4519414000,18.3092717500,18.6421676000,18.1190455500,79076358,1524377945.5400
2022-12-15,17.9573532800,18.1856247200,18.2997604400,17.5959235000,91582817,1723767161.8600
2022-12-16,18.4138961600,18.4329187800,18.8228824900,18.1000229300,97693763,1900376962.0000
2022-12-19,18.5470545000,18.4043848500,18.9275069000,18.1666021000,78133772,1518417576.9900
2022-12-20,17.8812628000,17.7956610100,18.2236699600,17.5483669500,67329949,1267532132.2500
2022-12-21,17.9097967300,17.7861497000,18.0334437600,17.6815252900,47129966,883042187.6000
2022-12-22,18.0049098300,17.8146836300,18.1285568600,17.7005479100,41215556,776149747.5200
2022-12-23,17.6815252900,17.8622401800,18.0334437600,17.5769008800,33100340,619945292.5400
2022-12-26,17.8241949400,17.4722764700,17.8337062500,17.3105842000,57884507,1063343595.6900
2022-12-27,17.5388556400,17.6054348100,17.9858872100,17.5008104000,45940371,855405355.3800
2022-12-28,17.5769008800,17.6720139800,17.8717514900,17.4056973000,39750252,736417992.3700
2022-12-29,17.5864121900,17.2725389600,17.6149461200,17.0823127600,60686883,1099884563.4200
2022-12-30,17.3391181300,17.3105842000,17.4247199200,17.0537788300,51486383,935144077.4300
2023-01-03,17.2154711000,17.3391181300,17.5959235000,17.0062222800,63639963,1158945281.2000
2023-01-04,17.3581407500,18.1380681700,18.3378056800,17.1869371700,108714691,2060317406.3300
2023-01-05,18.0714890000,18.3853622300,18.5280318800,17.9763759000,70524523,1357011735.3500
2023-01-06,18.6516789100,18.2807378200,18.7277693900,18.0714890000,72123976,1391208648.3800
2023-01-09,18.3473169900,17.8622401800,18.4043848500,17.7671270800,68506576,1292008007.5500
2023-01-10,17.8622401800,17.8812628000,18.0429550700,17.7385931500,48208009,906180275.2200
2023-01-11,17.9002854200,18.0619776900,18.3663396100,17.8812628000,66931289,1273464590.1900
2023-01-12,17.9288193500,17.6910366000,17.9573532800,17.4152086100,67941298,1260184288.9800
2023-01-13,17.5483669500,17.8622401800,17.8622401800,17.5483669500,41436177,771628014.5100
2023-01-16,17.8622401800,17.7861497000,17.9763759000,17.5578782600,66875261,1248278213.7000
2023-01-17,17.8146836300,17.8241949400,17.9288193500,17.4627651600,53144158,988946549.6300
2023-01-18,17.8337062500,17.5769008800,18.0239324500,17.5388556400,53158934,987395603.3900
2023-01-19,17.5388556400,17.6434800500,17.6434800500,17.2154711000,63437898,1161720123.3400
2023-01-20,17.5864121900,17.6720139800,17.7385931500,17.4532538500,50411409,933806301.6200
2023-01-30,17.9573532800,17.2059597900,18.0714890000,17.1203580000,127047351,2315151336.4700
2023-01-31,17.1964484800,17.3961859900,17.4532538500,17.0728014500,68920341,1255458742.9900
2023-02-01,17.3105842000,17.3010728900,17.3866746800,17.0252449000,69081089,1246611678.6400
2023-02-02,17.2915615800,17.2915615800,17.4817877800,17.0537788300,70721089,1283125788.7300
2023-02-03,17.2344937200,17.0918240700,17.2344937200,17.0062222800,49758437,893421833.4800
2023-02-06,16.8825752500,16.4355436800,16.8920865600,16.3594532000,124082714,2153492511.2200
2023-02-07,16.4355436800,16.7018603600,16.9301318000,16.3784758200,100742454,1769210773.9700
2023-02-08,16.6828377400,16.6447925000,16.9681770400,16.6162585700,43636736,768911653.6300
2023-02-09,16.6352811900,16.8064847700,16.9586657300,16.5591907100,46350835,819148070.3400
2023-02-10,16.7779508400,16.8064847700,17.0252449000,16.6447925000,44996107,795674132.7300
2023-02-13,16.5021228500,16.7969734600,16.8825752500,16.3309192700,77172986,1351370295.5300
2023-02-14,16.8159960800,16.8445300100,17.0252449000,16.7113716700,57361807,1016643120.4100
2023-02-15,16.7399056000,16.4926115400,16.7684395300,16.4260323700,65828612,1142728843.5300
2023-02-16,16.5021228500,16.4831002300,16.8159960800,16.3404305800,72725627,1270775881.3900
2023-02-17,16.4355436800,16.2548287900,16.5401680900,16.2453174800,48883802,842010133.2300
2023-02-20,16.2453174800,16.7018603600,16.7969734600,16.2453174800,83430560,1451116357.1900
2023-02-21,17.0062222800,16.7684395300,17.0918240700,16.6733264300,80648242,1428804707.6500
2023-02-22,16.5591907100,16.5782133300,16.6733264300,16.5496794000,37475420,653483957.8900
2023-02-23,16.6067472600,16.6162585700,16.7779508400,16.5496794000,40295386,705286110.6900
2023-02-24,16.6543038100,16.3784758200,16.6828377400,16.2928740300,52214188,901030905.6900
2023-02-27,16.3879871300,16.3404305800,16.5496794000,16.3214079600,36942410,637672051.8200
2023-02-28,16.3879871300,16.3023853400,16.4165210600,16.0836252100,73464403,1250302163.4000
2023-03-01,16.2358061700,16.3784758200,16.3879871300,16.1692270000,77327702,1323358805.3400
2023-03-02,16.1692270000,15.9124216300,16.1882496200,15.8648650800,145636050,2445438224.6200
2023-03-03,15.9409555600,15.9885121100,16.0075347300,15.7697519800,85312015,1425042513.8900
2023-03-06,15.9885121100,15.6461049500,15.9885121100,15.5890370900,109429247,1807776503.9600
2023-03-07,15.6461049500,15.3417430300,15.7507293600,15.3227204100,89647734,1463074984.0400
2023-03-08,15.3512543400,15.3036977900,15.3988108900,15.1705394500,80101868,1285441811.0100
2023-03-09,15.3227204100,15.3322317200,15.5414805400,15.3132091000,55170787,893633763.6800
2023-03-10,15.2085846900,15.0564037300,15.2656525500,14.9993358700,53248917,845975858.2700
2023-03-13,15.0564037300,15.0659150400,15.2180960000,14.9422680100,51026410,807968031.0200
2023-03-14,15.0659150400,14.9803132500,15.2751638600,14.8566662200,58327776,922276387.5500
2023-03-15,15.0373811100,15.0849376600,15.1895620700,14.9993358700,48774421,774104066.0100
2023-03-16,15.0183584900,14.9803132500,15.1610281400,14.8186209800,48268589,762875485.4600
2023-03-17,15.1134715900,15.1229829000,15.3322317200,15.0373811100,70392963,1122568973.8600
2023-03-20,15.1800507600,14.9517793200,15.2941864800,14.9042227700,69089577,1092802294.0400
2023-03-21,14.9517793200,14.9708019400,15.0468924200,14.8756888400,46755877,734087324.6100
2023-03-22,14.9898245600,15.1229829000,15.2085846900,14.9137340800,66235061,1050763521.5000
2023-03-23,15.0564037300,15.0849376600,15.1324942100,14.9612906300,55103145,871426989.9500
2023-03-24,15.0944489700,15.0373811100,15.1705394500,14.8566662200,77901589,1228146581.7100
2023-03-27,15.0373811100,14.7139965700,15.0564037300,14.6854626400,84514060,1313913689.5600
2023-03-28,14.6569287100,14.5998608500,14.8376436000,14.5332816800,66453259,1022280957.0100
2023-03-29,14.6569287100,14.6379060900,14.8566662200,14.5998608500,65484826,1012734686.5900
2023-03-30,14.6474174000,14.8376436000,14.8661775300,14.5237703700,62053539,959614112.3500
2023-03-31,14.8376436000,14.4952364400,14.8852001500,14.4096346500,134969442,2070645596.2100
2023-04-03,14.4952364400,14.6569287100,14.7900870500,14.4096346500,116744469,1798717023.0000
2023-04-04,14.6283947800,14.4096346500,14.6569287100,14.3430554800,120547678,1831317072.5000
2023-04-06,14.4001233400,14.3050102400,14.4476798900,14.2669650000,79338100,1193853831.2600
2023-04-07,14.5332816800,15.0468924200,15.0564037300,14.3715894100,224456726,3505357547.3400
2023-04-10,14.9803132500,14.9327567000,15.0468924200,14.8186209800,107608559,1688330492.8900
2023-04-11,14.8376436000,15.2561412400,15.4558787500,14.7995983600,173053538,2766563555.0300
2023-04-12,15.2941864800,15.2656525500,15.3988108900,15.0754263500,104629153,1672532383.9500
2023-04-13,15.1420055200,15.0754263500,15.1895620700,15.0183584900,84911398,1347282809.3000
2023-04-14,15.1705394500,15.0373811100,15.2085846900,14.9708019400,67338956,1066894796.2900
2023-04-17,14.9517793200,15.1515168300,15.1610281400,14.8661775300,94456869,1490656936.8600
2023-04-18,15.1229829000,15.1229829000,15.3988108900,15.0754263500,91504005,1464368301.3000
2023-04-19,15.1229829000,14.7235078800,15.1610281400,14.6949739500,123950521,1936530271.7600
2023-04-20,14.6854626400,14.6759513300,14.7710644300,14.5618156100,59111002,910103399.5800
2023-04-21,14.7330191900,14.5523043000,14.9708019400,14.5142590600,99335444,1541533828.4100
2023-04-24,14.5523043000,14.1718519000,14.5523043000,14.1052727300,98062644,1468467044.4500
2023-04-25,14.2098971400,14.1528292800,14.2384310700,13.9626030800,64653059,956930895.1600
2023-04-26,13.9816257000,14.0767388000,14.1433179700,13.8389560500,50426190,743782745.0400
2023-04-27,14.0767388000,14.1908745200,14.2194084500,13.9626030800,45595500,677275763.3900
2023-04-28,14.1623405900,14.4001233400,14.4001233400,14.1433179700,60219414,905353137.9000
2023-05-04,14.0767388000,14.2194084500,14.4096346500,14.0006483200,72550298,1083693137.7500
2023-05-05,14.2194084500,14.7805757400,14.8756888400,14.1813632100,149544504,2297283239.2800
2023-05-08,14.6283947800,14.8186209800,14.8376436000,14.3906120300,103391563,1590720250.9400
2023-05-09,14.7425305000,14.7139965700,15.1134715900,14.6569287100,125984623,1975639824.0300
2023-05-10,14.7044852600,14.5523043000,14.7425305000,14.4191459600,65902998,1005440708.1600
2023-05-11,14.5523043000,14.5523043000,14.6093721600,14.4667025100,44334679,677122607.6800
2023-05-12,14.4952364400,14.3240328600,14.5903495400,14.3240328600,46952953,711649052.2500
2023-05-15,14.2669650000,14.3240328600,14.3620781000,14.0862501100,65548434,977880698.0400
2023-05-16,14.3240328600,14.1813632100,14.3811007200,14.1528292800,37484203,560629921.8200
2023-05-17,14.1528292800,14.0577161800,14.2003858300,13.9626030800,50646150,749977591.4300
2023-05-18,14.0957614200,13.9055352200,14.1433179700,13.8199334300,57683517,847045140.7700
2023-05-19,13.9055352200,13.8294447400,13.9055352200,13.7913995000,39628837,575941557.2600
2023-05-22,13.8104221200,13.9530917700,13.9626030800,13.7153090200,37503175,546500269.1200
2023-05-23,13.9150465300,13.8104221200,14.0386935600,13.8104221200,37455500,547422352.3000
2023-05-24,13.7628655700,13.4204584100,13.7723768800,13.4109471000,75275812,1068558564.7600
2023-05-25,13.3443679300,13.4965488900,13.4965488900,13.3158340000,42395343,596904142.5800
2023-05-26,13.4489923400,13.5155715100,13.5441054400,13.3253453100,40775357,576734776.0600
2023-05-29,13.4775262700,13.3443679300,13.4870375800,13.3158340000,44301886,622455127.2900
2023-05-30,13.3063226900,13.6582411600,13.6582411600,13.0019607700,88196850,1230122037.8900
2023-05-31,13.5536167500,13.5441054400,13.6297072300,13.3729018600,45125137,638936492.3400
2023-06-01,13.4489923400,13.3158340000,13.5060602000,13.2968113800,46662808,656652650.3700
2023-06-02,13.3633905500,13.8104221200,13.9245578400,13.3253453100,118094463,1700929596.7000
2023-06-05,13.6392185400,13.6582411600,13.7248203300,13.5250828200,59867060,857001849.2000
2023-06-06,13.6201959200,13.7533542600,14.1147840400,13.6106846100,98928630,1445814460.7200
2023-06-07,13.8770012900,13.9055352200,14.1528292800,13.7343316400,81509425,1193199418.6800
2023-06-08,13.8579786700,14.1623405900,14.2574536900,13.6772637800,110759383,1633962530.1600
2023-06-09,14.0672274900,13.9530917700,14.1338066600,13.8674899800,69456150,1018806102.5300
2023-06-12,13.8674899800,13.8579786700,13.9626030800,13.7818881900,56454640,822916000.1600
2023-06-13,13.8104221200,13.9055352200,14.0767388000,13.8104221200,59974836,878531412.1000
2023-06-14,13.9150465300,13.6962864000,14.0291822500,13.6772637800,71103947,1032947861.8900
2023-06-15,13.7438429500,14.0006483200,14.0006483200,13.7248203300,97741221,1428337134.8700
2023-06-16,14.0196709400,13.8294447400,14.2003858300,13.8294447400,109341869,1603016508.5200
2023-06-19,13.8770012900,13.4965488900,13.8865126000,13.4775262700,93525055,1336427310.8200
2023-06-20,13.5060602000,13.3253453100,13.5250828200,13.2777887600,70346480,988404655.2100
2023-06-21,13.2587661400,13.2587661400,13.3919244800,13.2112095900,57403539,802846342.4700
2023-06-26,13.1160964900,13.0780512500,13.2112095900,13.0304947000,48878267,673841857.5600
2023-06-27,13.1256078000,13.6297072300,13.6582411600,13.0780512500,103924086,1471684701.0700
2023-06-28,13.6106846100,13.5250828200,13.6487298500,13.4109471000,51807652,736535508.9900
2023-06-29,13.4965488900,13.3253453100,13.5536167500,13.3063226900,48192103,678095640.0300
2023-06-30,13.3919244800,13.3348566200,13.5536167500,13.2873000700,57652435,812655529.9900
2023-07-03,13.3633905500,13.4585036500,13.5060602000,13.3633905500,52331616,740199552.9900
2023-07-04,13.4299697200,13.3348566200,13.4585036500,13.2492548300,56765725,794873665.8300
2023-07-05,13.2777887600,13.2873000700,13.3824131700,13.2682774500,33894684,474466954.6600
2023-07-06,13.2492548300,13.2873000700,13.3633905500,13.1921869700,43210407,602584921.4800
2023-07-07,13.2397435200,13.1921869700,13.3253453100,13.1351191100,39449813,548059811.9800
2023-07-10,13.2302322100,13.2302322100,13.2873000700,13.1446304200,40103849,557204061.8700
2023-07-11,13.4109471000,13.1826756600,13.4489923400,13.1256078000,66422747,924085440.6800
2023-07-12,13.1731643500,13.0114720800,13.1826756600,12.9924494600,73192872,1004450587.0200
2023-07-13,13.0400060100,13.1256078000,13.1446304200,13.0400060100,49347078,679888954.0600
2023-07-14,13.1446304200,13.1065851800,13.1636530400,13.0304947000,47648542,656039816.7800
2023-07-17,13.0400060100,13.0400060100,13.0590286300,12.9924494600,35402854,484269484.5300
2023-07-18,13.0400060100,13.0304947000,13.0875625600,12.8973363600,43935729,599981939.9600
2023-07-19,12.9829381500,13.2207209000,13.2302322100,12.9448929100,77086351,1065183368.5800
2023-07-20,13.2302322100,13.2016982800,13.3729018600,13.1826756600,70093951,978297894.5000
2023-07-21,13.2016982800,13.2968113800,13.4014357900,13.1446304200,62537894,875177811.0900
2023-07-24,13.4299697200,13.1256078000,13.4585036500,13.0780512500,74411195,1031602306.8100
2023-07-25,13.4394810300,14.1908745200,14.2098971400,13.4299697200,299133949,4370954452.0700
2023-07-26,14.0767388000,14.1433179700,14.2384310700,13.9721143900,143954970,2135930247.1700
2023-07-27,14.0101596300,14.0101596300,14.2289197600,13.8770012900,103757161,1534628936.9000
2023-07-28,14.0957614200,14.4857251300,14.5998608500,14.0862501100,192393923,2902779533.6500
2023-07-31,14.6474174000,14.5047477500,15.0088471800,14.4381685800,219622926,3393190698.3900
2023-08-01,14.4286572700,14.3525667900,14.5903495400,14.2669650000,99911917,1514819281.5000
2023-08-02,14.3525667900,14.3240328600,14.5523043000,14.2764763100,82776926,1253444447.9300
2023-08-03,14.1908745200,14.5998608500,14.6188834700,14.1147840400,113183383,1716354477.9100
2023-08-04,14.8566662200,14.4952364400,14.9137340800,14.4571912000,121586218,1868462463.1600
2023-08-07,14.3240328600,14.0101596300,14.3335441700,13.9435804600,108219263,1603373730.2100
2023-08-08,14.0006483200,13.8674899800,14.0672274900,13.8484673600,60574608,888231009.8500
2023-08-09,13.8674899800,13.9816257000,14.0767388000,13.8294447400,54342308,798494904.8100
2023-08-10,13.9911370100,14.0291822500,14.1528292800,13.8674899800,57928650,852497940.2200
2023-08-11,14.1242953500,13.8865126000,14.2384310700,13.7723768800,80296493,1180802597.5200
2023-08-14,13.6297072300,13.6962864000,13.7723768800,13.3729018600,79858961,1139383491.5000
2023-08-15,13.8199334300,13.5916619900,13.8389560500,13.4394810300,53592392,766921885.5100
2023-08-16,13.5536167500,13.8294447400,14.0577161800,13.5155715100,78983666,1147493710.9900
2023-08-17,13.7057977100,13.8199334300,13.9245578400,13.6011733000,70598363,1019721206.2300
2023-08-18,13.8009108100,13.6106846100,13.9530917700,13.6106846100,55003215,796641269.1800
2023-08-21,13.5726393700,13.2968113800,13.5916619900,13.2968113800,59469080,839974507.7000
2023-08-22,13.3063226900,13.3348566200,13.4204584100,13.2016982800,45881241,642001393.9300
2023-08-23,13.3633905500,13.1446304200,13.3633905500,13.1446304200,45232967,629674421.8800
2023-08-24,13.1731643500,13.0400060100,13.2016982800,12.9353816000,63309199,869725253.1600
2023-08-25,13.2000000000,13.4400000000,13.6900000000,13.0500000000,92709323,1237719910.6700
2023-08-28,14.4000000000,14.0500000000,14.4100000000,13.9800000000,185319780,2627995335.9600
2023-08-29,14.0000000000,14.2000000000,14.2000000000,13.8100000000,110376709,1549348468.5900
2023-08-30,14.1000000000,14.2000000000,14.4500000000,14.0500000000,104103425,1484389801.3500
2023-08-31,14.2300000000,13.6400000000,14.2600000000,13.6300000000,121310578,1677988995.3600
2023-09-01,13.8800000000,14.0500000000,14.1700000000,13.8500000000,105032297,1471799365.1200
2023-09-04,14.1800000000,14.0400000000,14.3300000000,13.9900000000,106471820,1508359782.0300
2023-09-05,13.9900000000,13.8800000000,13.9900000000,13.8100000000,60313728,836482034.6500
2023-09-06,13.8800000000,14.1700000000,14.2300000000,13.7300000000,101140501,1419625748.6100
2023-09-07,14.0900000000,14.0000000000,14.3200000000,13.9900000000,83622794,1184230179.1000
2023-09-08,13.9100000000,13.9100000000,13.9700000000,13.8200000000,42170974,585302440.4100
2023-09-11,13.9200000000,13.7000000000,13.9500000000,13.5800000000,91427752,1252187894.0600
2023-09-12,13.6900000000,13.6500000000,13.7400000000,13.6000000000,41997403,573384436.2700
2023-09-13,13.6500000000,13.6200000000,13.7700000000,13.5800000000,38931911,531662936.3200
2023-09-14,13.5600000000,13.5100000000,13.6500000000,13.4400000000,40306949,545516703.5700
2023-09-15,13.5900000000,13.4200000000,13.6200000000,13.4100000000,38951414,525536301.8900
2023-09-18,13.4000000000,13.3100000000,13.4300000000,13.2700000000,43185544,575397415.5200
2023-09-19,13.3200000000,13.3000000000,13.3600000000,13.2400000000,33569597,446329070.4000
2023-09-20,13.3000000000,13.2900000000,13.3500000000,13.2300000000,27840907,370524587.2800
2023-09-21,13.3300000000,13.2600000000,13.4300000000,13.2600000000,37085454,493994246.3600
2023-09-22,13.2400000000,13.3900000000,13.4100000000,13.2000000000,44356252,590420852.8700
2023-09-25,13.3400000000,13.1400000000,13.3500000000,13.1100000000,46900034,617777509.4300
2023-09-26,13.1400000000,13.0700000000,13.1900000000,13.0600000000,32178243,421283755.9100
2023-09-27,13.0200000000,13.0500000000,13.1400000000,13.0200000000,39494333,515818311.0200
2023-09-28,13.0800000000,13.0800000000,13.1200000000,13.0300000000,30051321,392481526.3000
2023-10-09,13.0600000000,12.8900000000,13.0600000000,12.7500000000,66257533,852986772.2700
2023-10-10,12.8900000000,12.8200000000,12.9600000000,12.8100000000,30588297,393942062.7200
2023-10-11,12.8500000000,12.7700000000,12.8700000000,12.6600000000,52314028,667974131.2200
2023-10-12,12.8100000000,12.8400000000,12.8800000000,12.7400000000,38131705,488865227.6300
2023-10-13,12.7500000000,12.5900000000,12.7800000000,12.5800000000,46760287,591233837.3100
2023-10-16,12.5600000000,12.2100000000,12.6100000000,12.1400000000,75408392,928225584.2600
2023-10-17,12.2000000000,11.9800000000,12.2200000000,11.9500000000,72679483,874081580.9200
2023-10-18,11.9200000000,11.7100000000,11.9300000000,11.7100000000,67791131,800073563.9800
2023-10-19,11.6600000000,11.4600000000,11.6700000000,11.4500000000,74789947,862533490.6200
2023-10-20,11.4100000000,11.6600000000,11.8000000000,11.3500000000,83766635,973007863.0700
2023-10-23,11.5800000000,11.6200000000,11.8100000000,11.4900000000,56835517,662535409.8400
2023-10-24,11.6500000000,11.6600000000,11.8000000000,11.6000000000,52835953,617809456.8000
2023-10-25,11.8400000000,11.7000000000,11.9400000000,11.6900000000,45586172,536531805.3700
2023-10-26,11.6200000000,11.5700000000,11.6900000000,11.5000000000,42722254,493674466.0100
2023-10-27,11.5300000000,11.6300000000,11.6500000000,11.4600000000,69165885,801119737.8900
2023-10-30,11.5600000000,11.6000000000,11.7000000000,11.5000000000,72061404,834401751.0000
2023-10-31,11.5600000000,11.3300000000,11.6600000000,11.2200000000,117987665,1342633495.6800
2023-11-01,11.3200000000,11.3400000000,11.4300000000,11.2700000000,66693177,757108091.8100
2023-11-02,11.3400000000,11.2200000000,11.4300000000,11.2200000000,59402933,672393759.1200
2023-11-03,11.2400000000,11.2700000000,11.2800000000,11.0700000000,82999098,929764546.2600
2023-11-06,11.5000000000,11.9700000000,12.0700000000,11.4200000000,195090272,2301447458.3400
2023-11-07,12.2000000000,11.9300000000,12.2000000000,11.8600000000,161016717,1935443868.9000
2023-11-08,11.8300000000,12.1300000000,12.2700000000,11.8000000000,134509803,1628017674.5600
2023-11-09,12.1000000000,11.9600000000,12.1500000000,11.9100000000,81495573,978437341.0600
2023-11-10,11.9100000000,11.8900000000,11.9400000000,11.7400000000,70679593,835318637.5900
2023-11-13,11.8300000000,11.7200000000,11.8700000000,11.6200000000,67365642,788733366.3800
2023-11-14,11.7200000000,11.7800000000,11.8400000000,11.6800000000,61099409,717964247.3600
2023-11-15,11.9900000000,11.8900000000,12.0800000000,11.8800000000,95034661,1137288346.4600
2023-11-16,11.8500000000,11.8000000000,11.8900000000,11.7000000000,62264118,734010177.0800
2023-11-17,11.7300000000,11.6200000000,11.8000000000,11.5600000000,63911811,743393458.0700
2023-11-20,11.7100000000,11.5700000000,11.7400000000,11.5500000000,57448245,666897105.6000
2023-11-21,11.7900000000,11.9200000000,12.2000000000,11.7500000000,201548082,2425684207.4100
2023-11-22,11.8500000000,11.8400000000,12.2000000000,11.8200000000,125311629,1504457957.9800
2023-11-23,11.8600000000,12.1700000000,12.2900000000,11.7900000000,153992376,1864830412.7500
2023-11-24,12.1900000000,12.1200000000,12.3000000000,12.0800000000,107220163,1306244381.5500
2023-11-27,12.0600000000,11.8000000000,12.0600000000,11.6600000000,99332934,1175277162.4900
2023-11-28,11.8000000000,11.7500000000,11.8800000000,11.7000000000,48666238,572670875.7800
2023-11-29,11.7500000000,11.4600000000,11.7800000000,11.4200000000,78829702,909376431.8800
2023-11-30,11.4100000000,11.4400000000,11.5500000000,11.4000000000,38831587,445595911.3300
2023-12-01,11.4400000000,11.4000000000,11.5300000000,11.2800000000,66540336,757220170.4800
2023-12-04,11.3500000000,11.1800000000,11.4000000000,11.1600000000,70053432,786401468.3000
2023-12-05,11.1600000000,10.7900000000,11.1600000000,10.7800000000,95008617,1038468876.3400
2023-12-06,10.7900000000,10.8500000000,10.9300000000,10.6600000000,61763481,667358267.7700
2023-12-07,10.7800000000,10.9000000000,10.9500000000,10.7500000000,45435129,493444986.1100
2023-12-08,10.8700000000,10.7800000000,10.8900000000,10.7400000000,49301050,532459094.2300
2023-12-11,10.6800000000,10.6300000000,10.6800000000,10.4300000000,81972243,863644979.6300
2023-12-12,10.8100000000,11.0100000000,11.0900000000,10.6800000000,114069118,1243910063.2200
2023-12-13,10.8500000000,10.6400000000,10.8500000000,10.6200000000,86583243,927587527.6700
2023-12-14,10.6700000000,10.5000000000,10.7700000000,10.4700000000,61120234,647778487.7700
2023-12-15,10.6300000000,10.6400000000,10.8100000000,10.6000000000,88446501,946999075.7900
2023-12-18,10.5600000000,10.5400000000,10.7600000000,10.4000000000,58593024,621401680.5100
2023-12-19,10.5100000000,10.3800000000,10.5400000000,10.2900000000,59743979,620990195.7200
2023-12-20,10.3600000000,10.2600000000,10.4300000000,10.2500000000,49358546,509750753.1900
2023-12-21,10.2000000000,10.4200000000,10.4400000000,10.1800000000,55284133,572843004.7200
2023-12-22,10.4000000000,10.3800000000,10.5000000000,10.3100000000,47069941,489190059.8000
2023-12-25,10.3400000000,10.3000000000,10.3800000000,10.2800000000,27320474,281790700.1500
2023-12-26,10.3000000000,10.1700000000,10.3300000000,10.1400000000,35102346,357361333.1200
2023-12-27,10.1700000000,10.1700000000,10.2500000000,10.0900000000,34363764,348965491.5000
2023-12-28,10.1500000000,10.5200000000,10.5600000000,10.1000000000,78980828,821641064.3900
2023-12-29,10.4800000000,10.4600000000,10.5900000000,10.3900000000,61407778,642736575.2800
2024-01-02,10.4400000000,10.1500000000,10.4800000000,10.1500000000,81110629,830765500.0500
2024-01-03,10.1500000000,10.1300000000,10.2300000000,10.0400000000,61092107,618688241.1000
2024-01-04,10.1000000000,9.9300000000,10.1100000000,9.8900000000,85191884,847124418.4100
2024-01-05,9.9200000000,9.9900000000,10.1300000000,9.8800000000,73960401,741466025.6200
2024-01-08,10.0300000000,9.8200000000,10.1100000000,9.8100000000,65800694,652931689.9400
2024-01-09,9.8300000000,9.8800000000,9.9800000000,9.7300000000,53089995,523365686.4000
2024-01-10,9.8500000000,9.7400000000,9.8800000000,9.7200000000,60831539,595513419.4300
2024-01-11,9.7300000000,9.7600000000,9.8100000000,9.6200000000,73162345,710953208.9200
2024-01-12,9.7000000000,9.7000000000,9.8700000000,9.6600000000,71873740,701754669.6200
2024-01-15,9.6200000000,9.7100000000,9.7800000000,9.4400000000,78560551,756259321.4500
2024-01-16,9.6700000000,9.6100000000,9.7000000000,9.4800000000,65946680,632545914.9600
2024-01-17,9.5700000000,9.3400000000,9.5700000000,9.3100000000,79563365,748619571.8000
2024-01-18,9.2900000000,9.4000000000,9.4100000000,9.1300000000,89350661,828888216.7400
2024-01-19,9.3100000000,9.4100000000,9.4500000000,9.2700000000,60929656,572149471.8500
2024-01-22,9.2700000000,9.0500000000,9.3000000000,9.0000000000,93734455,859889046.2400
2024-01-23,9.0000000000,9.1800000000,9.2100000000,8.9300000000,78174935,711069914.5100
2024-01-24,9.2300000000,9.4100000000,9.4400000000,9.1000000000,84424162,784494949.9500
2024-01-25,9.4600000000,9.9600000000,9.9700000000,9.4200000000,151285630,1473854620.6700
2024-01-26,9.9500000000,10.2000000000,10.3500000000,9.9000000000,162142407,1649473060.2200
2024-01-29,10.4100000000,10.0600000000,10.4500000000,10.0600000000,114529728,1167014934.1600
2024-01-30,10.0000000000,9.7900000000,10.0500000000,9.7900000000,79792708,790365419.2500
2024-01-31,9.7700000000,9.6000000000,9.8500000000,9.5600000000,67478860,652727449.2300
2024-02-01,9.5300000000,9.4400000000,9.6600000000,9.4200000000,62786032,598048552.4200
2024-02-02,9.4500000000,9.4900000000,9.8300000000,9.1700000000,91215429,869058341.6400
2024-02-05,9.3800000000,9.1800000000,9.4400000000,9.0300000000,100513914,928648159.3700
2024-02-06,9.1500000000,9.5100000000,9.5600000000,9.0800000000,108019841,1009332263.5600
2024-02-07,9.5100000000,9.5200000000,9.6300000000,9.4200000000,115552771,1098891190.8800
2024-02-08,9.6600000000,10.0600000000,10.0800000000,9.6100000000,134628656,1328244722.5000
2024-02-19,10.0900000000,9.8400000000,10.1000000000,9.6700000000,135686973,1329346818.7800
2024-02-20,9.9000000000,9.9000000000,10.0200000000,9.7800000000,90851587,897981304.5500
2024-02-21,9.7800000000,10.2100000000,10.4900000000,9.6900000000,183488883,1865477948.7600
2024-02-22,10.1200000000,10.1500000000,10.2400000000,10.0400000000,92321668,934646829.8500
2024-02-23,10.1600000000,10.2000000000,10.2500000000,10.1100000000,94569490,962524829.0900
2024-02-26,10.1700000000,9.9800000000,10.1900000000,9.9500000000,110592290,1108552738.5800
2024-02-27,9.9400000000,10.0600000000,10.0700000000,9.9000000000,83892000,838638644.9900
2024-02-28,10.0600000000,9.9300000000,10.1600000000,9.9300000000,123269738,1239814017.9100
2024-02-29,9.8500000000,10.0400000000,10.0400000000,9.8400000000,111384138,1104648476.4900
2024-03-01,9.9900000000,9.8900000000,10.0100000000,9.8200000000,109265177,1082469101.3000
2024-03-04,9.7000000000,9.4300000000,9.7000000000,9.3800000000,201419100,1908537709.2100
2024-03-05,9.3200000000,9.4800000000,9.4900000000,9.2000000000,160544446,1501309271.9400
2024-03-06,9.3900000000,9.3300000000,9.4500000000,9.2700000000,103860159,971313915.3500
2024-03-07,9.3100000000,9.2100000000,9.3700000000,9.2100000000,104659641,971392354.0200
2024-03-08,9.2100000000,9.1800000000,9.2400000000,9.0900000000,100747463,921569643.0900
2024-03-11,9.2900000000,9.4600000000,9.4600000000,9.2300000000,155654021,1457930557.3800
2024-03-12,9.4000000000,10.0000000000,10.2000000000,9.3600000000,332402087,3258862393.2900
2024-03-13,9.8300000000,9.6900000000,9.8700000000,9.6600000000,193599684,1886154850.3400
2024-03-14,9.6400000000,9.7100000000,9.8600000000,9.6000000000,138199038,1343777192.0800
2024-03-15,9.6200000000,9.4700000000,9.7100000000,9.4000000000,144617680,1371561857.2100
2024-03-18,9.4600000000,9.4400000000,9.4600000000,9.3200000000,113858537,1068187932.8900
2024-03-19,9.3900000000,9.3300000000,9.4300000000,9.3200000000,96247835,901173498.0100
2024-03-20,9.3000000000,9.3600000000,9.3800000000,9.2600000000,73295506,683305444.9700
2024-03-21,9.3600000000,9.4000000000,9.5200000000,9.3400000000,115767213,1092718088.2900
2024-03-22,9.3600000000,9.2600000000,9.3700000000,9.1700000000,103118606,953270747.2200
2024-03-25,9.2800000000,9.3400000000,9.4900000000,9.1800000000,120934752,1129292103.8800
2024-03-26,9.3300000000,9.4600000000,9.5200000000,9.3000000000,117754396,1108893914.1800
2024-03-27,9.4200000000,9.2100000000,9.4300000000,9.2000000000,91509535,850076208.6500
2024-03-28,9.1800000000,9.2400000000,9.3200000000,9.1700000000,67116132,621065546.4600
2024-03-29,8.9600000000,9.0000000000,9.1000000000,8.8900000000,148169476,1329611278.9000
2024-04-01,8.9400000000,8.9800000000,9.1200000000,8.9200000000,143831361,1291680174.0600
2024-04-02,8.9000000000,8.5000000000,8.9100000000,8.4500000000,293094604,2516001934.3000
2024-04-03,8.4000000000,8.1900000000,8.4300000000,8.1900000000,195939109,1622199629.1800
2024-04-08,8.0500000000,8.0000000000,8.1000000000,7.9800000000,152037631,1221323510.8200
2024-04-09,8.0000000000,7.9900000000,8.0600000000,7.9200000000,109180570,870698250.3000
2024-04-10,7.9800000000,7.5800000000,7.9800000000,7.4800000000,247199885,1898094787.2600
2024-04-11,7.4200000000,7.4400000000,7.5100000000,7.3100000000,175099164,1298404121.8200
2024-04-12,7.3600000000,7.1000000000,7.4300000000,7.0900000000,235243294,1693174053.7100
2024-04-15,7.0200000000,7.1400000000,7.3000000000,7.0000000000,178918281,1284794022.7700
2024-04-16,7.0900000000,7.0700000000,7.2500000000,6.9100000000,215664213,1523100459.6400
2024-04-17,7.0500000000,7.1000000000,7.2100000000,7.0200000000,243127405,1726349211.4100
2024-04-18,7.0200000000,6.8800000000,7.0500000000,6.8700000000,306885507,2131652932.5600
2024-04-19,6.7800000000,6.7000000000,6.8500000000,6.6700000000,225392878,1519273126.9100
2024-04-22,6.6700000000,6.6900000000,6.8500000000,6.6300000000,183841893,1236158773.6900
2024-04-23,6.7000000000,6.5700000000,6.7200000000,6.5400000000,179420981,1186653928.8200
2024-04-24,6.5900000000,6.5400000000,6.6100000000,6.4800000000,157054069,1025027313.2300
2024-04-25,6.5000000000,6.5500000000,6.6800000000,6.4800000000,192176443,1263789979.5400
2024-04-26,6.5600000000,6.8700000000,6.8800000000,6.4500000000,405536070,2720043894.0500
2024-04-29,6.7700000000,7.5600000000,7.5600000000,6.7600000000,494465959,3593552302.9200
2024-04-30,7.7000000000,7.4100000000,7.7900000000,7.3500000000,630797485,4741698152.7000
2024-05-06,7.6300000000,7.4600000000,7.8800000000,7.4400000000,524493788,3996921702.7900
2024-05-07,7.3600000000,7.5200000000,7.6800000000,7.3200000000,419028912,3134400133.1000
2024-05-08,7.4500000000,7.2000000000,7.4900000000,7.1900000000,275877345,2011058428.7200
2024-05-09,7.2400000000,7.3000000000,7.5100000000,7.1800000000,325885120,2387599395.6100
2024-05-10,7.4000000000,7.5600000000,7.6500000000,7.3200000000,444103139,3327665200.9600
2024-05-13,7.4300000000,7.4200000000,7.4900000000,7.3300000000,229168461,1697406082.7500
2024-05-14,7.4200000000,7.4600000000,7.5600000000,7.3800000000,228768282,1708969777.5400
2024-05-15,7.4100000000,7.7300000000,7.9800000000,7.3900000000,491056323,3781687536.4700
2024-05-16,7.7000000000,8.1800000000,8.3400000000,7.6900000000,663587018,5380018500.8900
2024-05-17,8.3300000000,9.0000000000,9.0000000000,8.0000000000,924718412,7817273219.4700
2024-05-20,9.0000000000,9.1800000000,9.4500000000,8.8000000000,880969618,7992341862.5900
2024-05-21,9.0000000000,9.1900000000,9.3300000000,8.9300000000,470828834,4309702274.2400
2024-05-22,9.2400000000,9.4000000000,9.9200000000,9.1100000000,719379005,6822008313.9400
2024-05-23,9.2300000000,9.5600000000,9.5600000000,9.1000000000,606227145,5631550905.3100
2024-05-24,9.2900000000,8.9900000000,9.3600000000,8.9400000000,480810564,4382155739.1200
2024-05-27,8.8200000000,8.8700000000,8.8900000000,8.6800000000,341171613,2997852875.2200
2024-05-28,8.9600000000,8.5200000000,8.9900000000,8.4800000000,385923048,3349119893.9700
2024-05-29,8.5300000000,8.5800000000,8.8400000000,8.5000000000,290945050,2518232000.1000
2024-05-30,8.4900000000,8.2700000000,8.5600000000,8.1800000000,321648341,2670654188.3000
2024-05-31,8.3500000000,8.2500000000,8.4400000000,8.1500000000,245501653,2035350170.9600
2024-06-03,8.1800000000,8.0900000000,8.2600000000,8.0100000000,216652201,1752503893.9400
2024-06-04,8.0800000000,8.3600000000,8.4700000000,7.9700000000,346869395,2870820826.1700
2024-06-05,8.2900000000,8.1100000000,8.3200000000,8.1100000000,189102725,1544906105.4900
2024-06-06,8.2000000000,8.0200000000,8.3000000000,7.9300000000,198053702,1597579862.9100
2024-06-07,8.0200000000,8.1700000000,8.2700000000,8.0000000000,232642787,1896726563.0800
2024-06-11,8.0800000000,8.0100000000,8.2400000000,7.9100000000,193825789,1562638469.1300
2024-06-12,7.9600000000,7.8900000000,8.0500000000,7.8500000000,190056514,1505150836.9100
2024-06-13,7.9500000000,7.7100000000,7.9700000000,7.6800000000,227270534,1761957337.1600
2024-06-14,7.6700000000,7.9400000000,8.1200000000,7.6500000000,276213727,2181804087.2700
2024-06-17,7.8200000000,7.6500000000,7.8900000000,7.6200000000,214424870,1653410800.2000
2024-06-18,7.6500000000,7.5300000000,7.7200000000,7.5000000000,176963585,1343100883.3100
2024-06-19,7.5300000000,7.4700000000,7.5800000000,7.4300000000,146003339,1093589200.6600
2024-06-20,7.4600000000,7.2100000000,7.4600000000,7.2000000000,182099394,1326647110.4200
2024-06-21,7.2300000000,7.1900000000,7.3400000000,7.1600000000,146089629,1056481862.2500
2024-06-24,7.1300000000,6.9900000000,7.1400000000,6.9600000000,153480947,1077498401.4000
2024-06-25,6.9900000000,7.1100000000,7.2700000000,6.9600000000,200584830,1427598177.5800
2024-06-26,7.0500000000,7.1900000000,7.2100000000,7.0000000000,134179210,953998577.6200
2024-06-27,7.1900000000,7.0000000000,7.3000000000,7.0000000000,151166307,1074603089.2800
2024-06-28,6.9500000000,6.9300000000,7.1300000000,6.9100000000,158578916,1110428251.9200
2024-07-01,6.9000000000,7.2900000000,7.3300000000,6.9000000000,265532929,1911600362.8000
2024-07-02,7.2400000000,7.1300000000,7.3500000000,7.1000000000,183002473,1323852213.2100
2024-07-03,7.1300000000,7.1600000000,7.2700000000,7.0300000000,162386191,1166481740.9300
2024-07-04,7.1200000000,6.9400000000,7.1400000000,6.9400000000,146939520,1029323642.0000
2024-07-05,6.9400000000,6.8800000000,7.0100000000,6.8300000000,117078328,807585335.6900
2024-07-08,6.8400000000,6.6700000000,6.8400000000,6.6200000000,153508121,1027482494.0600
2024-07-09,6.6600000000,6.7100000000,6.7700000000,6.5600000000,138560100,925420799.4100
2024-07-10,6.4500000000,6.6500000000,6.7300000000,6.3200000000,182517977,1200577857.2500
2024-07-11,6.7300000000,6.8100000000,6.8700000000,6.6400000000,149795408,1014005532.4100
2024-07-12,6.8800000000,6.9500000000,7.1500000000,6.8500000000,227536016,1593418741.4100
2024-07-15,6.8500000000,6.8300000000,6.9300000000,6.7700000000,116758516,798121622.6900
2024-07-16,6.8500000000,6.9200000000,7.0200000000,6.7800000000,135260537,937244354.3400
2024-07-17,6.9200000000,7.1200000000,7.2500000000,6.9000000000,220078478,1572785965.4400
2024-07-18,7.1200000000,7.1400000000,7.1400000000,6.9800000000,123965338,875822315.6400
2024-07-19,7.0800000000,7.0600000000,7.1000000000,6.9100000000,146884785,1029465559.3300
2024-07-22,7.0900000000,6.9800000000,7.1200000000,6.9200000000,103192708,720638146.7000
2024-07-23,6.9800000000,6.8500000000,7.0700000000,6.8400000000,97423252,679283852.3200
2024-07-24,6.8400000000,6.6500000000,6.9200000000,6.6400000000,115349368,776955423.5400
2024-07-25,6.6400000000,6.7000000000,6.7900000000,6.5900000000,81745047,549269039.5100
2024-07-26,6.7200000000,6.8400000000,6.9500000000,6.7200000000,92879885,635233939.9800
2024-07-29,6.8500000000,6.6900000000,6.8700000000,6.6600000000,96825870,648850195.3000
2024-07-30,6.6700000000,6.7500000000,6.8000000000,6.6500000000,107476361,722985196.9400
2024-07-31,6.7300000000,7.0900000000,7.0900000000,6.6700000000,204890165,1421710736.5700
2024-08-01,7.0700000000,6.9000000000,7.1500000000,6.8900000000,150904980,1050604222.4900
2024-08-02,6.8300000000,6.8100000000,6.9400000000,6.8000000000,107423381,736827197.1600
2024-08-05,6.7800000000,6.7800000000,7.0200000000,6.7600000000,157660960,1085647127.7200
2024-08-06,6.8500000000,6.8800000000,6.9200000000,6.7700000000,126376863,864549135.8900
2024-08-07,6.8400000000,6.7900000000,6.8500000000,6.7200000000,93564935,634803152.1000
2024-08-08,6.8400000000,6.9200000000,7.1000000000,6.7300000000,203281113,1406885380.3500
2024-08-09,6.9200000000,7.1800000000,7.3800000000,6.8900000000,359575446,2592540562.2500
2024-08-12,7.1500000000,6.8800000000,7.2100000000,6.8600000000,192845934,1344080180.0800
2024-08-13,6.8500000000,6.8300000000,6.8800000000,6.7600000000,106058566,721869284.4800
2024-08-14,6.8300000000,6.7800000000,6.8600000000,6.7700000000,60992791,414625427.6200
2024-08-15,6.7700000000,6.9100000000,6.9300000000,6.7200000000,127547387,875422619.1100
2024-08-16,6.8700000000,6.8000000000,6.9200000000,6.7900000000,91596597,624875964.8800
2024-08-19,6.7700000000,6.8000000000,6.8800000000,6.7400000000,74918901,510584460.8700
2024-08-20,6.7900000000,6.6700000000,6.8100000000,6.6600000000,86158882,578194586.2400
2024-08-21,6.6600000000,6.5500000000,6.6800000000,6.5300000000,103837214,684136991.6300
2024-08-22,6.5800000000,6.4700000000,6.6400000000,6.4600000000,95524578,624992997.5900
2024-08-23,6.4500000000,6.4100000000,6.4800000000,6.3900000000,72998687,469305149.4000
2024-08-26,6.4100000000,6.5300000000,6.5800000000,6.3700000000,80498041,523569278.1700
2024-08-27,6.5000000000,6.3100000000,6.5100000000,6.3000000000,98304731,625253327.3700
2024-08-28,6.2900000000,6.2200000000,6.3100000000,6.1900000000,68431051,426230451.7800
2024-08-29,6.2000000000,6.2400000000,6.2800000000,6.1800000000,57919460,361582699.9300
2024-08-30,6.2400000000,6.7600000000,6.8600000000,6.2200000000,349734237,2335350818.1400
2024-09-02,6.5100000000,6.4200000000,6.6300000000,6.4200000000,212640877,1385023078.6600
2024-09-03,6.4100000000,6.5200000000,6.6400000000,6.3200000000,158163110,1028344274.1400
2024-09-04,6.4800000000,6.4600000000,6.7600000000,6.4300000000,164409837,1079490082.3400
2024-09-05,6.5600000000,6.5900000000,6.6600000000,6.4900000000,135393028,890031080.8800
2024-09-06,6.5200000000,6.4700000000,6.5700000000,6.4500000000,87039361,565444151.4100
2024-09-09,6.4100000000,6.3700000000,6.4500000000,6.3100000000,70650334,449986330.5400
2024-09-10,6.3700000000,6.3000000000,6.4100000000,6.2000000000,89524073,561717015.2000
2024-09-11,6.2500000000,6.3100000000,6.3800000000,6.2400000000,60408177,381296490.6800
2024-09-12,6.2900000000,6.3100000000,6.4100000000,6.2900000000,66141159,419230413.9800
2024-09-13,6.3100000000,6.3200000000,6.4000000000,6.3000000000,82299814,522226718.5200
2024-09-18,6.3400000000,6.4900000000,6.5500000000,6.2800000000,146949084,942138579.0000
2024-09-19,6.5400000000,6.7700000000,6.9200000000,6.4900000000,284030342,1912725713.4800
2024-09-20,6.6400000000,6.8900000000,6.9200000000,6.6000000000,216053887,1465358135.9000
2024-09-23,6.7800000000,6.9300000000,7.0000000000,6.7700000000,152980740,1058509856.2900
2024-09-24,7.0700000000,7.1200000000,7.1700000000,6.8100000000,324421475,2276125011.6600
2024-09-25,7.1400000000,7.3100000000,7.6800000000,7.1100000000,393525030,2940342552.9300
2024-09-26,7.2200000000,8.0400000000,8.0400000000,7.2200000000,527841028,4081867507.5200
2024-09-27,8.5200000000,8.8400000000,8.8400000000,8.5000000000,700219385,6084950923.1600
2024-09-30,9.7200000000,9.7200000000,9.7200000000,9.2700000000,579726570,5592761873.3400
2024-10-08,10.6900000000,10.3800000000,10.6900000000,9.3400000000,1097234297,11307302857.2400
2024-10-09,9.7900000000,9.3400000000,9.7900000000,9.3400000000,542034079,5112813707.5500
2024-10-10,8.9000000000,9.1200000000,9.5000000000,8.7200000000,446821056,4055413279.1200
2024-10-11,8.9700000000,9.1000000000,9.3600000000,8.7800000000,303414421,2759334426.0500
2024-10-14,9.4100000000,9.3400000000,9.5300000000,9.1600000000,367203019,3434073253.5900
2024-10-15,9.0600000000,9.2000000000,9.4700000000,9.0600000000,262189828,2433220687.5400
2024-10-16,9.4100000000,10.0000000000,10.0000000000,9.3200000000,564512750,5495337157.5000
2024-10-17,10.0000000000,9.2100000000,10.0100000000,9.1800000000,481479443,4570902696.6600
2024-10-18,9.0500000000,9.3700000000,9.5500000000,8.7800000000,411133767,3735567461.6700
2024-10-21,9.2500000000,9.1900000000,9.3900000000,9.0100000000,276398608,2545302591.7900
2024-10-22,9.1100000000,9.2400000000,9.3400000000,9.0800000000,195406498,1797102140.2700
2024-10-23,9.2200000000,9.3300000000,9.5400000000,9.1600000000,259674749,2428580900.2900
2024-10-24,9.2000000000,9.1200000000,9.3000000000,9.0600000000,170097068,1558626472.3900
2024-10-25,9.1200000000,9.1400000000,9.2900000000,9.1200000000,180242240,1657565224.2500
2024-10-28,9.1300000000,9.3900000000,9.3900000000,9.1100000000,284202432,2647135792.7900
2024-10-29,9.3100000000,9.1300000000,9.6300000000,9.1000000000,257783429,2393102876.9400
2024-10-30,9.1000000000,9.2200000000,9.3800000000,9.0700000000,232988053,2156736188.2500
2024-10-31,9.1100000000,9.2800000000,9.6600000000,9.0100000000,350249913,3278897811.7800
2024-11-01,9.2100000000,9.1100000000,9.4400000000,9.0900000000,266655359,2462406071.9500
2024-11-04,9.1500000000,9.0700000000,9.1800000000,8.8800000000,193704751,1735650700.9100
2024-11-05,9.0300000000,9.3400000000,9.4400000000,9.0100000000,287499777,2665165612.7700
2024-11-06,9.2900000000,9.5000000000,9.7000000000,9.1100000000,395135528,3714560650.5500
2024-11-07,9.4000000000,9.8900000000,9.9200000000,9.3600000000,512531705,4987142033.9800
2024-11-08,10.0000000000,9.5100000000,10.0500000000,9.4800000000,412090053,3969395904.8400
2024-11-11,9.3800000000,9.3000000000,9.4800000000,9.1600000000,273580522,2538625173.0400
2024-11-12,9.3000000000,9.1900000000,9.4400000000,9.1400000000,224536178,2086145682.3500
2024-11-13,9.1200000000,9.0700000000,9.2200000000,8.9700000000,207422731,1880003424.9100
2024-11-14,9.3000000000,8.9500000000,9.3000000000,8.9300000000,218835356,1984166000.2600
2024-11-15,8.9000000000,8.7100000000,8.9500000000,8.7000000000,162873443,1436246399.9900
2024-11-18,8.7900000000,8.8400000000,9.0300000000,8.7600000000,186612931,1660055510.5900
2024-11-19,8.8400000000,8.7500000000,8.8500000000,8.5300000000,162673593,1409788544.8100
2024-11-20,8.7000000000,8.7600000000,8.7900000000,8.6500000000,95570876,833758103.6800
2024-11-21,8.7300000000,8.6800000000,8.7900000000,8.6200000000,101182659,878347766.5200
2024-11-22,8.6600000000,8.4200000000,8.7800000000,8.4100000000,134386899,1157677834.5900
2024-11-25,8.4300000000,8.3800000000,8.4900000000,8.2500000000,113898746,952072383.2100
2024-11-26,8.3400000000,8.3600000000,8.4800000000,8.3200000000,95347951,799880774.5900
2024-11-27,8.3400000000,8.4500000000,8.4500000000,8.2200000000,104254908,869424920.9900
2024-11-28,8.4300000000,8.4800000000,8.5500000000,8.4100000000,110050462,933227374.4800
2024-11-29,8.4300000000,8.6000000000,8.7300000000,8.4200000000,149095776,1283655170.8100
2024-12-02,8.5300000000,8.6800000000,8.7300000000,8.5200000000,108741356,940174756.0700
2024-12-03,8.6500000000,8.7400000000,8.7800000000,8.6000000000,117281518,1017983797.5200
2024-12-04,8.7000000000,8.5500000000,8.7000000000,8.5300000000,110173644,948250124.3000
2024-12-05,8.5000000000,8.5200000000,8.5400000000,8.4500000000,73343506,622926933.2200
2024-12-06,8.5100000000,8.6800000000,8.7200000000,8.4800000000,130103582,1123618091.5200
2024-12-09,8.6500000000,8.4200000000,8.7000000000,8.3800000000,164165901,1393753782.5500
2024-12-10,8.9900000000,8.5800000000,8.9900000000,8.5800000000,280265383,2463193573.6000
2024-12-11,8.5100000000,8.6500000000,8.7600000000,8.5000000000,141034155,1219106087.8900
2024-12-12,8.6300000000,8.6900000000,8.7200000000,8.5500000000,128904211,1114370152.2300
2024-12-13,8.5900000000,8.4100000000,8.6100000000,8.4000000000,192078187,1624180476.2300
2024-12-16,8.4200000000,8.2300000000,8.4500000000,8.2000000000,119813001,994007980.3800
2024-12-17,8.2400000000,8.1400000000,8.2600000000,8.1300000000,87303717,714490811.8200
2024-12-18,8.1700000000,8.1400000000,8.2100000000,8.1300000000,69535505,567471939.6100
2024-12-19,8.0000000000,7.9100000000,8.0100000000,7.8200000000,183812253,1451541257.0100
2024-12-20,7.8800000000,7.8200000000,7.9300000000,7.8000000000,116440030,912493457.8000
2024-12-23,7.7900000000,7.6600000000,7.8000000000,7.6500000000,116901330,901069879.5400
2024-12-24,7.6800000000,7.7300000000,7.7300000000,7.6300000000,88060778,677822579.2300
2024-12-25,7.7100000000,7.5400000000,7.7300000000,7.4700000000,151766288,1146549840.0000
2024-12-26,7.5000000000,7.5100000000,7.5600000000,7.4800000000,71018803,534064463.5100
2024-12-27,7.5100000000,7.5500000000,7.6300000000,7.4900000000,100432377,760189357.0400
2024-12-30,7.5000000000,7.3600000000,7.5100000000,7.3300000000,133889091,990277591.3700
2024-12-31,7.3800000000,7.2600000000,7.4400000000,7.2500000000,100753551,739446797.7300
2025-01-02,7.2500000000,7.1100000000,7.3600000000,7.0700000000,118266605,854487562.8700
2025-01-03,7.1700000000,7.0000000000,7.1800000000,6.9600000000,112491516,795154845.1500
2025-01-06,6.9900000000,6.9800000000,7.0100000000,6.8900000000,85085661,591154772.5700
2025-01-07,6.9600000000,7.0500000000,7.0500000000,6.9200000000,72047105,504087512.7600
2025-01-08,7.0200000000,6.9600000000,7.0300000000,6.8300000000,91268396,632775676.2300
2025-01-09,6.9300000000,6.9500000000,7.0100000000,6.9100000000,67468602,469936431.9000
2025-01-10,6.9600000000,6.6900000000,7.0300000000,6.6900000000,133879776,909001068.2000
2025-01-13,6.6000000000,6.7600000000,6.7700000000,6.5500000000,91114692,611005035.6400
2025-01-14,6.7600000000,6.9100000000,6.9300000000,6.7500000000,111645428,765177082.1100
2025-01-15,6.8800000000,6.8600000000,6.9600000000,6.7900000000,88729429,608363556.8000
2025-01-16,6.9000000000,6.8800000000,7.0700000000,6.8400000000,111054528,771648218.0500
2025-01-17,6.5800000000,6.6300000000,6.6500000000,6.4500000000,362028275,2369977992.6400
2025-01-20,6.6000000000,6.8500000000,6.9400000000,6.4800000000,298816747,2009728943.9800
2025-01-21,6.8400000000,7.3600000000,7.5400000000,6.8200000000,584939709,4290640171.8000
2025-01-22,7.2700000000,7.0200000000,7.3600000000,6.9800000000,344872780,2457396391.0000
2025-01-23,7.1500000000,7.3600000000,7.7000000000,7.0800000000,441658131,3245710621.9900
2025-01-24,7.3300000000,7.3900000000,7.5400000000,7.2100000000,255502424,1885566127.6500
2025-01-27,7.3800000000,7.2700000000,7.5600000000,7.2200000000,215175329,1580357768.7300
2025-02-05,7.0500000000,6.9700000000,7.1800000000,6.8800000000,276584682,1931084568.5200
2025-02-06,6.9700000000,7.0200000000,7.1600000000,6.9200000000,186880547,1316869589.2800
2025-02-07,7.0500000000,7.4200000000,7.6500000000,7.0100000000,326921582,2417401435.4600
2025-02-10,7.3900000000,7.4200000000,7.4500000000,7.2700000000,186225773,1370839100.6700
2025-02-11,7.4600000000,7.2400000000,7.5400000000,7.2200000000,173609054,1268761109.8100
2025-02-12,7.2500000000,7.9600000000,7.9600000000,7.1300000000,379738987,2862874540.4100
2025-02-13,7.7900000000,7.9700000000,8.2200000000,7.7000000000,574153031,4569427868.2800
2025-02-14,7.9300000000,7.8100000000,8.0500000000,7.7100000000,262999442,2055201912.3600
2025-02-17,7.7500000000,7.6800000000,7.8700000000,7.6200000000,224527083,1732605873.5800
2025-02-18,7.6400000000,7.5200000000,7.7600000000,7.4700000000,200949545,1528472571.6700
2025-02-19,7.5000000000,7.6500000000,7.7200000000,7.4800000000,180917457,1375280250.8800
2025-02-20,7.5900000000,7.5200000000,7.6000000000,7.4900000000,137024687,1032220442.5600
2025-02-21,7.5300000000,7.6200000000,7.7300000000,7.4900000000,193512882,1474661906.0900
2025-02-24,7.6600000000,7.8200000000,8.0700000000,7.6600000000,317591806,2493456398.0600
2025-02-25,7.7500000000,7.6800000000,7.8600000000,7.6700000000,177147975,1369423942.3700
2025-02-26,7.7100000000,7.8400000000,7.8600000000,7.7000000000,194143567,1510578616.4700
2025-02-27,7.7800000000,7.8100000000,7.8900000000,7.7400000000,171577342,1339145182.3800
2025-02-28,7.7700000000,7.7500000000,8.0300000000,7.6700000000,272679023,2127729149.5400
2025-03-03,7.7500000000,7.7900000000,7.9600000000,7.7500000000,189366181,1482908609.8000
2025-03-04,7.7200000000,7.6400000000,7.7300000000,7.5300000000,145843421,1110094218.4100
2025-03-05,7.6000000000,7.5300000000,7.6900000000,7.4200000000,136469106,1027113710.8400
2025-03-06,7.5800000000,7.7700000000,7.8200000000,7.5600000000,211713302,1624520449.3400
2025-03-07,7.6500000000,7.5300000000,7.6600000000,7.5200000000,159372804,1205270122.6900
2025-03-10,7.5400000000,7.4800000000,7.5700000000,7.4400000000,97780993,732008884.1900
2025-03-11,7.4000000000,7.4300000000,7.4500000000,7.3500000000,87239337,645348200.4600
2025-03-12,7.4300000000,7.4400000000,7.4800000000,7.4000000000,66116815,491951064.7200
2025-03-13,7.4100000000,7.3500000000,7.4400000000,7.3300000000,75837650,559845298.0900
2025-03-14,7.3700000000,7.5400000000,7.5900000000,7.3700000000,145652192,1092327785.2600
2025-03-17,7.6000000000,7.5600000000,7.7300000000,7.5400000000,129008943,980824633.0400
2025-03-18,7.5700000000,7.5300000000,7.5900000000,7.4900000000,89340809,672571247.3900
2025-03-19,7.4900000000,7.4700000000,7.5200000000,7.4300000000,70856638,528939027.1100
2025-03-20,7.4500000000,7.4300000000,7.4900000000,7.4100000000,61230239,456199375.7200
2025-03-21,7.4000000000,7.3600000000,7.4200000000,7.2700000000,130662088,960505548.8100
2025-03-24,7.3500000000,7.1800000000,7.3500000000,7.1500000000,105061250,759032562.2200
2025-03-25,7.1700000000,7.1900000000,7.2300000000,7.1400000000,65503731,470444410.3100
2025-03-26,7.1900000000,7.2000000000,7.2600000000,7.1800000000,70937747,511845527.8300
2025-03-27,7.1900000000,7.1700000000,7.2200000000,7.1100000000,56204815,402664947.4000
2025-03-28,7.1700000000,7.1200000000,7.2100000000,7.1100000000,49144140,351056750.7100
2025-03-31,7.1100000000,7.0500000000,7.1100000000,6.9800000000,72778083,512135422.0200
2025-04-01,7.0700000000,7.1100000000,7.2100000000,7.0400000000,70965066,506589289.2100
2025-04-02,7.0900000000,7.0400000000,7.1000000000,7.0200000000,50685328,357827631.1800
2025-04-03,7.0000000000,7.1400000000,7.2300000000,6.9900000000,91433005,653013895.6400
2025-04-07,6.8600000000,6.6000000000,6.9300000000,6.4600000000,196633480,1318713481.7400
2025-04-08,6.6000000000,6.8000000000,6.8400000000,6.6000000000,142555014,962248248.4400
2025-04-09,6.7000000000,7.0600000000,7.1700000000,6.6200000000,185307977,1284483339.1200
2025-04-10,7.0000000000,7.2000000000,7.2900000000,6.9000000000,207328561,1478337232.9600
2025-04-11,7.1300000000,7.0800000000,7.2000000000,7.0000000000,137257832,972260986.1600
2025-04-14,7.0600000000,7.0500000000,7.1200000000,7.0300000000,85833344,606729478.1600
2025-04-15,7.0400000000,6.9900000000,7.0400000000,6.9200000000,76095482,530444356.1500
2025-04-16,6.9800000000,7.0400000000,7.0900000000,6.9500000000,82908750,581043512.9000
2025-04-17,7.0200000000,7.2000000000,7.3400000000,7.0000000000,245003354,1771549815.0100
2025-04-18,7.1900000000,7.3100000000,7.3600000000,7.1000000000,163214662,1186602048.2000
2025-04-21,7.2000000000,7.1800000000,7.2300000000,7.1400000000,130350591,935068537.0600
2025-04-22,7.1600000000,7.1800000000,7.2200000000,7.1300000000,83868946,601805775.3400
2025-04-23,7.1800000000,7.0700000000,7.2300000000,7.0500000000,108656453,772617003.1800
2025-04-24,7.0700000000,7.0800000000,7.1500000000,7.0100000000,83027357,587786791.4600
2025-04-25,7.0900000000,7.0500000000,7.2700000000,7.0500000000,183211045,1310711145.3100
2025-04-28,6.9700000000,6.8300000000,6.9900000000,6.8100000000,135721601,930464636.2400
2025-04-29,6.8300000000,6.8100000000,6.8600000000,6.8000000000,65291899,445664688.1900
2025-04-30,6.7000000000,6.8100000000,6.8200000000,6.6300000000,92454224,625457245.1700
2025-05-06,6.7900000000,6.8300000000,6.8400000000,6.7800000000,72136373,491928532.6000
2025-05-07,7.0300000000,6.9000000000,7.0600000000,6.8800000000,135462392,942344427.0400
2025-05-08,6.8700000000,6.8800000000,6.9100000000,6.8400000000,70634512,485889088.5500
2025-05-09,6.8800000000,6.7800000000,6.8900000000,6.7800000000,73341784,499181205.6700
2025-05-12,6.8100000000,6.8500000000,6.8500000000,6.7800000000,62724247,427338063.0000
2025-05-13,6.8700000000,6.8600000000,6.9100000000,6.8400000000,58298162,400452897.7500
2025-05-14,6.8600000000,6.8900000000,6.9400000000,6.8100000000,74003592,508125289.3400
2025-05-15,6.8900000000,6.7900000000,6.9200000000,6.7900000000,75391897,515413396.3900
2025-05-16,6.8000000000,6.7700000000,6.8200000000,6.7300000000,54474911,368266692.2000
2025-05-19,6.7500000000,6.8000000000,6.8300000000,6.7300000000,56176046,381437233.1400
2025-05-20,6.7900000000,6.7800000000,6.8000000000,6.7500000000,52695404,356850166.2700
2025-05-21,6.7800000000,6.7600000000,6.7900000000,6.7500000000,43362423,293193308.4500
2025-05-22,6.7400000000,6.6700000000,6.7500000000,6.6600000000,61403643,411525376.6700
2025-05-23,6.6700000000,6.6300000000,6.7000000000,6.6300000000,44211199,294776048.3500
2025-05-26,6.6300000000,6.6300000000,6.6500000000,6.6000000000,37820798,250526524.7600
2025-05-27,6.6300000000,6.6700000000,6.7100000000,6.6200000000,46603825,311200977.1700
2025-05-28,6.7300000000,6.6800000000,6.7600000000,6.6700000000,40758813,273180924.1200
2025-05-29,6.6700000000,6.7000000000,6.7300000000,6.6700000000,46360067,310716339.5900
2025-05-30,6.6800000000,6.6400000000,6.7000000000,6.6400000000,48742045,324963633.0200
2025-06-03,6.5800000000,6.5800000000,6.6000000000,6.5400000000,64683305,424995228.9000
2025-06-04,6.5900000000,6.6200000000,6.6400000000,6.5700000000,50625152,334336923.3900
2025-06-05,6.6100000000,6.6400000000,6.6600000000,6.5900000000,51121293,338787186.3300
2025-06-06,6.6400000000,6.6000000000,6.6600000000,6.5900000000,45261067,299302131.0500
2025-06-09,6.6000000000,6.6200000000,6.6400000000,6.5800000000,44399702,293716180.4600
2025-06-10,6.6300000000,6.6000000000,6.7300000000,6.5600000000,104135818,691420607.6100
2025-06-11,6.5700000000,6.5700000000,6.6100000000,6.5400000000,99042083,651195582.6500
2025-06-12,6.5500000000,6.5100000000,6.5600000000,6.4800000000,107652062,700371589.1800
2025-06-13,6.5000000000,6.4400000000,6.5100000000,6.4200000000,87615048,565615423.6800
2025-06-16,6.4600000000,6.5700000000,6.6300000000,6.4500000000,130234810,852638648.5900
2025-06-17,6.5700000000,6.5300000000,6.5800000000,6.5100000000,58239089,380340184.4400
2025-06-18,6.5100000000,6.4400000000,6.5300000000,6.4200000000,63539630,409956626.5100
2025-06-19,6.4200000000,6.3200000000,6.4300000000,6.3000000000,85454622,542431839.2000
2025-06-20,6.3300000000,6.2900000000,6.3400000000,6.2800000000,52448490,330716434.7000
2025-06-23,6.2600000000,6.2900000000,6.3000000000,6.2100000000,55151187,344849287.7100
2025-06-24,6.2900000000,6.3500000000,6.3700000000,6.2800000000,62028282,393091823.5600
2025-06-25,6.3400000000,6.4300000000,6.4300000000,6.3200000000,82090369,524029286.2800
2025-06-26,6.4200000000,6.3900000000,6.4400000000,6.3800000000,66062072,423203563.4600
2025-06-27,6.3900000000,6.3900000000,6.4800000000,6.3800000000,78678574,504925347.8000
2025-06-30,6.4000000000,6.4200000000,6.4500000000,6.3900000000,60407348,387396027.6500
2025-07-01,6.4200000000,6.3500000000,6.4200000000,6.3100000000,59831800,380416981.0000
2025-07-02,6.3600000000,6.5000000000,6.5200000000,6.3400000000,131085904,843883002.3600
2025-07-03,6.4800000000,6.4600000000,6.5500000000,6.4400000000,81014012,524884084.6600
2025-07-04,6.4800000000,6.4400000000,6.5200000000,6.4100000000,78668847,507693643.0500
2025-07-07,6.4400000000,6.5200000000,6.5900000000,6.4400000000,120538148,788025610.8800
2025-07-08,6.5100000000,6.5600000000,6.5800000000,6.4700000000,93478326,610035074.4800
2025-07-09,6.5400000000,6.5400000000,6.5800000000,6.5200000000,73591657,481726009.9900
2025-07-10,6.5200000000,6.7600000000,6.8700000000,6.5100000000,251702913,1686568538.7400
2025-07-11,6.7500000000,6.7600000000,6.7900000000,6.6800000000,162870659,1099511183.4600
2025-07-14,6.7300000000,6.6600000000,6.7900000000,6.6300000000,120552525,804732025.4000
2025-07-15,6.6400000000,6.6000000000,6.6500000000,6.4600000000,152132047,995641915.1600
2025-07-16,6.5500000000,6.5600000000,6.6500000000,6.5300000000,84908116,558859430.6800
2025-07-17,6.5600000000,6.5600000000,6.5900000000,6.5100000000,70966370,464455717.0400
2025-07-18,6.5700000000,6.5700000000,6.5900000000,6.5400000000,57403003,376631218.4600
2025-07-21,6.5600000000,6.6000000000,6.6100000000,6.5500000000,74411098,490610466.7200
2025-07-22,6.6100000000,6.7000000000,6.7200000000,6.5300000000,148801040,987611725.3500
2025-07-23,6.7300000000,6.7200000000,6.8300000000,6.6800000000,170675431,1152841042.5700
2025-07-24,6.7000000000,6.8100000000,6.8400000000,6.6700000000,184232987,1250384460.5300
2025-07-25,6.8100000000,6.7800000000,6.8400000000,6.7600000000,123594926,838988937.0700
2025-07-28,6.7800000000,6.7900000000,6.8400000000,6.6800000000,119404153,808397624.2400
2025-07-29,6.7600000000,6.8100000000,6.8100000000,6.7000000000,99347899,672095322.6900
2025-07-30,6.8000000000,6.7000000000,6.8800000000,6.6900000000,158927796,1079201558.8700
2025-07-31,6.6700000000,6.4400000000,6.6800000000,6.4200000000,229951072,1496029078.2000
2025-08-01,6.4400000000,6.3900000000,6.4600000000,6.3900000000,92360371,592783868.1000
2025-08-04,6.3700000000,6.4100000000,6.4100000000,6.3500000000,59030369,376646699.8300
2025-08-05,6.4100000000,6.4500000000,6.4500000000,6.3900000000,65263413,419615793.7000
2025-08-06,6.4300000000,6.4400000000,6.4500000000,6.4000000000,56847005,365204938.4500
2025-08-07,6.4300000000,6.4700000000,6.4800000000,6.4000000000,77603831,500342602.7100
2025-08-08,6.4600000000,6.4500000000,6.4700000000,6.4200000000,51430738,331191660.7500
2025-08-11,6.4800000000,6.4800000000,6.5200000000,6.4700000000,82178878,533689823.5900
2025-08-12,6.4600000000,6.4700000000,6.5000000000,6.4500000000,73421761,475510584.3000
2025-08-13,6.4800000000,6.4600000000,6.5000000000,6.4300000000,81074221,524044608.2700
2025-08-14,6.4600000000,6.4300000000,6.5500000000,6.4300000000,120142307,779372848.4000
2025-08-15,6.4300000000,6.5300000000,6.5900000000,6.4200000000,159536835,1041380521.1400
2025-08-18,6.5300000000,6.5000000000,6.5600000000,6.4800000000,138162542,898811495.4800
2025-08-19,6.5400000000,6.5300000000,6.6100000000,6.5100000000,162418652,1066264303.9000
2025-08-20,6.5200000000,6.5500000000,6.6000000000,6.4900000000,129958230,847768490.8900
2025-08-21,6.5500000000,6.5600000000,6.5900000000,6.5300000000,129478430,850028797.9100
2025-08-22,6.5600000000,6.5600000000,6.5600000000,6.5100000000,130769944,854125574.7700
2025-08-25,6.6600000000,7.1600000000,7.2200000000,6.6500000000,792389790,5619264695.7600
2025-08-26,6.9800000000,6.9900000000,7.0300000000,6.9000000000,437946406,3051239668.9100
2025-08-27,6.9500000000,6.7400000000,7.0100000000,6.7400000000,297615220,2042648128.2500
2025-08-28,6.7500000000,6.7700000000,6.8100000000,6.6200000000,211908852,1425708353.1500
2025-08-29,6.8900000000,6.7900000000,6.9200000000,6.7800000000,197939254,1354532777.1500
2025-09-01,6.7600000000,6.8100000000,6.8600000000,6.7000000000,140682543,953846377.4000
2025-09-02,6.8000000000,6.7200000000,6.8900000000,6.6800000000,206024978,1394222969.2600
2025-09-03,6.7500000000,6.5800000000,6.7900000000,6.5600000000,174594262,1158963334.3400
2025-09-04,6.5900000000,6.5300000000,6.6000000000,6.4800000000,153722519,1005294603.7200
2025-09-05,6.5300000000,6.5900000000,6.5900000000,6.4900000000,117109143,766112847.2900
2025-09-08,6.7200000000,6.7600000000,6.8900000000,6.7200000000,232037715,1572093121.2900
2025-09-09,6.7900000000,6.8600000000,6.9100000000,6.7400000000,217939804,1494592694.4300
2025-09-10,6.8100000000,6.8600000000,6.8600000000,6.7600000000,139719676,950570518.8200
2025-09-11,6.8200000000,6.8300000000,6.8400000000,6.7300000000,146290475,992115320.6700
2025-09-12,6.8300000000,6.9400000000,7.1400000000,6.8300000000,322089159,2235885453.7500
2025-09-15,6.9200000000,6.9700000000,7.0400000000,6.8200000000,228923025,1584580818.2600
2025-09-16,6.9500000000,7.0400000000,7.0500000000,6.8900000000,222680538,1553899603.8400
2025-09-17,7.0300000000,7.0500000000,7.0800000000,6.9300000000,166363987,1165912724.0800
2025-09-18,6.9800000000,6.7700000000,6.9900000000,6.7200000000,255296864,1748915146.8600
2025-09-19,6.7500000000,6.9800000000,7.0400000000,6.6800000000,273315185,1881123058.6400
2025-09-22,6.9000000000,7.0000000000,7.1000000000,6.8300000000,225903866,1573171749.5400
2025-09-23,6.9400000000,6.7600000000,6.9500000000,6.6800000000,184520337,1250871499.2800
2025-09-24,6.7100000000,6.8400000000,6.9400000000,6.6900000000,157167516,1075298492.8700
2025-09-25,6.8300000000,6.8000000000,6.9000000000,6.7600000000,123401975,840051756.8100
2025-09-26,6.7600000000,6.8000000000,6.9800000000,6.7300000000,150902413,1034089810.8100
2025-09-29,6.7800000000,6.8100000000,6.8700000000,6.6500000000,163457195,1102204585.0900
2025-09-30,6.8000000000,6.8900000000,6.9300000000,6.7600000000,176304882,1211551714.9800
2025-10-09,6.8000000000,6.7900000000,6.8100000000,6.6000000000,252340339,1690536826.9000
2025-10-10,6.7200000000,6.7500000000,6.8900000000,6.7200000000,154834035,1050128719.6900
2025-10-13,6.5200000000,6.5700000000,6.6300000000,6.4700000000,217774292,1425261306.2100
2025-10-14,6.5700000000,6.5300000000,6.6900000000,6.5200000000,191306411,1262009197.8400
2025-10-15,6.5200000000,6.4900000000,6.5700000000,6.4200000000,176606612,1144865926.5600
2025-10-16,6.4700000000,6.4000000000,6.4800000000,6.3800000000,143472425,921148581.2000
2025-10-17,6.3900000000,6.3200000000,6.4300000000,6.3100000000,142901329,909191869.7300
2025-10-20,6.3300000000,6.3400000000,6.3500000000,6.3000000000,86861280,549071835.1100
2025-10-21,6.3300000000,6.4000000000,6.4100000000,6.3100000000,101903523,650370893.0700
2025-10-22,6.3600000000,6.3800000000,6.4400000000,6.3500000000,78030249,498606558.5400
2025-10-23,6.4100000000,6.3800000000,6.4300000000,6.3300000000,75366863,479621653.0100
2025-10-24,6.3600000000,6.3600000000,6.3900000000,6.3400000000,73857863,469613401.5500
2025-10-27,6.3700000000,6.3200000000,6.3800000000,6.3100000000,105394409,667073658.8500
2025-10-28,6.3200000000,6.2700000000,6.3300000000,6.2600000000,91790019,577519764.6900
2025-10-29,6.2600000000,6.3100000000,6.3200000000,6.2400000000,85716082,539296508.7700
2025-10-30,6.3100000000,6.2700000000,6.3200000000,6.2600000000,73745911,463346535.9800
2025-10-31,6.2400000000,6.2700000000,6.3000000000,6.2000000000,84510209,529341765.3700
2025-11-03,6.2800000000,6.3000000000,6.3200000000,6.2600000000,68957100,433621136.0300
2025-11-04,6.2800000000,6.2300000000,6.3000000000,6.2100000000,107737250,672486857.8900
2025-11-05,6.2000000000,6.2200000000,6.2400000000,6.1600000000,69200728,429343469.9700
2025-11-06,6.2000000000,6.1800000000,6.2200000000,6.1700000000,88921853,550107118.0400
2025-11-07,6.1700000000,6.1800000000,6.2200000000,6.1500000000,73308192,453507989.6100
2025-11-10,6.1700000000,6.2600000000,6.2600000000,6.1600000000,103119913,641296733.5800
2025-11-11,6.2400000000,6.2800000000,6.3100000000,6.2300000000,90610454,568430822.7100
2025-11-12,6.3100000000,6.2600000000,6.3300000000,6.2400000000,86061061,540093753.1100
2025-11-13,6.2400000000,6.2800000000,6.2800000000,6.2200000000,76351574,477638821.5800
2025-11-14,6.2500000000,6.2700000000,6.3200000000,6.2500000000,118218067,743739694.9200
2025-11-17,6.2500000000,6.2600000000,6.2900000000,6.2400000000,84132465,527202319.1600
2025-11-18,6.2600000000,6.1300000000,6.2700000000,6.1200000000,146183050,901746513.1200
2025-11-19,6.1200000000,6.0600000000,6.1300000000,6.0400000000,102409420,622029495.0500
2025-11-20,6.0600000000,6.2000000000,6.2900000000,6.0200000000,196224831,1211557176.5600
2025-11-21,6.1200000000,6.0600000000,6.1900000000,6.0600000000,123101891,752393755.5600
2025-11-24,6.0600000000,6.0400000000,6.1300000000,6.0400000000,100697804,612019543.4000
2025-11-25,6.0500000000,6.0400000000,6.1000000000,6.0100000000,96065840,581041097.4200
2025-11-26,6.0300000000,5.8900000000,6.0600000000,5.8800000000,200521722,1192429529.4800
2025-11-27,5.6000000000,5.4700000000,5.6500000000,5.3700000000,396143324,2181600716.7500
2025-11-28,5.4100000000,5.3800000000,5.4800000000,5.2700000000,295363576,1579226788.5300
2025-12-01,5.3000000000,5.2000000000,5.3400000000,5.1700000000,321211625,1684908905.0300
2025-12-02,5.2400000000,5.2000000000,5.2600000000,5.1800000000,168690929,880080038.0200
2025-12-03,5.2200000000,5.0100000000,5.2300000000,5.0000000000,279233610,1419297667.2600
2025-12-04,4.9600000000,4.9700000000,5.0700000000,4.9100000000,262000893,1302590181.6300
2025-12-05,4.9400000000,4.9500000000,4.9700000000,4.8100000000,318099640,1552889663.6900
2025-12-08,4.9000000000,4.9100000000,4.9800000000,4.9000000000,195411774,964354592.6800
2025-12-09,4.8900000000,4.7700000000,4.9300000000,4.7600000000,235661274,1136449251.4100
2025-12-10,4.7600000000,5.2500000000,5.2500000000,4.7000000000,636212070,3229111691.0200
2025-12-11,5.1800000000,5.0700000000,5.2500000000,5.0400000000,546172361,2792490248.6200
2025-12-12,5.1300000000,5.0200000000,5.2100000000,5.0100000000,335657669,1709879517.1100
2025-12-15,4.9000000000,4.8700000000,4.9400000000,4.8000000000,256403480,1255779781.3600
2025-12-16,4.8800000000,4.9700000000,5.0500000000,4.8700000000,276572263,1368554649.9500
2025-12-17,4.9200000000,4.9600000000,4.9700000000,4.8400000000,198857248,975625240.1000
2025-12-18,4.9000000000,4.8700000000,4.9500000000,4.8300000000,176163765,861932297.0900
2025-12-19,4.8500000000,4.9000000000,4.9400000000,4.8400000000,166584284,815816714.7800
2025-12-22,4.8800000000,4.9300000000,4.9700000000,4.8500000000,155419637,763990247.1600
2025-12-23,4.8800000000,4.7900000000,4.9000000000,4.7700000000,207243276,998690163.2500
2025-12-24,4.7600000000,4.7600000000,4.8000000000,4.7600000000,115424332,551394738.7600
2025-12-25,4.7900000000,4.7900000000,4.8000000000,4.7500000000,108626646,518318251.6000
2025-12-26,4.7700000000,4.7700000000,4.8100000000,4.7600000000,124179305,593894563.8300
2025-12-29,4.7500000000,4.7400000000,4.7900000000,4.7200000000,120545509,572726660.9700
2025-12-30,4.7200000000,4.6200000000,4.7300000000,4.6200000000,151736556,706549842.6700
2025-12-31,4.6600000000,4.6500000000,4.6800000000,4.6200000000,107556125,499883113.0900
2026-01-05,4.6400000000,4.7500000000,4.7800000000,4.6300000000,193853519,917143489.7500
2026-01-06,4.7300000000,4.8300000000,4.8600000000,4.7200000000,225237598,1081145072.0700
2026-01-07,4.8100000000,4.7300000000,4.8600000000,4.7300000000,158244388,755864720.1500
2026-01-08,4.7300000000,4.9000000000,5.0000000000,4.6900000000,311990059,1517268869.0500
2026-01-09,4.8700000000,4.9600000000,5.0400000000,4.8100000000,262671069,1288191630.9900
2026-01-12,4.8900000000,4.8800000000,4.9300000000,4.8500000000,199073011,971866994.8100
2026-01-13,4.8700000000,4.8300000000,4.9700000000,4.8200000000,195098147,950864611.0300
2026-01-14,4.8200000000,4.6900000000,4.8500000000,4.6900000000,279838376,1336813422.4000
2026-01-15,4.7100000000,4.8500000000,4.9600000000,4.7100000000,319556228,1540993865.8400
2026-01-16,4.8500000000,4.7300000000,4.8600000000,4.7200000000,209304601,998121239.1700
2026-01-19,4.7000000000,4.7300000000,4.7700000000,4.6800000000,116845018,551877926.1100
2026-01-20,4.7100000000,4.7900000000,4.8500000000,4.7000000000,210200563,1008144914.1000
2026-01-21,4.8600000000,5.0100000000,5.1100000000,4.8100000000,511785961,2542382134.8100
2026-01-22,5.0100000000,4.9500000000,5.0200000000,4.9200000000,291810250,1445979606.4600
2026-01-23,4.9700000000,4.9500000000,4.9800000000,4.8900000000,260217954,1280912212.2500
2026-01-26,4.9200000000,4.8200000000,4.9700000000,4.8100000000,270982151,1317277569.9200
2026-01-27,4.8100000000,4.7500000000,4.8300000000,4.7200000000,174565432,832167614.2600
2026-01-28,4.8800000000,4.8600000000,4.9300000000,4.8100000000,279920784,1361526689.8000
2026-01-29,4.8200000000,5.1300000000,5.1800000000,4.7700000000,605243432,3047866238.8000
2026-01-30,5.0600000000,4.8800000000,5.0700000000,4.8800000000,374052474,1853094644.4800
2026-02-02,4.7000000000,4.6800000000,4.8000000000,4.6600000000,301015723,1422202500.7300
2026-02-03,4.7200000000,4.7000000000,4.7700000000,4.6700000000,164033980,771688823.2600
2026-02-04,4.6800000000,4.9000000000,4.9200000000,4.6700000000,353254811,1704989668.0500
2026-02-05,4.8600000000,4.8800000000,4.9200000000,4.8400000000,214093420,1043758918.1400
2026-02-06,4.8200000000,4.8100000000,4.8600000000,4.7800000000,162512589,783147719.7500
2026-02-09,4.8300000000,4.9600000000,5.0700000000,4.8300000000,281848512,1398716573.9900
2026-02-10,4.9700000000,4.8800000000,4.9800000000,4.8700000000,161955486,793594072.0900
2026-02-11,4.8800000000,4.8900000000,4.9100000000,4.8300000000,135996585,661327510.8700
2026-02-12,4.9300000000,4.9200000000,5.0600000000,4.9200000000,294856547,1467494524.7600
2026-02-13,4.9500000000,4.9700000000,4.9900000000,4.8800000000,224573180,1108675798.6000
2026-02-24,4.9400000000,4.9200000000,4.9600000000,4.9000000000,155701885,766341374.3200
2026-02-25,4.9200000000,5.0000000000,5.0700000000,4.9100000000,246730946,1236738602.2200
2026-02-26,4.9900000000,4.8200000000,5.0000000000,4.8100000000,278738664,1361360307.4800
2026-02-27,4.8300000000,4.8400000000,4.8400000000,4.7900000000,113276755,545381100.5300
2026-03-02,4.7600000000,4.7500000000,4.8200000000,4.7300000000,149150710,710169994.6600
2026-03-03,4.7500000000,4.6700000000,4.7800000000,4.6600000000,159681704,751480501.2800
2026-03-04,4.6400000000,4.6200000000,4.6800000000,4.5900000000,117689639,544991409.7600
2026-03-05,4.6500000000,4.6900000000,4.7300000000,4.6500000000,96074299,449472221.7600
2026-03-06,4.6700000000,4.7200000000,4.7200000000,4.6500000000,93790470,439228492.6900
2026-03-09,4.6500000000,4.6500000000,4.6700000000,4.6200000000,92022291,426883195.8400
2026-03-10,4.6600000000,4.6700000000,4.6900000000,4.6500000000,63955629,298634048.8300
2026-03-11,4.6600000000,4.6700000000,4.6900000000,4.6400000000,77062306,359564833.0100
2026-03-12,4.6600000000,4.6500000000,4.6800000000,4.6300000000,75863123,353013909.8900
2026-03-13,4.6500000000,4.6600000000,4.7300000000,4.6400000000,116130132,544481451.6400
2026-03-16,4.6600000000,4.6600000000,4.7200000000,4.6400000000,90004039,420273563.4800
2026-03-17,4.6800000000,4.7000000000,4.7600000000,4.6600000000,155801601,735182811.2400
2026-03-18,4.6800000000,4.6300000000,4.6900000000,4.6100000000,108765302,503584403.2000
2026-03-19,4.6100000000,4.5000000000,4.6300000000,4.5000000000,140671728,639045700.3400
2026-03-20,4.5100000000,4.3400000000,4.5300000000,4.3300000000,182408676,801026815.8500
2026-03-23,4.2500000000,4.0200000000,4.2600000000,4.0100000000,212064792,875914657.1100
2026-03-24,4.0900000000,4.0900000000,4.1100000000,4.0200000000,91531266,371679205.0500
2026-03-25,4.0800000000,4.1200000000,4.1400000000,4.0700000000,86515580,355770187.6200
2026-03-26,4.1000000000,4.0400000000,4.1400000000,4.0300000000,84825892,345974692.0500
2026-03-27,4.0100000000,4.0600000000,4.0700000000,3.9800000000,65723062,265432185.4300
2026-03-30,4.0000000000,4.0100000000,4.0300000000,3.9600000000,94848143,379764555.8000
2026-03-31,4.0200000000,3.9900000000,4.0800000000,3.9800000000,98965738,398852457.7200
2026-04-01,4.0400000000,4.0400000000,4.0700000000,3.9900000000,106846990,431001884.3700
2026-04-02,4.0100000000,3.9200000000,4.0200000000,3.9100000000,123161080,487209190.9500
2026-04-03,3.9200000000,3.8200000000,3.9300000000,3.8000000000,103542099,397361554.9600
2026-04-07,3.8000000000,3.8100000000,3.8200000000,3.7600000000,73291118,278419795.0000
2026-04-08,3.8500000000,3.9500000000,3.9800000000,3.8400000000,122020932,477085770.3400
2026-04-09,3.9000000000,3.8700000000,3.9100000000,3.8500000000,85780318,332161941.8200
2026-04-10,3.8700000000,3.8900000000,3.9400000000,3.8700000000,76262242,297904084.5300
2026-04-13,3.8500000000,3.9100000000,3.9200000000,3.8400000000,81101407,315793902.0000
2026-04-14,3.9300000000,4.0200000000,4.0400000000,3.9100000000,182275641,724745487.0700
2026-04-15,4.0100000000,3.9700000000,4.0500000000,3.9500000000,117129943,466921648.5900
2026-04-16,3.9700000000,3.9600000000,4.0000000000,3.9400000000,68900633,272882730.3000
2026-04-17,3.9600000000,3.9600000000,4.0200000000,3.9400000000,98442449,391407429.8700
2026-04-20,3.9400000000,3.9300000000,3.9500000000,3.8900000000,80578596,315420341.1400
2026-04-21,3.9200000000,3.9000000000,3.9500000000,3.8900000000,72886895,284972512.8200
2026-04-22,3.9200000000,3.8800000000,3.9200000000,3.8600000000,76465405,296503187.0900
2026-04-23,3.8700000000,3.8100000000,3.8800000000,3.8100000000,106038485,406561190.0600
2026-04-24,3.8000000000,3.7500000000,3.8100000000,3.7400000000,90444334,340528638.5900
2026-04-27,3.7600000000,3.7300000000,3.7600000000,3.7000000000,79930234,297465726.4500
2026-04-28,3.7300000000,3.7500000000,3.8100000000,3.7200000000,91510010,344857097.2700
2026-04-29,3.7600000000,3.8700000000,3.8900000000,3.7600000000,145225546,559644423.0100
2026-04-30,3.8700000000,3.9100000000,3.9500000000,3.8300000000,165954127,648035065.6900
2026-05-06,3.9400000000,4.0100000000,4.0300000000,3.8900000000,182828692,726387514.5000
2026-05-07,4.0000000000,3.9800000000,4.0200000000,3.9600000000,113474585,451546433.4000
2026-05-08,3.9700000000,4.0000000000,4.0300000000,3.9500000000,110976736,443314476.0000
2026-05-11,4.0000000000,4.0900000000,4.1400000000,3.9800000000,193032121,787127184.0200
2026-05-12,4.0700000000,4.1000000000,4.1600000000,4.0200000000,177313907,725632370.5800
2026-05-13,4.0800000000,3.9900000000,4.1000000000,3.9800000000,130876733,524880558.9200
2026-05-14,3.9900000000,3.8700000000,4.0300000000,3.8600000000,125398686,490920734.5400
2026-05-15,3.8700000000,3.7800000000,3.8800000000,3.7600000000,120434319,459772879.1500
2026-05-18,3.7800000000,3.6800000000,3.7900000000,3.6600000000,152337836,563488993.6700
2026-05-19,3.6800000000,3.7100000000,3.7300000000,3.6700000000,100110847,370083486.1600
2026-05-20,3.6900000000,3.6000000000,3.7000000000,3.5900000000,120442615,435565882.6200
2026-05-21,3.6100000000,3.4700000000,3.6200000000,3.4700000000,131737089,467982969.5600
2026-05-22,3.4800000000,3.4600000000,3.5000000000,3.4300000000,86651830,300537452.8200
