日期,开盘,收盘,最高,最低,成交量,成交额
2020-01-02,111.7946280000,111.8623823200,113.0650215000,109.7535291100,30667439,4038536854.9500
2020-01-03,111.4558564000,110.5665809500,111.8539130300,109.7704676900,20469248,2672531470.2300
2020-01-06,110.1007700000,109.4232268000,110.3125022500,108.8473150800,25936979,3353682073.1300
2020-01-07,109.6773055000,109.5672047300,111.0069840300,109.2538410000,22327793,2901574233.0800
2020-01-08,109.2453717100,109.1606788100,109.8975070400,108.4492584500,16180218,2083242871.0500
2020-01-09,109.2538410000,110.7529053300,111.1170848000,108.6186442500,25549057,3317934212.4100
2020-01-10,110.5242345000,113.1666529800,113.5308324500,110.5242345000,42969542,5712380855.9700
2020-01-13,113.7086875400,118.2821041400,118.5700600000,113.7002182500,49604194,6847185988.3000
2020-01-14,118.6547529000,117.3504822400,119.1459717200,117.0455878000,19907317,2767444878.8900
2020-01-15,117.3504822400,119.2476032000,120.9499304900,117.3420129500,23478904,3309331109.8100
2020-01-16,119.2476032000,119.1290331400,120.2639180000,117.9772097000,14535988,2046672621.1200
2020-01-17,119.6371905400,117.3420129500,120.0945322000,117.1302807000,14847814,2068064059.8500
2020-01-20,119.0358709500,116.5035532400,119.1290331400,115.8598872000,16753769,2308928098.7000
2020-01-21,115.6058085000,112.3197239800,115.6058085000,111.8030972900,29307308,3903226854.5200
2020-01-22,110.9392297100,111.5405493000,112.3620704300,109.8975070400,25753051,3375415201.5200
2020-01-23,111.5998343300,106.8485626400,111.5998343300,105.8661250000,41593668,5294268764.0200
2020-02-03,96.1603186600,96.1603186600,96.1603186600,96.1603186600,16763900,1903373206.0000
2020-02-04,92.3152610000,96.9733705000,101.6314800000,92.3152610000,71021426,8017646168.9900
2020-02-05,98.1590711000,99.5226267900,101.4620942000,96.6345989000,38878339,4546389350.9300
2020-02-06,100.7845510000,100.9115903500,101.5806642600,98.7519214000,30655105,3619248778.7700
2020-02-07,100.9962832500,102.1226988200,102.4191239700,99.6073196900,28011695,3346691769.0700
2020-02-10,101.2080155000,102.5885097700,103.6048245700,100.4288408200,22187650,2682789606.0400
2020-02-11,102.6054483500,105.6882699100,106.2895895000,102.6054483500,24577382,3049430907.6300
2020-02-12,105.4426605000,105.4341912100,106.0778572500,103.9774733300,17511362,2168783486.4800
2020-02-13,105.7644935200,105.1377660600,107.2720271400,104.4856307300,17862884,2230165010.3700
2020-02-14,105.1885818000,104.5364464700,106.6114225200,103.7064560500,16971973,2094049251.5400
2020-02-17,104.3247142200,105.2732747000,105.2732747000,103.8165568200,23816908,2941280509.9800
2020-02-18,104.8498102000,104.5025693100,105.2732747000,104.1807362900,12872775,1590249168.5900
2020-02-19,104.8328716200,106.7130540000,107.7124302200,103.9012497200,31662776,3976674952.0200
2020-02-20,107.5599830000,110.2278093500,110.5919888200,107.4668208100,33466160,4332207305.9700
2020-02-21,110.1007700000,110.1007700000,111.1170848000,109.2707795800,20743751,2695003477.3100
2020-02-24,109.5926126000,107.6446759000,109.5926126000,107.3059043000,23560124,3005249413.4900
2020-02-25,105.6967392000,106.1202037000,107.5599830000,104.9006259400,24063330,3014293143.3100
2020-02-26,104.8752180700,105.1038889000,107.0687641800,104.1722670000,21417866,2662201890.9500
2020-02-27,105.6967392000,106.9671327000,108.1951797500,105.4426605000,23573167,2986686525.4400
2020-02-28,105.0191960000,102.1396374000,105.0446038700,100.7845510000,36601211,4445668089.2600
2020-03-02,101.7161729000,103.8758418500,104.6804244000,101.2927084000,26982238,3287615181.0000
2020-03-03,104.7651173000,105.3325597300,106.6114225200,104.7651173000,23092324,2878896360.5700
2020-03-04,105.0191960000,106.0947958300,106.6537689700,105.0191960000,19757510,2471690889.5100
2020-03-05,107.1788649500,112.8109428000,114.2337835200,106.7130540000,56561987,7399037627.0700
2020-03-06,111.7946280000,110.1600550300,114.2337835200,110.1007700000,29165822,3845033468.4600
2020-03-09,108.4069120000,106.9671327000,108.6186442500,106.7469311600,24454158,3106158207.3700
2020-03-10,106.9671327000,110.7105588800,111.4812642700,106.8824398000,31077221,4017374185.6200
2020-03-11,112.2180925000,110.0160771000,112.4721712000,109.6773055000,18763487,2452609914.8300
2020-03-12,107.4583515200,106.7469311600,108.5000741900,106.5944839400,25266000,3199005135.6900
2020-03-13,101.6314800000,103.8334954000,106.0524493800,100.6829195200,35088698,4280415922.7100
2020-03-16,102.8171806000,97.8202995000,103.6641096000,96.8971468900,37024247,4379489484.6900
2020-03-17,96.9733705000,95.1609424400,99.5819118200,91.9595508200,35297954,3975112228.2100
2020-03-18,95.8723628000,91.1210911100,98.2183561300,90.3588550100,40442259,4528147000.3400
2020-03-19,89.6050882000,86.4799201900,90.6214030000,83.5326072700,60169789,6133825332.9100
2020-03-20,88.3516332800,91.9002657900,92.8742341400,88.2584710900,42206390,4484741875.1500
2020-03-23,88.0806160000,88.5125497900,90.1979385000,87.2675641600,32826540,3443583082.0400
2020-03-24,90.6891573200,92.3576074500,93.0690278100,89.8083511600,35636342,3859693788.5000
2020-03-25,95.7876699000,96.5499060000,97.3629578400,94.7205393600,30947333,3508691590.5500
2020-03-26,95.6860384200,96.4567438100,98.4978427000,94.7713551000,20880123,2397709906.1100
2020-03-27,97.9049924000,98.0828474900,99.7682362000,97.9049924000,23543496,2745616755.8700
2020-03-30,95.5505297800,95.8977706700,96.5668445800,94.6019693000,20580583,2321514404.4500
2020-03-31,97.3968350000,97.5662208000,98.7434521100,96.6007217400,18849621,2179898621.2400
2020-04-01,98.2437640000,97.3968350000,99.0822237100,96.9225547600,17596852,2033698724.2500
2020-04-02,96.5499060000,99.2516095100,99.2516095100,96.1433800800,19153739,2218330786.4200
2020-04-03,99.6835433000,99.5310960800,101.1826076300,98.9213072000,17580586,2076905527.1100
2020-04-07,102.1396374000,105.1377660600,105.5104148200,102.1396374000,29451150,3627761364.5800
2020-04-08,105.1377660600,106.1032651200,106.7045847100,104.5364464700,20113362,2515223465.7400
2020-04-09,107.2635578500,105.8491864200,108.0681404000,104.1807362900,15879620,1985606241.4500
2020-04-10,105.8491864200,107.1534570800,109.0844552000,105.1885818000,19896089,2526071157.9200
2020-04-13,105.9931643500,105.8661250000,107.5769215800,105.1885818000,14606018,1831925095.0400
2020-04-14,107.2296806900,108.7880300500,109.1522095200,106.0355108000,19461888,2481573352.8100
2020-04-15,108.8049686300,108.3306883900,110.3379101200,107.7378380900,16296718,2095661173.6900
2020-04-16,107.5684522900,106.7977469000,108.2375262000,106.3065280800,18825435,2379554855.7300
2020-04-17,107.7039609300,109.1013937800,109.8466913000,107.3397814600,23471089,3022344869.2800
2020-04-20,110.0330156800,109.5163889900,110.5072959200,109.1522095200,13218834,1710863422.6500
2020-04-21,108.4746663200,107.1111106300,109.2114945500,105.9338793200,20552372,2596092234.0300
2020-04-22,107.1703956600,110.3548487000,110.9392297100,106.2218351800,26598477,3436601399.7400
2020-04-23,111.1170848000,111.0239226100,113.7425647000,110.7783132000,21331870,2822832124.0000
2020-04-24,111.1509619600,111.2864706000,112.8871664100,109.5672047300,16773324,2215246722.0300
2020-04-27,112.2265617900,112.3874783000,113.1666529800,110.4226030200,15934244,2110526723.8900
2020-04-28,115.1823440000,117.7231310000,119.6033133800,113.9204197900,42077345,5811722420.0600
2020-04-29,117.7231310000,114.7588795000,118.6970993500,113.4884860000,29183204,3980521441.3300
2020-04-30,114.7588795000,114.9875503300,117.8925168000,113.5054245800,22864055,3121490868.8500
2020-05-06,113.9119505000,117.0540570900,117.7654774500,113.4715474200,25104481,3442757066.2100
2020-05-07,117.1980350200,120.1876943900,120.2639180000,116.3426367300,27796178,3911603340.0400
2020-05-08,120.8144218500,121.0261541000,123.2281695000,119.3577039700,24326698,3478295310.5800
2020-05-11,121.2971713800,120.1368786500,122.8893979000,119.4169890000,23681991,3384838039.2100
2020-05-12,119.4169890000,121.0261541000,121.7799209100,119.3238268100,15184489,2167669765.7300
2020-05-13,121.0261541000,123.6516340000,123.8294890900,120.5179967000,19635029,2845747547.1700
2020-05-14,123.5669411000,123.9057127000,124.4985630000,122.2965476000,15361261,2244204771.7500
2020-05-15,124.9220275000,122.9910293800,125.3370227100,122.0255303200,16064447,2338474671.0300
2020-05-18,122.8047050000,128.0471955100,129.1227953400,122.4659334000,24881015,3718097608.9100
2020-05-19,129.8596235700,128.2419891800,129.9951322100,127.3527137300,17650556,2669709609.7300
2020-05-20,129.1566725000,127.7592396500,129.5631984200,127.4712837900,17041214,2580358165.7200
2020-05-21,128.6146379400,128.4621907200,130.0290093700,127.9116868700,17092150,2602103042.5600
2020-05-22,127.6830160400,122.1695082500,127.6999546200,121.6613508500,38352639,5597327855.3100
2020-05-25,121.9662452900,124.5239708700,124.8373346000,119.5016819000,24355991,3540747465.3900
2020-05-26,124.5239708700,125.1845754900,126.2940524800,123.7786733500,16511925,2436906020.3000
2020-05-27,125.1930447800,123.7871426400,125.6842636000,123.3806167200,14596302,2143082940.1900
2020-05-28,123.7786733500,123.7871426400,125.3624305800,122.3812405000,14818404,2166223144.0100
2020-05-29,122.8047050000,125.5148778000,125.8451801100,122.6607270700,16321720,2408655795.7900
2020-06-01,127.0901657400,134.3144701100,135.6610872200,127.0901657400,35784358,5624344618.4400
2020-06-02,134.1450843100,134.4669173300,138.5999308500,133.8317205800,29158586,4669324668.4900
2020-06-03,136.2369989400,134.0180449600,136.9992350400,132.6968357200,25275933,4004118585.5500
2020-06-04,133.8401898700,134.5346716500,135.4917014200,132.9678530000,13631755,2166142874.9200
2020-06-05,134.7548731900,135.5848636100,136.0845517200,133.4760104000,15985906,2547709184.7700
2020-06-08,135.0851755000,136.0252666900,139.7009385500,134.9157897000,22255110,3596734091.4600
2020-06-09,135.9998588200,137.7191246900,138.0494270000,134.6701802900,16111888,2610701054.1200
2020-06-10,137.7530018500,137.6598396600,138.7100316200,136.4233233200,14948146,2428166146.2500
2020-06-11,137.0331122000,135.5679250300,137.8292254600,133.7724355500,19946097,3195703175.3000
2020-06-12,132.9678530000,136.7790335000,137.1008665200,132.2056169000,17647613,2822869416.6900
2020-06-15,134.6617110000,132.9678530000,136.2539375200,132.5443885000,26621961,4206860399.4600
2020-06-16,133.0525459000,133.5437647200,134.8819125400,132.4596956000,25984652,4095546267.0000
2020-06-17,133.1880545400,132.0192925200,133.3913175000,130.3423731000,23242329,3610097414.3400
2020-06-18,132.6290814000,134.1196764400,134.3060008200,132.0870468400,19949002,3145346589.3500
2020-06-19,134.2382465000,140.2260345300,141.0136785000,134.1789614700,38702809,6342808631.1400
2020-06-22,140.7667760000,139.9084420000,140.7667760000,138.1917740000,21631228,3513415729.7500
2020-06-23,139.9084420000,144.1829453200,144.5434456000,139.1187747200,26532477,4413501330.9700
2020-06-24,144.5520289400,144.7236957400,147.0326142000,143.3417780000,18798602,3172425486.9400
2020-06-29,143.0070277400,143.7709450000,144.6292790000,142.3117772000,19993555,3331811630.3600
2020-06-30,144.6636123600,146.8781140800,147.3501977800,144.6292790000,18989762,3238678111.0200
2020-07-01,146.8781140800,156.1996213200,158.8776234000,146.8781140800,27181836,4886748745.6800
2020-07-02,154.5001200000,162.6457096600,165.0919615600,154.3971199200,34887021,6549218075.8500
2020-07-03,163.0748766600,161.9847924800,163.5126270000,156.6459550000,30815941,5745184556.1700
2020-07-06,161.9762091400,165.5039618800,168.2334640000,159.2724570400,32843107,6291466679.8100
2020-07-07,165.4696285200,173.2890512600,177.1429709200,163.3581268800,38411125,7693352358.7300
2020-07-08,172.9543010000,174.5508022400,176.6451372000,170.8084660000,29232255,5907018139.9900
2020-07-09,174.5765522600,174.8598024800,176.2674702400,172.9543010000,29524349,5988999450.1200
2020-07-10,174.2418020000,177.6751380000,181.7951412000,172.3534672000,33547581,6923294758.0100
2020-07-13,177.6751380000,187.2884788000,193.1251500000,177.6751380000,48880722,10648696886.7300
2020-07-14,187.3743122000,189.6059806000,193.4084002200,181.9925580200,43873308,9589876574.7900
2020-07-15,187.9751460000,192.2238993000,193.9834840000,186.7734784000,37169954,8289624150.2000
2020-07-16,189.6918140000,173.0058010400,189.7347307000,173.0058010400,70573669,14817949981.6400
2020-07-17,167.3751300000,176.2932202600,179.9926398000,167.3751300000,52976677,10785868982.3200
2020-07-20,176.3876370000,173.1088011200,178.9626390000,163.9503773400,44290656,8808311369.0800
2020-07-21,172.5251340000,176.4563037200,179.3059726000,170.6367992000,31785876,6514435742.8600
2020-07-22,175.3147195000,179.3059726000,182.7135585800,174.0272185000,28066323,5873887494.7100
2020-07-23,177.9326382000,180.3102233800,181.8809746000,176.4734704000,26541311,5547862012.5300
2020-07-24,178.5334720000,172.8598842600,179.3488893000,169.9501320000,40538626,8233915251.9100
2020-07-27,174.5765522600,175.1859694000,177.5034712000,172.8770509400,24634688,5038945709.5100
2020-07-28,176.7223872600,183.6834760000,186.2069779600,175.6752197800,38449712,8143034019.7800
2020-07-29,183.9838929000,184.5246433200,184.9538103200,179.4003893400,30136414,6417584055.9100
2020-07-30,183.6834760000,185.6748108800,187.1597287000,182.8251420000,25322564,5483434280.2500
2020-07-31,185.8378943400,186.6876450000,189.7003973400,183.9238095200,26231782,5707639443.3400
2020-08-03,187.2713121200,186.8764784800,188.7733966200,184.7134768000,20145355,4369803363.6600
2020-08-04,186.6876450000,185.2284772000,188.6618132000,183.6834760000,20676941,4483369686.7100
2020-08-05,185.0568104000,186.6704783200,186.9108118400,182.8251420000,18671238,4024536334.4900
2020-08-06,186.6704783200,181.1256406800,187.5803123600,179.9583064400,32304359,6855967077.0400
2020-08-07,180.2501400000,177.8983048400,182.8251420000,174.3963021200,28723584,5960012764.4300
2020-08-10,177.8983048400,176.7653039600,179.2888059200,174.1903019600,19152100,3941811351.9300
2020-08-11,177.6751380000,179.3918060000,183.1255589000,177.6751380000,25009077,5285963734.0600
2020-08-12,178.4648052800,177.2202209800,180.1471399200,174.2761353600,18024993,3701984354.9500
2020-08-13,178.5334720000,177.5893046000,180.2501400000,176.3876370000,12320969,2555092632.7700
2020-08-14,177.0743042000,182.7393086000,183.0826422000,177.0056374800,24431491,5144549732.0900
2020-08-17,184.1126430000,188.8248966600,190.5501480000,184.1126430000,31515599,6913069145.2000
2020-08-18,188.8248966600,189.3227303800,191.4084820000,187.2198120800,19038249,4208955657.7100
2020-08-19,189.2368969800,190.7218148000,193.9491506400,186.4902281800,23847268,5300628768.7700
2020-08-20,188.8334800000,185.7778109600,189.6231472800,185.4001440000,18490663,4022580052.9800
2020-08-21,188.8334800000,187.4601456000,189.6746473200,185.7778109600,15731861,3438178399.9500
2020-08-24,188.8163133200,193.1251500000,194.2409842000,188.1382294600,23152218,5170962343.5000
2020-08-25,193.9834840000,202.2234904000,203.2105745000,193.9749006600,28547871,6659413393.1800
2020-08-26,202.0518236000,203.1247411000,205.8885765800,199.3051548000,26209992,6176301738.0100
2020-08-27,205.1246593200,204.3521587200,205.1246593200,198.3953207600,21348858,5024119736.0900
2020-08-28,202.5496573200,206.4293270000,210.1716632400,200.1634888000,32724152,7823482204.5500
2020-08-31,207.7168280000,206.0001600000,211.7509978000,206.0001600000,31571514,7691010330.7200
2020-09-01,203.8371583200,202.7728241600,205.8284932000,200.0776554000,30087024,7091377402.8100
2020-09-02,201.8801568000,201.7084900000,205.8113265200,200.6784892000,19633125,4642766180.0700
2020-09-03,202.0518236000,204.8328257600,208.5751620000,201.8715734600,27569574,6599198582.2100
2020-09-04,200.8501560000,197.6056534800,200.8501560000,194.2152341800,37092062,8495154315.0400
2020-09-07,196.8589029000,194.7474012600,200.3780723000,193.2109834000,23622659,5428172452.0600
2020-09-08,194.9619847600,190.4900646200,196.8589029000,186.7734784000,35708526,7906064618.8200
2020-09-09,187.8120625400,186.2584780000,189.3999804400,185.4001440000,22706135,4950173117.7300
2020-09-10,188.8334800000,191.5801488000,193.7774838400,188.7991466400,23154133,5168118227.5500
2020-09-11,190.0780643000,195.5971519200,195.5971519200,188.9879801200,20470064,4597798171.2500
2020-09-14,196.6271527200,197.4854867200,198.6528209600,192.4213161200,20749216,4747190668.9900
2020-09-15,197.4168200000,197.7000702200,198.6184876000,195.7001520000,12036547,2765306525.5600
2020-09-16,198.0519871600,194.0006506800,199.2965714600,193.1251500000,18453747,4206118388.0900
2020-09-17,190.6016480400,191.1080651000,193.9834840000,187.8893126000,22801632,5066620919.7900
2020-09-18,191.1080651000,197.0048196800,197.0048196800,189.5373138800,19015650,4291299127.9400
2020-09-21,195.7001520000,193.0393166000,197.0305697000,192.6702329800,13028469,2942680885.2900
2020-09-22,190.9449816400,191.3226486000,194.6444011800,190.5501480000,12091370,2711926528.1800
2020-09-23,185.9151444000,188.2498128800,190.1123976600,182.3616416400,25179488,5469429699.2800
2020-09-24,187.1854787200,185.6576442000,190.0093975800,185.2971439200,16365237,3569684235.5100
2020-09-25,186.2670613400,186.4301448000,188.3528129600,185.7177275800,11251653,2449369664.9800
2020-09-28,187.4086455600,188.9450634200,191.2797319000,187.1168120000,15264425,3363291339.0100
2020-09-29,190.5501480000,188.6017298200,191.2368152000,187.7777291800,9972097,2199769865.1900
2020-09-30,189.6918140000,189.6918140000,193.1251500000,188.9193134000,16234185,3608733491.7000
2020-10-09,193.1251500000,195.3310683800,197.0305697000,191.6573988600,20893388,4736861700.7800
2020-10-12,196.5584860000,207.5022445000,207.7254113400,196.5584860000,32455704,7713734277.5800
2020-10-13,207.5022445000,207.9485781800,209.9484964000,205.0044925600,17191051,4169972230.2900
2020-10-14,207.5365778600,205.4851596000,209.7167462200,204.4379921200,18319372,4414453297.7300
2020-10-15,205.5795763400,205.0645759400,206.4293270000,204.5753255600,11176087,2673550249.8900
2020-10-16,205.0559926000,203.3221579200,206.7039938800,201.9144901600,11835750,2812810615.7900
2020-10-19,206.0001600000,202.7213241200,207.3734944000,201.3651564000,12290083,2920521351.4000
2020-10-20,202.5668240000,206.8413273200,206.8584940000,201.7084900000,17996331,4313854388.7800
2020-10-21,206.8413273200,207.5194111800,209.1759958000,205.7340764600,13707691,3309649772.3600
2020-10-22,207.7168280000,207.4936611600,208.5665786600,203.1504911200,15041607,3620503899.7200
2020-10-23,206.6782438600,203.1075744200,207.9228281600,202.8243242000,13452273,3217550682.4800
2020-10-26,197.4168200000,199.6570717400,201.3565730600,191.4084820000,16000039,3696971910.0600
2020-10-27,200.0004053400,200.4209890000,202.0089069000,198.0176538000,14302682,3339001551.8800
2020-10-28,201.7084900000,205.9829933200,207.7168280000,200.3523222800,17076230,4079939455.5900
2020-10-29,204.9701592000,214.5835000000,217.8194191800,204.7040756600,34962748,8707106516.0500
2020-10-30,211.9655813000,209.7339129000,214.5835000000,208.8069121800,23948951,5883433065.6200
2020-11-02,212.0685813800,210.8926638000,215.4847507000,209.8626630000,15733705,3880439537.7700
2020-11-03,212.9526654000,214.9268336000,214.9268336000,210.7209970000,16535083,4112229156.2800
2020-11-04,214.7980835000,217.1585020000,217.1585020000,213.1243322000,12992837,3267104849.3700
2020-11-05,219.7249206600,222.6604229400,223.0380899000,218.0597527000,18968980,4898017531.9300
2020-11-06,223.2097567000,222.5660062000,224.1968408000,218.9180867000,15116483,3901814024.4900
2020-11-09,224.0251740000,231.7501800000,231.7501800000,223.6818404000,20628388,5513207008.0000
2020-11-10,232.3853471600,234.1535152000,239.1747691000,229.3897615000,22308070,6085547697.8700
2020-11-11,232.3510138000,230.8060126000,239.4751860000,230.3339289000,22787338,6218718170.5400
2020-11-12,230.8060126000,229.7330951000,233.0290976600,227.4585100000,17623158,4716978361.3500
2020-11-13,227.4585100000,227.4585100000,229.4927615800,221.4501720000,18843071,4950551088.0700
2020-11-16,230.0335120000,234.3251820000,234.4539321000,226.1795923400,19577792,5269426372.1300
2020-11-17,234.3165986600,230.9776794000,235.6555997000,228.3168440000,17947672,4847011187.1900
2020-11-18,230.0249286600,226.3598424800,231.3381796800,222.3085060000,19456273,5134604862.2700
2020-11-19,225.1753415600,227.2010098000,228.5743442000,223.1668400000,12448246,3287372158.6200
2020-11-20,228.7803443600,230.4369289800,232.1793470000,227.2868432000,11122604,2984187157.8700
2020-11-23,233.0376810000,233.9646817200,238.4194351800,233.0376810000,15634214,4282239108.5700
2020-11-24,233.9646817200,233.2865978600,233.9818484000,229.1751780000,12503527,3370155283.9700
2020-11-25,233.2951812000,225.7160919800,233.8015982600,225.5787585400,16559440,4404834698.3500
2020-11-26,225.0294247800,223.6646737200,227.6130101200,216.9010018000,19905229,5158676272.6600
2020-11-27,223.6646737200,225.1410082000,225.1495915400,221.5360054000,11259290,2933632286.3200
2020-11-30,223.7247571000,218.0168360000,224.8749246600,217.7164191000,21174104,5419775805.7400
2020-12-01,218.8751700000,221.4415886600,222.2055059200,218.8751700000,13648057,3509920228.4700
2020-12-02,223.1668400000,223.6389237000,224.8749246600,220.6776714000,11637763,3028626146.3700
2020-12-03,223.2183400400,224.5659244200,224.8835080000,222.2827559800,9208685,2403046138.5400
2020-12-04,223.5960070000,229.3382614600,230.0335120000,223.2955901000,17051140,4536004928.1100
2020-12-07,229.3554281400,231.9561801600,236.2135168000,229.3554281400,19621618,5339342747.5900
2020-12-08,233.0805977000,233.4668480000,235.2264327000,230.5055957000,14777562,4019960930.2700
2020-12-09,234.3251820000,231.5098464800,235.1835160000,231.3210130000,11677649,3166929094.9200
2020-12-10,230.8918460000,229.7502617800,233.4668480000,229.4326782000,13410208,3611981639.7500
2020-12-11,230.7630959000,229.6215116800,231.7415966600,226.0851756000,15005255,3995342178.6200
2020-12-14,230.4626790000,234.4539321000,234.7543490000,228.3855107200,18174424,4937790460.4300
2020-12-15,234.4539321000,232.4368472000,234.5826822000,229.4412615400,14611814,3949335198.0500
2020-12-16,234.3251820000,235.4667662200,236.0418500000,233.4668480000,16025487,4392611714.0000
2020-12-17,235.6470163600,238.4537685400,240.3335200000,235.3637661400,19976098,5547260940.9500
2020-12-18,237.6726846000,237.6383512400,240.0588531200,235.2521827200,15082525,4179755003.6600
2020-12-21,236.3079335400,241.9729379400,242.0330213200,236.3079335400,16188978,4537599926.1000
2020-12-22,242.8913553200,242.3763549200,247.2001920000,242.0244379800,18706371,5338602866.7200
2020-12-23,242.9085220000,238.8657688600,247.6293590000,236.0418500000,25221586,7103972923.9600
2020-12-24,236.9001840000,236.3165168800,239.3893526000,233.7758482400,15616076,4293939903.9100
2020-12-25,233.9818484000,236.8315172800,238.1276016200,233.0376810000,11111390,3051169983.1700
2020-12-28,236.9001840000,245.4406073000,245.6208574400,236.8830173200,19381209,5490499481.4400
2020-12-29,245.5521907200,241.1918540000,246.0500244400,239.6296861200,14658930,4136060906.0600
2020-12-30,242.8141052600,246.2388579200,246.8568584000,241.4150208400,16882539,4826857468.1500
2020-12-31,247.2087753400,250.5047779000,252.7536129800,247.2001920000,16003830,4661694421.8400
2021-01-04,250.6335280000,255.8264487000,257.5002000000,250.6249446600,23427822,6977115208.0700
2021-01-05,255.0968648000,274.6497133200,274.6497133200,252.7793630000,31460633,9802665755.9500
2021-01-06,274.7956301000,281.7910522000,288.1083904400,272.7699618600,31343033,10211616773.8100
2021-01-07,281.7996355400,283.2502200000,283.8338871200,272.1605447200,24255948,7882443069.0600
2021-01-08,283.3017200400,272.0918780000,284.6235544000,265.1737059600,37870249,12096818569.5300
2021-01-11,271.6026276200,258.5302008000,271.6627110000,257.0710330000,38195291,11637052715.6900
2021-01-12,256.5989493000,266.0835400000,267.1993742000,255.7835320000,23025505,7067492692.4900
2021-01-13,267.3967910200,262.0751202200,269.0705423200,259.3198680800,23365302,7164303594.2000
2021-01-14,260.9335360000,248.4018596000,261.6888699200,248.0585260000,35489554,10426526438.5500
2021-01-15,247.2001920000,246.9426918000,250.8824448600,238.6769353800,41713251,11843762786.6700
2021-01-18,244.6251900000,244.2389397000,246.4620247600,239.7584362200,27255864,7724438136.5300
2021-01-19,246.3418580000,241.6210210000,248.9168600000,240.3335200000,29388857,8340023174.8600
2021-01-20,240.3335200000,244.4964399000,245.1487737400,235.9903499600,26404034,7448387724.9200
2021-01-21,245.3118572000,254.8822813000,256.6332826600,245.0543570000,29402390,8608576887.9700
2021-01-22,253.2771967200,253.6891970400,257.4229499400,251.1313617200,24946675,7369528934.0900
2021-01-25,253.6977803800,270.9674604600,271.5167942200,251.6635288000,41290940,12821666909.2600
2021-01-26,270.9674604600,262.4613705200,270.9846271400,261.8777034000,24143501,7458358973.5500
2021-01-27,259.9893686000,251.1313617200,259.9893686000,246.3418580000,30793847,9033475506.8100
2021-01-28,247.3976088200,245.4835240000,250.6335280000,242.9085220000,27607757,7911157526.9100
2021-01-29,248.9168600000,249.8953607600,253.3286967600,247.8696925200,22010914,6431745130.4200
2021-02-01,251.5004453400,250.8824448600,257.3886165800,250.8824448600,19575992,5790219683.4500
2021-02-02,250.6335280000,261.0365360800,261.2167862200,250.5476946000,29749240,8931329219.1000
2021-02-03,260.7618692000,265.0106225000,265.2252060000,258.4615340800,22454665,6862660163.8700
2021-02-04,262.6502040000,269.1735424000,271.9202112000,261.8004533400,28057460,8823190961.6700
2021-02-05,269.5254593400,274.4608798400,283.2502200000,269.5168760000,32891319,10624157468.1000
2021-02-08,278.1002160000,274.6668800000,283.6793870000,269.3452092000,26652998,8556525644.7000
2021-02-09,276.3835480000,282.8210530000,283.2502200000,272.8300452400,22477980,7323491251.0500
2021-02-10,285.8252220000,294.1081451000,296.7088971200,285.3960550000,33193163,11318193474.3200
2021-02-18,304.2708196600,286.2543890000,306.5883214600,284.0141372600,34381508,11828646631.5800
2021-02-19,286.3402224000,295.6102296000,297.1552308000,279.7739673000,27475002,9295089531.7200
2021-02-22,293.5502280000,268.7100420400,293.8077282000,266.9247073200,41458220,13367286789.3900
2021-02-23,262.6502040000,270.3752100000,277.1217152400,261.0794527800,27866832,8795804295.9100
2021-02-24,270.3752100000,251.5605287200,270.3837933400,247.7581091000,41724817,12424962071.9000
2021-02-25,254.4960310000,247.9726926000,257.4830333200,245.1230237200,24904649,7274333597.8300
2021-02-26,240.8141870400,240.3335200000,246.6594415800,232.6085140000,28897086,8100247691.1000
2021-03-01,245.4835240000,248.0756926800,252.3501960000,241.2004373400,25506327,7352003877.1600
2021-03-02,251.6635288000,240.9343538000,253.9638639200,236.2993502000,24412465,6955462354.9500
2021-03-03,236.9001840000,244.8826902000,246.1701912000,233.1320977400,21171711,5951313500.2600
2021-03-04,240.3335200000,228.5829275400,240.3335200000,227.4585100000,32935886,8896042111.2900
2021-03-05,221.4501720000,228.7460110000,233.6299314600,218.0168360000,29165040,7727068295.5800
2021-03-08,230.0335120000,209.8626630000,231.7759300200,209.8111629600,38365377,9779570334.6300
2021-03-09,207.7168280000,208.1459950000,213.8968328000,197.4168200000,43874577,10599045847.5400
2021-03-10,212.8668320000,216.8151684000,218.8751700000,212.0943314000,30958230,7776577821.5700
2021-03-11,218.8837533400,227.4928433600,231.3210130000,214.6521667200,30153094,7909417124.1200
2021-03-12,230.9776794000,226.9864263000,231.3124296600,219.5360871800,25143785,6596290241.2000
2021-03-15,225.2697583000,215.4504173400,228.7460110000,211.1501640000,24899734,6320778553.2200
2021-03-16,215.9568344000,225.2354249400,225.3555917000,215.0555837000,23165605,5953026225.4300
2021-03-17,224.4543410000,226.8662595400,230.0592620200,218.8751700000,19887801,5234840656.8900
2021-03-18,227.4585100000,232.0849302600,236.0418500000,227.4585100000,20130334,5462748512.3700
2021-03-19,225.7418420000,223.8449238600,227.4585100000,221.1669217800,19784981,5158274508.6000
2021-03-22,223.9822573000,222.7376730000,226.2482590600,218.6262531400,14278219,3700614995.3000
2021-03-23,222.7376730000,225.0980915000,226.5830093200,220.5746713200,12695157,3309793203.7900
2021-03-24,222.3857560600,223.8535072000,230.8918460000,221.9823390800,17942151,4728182217.3100
2021-03-25,220.5403379600,219.7163373200,221.3557552600,216.3001680000,18625855,4750886353.7600
2021-03-26,221.4501720000,228.2739273000,229.3296781200,219.5790038800,23020269,6054732217.5300
2021-03-29,229.1751780000,233.5440980600,240.2906033000,228.3082606600,28199481,7712653715.5100
2021-03-30,232.1793470000,234.7200156400,239.0631856800,232.1793470000,16870779,4624076063.9700
2021-03-31,232.3510138000,230.0163453200,232.3510138000,227.4670933400,13411104,3583946108.2900
2021-04-01,231.7501800000,234.3938487200,235.0890992600,229.1837613400,12114212,3280567357.9400
2021-04-02,237.7671013400,244.2475230400,244.6251900000,236.0418500000,22962623,6443304987.8400
2021-04-06,245.4406073000,244.4191898400,247.2001920000,242.0501880000,15550845,4431624295.8000
2021-04-07,242.9171053400,232.4797639000,243.4664391000,230.7201792000,24493627,6674234724.2600
2021-04-08,227.4585100000,234.3938487200,235.9130999000,226.6516760400,16211426,4396674335.3400
2021-04-09,232.6085140000,227.7160102000,233.8960150000,227.4585100000,14611556,3895892301.8500
2021-04-12,227.6301768000,224.0165906600,229.4841782400,223.1668400000,13323255,3495254788.3300
2021-04-13,224.2483408400,225.6560086000,230.2223454800,224.2483408400,13875729,3670699723.0900
2021-04-14,225.6645919400,226.4113425200,229.6987617400,224.2397575000,14817752,3916715200.4800
2021-04-15,224.2912575400,219.5618372000,225.7332586600,213.9998328800,28595938,7267459255.0600
2021-04-16,219.5618372000,224.7118412000,226.2825924200,219.5618372000,18754302,4877110716.4200
2021-04-19,223.1668400000,228.0335937800,230.2137621400,217.5876690000,18815579,4960854542.1000
2021-04-20,227.4585100000,229.8189285000,235.0032658600,225.7504253400,19914658,5367602759.5000
2021-04-21,227.4585100000,232.4797639000,234.2994319800,226.2396757200,15923160,4295280588.7900
2021-04-22,232.5226806000,232.7715974600,235.1835160000,230.8918460000,11627423,3157592141.8000
2021-04-23,233.6814315000,240.3335200000,241.1918540000,233.6814315000,20783326,5769545850.0100
2021-04-26,242.9085220000,236.0418500000,245.3891072600,235.9216832400,20390370,5710005243.1700
2021-04-27,237.7585180000,241.8956878800,241.8956878800,233.7586815600,14231452,3950995457.2800
2021-04-28,236.0418500000,245.1401904000,245.1401904000,235.0118492000,22027859,6211307911.4100
2021-04-29,246.3933580400,248.4876930000,249.7751940000,241.4579375400,20693602,5941444368.6900
2021-04-30,246.3418580000,244.6251900000,248.3160262000,243.4921891200,15803059,4521364969.4600
2021-05-06,242.0501880000,237.2778509600,245.3118572000,236.7285172000,16866057,4713100400.2700
2021-05-07,240.3421033400,233.5526814000,240.5309368200,232.8488475200,12500753,3441009131.7400
2021-05-10,232.2480137200,226.6001760000,235.1835160000,224.3685076000,19524824,5183389746.3900
2021-05-11,225.0723414800,236.4281003000,236.4366836400,224.8749246600,19232636,5208651090.0700
2021-05-12,235.3551828000,238.1962683400,239.9730197200,235.1835160000,12106344,3356761370.5400
2021-05-13,235.3465994600,236.9001840000,239.0889357000,233.8960150000,9707922,2670400820.3900
2021-05-14,238.5825186400,246.3418580000,247.5435256000,236.1963501200,21808451,6208023602.5200
2021-05-17,247.3890254800,255.0882814600,261.5086197800,247.3890254800,28061495,8373250451.8500
2021-05-18,255.7921153400,257.0710330000,257.5002000000,252.6076962000,14728692,4370179795.6800
2021-05-19,255.7835320000,259.8949518600,265.3110394000,254.0926140200,16700066,5082549122.2100
2021-05-20,261.5343698000,260.5129523400,264.3497053200,258.8392010400,14023985,4268328787.1000
2021-05-21,261.7918700000,254.5818644000,262.3841204600,253.2600300400,17262089,5161569642.8500
2021-05-24,257.5002000000,261.8004533400,261.9635368000,253.5089469000,15708894,4729942081.3700
2021-05-25,262.6502040000,277.2676320200,277.2933820400,261.7232032800,32305889,10261281423.6700
2021-05-26,275.0960470000,273.8085460000,278.1087993400,271.2335440000,19075117,6100319124.3900
2021-05-27,273.0961287800,273.1047121200,280.0143008200,269.7057094800,16436312,5251052172.9600
2021-05-28,274.7698800800,272.0060446000,275.5938807200,269.8516262600,13024503,4116488946.4900
2021-05-31,270.6327102000,270.4782100800,270.9073770800,265.4998728800,17768388,5542253079.7500
2021-06-01,271.4910442000,270.9760438000,272.3493782000,266.4097069200,16387574,5152812416.3300
2021-06-02,270.9760438000,267.6628745600,273.2677955800,264.7960390000,15653208,4890684590.1400
2021-06-03,267.6628745600,269.1821257400,274.6668800000,266.2380401200,17917736,5652744412.0200
2021-06-04,267.8002080000,270.6327102000,273.3793790000,265.6629563400,17528770,5497026749.6500
2021-06-07,271.5425442400,268.5812919400,272.4609616200,265.1136225800,18737019,5843427388.7100
2021-06-08,268.6585420000,255.7406153000,269.0877090000,250.6249446600,31165284,9408595821.7600
2021-06-09,254.9251980000,254.4960310000,257.5002000000,250.2472777000,17157668,5075838987.5700
2021-06-10,254.9337813400,260.1181187000,262.2210370000,253.6376970000,15077251,4565221138.1000
2021-06-11,260.1267020400,258.8477843800,260.9335360000,254.0668640000,15912782,4783871682.8100
2021-06-15,258.8048676800,256.8650328400,260.9764527000,251.2944451800,14516108,4323376155.3300
2021-06-16,256.8650328400,250.9081948800,256.8650328400,248.2473594800,14062999,4120477427.3000
2021-06-17,249.8696107400,252.5390294800,255.7835320000,249.8696107400,10904554,3213936358.7600
2021-06-18,253.4746135400,249.7751940000,254.9251980000,245.4835240000,19071578,5539524449.8900
2021-06-21,251.4918620000,254.8136145800,255.1826982000,249.7751940000,20602803,6063841832.7400
2021-06-22,255.7835320000,257.4057832600,259.6460350000,255.1826982000,16166358,4846385284.6400
2021-06-23,256.8993662000,249.7236939600,257.0710330000,248.9168600000,23056410,6749757120.5800
2021-06-24,247.6293590000,251.2343618000,253.2085300000,243.9213561200,16551834,4788276581.6100
2021-06-25,249.8181107000,257.4315332800,258.6847009200,249.6721939200,20522327,6107081700.4600
2021-06-28,257.5087833400,262.9162875400,263.1051210200,257.5087833400,16125387,4908850411.1000
2021-06-29,263.0622043200,256.2556157000,263.1995377600,254.6505311200,15672026,4707055411.7000
2021-06-30,254.0668640000,255.6891152600,259.5602016000,253.6291136600,10339509,3090106555.0900
2021-07-01,254.7106145000,255.9551988000,256.6418660000,250.6335280000,13631042,4012429333.7700
2021-07-02,252.3501960000,245.5092740200,252.9424464600,244.7968568000,21169160,6104707041.9800
2021-07-05,243.9127727800,241.2776874000,247.6293590000,240.3506866800,18054256,5106360245.4900
2021-07-06,240.2047699000,237.9731015000,241.2176040200,231.9390134800,23895451,6571285948.2900
2021-07-07,240.3335200000,244.2732730600,244.6251900000,239.3721859200,17454367,4936536496.5800
2021-07-08,244.6251900000,231.6128465600,245.3032738600,229.7073450800,43957567,12010041260.9600
2021-07-09,233.5107590000,231.6301936000,234.4900396000,227.0544400000,21367447,5702882115.7300
2021-07-12,233.9874000000,234.8106890000,236.5525952000,227.6524078000,26424669,7111433622.0200
2021-07-13,234.8280214000,239.1871200000,242.0816308000,234.8280214000,21899748,6044746554.7200
2021-07-14,237.3672180000,238.5804860000,240.0537400000,232.2541600000,20921830,5710321392.7900
2021-07-15,238.3205000000,243.3728946000,243.6935440000,236.3359402000,19549471,5443652587.7900
2021-07-16,243.3902270000,240.5043824000,245.5654432000,240.0537400000,15151398,4230603079.2500
2021-07-19,239.0137960000,243.4248918000,244.8201500000,237.8785238000,14331986,3994088405.3400
2021-07-20,241.7869800000,244.6468260000,246.3020702000,240.7210374000,13009223,3669251201.4400
2021-07-21,244.6381598000,243.7108764000,247.8273214000,242.6622662000,14960510,4226787177.4800
2021-07-22,244.8288162000,242.7402620000,246.6920492000,241.4836630000,14310378,4028250662.3600
2021-07-23,241.6656532000,235.0360102000,241.7869800000,232.3581544000,21230352,5760869080.2100
2021-07-26,232.8261292000,216.2563548000,232.8261292000,211.5332758000,46213123,11693393537.9400
2021-07-27,214.0551400000,200.3192130000,215.6150560000,200.1892200000,42331305,10158683399.0600
2021-07-28,200.3452116000,205.1116216000,206.1688980000,194.8941718000,36114290,8397862029.3600
2021-07-29,212.7032128000,203.6990310000,213.0065298000,202.5117616000,31322153,7483908399.4700
2021-07-30,203.7076972000,191.3063650000,203.7076972000,187.9178808000,42797929,9495555500.1800
2021-08-02,186.6439494000,203.1790590000,203.5690380000,183.8534330000,46844440,10454507732.9100
2021-08-03,198.5426420000,208.0321310000,208.5607692000,197.3293740000,34171933,8061076932.7700
2021-08-04,205.3889400000,203.2223900000,207.0268518000,201.9224600000,23028951,5412225848.8000
2021-08-05,198.4559800000,196.8700654000,204.5223200000,195.4228100000,28551069,6538505734.3100
2021-08-06,194.9895000000,195.8561200000,197.5026980000,191.7396750000,19152922,4306125513.0400
2021-08-09,194.1228800000,199.3312662000,205.1116216000,192.3896400000,26492924,6099681510.5700
2021-08-10,200.4145412000,215.7017180000,216.6550000000,197.0520556000,46083746,11083250874.9500
2021-08-11,213.1625214000,213.3618440000,217.6256144000,209.6960414000,25307547,6234986634.4200
2021-08-12,212.3219000000,206.1862304000,215.4417320000,205.5189330000,23714946,5718032984.2700
2021-08-13,205.3889400000,208.6820960000,210.5886600000,204.5223200000,16003140,3832138024.4000
2021-08-16,207.9888000000,208.5954340000,211.7759294000,206.6022080000,13317313,3210893055.9000
2021-08-17,207.4774942000,199.2792690000,209.7220400000,199.1319436000,21873039,5137552314.9700
2021-08-18,197.5893600000,198.4559800000,201.4891500000,194.0362180000,21264488,4858678332.5300
2021-08-19,198.3693180000,192.9529430000,200.4405398000,192.3896400000,28968942,6520859197.6500
2021-08-20,183.3074624000,178.8530356000,187.7792216000,177.9950818000,53400435,11218172732.1200
2021-08-23,178.8617018000,178.5583848000,183.5241174000,177.5704380000,41836373,8684039375.1400
2021-08-24,180.2569600000,181.9902000000,184.2867430000,176.7904800000,41190375,8606900863.0900
2021-08-25,182.7528256000,188.4898500000,189.7291166000,182.5621692000,38179885,8242448408.2800
2021-08-26,188.3771894000,179.5376654000,188.3771894000,178.5237200000,33228274,6953022887.8700
2021-08-27,179.5289992000,178.2464016000,181.9902000000,177.2237900000,27190967,5618956602.3700
2021-08-30,180.6902700000,179.3903400000,181.9815338000,172.8560252000,34732935,7094644686.3200
2021-08-31,178.9570300000,174.7885878000,180.2569600000,172.8040280000,31855168,6427633946.7500
2021-09-01,174.7972540000,180.0056402000,182.9088172000,170.7241400000,50364302,10338242748.1900
2021-09-02,180.2049628000,174.3899426000,180.3436220000,173.4973240000,37460164,7590159048.5200
2021-09-03,173.1506760000,178.4283918000,179.0003610000,170.5248174000,34479528,6994069662.1600
2021-09-06,177.2237900000,183.2554652000,186.5832860000,175.5338810000,44070983,9315590567.9700
2021-09-07,182.4235100000,183.6974414000,185.5606744000,181.1755772000,25937444,5483883908.2200
2021-09-08,183.7234400000,180.0143064000,184.3387402000,178.5237200000,21553677,4498947533.9700
2021-09-09,180.0229726000,179.6763246000,181.3055702000,177.6571000000,17757531,3672149965.0600
2021-09-10,179.6763246000,185.1966940000,185.8033280000,178.9570300000,31883473,6744385341.5100
2021-09-13,183.7234400000,180.0749698000,186.0633140000,179.3816738000,26342826,5526541970.7600
2021-09-14,180.0143064000,178.2897326000,181.8255422000,177.8650888000,23596742,4881373812.3600
2021-09-15,175.9238600000,172.0240700000,177.2671210000,170.4641540000,38203577,7625717389.9900
2021-09-16,169.8575200000,170.7241400000,172.9600196000,166.7636866000,33538704,6590288015.2700
2021-09-17,169.8575200000,175.0139090000,177.6571000000,168.1849434000,29439702,5901688645.7900
2021-09-22,170.7241400000,168.0636166000,172.0240700000,167.6476390000,24908981,4852441663.8400
2021-09-23,168.8349084000,168.4882604000,170.6201456000,166.9456768000,18811296,3661752983.8600
2021-09-24,168.0376180000,173.7746424000,176.7904800000,167.3096572000,35053997,7023121318.7300
2021-09-27,179.9276444000,191.1503734000,191.1503734000,179.9276444000,76006557,16521941311.0300
2021-09-28,190.9337184000,188.0045428000,192.9096120000,185.4566800000,41145863,8943981561.7100
2021-09-29,187.9612118000,189.5124616000,191.7223426000,184.3300740000,31136680,6769523772.7600
2021-09-30,188.0565400000,190.1277618000,193.5075798000,188.0565400000,33190568,7321693530.5100
2021-10-08,191.1763720000,197.7800164000,204.5049876000,188.5765120000,41627865,9498183647.3000
2021-10-11,198.8372928000,197.4160360000,203.8550226000,195.4141438000,26146575,5990773979.1500
2021-10-12,196.7227400000,198.7506308000,199.3226000000,193.2649262000,20342373,4632611152.8000
2021-10-13,197.9100094000,207.5468238000,211.9752520000,196.8960640000,34777422,8246438709.1900
2021-10-14,206.2555600000,207.9888000000,212.0445816000,204.6609792000,24058960,5770465386.3600
2021-10-15,204.3489960000,203.0663984000,206.1515656000,199.3312662000,30215786,7060878521.1600
2021-10-18,194.9461690000,186.6006184000,194.9461690000,184.1567500000,52228655,11335046052.6000
2021-10-19,184.5900600000,189.7637814000,191.4190256000,184.5900600000,27151971,5912575916.8100
2021-10-20,191.0897100000,190.6044028000,192.5629640000,187.9525456000,17171231,3767655125.4600
2021-10-21,191.5230200000,191.5143538000,193.2129290000,189.7897800000,15781385,3483824011.2300
2021-10-22,192.9962740000,195.0154986000,198.3866504000,191.5316862000,22614868,5094183379.5200
2021-10-25,193.2562600000,190.9683832000,194.8941718000,188.9231600000,24815964,5460700048.8000
2021-10-26,190.9683832000,191.2283692000,193.2562600000,188.9231600000,17197532,3792558316.4700
2021-10-27,189.7984462000,187.1899200000,191.2283692000,185.4566800000,20048493,4335703423.2400
2021-10-28,188.0565400000,186.5746198000,190.6390676000,185.2660236000,21925324,4755135735.1900
2021-10-29,186.5572874000,187.6318962000,191.9823286000,186.3926296000,23633532,5148687289.7800
2021-11-01,173.3240000000,177.6051028000,181.5742224000,170.6374780000,58003653,11775758002.6800
2021-11-02,176.7731476000,174.4679384000,178.4370580000,173.0206830000,34933447,7067034632.4500
2021-11-03,174.6412624000,172.5700406000,175.4905500000,172.1800616000,21891968,4378799392.7200
2021-11-04,174.2686158000,179.2343484000,180.1356332000,173.5839860000,29864162,6104737433.1800
2021-11-05,179.2343484000,182.2588522000,186.0633140000,179.2256822000,30142997,6372245155.6100
2021-11-08,181.9902000000,182.8481538000,184.0787542000,180.0489712000,15637386,3290544446.1500
2021-11-09,181.7128816000,180.9242574000,184.3127416000,179.8669810000,15503934,3250092170.9400
2021-11-10,180.9242574000,178.2637340000,181.8862056000,176.0971840000,17200267,3532443273.2700
2021-11-11,178.2290692000,178.9656962000,179.3903400000,176.4264996000,16652085,3416388386.1500
2021-11-12,179.7109894000,176.6604870000,179.9709754000,176.0191882000,15788512,3227721076.2200
2021-11-15,177.6484338000,177.3971140000,179.8236500000,176.0191882000,20724480,4251527056.1500
2021-11-16,178.4283918000,183.7234400000,184.9800390000,177.7524282000,31435675,6618521492.3600
2021-11-17,182.9001510000,183.2987962000,184.5900600000,181.1235800000,17421460,3668952608.0000
2021-11-18,181.9815338000,180.7942644000,182.8394876000,179.8669810000,13220262,2759820062.0900
2021-11-19,180.1529656000,184.2434120000,187.6232300000,179.7369880000,24292959,5188161635.0400
2021-11-22,185.4566800000,187.1639214000,192.3896400000,184.5900600000,31978276,6972004751.3800
2021-11-23,186.3146338000,186.1499760000,189.3564700000,184.9020432000,19386637,4190535756.9000
2021-11-24,188.9231600000,194.4868604000,197.5720276000,188.9231600000,47627847,10627879572.4500
2021-11-25,197.5893600000,193.2129290000,198.5859730000,192.5369654000,28462827,6397889416.9100
2021-11-26,193.1349332000,193.1349332000,193.7588996000,189.8591096000,16247295,3602490660.9500
2021-11-29,191.0897100000,194.7555126000,194.9895000000,190.8730550000,19236411,4292901366.9300
2021-11-30,194.9721676000,188.9231600000,195.4228100000,188.9231600000,23014598,5063790458.6300
2021-12-01,193.2735924000,191.1417072000,194.8508408000,189.0184882000,19248621,4256218970.1500
2021-12-02,191.1763720000,193.0396050000,194.0362180000,190.0584322000,17530974,3898019542.2700
2021-12-03,193.6895700000,198.8459590000,201.7491360000,193.5162460000,34030029,7800955259.8300
2021-12-06,200.1892200000,201.3158260000,203.6557000000,198.4559800000,28878669,6720204454.3900
2021-12-07,203.6557000000,202.7890800000,207.6854830000,202.0524530000,30890437,7293861939.7300
2021-12-08,202.7977462000,211.4552800000,211.8972562000,200.4318736000,39786891,9593919616.0500
2021-12-09,212.3219000000,217.5216200000,220.9534352000,210.3113416000,47297011,11826016126.1500
2021-12-10,215.5457264000,214.0551400000,217.4349580000,211.8885900000,33227496,8208024535.9500
2021-12-13,218.3882400000,216.6376676000,222.9033302000,215.7883800000,35535037,9000318795.6500
2021-12-14,215.7883800000,216.6550000000,219.2548600000,213.3705102000,22557352,5643907697.8800
2021-12-15,215.0084220000,211.2819560000,215.7103842000,210.5886600000,26356782,6461313841.8900
2021-12-16,211.7152660000,211.0219700000,212.4085620000,205.4322710000,28971230,6971022371.6000
2021-12-17,209.7220400000,203.7943592000,209.7220400000,203.5343732000,25483452,6040427057.0200
2021-12-20,203.7943592000,204.5223200000,207.5294914000,203.7943592000,18882740,4471963227.8100
2021-12-21,204.5223200000,200.7525230000,205.8222500000,198.4559800000,23454247,5446651924.9500
2021-12-22,201.4891500000,201.1598344000,202.3557700000,199.7472438000,15199808,3524368526.6600
2021-12-23,202.2084446000,205.3976062000,207.5208252000,198.4559800000,28205116,6610688703.7900
2021-12-24,205.4842682000,209.6700428000,212.5905522000,205.4842682000,28942925,7012988263.4800
2021-12-27,207.0355180000,204.7043102000,207.5554900000,201.9224600000,18405368,4343284678.8300
2021-12-28,204.7823060000,205.8915796000,207.6248196000,204.0890100000,14368216,3406736939.7500
2021-12-29,205.8915796000,195.5961340000,205.8915796000,194.2095420000,34975896,7998864967.1700
2021-12-30,195.0501634000,195.4228100000,197.1560500000,193.6982362000,26476873,5963128773.1300
2021-12-31,195.4314762000,192.9616092000,195.6827960000,191.1850382000,24043667,5340438229.1800
2022-01-04,192.9616092000,193.7415672000,194.0188856000,188.9924896000,20178673,4460248125.2500
2022-01-05,193.1002684000,193.9062250000,196.9653936000,191.5490186000,20562209,4608528413.2400
2022-01-06,193.5335784000,190.2057576000,195.8561200000,189.0444868000,19764347,4366330606.3500
2022-01-07,190.1970914000,188.6285092000,191.0897100000,187.6405624000,16868239,3671458253.9700
2022-01-10,186.9645988000,186.2886352000,188.6025106000,182.0941944000,20842313,4477043193.0700
2022-01-11,185.8899900000,184.9020432000,187.4932370000,184.6333910000,13162334,2819944192.7300
2022-01-12,186.3319662000,188.8538304000,189.0011558000,185.6473364000,17894272,3865370481.8300
2022-01-13,189.7897800000,181.0369180000,189.8244448000,180.2569600000,26762334,5678771184.3100
2022-01-14,179.3990062000,179.5636640000,182.2848508000,178.9570300000,13646759,2844403651.9900
2022-01-17,179.1996836000,180.9849208000,181.1235800000,176.3571700000,16936224,3497443782.4900
2022-01-18,180.9502560000,183.2814638000,185.4393476000,178.7923722000,18474875,3904185741.8500
2022-01-19,185.7426646000,182.6834960000,185.7426646000,180.4996136000,14401864,3039014332.5000
2022-01-20,182.6834960000,184.7807164000,185.4566800000,180.5602770000,19468561,4146262233.6900
2022-01-21,184.5900600000,188.2818612000,189.5471264000,183.0474764000,23974661,5195067275.1500
2022-01-24,187.1899200000,186.3839634000,188.8624966000,184.7633840000,13800857,2968569093.0900
2022-01-25,185.0667010000,180.5689432000,186.3233000000,180.2569600000,15558209,3284058720.0400
2022-01-26,180.3436220000,178.5670510000,183.5154512000,175.2565626000,21509539,4439752203.7700
2022-01-27,179.3903400000,176.2705080000,183.0821412000,176.0711854000,20992325,4339832716.5300
2022-01-28,176.7818138000,171.9200756000,177.9170860000,171.5907600000,25781484,5160817186.0200
2022-02-07,173.3240000000,169.5282044000,175.8025332000,168.7135816000,24808023,4899710426.2600
2022-02-08,169.5542030000,164.6578000000,170.1435046000,160.2380380000,30451687,5740104552.2400
2022-02-09,163.7911800000,169.8401876000,170.1175060000,163.7911800000,23742057,4585366336.7200
2022-02-10,169.8401876000,167.2923248000,170.2908300000,165.6197482000,16874256,3254038393.4500
2022-02-11,166.8243500000,168.3582674000,172.1367306000,165.8277370000,27374928,5365712651.9900
2022-02-14,166.3910400000,171.5994262000,172.6307040000,165.9577300000,19031649,3747901334.8700
2022-02-15,172.2840560000,173.1506760000,173.6359832000,170.5508160000,17739048,3537513875.9000
2022-02-16,173.1680084000,172.8126942000,173.8699706000,171.5560952000,11908541,2375601897.1300
2022-02-17,173.2200056000,171.1054528000,173.4626592000,170.5681484000,13054643,2583633352.2000
2022-02-18,170.7241400000,172.4573800000,172.7866956000,169.3808790000,11614365,2297554258.8800
2022-02-21,173.0726802000,172.6307040000,176.7558152000,171.4174360000,15192567,3044972483.4600
2022-02-22,171.4261022000,167.6043080000,171.5300966000,166.2610470000,19367733,3749346933.7600
2022-02-23,167.4916474000,170.0308440000,170.3601596000,166.4170386000,14797343,2875772247.4900
2022-02-24,168.1242800000,163.5225278000,168.9909000000,162.3179260000,25960987,4940978924.4400
2022-02-25,164.6491338000,165.0737776000,167.2316614000,164.6491338000,13666374,2611874594.7200
2022-02-28,165.5244200000,164.6578000000,165.9577300000,162.0579400000,14309281,2700046288.0000
2022-03-01,164.7444620000,167.4223178000,168.0289518000,164.7097972000,20028521,3853590512.0000
2022-03-02,165.7844060000,163.9645040000,165.8797342000,163.2712080000,15016488,2841554768.0000
2022-03-03,164.4584774000,157.7855034000,164.8311240000,157.7248400000,31288930,5775912448.0000
2022-03-04,155.9742676000,152.8457694000,157.1962018000,152.4211256000,31292974,5577557248.0000
2022-03-07,151.0085350000,143.8589200000,151.0085350000,143.2089550000,47738912,8036888576.0000
2022-03-08,147.3167338000,144.0755750000,148.6253300000,143.2262874000,33350717,5611790592.0000
2022-03-09,144.7255400000,141.1550656000,145.3581726000,135.8860160000,39921892,6488949504.0000
2022-03-10,145.5834938000,149.1886330000,149.2666288000,143.8502538000,41773972,7087219712.0000
2022-03-11,146.4587800000,148.8593174000,149.5352810000,144.9248626000,25797110,4378228992.0000
2022-03-14,146.4501138000,144.0929074000,146.9700858000,144.0929074000,18140303,3043660704.0000
2022-03-15,141.2590600000,136.1893330000,142.8016436000,135.7993540000,31294532,5020399616.0000
2022-03-16,141.2590600000,142.8189760000,143.4689410000,134.4474268000,34899969,5622615296.0000
2022-03-17,146.0254700000,145.8001488000,148.9373132000,143.8589200000,34829153,5869489664.0000
2022-03-18,144.7255400000,145.5054980000,146.5281096000,142.9923000000,18585704,3107945064.9800
2022-03-21,147.1087450000,143.6076002000,147.1347436000,143.0009662000,17105436,2842223351.4700
2022-03-22,143.5989340000,142.3856660000,144.9855260000,142.1256800000,12290508,2029492693.4000
2022-03-23,142.4029984000,143.8069228000,144.9768598000,141.0337388000,18463877,3049956331.3900
2022-03-24,142.4723280000,139.8378032000,142.4723280000,139.2485016000,19808605,3207819881.0200
2022-03-25,141.7357010000,136.2239978000,141.7616996000,135.7820216000,21364110,3393360049.6500
2022-03-28,133.7194660000,131.0329440000,133.7194660000,130.4263100000,27446634,4167231496.0100
2022-03-29,130.8509538000,129.2823716000,133.2601574000,129.2217082000,23521130,3552871390.3900
2022-03-30,132.5668614000,136.0160090000,136.0160090000,130.9982792000,32367269,4993851923.0400
2022-03-31,135.1927200000,134.3780972000,135.7126920000,133.8927900000,20136648,3126382334.0300
2022-04-01,134.3261000000,138.5725380000,140.5917626000,133.8494590000,28749478,4581621784.2100
2022-04-06,136.9259600000,138.6678662000,140.6177612000,136.4926500000,17944305,2866077985.9800
2022-04-07,137.7925800000,139.0491790000,142.0303518000,137.3852686000,18557169,2996915190.3000
2022-04-08,139.5258200000,139.1705058000,141.0597374000,138.2258900000,16544628,2661592736.8500
2022-04-11,136.9346262000,133.1648292000,137.5152616000,132.4628670000,24257721,3752027960.1700
2022-04-12,133.6848012000,142.0216856000,142.7236478000,133.6848012000,33416391,5333900918.5600
2022-04-13,141.0857360000,140.6697584000,142.9923000000,139.2051706000,23885459,3897075048.4900
2022-04-14,142.0390180000,148.6859934000,149.9252600000,141.1983966000,43119146,7300575091.3500
2022-04-15,147.3254000000,147.2387380000,150.7918800000,146.1121320000,22643958,3871918113.2100
2022-04-18,146.3721180000,144.8815316000,146.3721180000,142.3076702000,18411135,3062759959.9700
2022-04-19,145.5921600000,142.9923000000,147.3254000000,142.1603448000,16499269,2740121569.7400
2022-04-20,143.4169438000,143.7722580000,146.4587800000,140.0804568000,20634107,3422120976.3500
2022-04-21,142.1256800000,140.8950796000,144.3182286000,140.1151216000,17122910,2807078120.1900
2022-04-22,140.8864134000,143.3649466000,144.0149116000,137.7752476000,20014422,3268498121.9800
2022-04-25,140.3924400000,134.3261000000,140.9297444000,133.8927900000,28635086,4556272568.3600
2022-04-26,134.3261000000,137.3592700000,140.2277822000,133.9274548000,25453892,4045539333.4300
2022-04-27,137.3592700000,139.8638018000,141.6143742000,137.3592700000,23927789,3849331177.9700
2022-04-28,139.8724680000,143.7289270000,144.4308892000,139.1358410000,25711994,4235742307.1200
2022-04-29,144.1189060000,140.5051006000,144.9855260000,137.6712532000,44874280,7241581132.8700
2022-05-05,138.6592000000,139.9937948000,142.5243252000,137.9225730000,24480158,3973322638.0000
2022-05-06,136.9519586000,136.1113372000,138.3645492000,135.6346962000,19086139,3007833166.9400
2022-05-09,134.3347662000,134.1354436000,135.6260300000,132.0122246000,18623627,2874663797.2900
2022-05-10,130.8596200000,134.6120846000,135.6260300000,129.6463520000,20108042,3092729203.5300
2022-05-11,134.6120846000,136.5013162000,138.3558830000,134.3261000000,24390245,3846228733.7300
2022-05-12,135.3660440000,136.9952896000,138.3818816000,135.2793820000,17068607,2699983161.0200
2022-05-13,138.3125520000,136.0073428000,138.5465394000,135.2360510000,15255576,2401106195.1400
2022-05-16,137.7665814000,134.4820916000,137.7752476000,133.6328040000,17765146,2767778350.8500
2022-05-17,134.4734254000,135.3227130000,135.6173638000,134.0141168000,13341235,2078095645.9100
2022-05-18,135.4960370000,133.9621196000,135.6173638000,132.9828390000,16560504,2560375191.7800
2022-05-19,132.4801994000,133.0435024000,133.1128320000,131.9168964000,14878282,2273068154.0300
2022-05-20,133.7194660000,140.7997514000,141.2417276000,133.1908278000,45229675,7222107584.6200
2022-05-23,140.0544582000,138.1652266000,140.5484316000,136.9259600000,27645321,4410754725.3800
2022-05-24,139.0318466000,135.6866934000,139.5258200000,135.4353736000,18855234,2974172508.8500
2022-05-25,135.5826990000,136.4493190000,137.4112672000,134.3261000000,16395707,2565767960.3400
2022-05-26,136.0593400000,136.2499964000,138.3992140000,134.3261000000,19431756,3043721248.0900
2022-05-27,138.3558830000,136.8826290000,139.9591300000,136.3106598000,21068308,3356383642.3000
2022-05-30,138.6678662000,144.0149116000,145.3755050000,138.6592000000,51093206,8416468103.9700
2022-05-31,143.8589200000,148.5386680000,149.7692684000,143.0096324000,48654483,8293724659.2700
2022-06-01,149.9165938000,147.6807142000,150.1852460000,146.4847786000,21930245,3739434437.6800
2022-06-02,146.4847786000,147.1087450000,148.1920200000,146.1814616000,16522354,2801365549.2000
2022-06-06,147.7587100000,149.8732628000,150.3499038000,144.3615596000,27814175,4762415124.0500
2022-06-07,150.0119220000,150.8958744000,154.6050080000,149.0586400000,29507703,5177758449.3900
2022-06-08,151.0518660000,154.3710206000,155.9829338000,149.9425924000,32527871,5770812837.2200
2022-06-09,154.5703432000,152.5337862000,155.9049380000,152.3431298000,20783889,3688662162.2400
2022-06-10,151.6844986000,153.7557204000,154.6916700000,150.3585700000,21563045,3804237561.4200
2022-06-13,151.8231578000,149.5006162000,152.8717680000,148.2786820000,26434591,4580799636.0600
2022-06-14,147.4987240000,150.6185560000,150.7918800000,147.0220830000,19733328,3385240807.7000
2022-06-15,150.6358884000,153.6343936000,155.9049380000,148.8766498000,32544108,5743255076.6700
2022-06-16,154.2583600000,153.9117120000,156.8582200000,153.3917400000,20500586,3668452193.7800
2022-06-17,152.9584300000,157.0142116000,157.0142116000,152.9584300000,28620361,5145018831.7200
2022-06-20,158.3834712000,159.0161038000,162.0579400000,155.1249800000,31195435,5705313088.6500
2022-06-21,158.2968092000,157.4301892000,160.7580100000,156.3815790000,21811575,3990195909.1400
2022-06-22,157.7248400000,154.3190234000,158.4874656000,154.0417050000,22352764,4006768455.3800
2022-06-23,154.3450220000,156.3382480000,156.7715580000,154.0763698000,15972518,2867621353.4500
2022-06-24,157.2915300000,160.3247000000,160.7666762000,155.9136042000,24518674,4504178660.8400
2022-06-27,162.0579400000,167.2576600000,169.5802016000,162.0579400000,36637471,7058190240.4000
2022-06-28,167.2576600000,173.0206830000,173.2113394000,165.6977440000,31678590,6232395065.7900
2022-06-29,173.3376076900,168.9467520000,173.4695973400,167.6268555000,28997090,5625269618.9500
2022-06-30,169.1051395800,177.6844668300,180.3858550000,169.1051395800,42521450,8521483468.3900
2022-07-01,177.8164564800,178.6259930000,180.3858550000,174.2263380000,21936590,4418343886.3000
2022-07-04,176.8573316900,176.9013282400,178.4500068000,174.4023242000,22587623,4525333760.9700
2022-07-05,177.4380861500,174.7630959100,178.3268164600,172.6952580600,26296492,5224558250.2800
2022-07-06,174.3319297200,171.3577629400,175.6518262200,170.1346588500,22763312,4459016819.6300
2022-07-07,171.3577629400,168.5859802900,171.3577629400,165.8405955700,26677066,5095578644.0800
2022-07-08,170.1346588500,169.5627037000,171.4105588000,168.0316237600,16409671,3167643747.2800
2022-07-11,167.2044886200,166.6413327800,167.8908348000,163.6671660000,19257469,3621672903.2700
2022-07-12,166.1133741800,167.1868900000,169.5979009400,165.0222597400,16993479,3229606651.0800
2022-07-13,166.8085196700,169.9146761000,171.3929601800,165.0838549100,18991870,3656106376.9200
2022-07-14,168.2164092700,167.3012810300,170.3194443600,166.3509555500,15107930,2880607577.8700
2022-07-15,167.3188796500,167.0988969000,172.0353098100,165.4270280000,20720892,3979169055.2900
2022-07-18,166.8613155300,164.8374742300,167.0109038000,162.0832902000,17803426,3320023854.5000
2022-07-19,164.5470970000,166.2189659000,166.8789141500,164.1071315000,12021415,2259044880.2800
2022-07-20,167.8908348000,166.4037514100,168.5067865000,165.4270280000,11249772,2134516122.7000
2022-07-21,166.2981596900,164.2831177000,167.0988969000,164.1775259800,11072844,2082697378.0300
2022-07-22,164.9870625000,163.5879722100,165.8669935000,162.7872350000,11698563,2180797972.0200
2022-07-25,164.4151073500,165.4974224800,165.8669935000,162.5672522500,12479902,2336297100.1400
2022-07-26,166.1837686600,168.0580216900,168.9467520000,166.0253810800,13747445,2627310530.7600
2022-07-27,167.2308865500,165.5150211000,168.0756203100,165.0398583600,9749124,1844277552.9800
2022-07-28,165.8229969500,164.6526887200,167.6268555000,164.4151073500,9260926,1744687638.8900
2022-07-29,164.0983321900,156.9796904000,164.0983321900,156.4517318000,34031091,6166191233.2900
2022-08-01,157.0676835000,157.1380779800,158.3787806900,155.5893994200,15608201,2791638728.2700
2022-08-02,155.6597939000,154.5686794600,157.2084724600,152.2984574800,17673794,3114640798.5600
2022-08-03,154.7622642800,153.6271532900,157.9476145000,153.3719733000,15403054,2710918104.2500
2022-08-04,153.6359526000,155.5542021800,156.1789531900,153.5039629500,13368553,2350151179.6100
2022-08-05,156.1437559500,157.6660365800,157.9476145000,155.0526415100,12701711,2260873414.1500
2022-08-08,156.8916973000,156.5485242100,159.7338744300,156.1877525000,13025113,2331931587.7400
2022-08-09,155.7917835500,155.7301883800,156.6277180000,155.0614408200,8538631,1511033062.5100
2022-08-10,154.4982849800,153.1079940000,156.1877525000,152.2280630000,14354932,2503385132.5300
2022-08-11,153.9791256900,156.5485242100,156.5485242100,153.5919560500,13967051,2468539673.5500
2022-08-12,156.8916973000,157.2436697000,158.0884034600,155.4926070100,10861895,1936659422.4300
2022-08-15,156.3021435300,154.8678560000,158.0356076000,154.6038767000,13844011,2446911672.6300
2022-08-16,154.8414580700,154.1903091300,156.0117663000,153.7239457000,10997543,1929236389.4900
2022-08-17,154.2607036100,155.0438422000,155.7213890700,153.1255926200,12211628,2144649842.4900
2022-08-18,153.9879250000,152.6064333300,154.1639112000,151.3569313100,17955216,3110937647.5500
2022-08-19,151.7880975000,152.8088174600,154.1199146500,151.3481320000,12603780,2189742324.9600
2022-08-22,151.6121113000,150.9081665000,152.6240319500,149.8170520600,15513018,2663565072.0800
2022-08-23,151.0841527000,147.8284080000,151.6033119900,147.3884425000,22924845,3868689013.1100
2022-08-24,147.7932107600,147.1596604400,149.1483045000,146.0685460000,18025460,3021329672.7800
2022-08-25,147.7316155900,149.0691107100,149.5706713800,147.1508611300,17485390,2949656306.1100
2022-08-26,151.2425402800,149.6762631000,152.9320078000,149.2011003600,24378683,4181288061.7400
2022-08-29,147.3356466400,145.4965908500,149.1923010500,145.1886150000,25430564,4218793349.6000
2022-08-30,144.3086840000,144.3350819300,144.9774315600,142.7160088900,18643252,3046737234.4600
2022-08-31,143.3407599000,147.1156638900,147.8108093800,142.9887875000,26733348,4444754516.0000
2022-09-01,146.0685460000,143.9215143600,146.0685460000,143.6927323000,15844189,2607493588.4100
2022-09-02,144.7398501900,142.4080330400,144.7398501900,141.6776903100,15592424,2524463031.7900
2022-09-05,140.7889600000,139.9266276200,141.0969358500,138.2107621700,22432012,3551118312.0100
2022-09-06,139.9266276200,141.2553234300,141.9768668500,139.2666793700,14693767,2346001119.1000
2022-09-07,140.7889600000,139.8562331400,140.7977593100,139.0290980000,14150787,2245681617.8400
2022-09-08,140.7977593100,139.9706241700,141.9768668500,139.8034372800,14867178,2377952563.7100
2022-09-09,140.0058214100,142.0736592600,142.2408461500,139.3458731600,20318847,3269738015.0600
2022-09-13,144.2030922800,143.9831095300,145.1622170700,142.2848427000,22455447,3676000836.5700
2022-09-14,142.5488220000,142.9007944000,143.6311371300,141.6512923800,14343803,2325532849.6900
2022-09-15,143.1383757700,144.6606564000,146.5085115000,142.6368151000,24493222,4041538788.8100
2022-09-16,144.3086840000,141.7392854800,145.0038294900,141.4753061800,17805222,2882822677.6400
2022-09-19,141.4489082500,143.4463516200,145.3030060300,140.3665931200,17237096,2810086974.8200
2022-09-20,144.3086840000,145.8837604900,146.0333487600,142.6984102700,18488126,3048376405.9100
2022-09-21,145.3558018900,143.8247219500,145.8661618700,143.6927323000,12764774,2093973068.4300
2022-09-22,142.5488220000,139.8210359000,142.8040019900,139.5130600500,18211404,2916788948.2500
2022-09-23,139.0290980000,140.0234200300,141.3345172200,138.9411049000,12025892,1916778416.3800
2022-09-26,139.0290980000,142.6456144100,144.2998846900,138.8267138700,21041611,3411760442.7700
2022-09-27,144.2470888300,150.3186127300,150.8201734000,142.5400226900,35443991,5929460447.0100
2022-09-28,150.0722320500,149.2362976000,151.8232947400,149.1483045000,24431050,4176068020.0400
2022-09-29,151.7792981900,148.2771728100,151.8056961200,147.4324390500,17564712,2971843108.6300
2022-09-30,149.4914775900,148.9107231300,151.3481320000,148.5851486600,16701001,2843915545.0000
2022-10-10,149.1483045000,139.8210359000,149.6762631000,139.6362503900,25650912,4179453267.8700
2022-10-11,139.8298352100,139.5482572900,140.7977593100,136.3013119000,16389813,2587296299.4400
2022-10-12,139.2930773000,137.7971946000,139.2930773000,133.7495120000,24238545,3740666460.4300
2022-10-13,136.3805056900,135.1310036700,136.9876580800,134.1982768100,19140141,2950015935.7800
2022-10-14,136.0197339800,140.0146207200,141.0529393000,136.0109346700,22872293,3619001261.2200
2022-10-17,138.7475200800,138.7211221500,139.4690635000,136.6444849900,14670055,2301214745.0800
2022-10-18,139.6274510800,139.6450497000,141.6512923800,139.0466966200,13968916,2225727909.4300
2022-10-19,139.4778628100,135.9493395000,139.4778628100,135.5093740000,17392932,2703461176.3000
2022-10-20,134.1894775000,135.6413636500,137.9731808000,133.7495120000,16120045,2484510763.7500
2022-10-21,135.5093740000,133.8815016500,135.6237650300,133.3095465000,16321002,2488390106.1800
2022-10-24,131.9984493100,126.0325171300,132.3504217100,125.1701847500,34403887,5003671162.9800
2022-10-25,123.8502882500,125.0557937200,127.8275763700,123.6391048100,20962963,2986369243.4100
2022-10-26,125.7421399000,126.1821054000,128.3819329000,124.9502020000,17959323,2580590731.1600
2022-10-27,127.5723963800,120.6385401000,127.6515901700,120.1809759800,36965491,5154612979.5300
2022-10-28,121.0433083600,120.9905125000,123.1639420700,119.8202042700,25586220,3534562740.4100
2022-10-31,118.9666712000,117.4707885000,120.0225884000,116.4412692300,22591665,3030064410.1000
2022-11-01,119.2746470500,125.4605619800,125.4605619800,117.3915947100,39155069,5440179979.7400
2022-11-02,124.9502020000,126.3756902200,128.8042997800,123.2431358600,31867439,4565035333.8500
2022-11-03,124.0790703100,123.9998765200,124.5102365000,122.9351600100,19281931,2710951378.2100
2022-11-04,123.6303055000,131.9896500000,133.7495120000,123.4983158500,47898344,7099560990.2500
2022-11-07,131.1097190000,132.9927713400,134.3654637000,129.9482100800,22869078,3435765568.2300
2022-11-08,132.8783803100,129.7810231900,133.9870933700,128.5667184100,23567786,3491479586.2500
2022-11-09,129.5258432000,127.9419674000,131.1537155500,127.6603894800,15124223,2208052553.7600
2022-11-10,127.1412301900,128.2587425600,128.9626873600,126.4548840100,17674813,2568169858.6200
2022-11-11,133.3007471900,132.0072486200,133.3095465000,128.9450887400,36853384,5514689559.2200
2022-11-14,132.8695810000,132.2536293000,136.7500767100,131.9016569000,28195258,4287401009.3600
2022-11-15,132.2536293000,135.6413636500,136.3893050000,130.5993590200,27656711,4223081944.5300
2022-11-16,135.6413636500,135.6941595100,137.7092015000,134.6998374800,18259366,2827414142.7200
2022-11-17,135.0694085000,134.2774706000,137.0844504900,132.8695810000,16558118,2529048876.5800
2022-11-18,134.6294430000,135.1662009100,136.6532843000,134.3742630100,14585598,2246335618.4200
2022-11-21,132.4296155000,131.0481238300,132.8431830700,130.2297880000,21762482,3243860974.7000
2022-11-22,131.0393245200,132.1920341300,134.5414499000,130.9425321100,14376998,2162414725.7400
2022-11-23,132.1920341300,131.7872658700,133.3095465000,131.0217259000,11346208,1702094212.7700
2022-11-24,132.8695810000,130.0626011100,133.3007471900,129.3498570000,15085804,2238041525.9600
2022-11-25,130.1681928300,129.6842307800,131.0481238300,128.8218984000,10676624,1575517166.7100
2022-11-28,127.4404067300,129.9218121500,130.2385873100,124.9941985500,19013147,2750115838.3400
2022-11-29,131.9192555200,136.4333015500,136.5212946500,131.9016569000,41040650,6284033997.8300
2022-11-30,136.2133188000,138.0259766600,140.7625620700,135.5093740000,25228605,3961994532.3700
2022-12-01,145.1886150000,144.8278432900,149.5794706900,144.1854936600,44092117,7325021108.3100
2022-12-02,145.0126288000,143.4815488600,146.8428852800,142.7776040600,21047820,3461949871.6700
2022-12-05,148.6027472800,148.2771728100,149.5706713800,145.7869680800,29795799,5007534615.3600
2022-12-06,147.8020100700,154.3398974000,156.8213028200,147.0364701000,43369522,7576837370.6700
2022-12-07,154.3486967100,152.8264160800,156.4517318000,152.2368623100,31128834,5443269231.4100
2022-12-08,152.2280630000,153.7767415600,154.4718870500,151.3569313100,15644818,2723693945.9800
2022-12-09,153.6623505300,161.2649543700,161.4409405700,153.2135857200,41957765,7550074236.4400
2022-12-12,160.1474420000,156.9356938500,161.3617467800,156.5485242100,29905954,5387580972.7000
2022-12-13,156.6277180000,157.9212165700,159.1795179000,154.8854546200,19276219,3447321252.8100
2022-12-14,157.9036179500,161.9776984800,163.0248163700,156.9444931600,28698912,5255273236.6500
2022-12-15,162.0832902000,160.1122447600,163.4911798000,159.0651268700,19934421,3643457578.6700
2022-12-16,158.5811648200,160.6050061200,161.0977674800,157.2084724600,18642633,3377432021.7100
2022-12-19,161.4673385000,158.3435834500,162.5320550100,157.5076490000,19418435,3512784487.6100
2022-12-20,158.3347841400,151.7968968100,158.8275455000,149.4826782800,34345756,5965655880.2700
2022-12-21,153.9879250000,153.5391601900,154.5774787700,152.7120250500,15385319,2687724560.2600
2022-12-22,154.8942539300,157.9476145000,159.7514730500,153.6975477700,24442393,4381920906.4200
2022-12-23,155.7477870000,158.6427599900,161.0273730000,155.2198284000,19861964,3587724307.0800
2022-12-26,158.6427599900,157.1556766000,159.4434972000,156.2405483600,17829834,3198529055.2200
2022-12-27,158.3875800000,159.3115075500,160.5874075000,157.6396386500,15227535,2758777142.2400
2022-12-28,159.2587116900,158.5459675800,159.2587116900,156.5221262800,13937786,2503523214.2300
2022-12-29,157.5076490000,157.2876662500,158.3875800000,155.5190049400,16850491,3003533016.6100
2022-12-30,158.1939951800,158.9947323900,159.4346978900,157.5076490000,14976495,2702577294.5400
2023-01-03,159.2675110000,156.8037042000,159.9802551100,155.3166208100,18206204,3240728572.4000
2023-01-04,156.6277180000,157.1732752200,158.8275455000,155.1318353000,12883584,2299619966.2100
2023-01-05,159.7074765000,166.3069590000,166.7557238100,158.7395524000,40279056,7535626605.7900
2023-01-06,168.1636134100,167.5916582600,168.1636134100,165.2334431800,23338295,4428033739.3300
2023-01-09,169.3427209500,172.3608842800,173.2496145900,167.3276789600,27557314,5362756420.7900
2023-01-10,172.2904898000,171.7977284400,173.0912270100,171.2433719100,20275236,3965377700.5400
2023-01-11,171.6217422400,170.7946071000,172.4576766900,169.4747106000,16999458,3304975110.0300
2023-01-12,171.5865450000,170.1698560900,172.2640918700,168.9555513100,13822699,2675310868.6100
2023-01-13,170.1698560900,174.7366979800,175.4670407100,170.1258595400,24506446,4833945957.6200
2023-01-16,175.9862000000,181.7233501200,184.1431603700,175.9862000000,36352479,7493040737.3200
2023-01-17,182.1457170000,178.5028026600,182.8320631800,177.4028889100,21507890,4383014176.6600
2023-01-18,180.3242598300,181.0897998000,186.3605864900,179.7875019200,27241217,5639270861.8600
2023-01-19,181.6617549500,180.6498343000,181.7057515000,178.0540378500,18119892,3710296047.5300
2023-01-20,182.9288555900,183.6591983200,186.5453720000,182.2337101000,27348025,5738958670.2500
2023-01-30,192.3441172900,191.4729856000,193.4880275900,188.5516146800,32180876,7001555735.1600
2023-01-31,190.9362276900,183.9055790000,191.6225738700,183.8175859000,25724708,5456751654.4200
2023-02-01,183.4656135000,184.8383058600,185.3134686000,179.2947405600,25655223,5334911716.6300
2023-02-02,186.2725933900,186.9941368100,188.7451995000,184.9174996500,18327161,3899833436.2700
2023-02-03,184.7855100000,184.7855100000,186.5453720000,181.2657860000,19935209,4156921813.5400
2023-02-06,175.5726324300,177.4820827000,179.9722874300,173.5927876800,33407544,6710340317.7000
2023-02-07,177.4820827000,178.7755812700,180.6498343000,177.3060965000,15811588,3216023677.7600
2023-02-08,178.7755812700,175.5902310500,179.5059240000,174.4199228200,16905733,3384827003.5100
2023-02-09,175.6870234600,182.4888900900,182.7968659400,175.5902310500,24493992,5026717804.1700
2023-02-10,182.4888900900,180.1218757000,182.5680838800,178.7315847200,14032129,2872338309.4500
2023-02-13,178.6259930000,186.8973444000,189.0971719000,178.6171936900,28908783,6110099289.1200
2023-02-14,186.8973444000,184.1167624400,188.0852512500,183.5536066000,18490190,3886700986.3400
2023-02-15,186.1846002900,185.6654410000,188.2084415900,184.3455445000,16925791,3584495859.0900
2023-02-16,184.2135548500,185.4806554900,188.9035870800,182.8496618000,21337960,4522470619.7100
2023-02-17,184.3015479500,183.1576376500,188.7012029500,183.0256480000,18446776,3901124992.9200
2023-02-20,183.2016342000,187.3813064500,188.1292478000,180.8258205000,19166754,4024080431.9600
2023-02-21,186.9853375000,184.8559044800,187.0909292200,183.4656135000,13939573,2922693859.2400
2023-02-22,183.4216169500,182.5856825000,185.2606727400,181.7057515000,14100545,2931801635.6000
2023-02-23,181.7057515000,180.4738481000,183.2192328200,179.2419447000,14580801,2993988117.7700
2023-02-24,180.4474501700,176.9541241000,180.4474501700,175.8278124200,20395718,4104764613.5900
2023-02-27,175.1590648600,180.2186681100,181.4681701300,174.9654800400,17299557,3517673755.2500
2023-02-28,182.1457170000,179.8754950200,183.0784438600,177.8164564800,11480142,2342737529.1500
2023-03-01,179.6555122700,182.4800907800,183.7735893500,178.5379999000,15446575,3196937763.3500
2023-03-02,181.3537791000,181.4769694400,182.6824749100,180.7026301600,7447671,1537653713.8500
2023-03-03,183.0256480000,181.0546025600,184.3103472600,179.0659585000,9283668,1912804916.3300
2023-03-06,180.3946543100,180.0162839800,181.7057515000,178.2564219800,11140226,2277420060.9100
2023-03-07,179.8138998500,176.3821689500,179.8138998500,176.0829924100,12527207,2532351682.6100
2023-03-08,175.1062690000,175.3702483000,177.3060965000,174.2263380000,10219130,2035672769.6000
2023-03-09,175.1062690000,174.2263380000,175.7222207000,170.6186209000,16850486,3323035486.6700
2023-03-10,172.6512615100,171.7977284400,175.6166289800,171.7361332700,11095657,2181297329.2800
2023-03-13,171.5865450000,174.7542966000,176.2325806800,171.5865450000,12647223,2510450829.7700
2023-03-14,174.8422897000,171.8329256800,174.8598883200,170.4426347000,10284259,2013558948.6700
2023-03-15,174.2263380000,169.2283299200,175.3966462300,169.2107313000,12988009,2527648821.3700
2023-03-16,168.0668210000,168.2428072000,170.8826002000,166.5973362300,12054371,2309099789.8000
2023-03-17,170.5746243500,165.8669935000,170.9177974400,165.4270280000,15607045,2970579105.0500
2023-03-20,167.1868900000,163.5791729000,167.7060492900,162.7872350000,15464264,2889012995.0600
2023-03-21,164.8990694000,169.1579354400,169.9234754100,162.9808198200,18789280,3583069187.2300
2023-03-22,169.1667347500,168.7443678700,172.5368704800,168.4363920200,10853212,2097093752.6800
2023-03-23,167.9788279000,171.2169739800,172.4576766900,167.2396858600,13284214,2578838699.0200
2023-03-24,170.7066140000,169.8442816200,172.4224794500,168.5067865000,10253022,1984030937.5800
2023-03-27,169.6594961100,167.5476617100,169.6858940400,166.3069590000,11879852,2258153854.9200
2023-03-28,167.5300630900,169.3867175000,170.6274202100,167.3716755100,10918609,2099319286.0100
2023-03-29,170.7066140000,171.8329256800,172.4664760000,168.5947796000,15953932,3103306613.7000
2023-03-30,171.8329256800,174.5695110900,175.0710717600,170.8650015800,15148689,2983220917.7700
2023-03-31,176.8661310000,173.3464070000,177.7460620000,173.3464070000,12758987,2541477089.1800
2023-04-03,173.3288083800,171.7537318900,173.3464070000,169.8970774800,13366024,2604697433.7200
2023-04-04,172.0265105000,172.5984656500,173.0472304600,169.7826864500,14247340,2772976030.6300
2023-04-06,171.5865450000,167.6620527400,171.5865450000,166.3685541700,15107492,2889971045.3600
2023-04-07,167.0109038000,166.3597548600,168.7971637300,165.0222597400,11303817,2139054071.9800
2023-04-10,162.7872350000,162.4792591500,162.8048336200,156.8037042000,33973209,6169351676.1700
2023-04-11,161.8809060700,158.8539434300,162.0392936500,158.3963793100,19119446,3472021583.2500
2023-04-12,159.2675110000,154.7094684200,159.3643034100,154.4718870500,27283391,4827573321.9900
2023-04-13,154.8678560000,156.5221262800,158.2995869000,154.4718870500,21080214,3748131434.0900
2023-04-14,156.8213028200,154.5070842900,157.0676835000,154.0143229300,14465308,2549260307.3000
2023-04-17,155.5630014900,156.7861055800,158.3171855200,155.2990221900,18555289,3301205326.7700
2023-04-18,157.5076490000,156.9092959200,158.5371682700,156.2581469800,14406696,2574306113.1700
2023-04-19,157.2172717700,155.1230359900,157.4724517600,154.4278905000,12617246,2225609750.7000
2023-04-20,155.1670325400,152.6680285000,155.7301883800,151.7880975000,14800856,2578285583.8600
2023-04-21,153.1079940000,151.3481320000,154.2519043000,151.1721458000,12091951,2096658341.5500
2023-04-24,151.4361251000,147.8284080000,152.1400699000,147.3884425000,17609069,2970098989.0300
2023-04-25,147.8284080000,149.4122838000,149.4826782800,145.7605701500,15489726,2602607466.0100
2023-04-26,148.7963321000,148.3651659100,150.6265885800,147.4588369800,14812682,2500348754.9900
2023-04-27,148.3563666000,148.8579272700,149.8522493000,146.4205184000,15039314,2530897180.8000
2023-04-28,150.6969830600,148.7083390000,151.3041354500,147.7228162800,17938564,3038219039.7400
2023-05-04,151.7880975000,148.6643424500,152.1840664500,147.3444459500,26587793,4516684021.7800
2023-05-05,148.6643424500,152.8528140100,153.1959871000,148.0483907500,25172690,4324694284.6700
2023-05-08,153.5479595000,150.8201734000,154.4278905000,150.2834154900,17753373,3055844963.3400
2023-05-09,150.3186127300,153.7855408700,156.1877525000,149.5882700000,22292312,3891367973.6100
2023-05-10,152.0520768000,152.5096409200,153.5479595000,150.9873602900,11890994,2057577182.9400
2023-05-11,153.0903953800,151.8496926700,155.2990221900,151.5329175100,12289631,2138045981.2500
2023-05-12,151.5241182000,149.0339134700,153.5479595000,149.0251141600,12959157,2218100020.6100
2023-05-15,148.0483907500,151.7353016400,151.7792981900,147.8548059300,13079986,2232478635.1100
2023-05-16,151.6121113000,150.0194361900,151.6649071600,149.4122838000,9936468,1694257812.4600
2023-05-17,149.5882700000,149.0075155400,150.3802079000,148.4883562500,8602150,1458848097.5200
2023-05-18,149.1395051900,148.4091624600,150.2130210100,147.8284080000,8780386,1484050324.3100
2023-05-19,147.9076017900,150.2922148000,150.6969830600,146.7284942500,12074586,2048104075.0800
2023-05-22,150.3714085900,156.2845449100,157.5604448600,148.7787334800,30244522,5326580957.9200
2023-05-23,156.4517318000,153.1079940000,157.0676835000,153.1079940000,13672431,2402618291.1600
2023-05-24,152.6856271200,149.8962458500,153.0903953800,149.8962458500,13355066,2297763605.4000
2023-05-25,149.0779100200,148.0043942000,149.3066920800,147.3444459500,14392525,2421836658.9900
2023-05-26,148.0043942000,149.6762631000,151.2513395900,147.8284080000,12287480,2088300565.3800
2023-05-29,150.4154051400,148.0571900600,151.2161423500,147.4588369800,12976880,2191774953.5400
2023-05-30,147.8284080000,145.3382032700,149.1043079500,143.8687185000,18360334,3039522846.4300
2023-05-31,145.1886150000,141.8272785800,145.3030060300,140.8065586200,21344841,3448000885.3900
2023-06-01,142.9799881900,143.7103309200,146.5965046000,141.8448772000,16901644,2774057591.2600
2023-06-02,145.1886150000,147.7404149000,148.1803804000,143.7191302300,19208397,3199284099.2300
2023-06-05,147.1948576800,145.3646012000,147.5468300800,144.8630405300,11344697,1879812886.1600
2023-06-06,146.3325253000,145.7341722200,148.2067783300,144.7750474300,13536764,2256103841.7300
2023-06-07,146.2005356500,144.3086840000,146.9924735500,144.3086840000,9532561,1574392182.6200
2023-06-08,144.4934695100,145.0302274200,146.1301411700,143.4463516200,9157282,1504742545.1500
2023-06-09,145.1358191400,144.8278432900,146.0509473800,144.1326978000,11963517,1970427702.2800
2023-06-12,144.3262826200,149.9490417100,151.3481320000,143.3759571400,24183801,4073838204.3400
2023-06-13,149.5882700000,152.2984574800,153.0200009000,149.0691107100,18293646,3156768738.7500
2023-06-14,153.8119388000,156.3461400800,157.8156248500,151.9288864600,24101542,4279986457.1000
2023-06-15,157.6924345100,160.1474420000,160.8689854200,156.6277180000,24045009,4346343723.3200
2023-06-16,160.6754006000,161.9776984800,163.3151936000,159.7074765000,21631380,3975777953.6500
2023-06-19,161.0273730000,156.2229497400,161.6521240100,155.3078215000,24234172,4330534592.7100
2023-06-20,155.7477870000,153.1167933100,156.9796904000,152.7560216000,17868934,3129124754.6400
2023-06-21,153.0991946900,150.8201734000,153.8911325900,150.6441872000,13948450,2409049470.1800
2023-06-26,149.1483045000,146.6493004600,149.4914775900,145.1886150000,21934031,3652673793.8700
2023-06-27,147.8106236700,149.5663081200,149.9084415000,146.0369322000,20067906,3307807251.2500
2023-06-28,148.7649957300,150.0615011700,151.7991786000,147.9996973800,11942640,1990481708.0400
2023-06-29,149.4582660000,147.4864973100,149.9084415000,147.0003077700,11772352,1934965472.1900
2023-06-30,148.2878097000,147.2704130700,148.6479501000,146.5771428000,10337054,1695951752.1000
2023-07-03,147.0003077700,150.6827433600,150.7997889900,146.6221603500,17337306,2875749982.2900
2023-07-04,150.3586170000,151.4570452200,151.7091435000,149.0531080500,12595742,2107039767.7600
2023-07-05,150.8267995200,148.9000483800,150.8988276000,148.5579150000,11541608,1911856438.7600
2023-07-06,148.8280203000,147.9276693000,150.1875503100,147.5225113500,10144977,1672166188.0700
2023-07-07,147.8286306900,147.3514446600,148.5579150000,147.0453253200,7896985,1294178677.7500
2023-07-10,148.5399079800,148.1977746000,149.9084415000,147.8466377100,9671525,1597774604.9300
2023-07-11,148.9630729500,148.6839641400,149.2421817600,147.5495218800,7020562,1156564822.3200
2023-07-12,148.7379852000,148.9720764600,150.0524976600,148.5579150000,11884029,1970009879.5500
2023-07-13,151.1509258800,155.4456001500,155.7607230000,150.0434941500,32351360,5531880616.3200
2023-07-14,156.3009336000,154.8513684900,156.9581898300,153.7709472900,15072288,2594877559.3400
2023-07-17,153.5098455000,152.7535506600,153.9420139800,151.4030241600,9325675,1575729873.7400
2023-07-18,152.7895647000,151.6191084000,153.2667507300,151.2589680000,8195902,1381227321.4800
2023-07-19,151.0969048200,151.5470803200,151.9432347600,150.1875503100,7685551,1288284982.8600
2023-07-20,152.1593190000,151.7631645600,154.2121192800,151.3309960800,12750198,2163844782.3500
2023-07-21,152.9516278800,154.2031157700,156.6610740000,151.1509258800,19538688,3356305156.7100
2023-07-24,152.2763646300,152.4834453600,153.0596700000,151.1689329000,13171639,2222174196.2400
2023-07-25,158.4617760000,161.6130045000,162.6664151700,157.7144846700,44063194,7867658288.1000
2023-07-26,161.6130045000,160.0824078000,162.6754186800,159.2270743500,17402543,3104017698.4300
2023-07-27,161.1358184700,160.6766394600,162.8284783500,159.2270743500,18798706,3367125649.5700
2023-07-28,159.6322323000,163.1255941800,164.0079381600,159.0289971300,31969316,5753479229.9500
2023-07-31,168.0054966000,162.9635310000,169.7791880700,162.9455239800,31559353,5816020903.4000
2023-08-01,163.5847731900,161.9551378800,165.7996366500,160.7126535000,19571803,3543719055.6700
2023-08-02,161.1628290000,160.2444709800,162.9545274900,159.5421972000,15508019,2770075423.7600
2023-08-03,159.3981410400,160.8026886000,162.0271659600,157.6784706300,15264598,2712382851.1100
2023-08-04,163.3146678900,161.4149272800,164.3140575000,160.8927237000,14347761,2585669217.1500
2023-08-07,160.5325833000,159.6412358100,161.4149272800,158.8219164000,15692962,2784302714.0000
2023-08-08,158.6238391800,159.2540848800,160.3164990600,157.7234881800,11614322,2050696313.2300
2023-08-09,159.7762884600,159.5241901800,160.1544358800,158.5518111000,8679551,1536212479.1500
2023-08-10,159.2540848800,158.7408848100,159.3621270000,157.2553056600,10423785,1833070603.5000
2023-08-11,159.7762884600,155.1844983600,159.8573200500,155.1034667700,14888627,2590746331.3200
2023-08-14,153.0596700000,151.8171856200,153.3567858300,149.4582660000,21094514,3548868734.7000
2023-08-15,151.8081821100,149.9084415000,152.0692839000,149.1791571900,16814467,2803400143.1500
2023-08-16,149.7103642800,150.0885117000,150.7187574000,148.7379852000,11627666,1937166439.2800
2023-08-17,149.3682309000,151.6551224400,151.8081821100,148.1077395000,16693182,2790070934.6900
2023-08-18,151.6371154200,147.2343990300,151.8712066800,147.2073885000,27947953,4605753430.5200
2023-08-21,146.0189251800,145.8298514700,147.9816903600,145.2986443800,16450664,2676283337.5100
2023-08-22,146.4150796200,145.9919146500,147.2073885000,144.4883284800,15692086,2538910286.1100
2023-08-23,145.9018795500,144.0651635100,145.9829111400,144.0561600000,14683900,2360128005.7600
2023-08-24,144.1281880800,146.0909532600,147.2073885000,143.3448827100,17589545,2842412943.6300
2023-08-25,144.9745180200,145.4517040500,146.5501322700,144.5513530500,11630171,1877818205.0400
2023-08-28,151.2679715100,141.7962789900,152.1503154900,141.3641105100,54577070,8739965733.4900
2023-08-29,140.4547560000,143.5159494000,144.1461951000,139.8515208300,23873176,3780207169.1300
2023-08-30,143.5159494000,142.0933948200,144.1642021200,141.8953176000,22598663,3580879499.5900
2023-08-31,142.0933948200,140.3737244100,142.1023983300,140.3016963300,22001837,3443917302.8100
2023-09-01,141.3551070000,143.8220687400,144.0201459600,141.3551070000,23238672,3701951294.1300
2023-09-04,145.4967216000,151.1959434300,151.2589680000,145.4967216000,46496459,7710567731.9500
2023-09-05,151.0788978000,149.2061677200,151.4660487300,148.7739992400,19055024,3170571173.4600
2023-09-06,148.6119360600,149.1791571900,149.8634239500,147.6575640000,13049265,2155900998.3000
2023-09-07,148.5579150000,146.8472481000,148.7109746700,146.6671779000,11886106,1947052985.5700
2023-09-08,146.0909532600,145.7848339200,146.4871077000,144.5063355000,10497211,1695834401.1700
2023-09-11,144.9565110000,147.9726868500,148.8370238100,144.1912126500,16068274,2625927002.7200
2023-09-12,147.1173534000,146.7392059800,147.7115850600,146.4060761100,8942828,1459902261.2700
2023-09-13,147.6575640000,147.3424411500,148.9090518900,146.2620199500,13114721,2150208869.5400
2023-09-14,147.3424411500,145.8568620000,147.8646447300,144.9835215300,13047323,2115828262.3000
2023-09-15,145.9198865700,143.7950582100,146.7932270400,143.4259143000,17755546,2846912332.7400
2023-09-18,143.1558090000,146.5771428000,146.7662165100,142.2644615100,16298317,2634257627.8600
2023-09-19,145.8658655100,144.8754794100,146.0369322000,143.6059845000,11367416,1824120705.5300
2023-09-20,144.2362302000,143.9121038400,144.9565110000,143.7860547000,8712360,1394723510.5700
2023-09-21,143.1558090000,141.9493386600,143.6059845000,141.8232895200,12945475,2046008258.7500
2023-09-22,141.3551070000,143.9841319200,144.3352688100,141.0850017000,15431992,2451918127.0200
2023-09-25,143.8400757600,143.0657739000,143.9481178800,142.7956686000,10536495,1676603466.3100
2023-09-26,143.0477668800,141.0399841500,143.5789739700,141.0399841500,12501574,1969171204.7100
2023-09-27,141.0489876600,140.9859630900,142.8406861500,140.4547560000,13281201,2083949327.4200
2023-09-28,140.9859630900,140.5447911000,141.6972403800,140.1666436800,12385723,1933102453.4300
2023-10-09,140.5357875900,138.8971487700,140.5357875900,136.6732818000,15357335,2365643872.3700
2023-10-10,139.9955769900,138.1228469100,140.9769595800,137.8077240600,12717530,1965311403.8000
2023-10-11,139.1672540700,138.3839487000,139.7614857300,138.0778293600,9912197,1526531426.6100
2023-10-12,139.7794927500,140.2116612300,140.4547560000,138.8431277100,13797215,2144168262.3100
2023-10-13,139.1042295000,138.3209241300,139.1042295000,136.8623555100,14293386,2189951710.5100
2023-10-16,137.8257310800,135.1786991400,138.1138434000,134.7915482100,15236613,2299307439.9500
2023-10-17,135.1786991400,135.4217939100,136.1690852400,133.7561445600,10720176,1610282340.0500
2023-10-18,135.0346429800,134.3683832400,136.2411133200,134.3143621800,10110520,1516335018.7200
2023-10-19,133.2519480000,129.8756317500,133.2519480000,129.6145299600,21738492,3161472146.5600
2023-10-20,128.7501930000,129.3804387000,131.3882214300,128.3630420700,13316438,1920618082.3900
2023-10-23,129.3264176400,129.4254562500,131.2801793100,128.2099824000,12029229,1727517065.6300
2023-10-24,129.4344597600,129.6955615500,130.5418914900,127.5797367000,16707389,2395874812.7600
2023-10-25,132.3065794500,134.4584183400,135.9530010000,132.3065794500,25442154,3792234580.0500
2023-10-26,133.2519480000,135.9980185500,136.1330712000,133.0718778000,14617728,2187779863.3800
2023-10-27,135.5658500700,137.7446994900,138.2488960500,135.1967061600,17065390,2603681374.1100
2023-10-30,140.4097384500,140.9949666000,142.5795843600,139.5544050000,27403019,4289723342.5200
2023-10-31,141.8052825000,140.4547560000,141.9403351500,139.5724120200,14497863,2261223856.9300
2023-11-01,149.4582660000,144.0561600000,150.6107152800,144.0561600000,46934602,7622902568.1800
2023-11-02,144.1281880800,142.1654229000,144.9204969600,142.0123632300,16513168,2623333602.2600
2023-11-03,142.1654229000,143.7590441700,144.0561600000,141.9493386600,13814386,2200311515.6900
2023-11-06,144.6593951700,143.9121038400,144.8394653700,142.7056335000,13751203,2192590029.1100
2023-11-07,143.4259143000,143.4349178100,143.9661249000,142.2554580000,10730364,1705482356.2600
2023-11-08,142.7056335000,142.8226791300,143.8580827800,141.8683070700,12646303,2003995988.4800
2023-11-09,142.2554580000,142.7506510500,143.6059845000,142.2554580000,9198879,1458982551.8400
2023-11-10,141.8052825000,141.2650719000,142.5075562800,140.9049315000,8963080,1407108917.1100
2023-11-13,141.2560683900,139.4463628800,141.5081666700,138.7080750600,12557539,1948615157.1800
2023-11-14,140.3467138800,140.3647209000,142.1564193900,139.5544050000,11299159,1764357472.6800
2023-11-15,142.0843913100,141.5801947500,142.3815071400,141.0850017000,10175715,1601063926.1400
2023-11-16,141.3551070000,140.7878858700,141.9853527000,140.5718016300,7036398,1102563043.3100
2023-11-17,140.0045805000,139.5544050000,140.8869244800,138.9781803600,8452069,1309342330.9700
2023-11-20,139.5454014900,139.0141944000,140.4007349400,138.2939136000,11485928,1773729316.4500
2023-11-21,139.5544050000,139.8245103000,141.0309806400,137.9787907500,16697698,2595787143.6200
2023-11-22,138.8341242000,138.2128820100,139.4823769200,138.2128820100,8691277,1338320985.6300
2023-11-23,137.7537030000,137.8167275700,138.1588609500,136.7182993500,9457601,1442390953.8900
2023-11-24,137.6636679000,137.9607837300,138.5460118800,137.1324608100,9309548,1425448392.1800
2023-11-27,137.5646292900,134.3773867500,137.5736328000,134.0532603900,18526959,2774364092.3200
2023-11-28,134.4134007900,133.9272112500,135.1246780800,132.9368251500,13910316,2066506935.7600
2023-11-29,133.7741515800,133.5220533000,133.7921586000,132.2615619000,8648476,1279519709.1300
2023-11-30,133.4050076700,134.2873516500,134.5034358900,133.2609515100,10683306,1591108412.3200
2023-12-01,134.1522990000,132.5406707100,134.1522990000,131.4602495100,13430375,1977001207.3100
2023-12-04,131.8924179900,131.3161933500,132.9548321700,131.0821020900,10695582,1565168595.2800
2023-12-05,131.0010705000,128.4530771700,131.2981863300,128.0659262400,15041103,2167619334.5900
2023-12-06,128.3900526000,129.7405791000,130.7309652000,127.5437226600,14474212,2081995216.8500
2023-12-07,129.7405791000,128.3180245200,129.8936387700,127.3996665000,15107094,2152755581.7100
2023-12-08,128.3180245200,128.6871684300,129.9206493000,128.0479192200,14475928,2075536415.2700
2023-12-11,125.6889996000,125.3288592000,126.0491400000,122.9519325600,32312072,4465383122.8000
2023-12-12,124.2484380000,125.4188943000,125.7610276800,124.0053432300,14402267,2002700041.6800
2023-12-13,124.7886486000,120.4489567800,124.8606766800,120.2688865800,31864580,4313281475.8400
2023-12-14,121.5473850000,119.4315601500,122.4297289800,119.4315601500,21441794,2872608825.8800
2023-12-15,120.3499181700,120.3769287000,122.2676658000,119.5666128000,20013278,2685090415.6000
2023-12-18,118.8913495500,120.6470340000,121.3673148000,118.7292863700,12930013,1727901875.3600
2023-12-19,120.6380304900,120.0437988300,120.6380304900,119.3505285600,13016041,1732968199.6300
2023-12-20,120.5119813500,118.9633776300,120.5840094300,118.9363671000,10629969,1411911254.6200
2023-12-21,118.7382898800,120.7370691000,121.0521919500,118.3781494800,17664844,2355445615.9500
2023-12-22,120.7010550600,120.1248304200,121.3673148000,119.3595320700,16402338,2191023169.1900
2023-12-25,120.0347953200,121.1422270500,121.1602340700,119.7016654500,9862125,1322860816.5700
2023-12-26,121.1422270500,120.9351463200,121.1422270500,120.2958971100,7367832,986855945.1400
2023-12-27,120.9351463200,120.4939743300,121.3493077800,119.7736935300,10430850,1395667156.7700
2023-12-28,120.4939743300,126.1391751000,127.0755401400,120.2418760500,33610901,4647651265.1700
2023-12-29,126.0491400000,126.3282488100,127.5257156400,125.4098907900,19454076,2730826835.3500
2024-01-02,126.3192453000,122.4477360000,126.3192453000,122.2676658000,21526999,2947170556.8000
2024-01-03,122.4297289800,121.4393428800,123.0509711700,120.4219462500,16417109,2211980500.1900
2024-01-04,121.4393428800,119.1344443200,121.4573499000,118.8553355100,17876323,2371204451.6700
2024-01-05,118.8463320000,118.1620652400,120.0167883000,117.7479037800,15630369,2062827516.4300
2024-01-08,117.9549845100,115.3349631000,118.0720301400,115.2449280000,21020047,2706248455.9100
2024-01-09,115.3349631000,115.0738613100,116.4874123800,114.7137209100,17483816,2241449420.4800
2024-01-10,115.0738613100,115.9652088000,116.6674825800,113.4532295100,16530411,2118536476.0600
2024-01-11,115.8751737000,116.7034966200,117.4958055000,114.5426542200,15646396,2021717963.8000
2024-01-12,116.0372368800,115.9201912500,117.1536721200,115.3349631000,11920766,1539729131.1400
2024-01-15,115.2449280000,115.8571666800,116.4964158900,114.4166050800,11582558,1485609938.5400
2024-01-16,115.1728999200,115.6140719100,116.3973772800,114.2815524300,12528653,1604334707.8200
2024-01-17,114.8847876000,112.6699241400,115.0648578000,112.6699241400,17675746,2232551975.0100
2024-01-18,112.3638048000,115.1548929000,115.3619736300,110.9142396900,23594821,2961463081.8200
2024-01-19,114.3445770000,116.0462403900,116.6044580100,113.5522681200,22502046,2891090563.7200
2024-01-22,115.6050684000,114.3445770000,116.2803316500,113.2641558000,21340958,2733754455.7500
2024-01-23,114.1645068000,114.6867103800,115.3529701200,112.9760434800,16198659,2053575259.8300
2024-01-24,115.4069911800,115.2899455500,115.6770964800,112.7779662600,16682387,2118643963.1400
2024-01-25,115.2449280000,118.0450196100,118.0450196100,114.8487735600,27342127,3546308960.2900
2024-01-26,117.1446686100,117.9459810000,118.8373284900,116.5954545000,19317416,2522565252.1000
2024-01-29,118.0270125900,118.6482547800,120.3499181700,118.0270125900,21614965,2860907561.5200
2024-01-30,117.7659108000,114.9838262100,117.8559459000,114.8667805800,17071977,2196117733.3100
2024-01-31,114.7947525000,113.7143313000,115.8571666800,113.7053277900,13521837,1717132838.8300
2024-02-01,113.2101347400,113.8944015000,114.9928297200,112.6699241400,13787549,1745356476.4200
2024-02-02,113.8944015000,111.4814608200,115.8301561500,110.3470185600,21086217,2658388904.9000
2024-02-05,111.4814608200,113.9574260700,115.1368858800,110.6621414100,30804209,3864410348.5900
2024-02-06,113.4442260000,119.7376794900,119.7466830000,113.1741207000,32384190,4239033653.0400
2024-02-07,119.8457216100,120.5299883700,121.2772797000,118.9363671000,29067328,3882655957.2700
2024-02-08,121.3673148000,120.2778900900,122.5557781200,119.4765777000,24374798,3267001019.2800
2024-02-19,125.0587539000,122.5827886500,125.1037714500,121.3493077800,28857883,3951748629.5500
2024-02-20,122.4477360000,120.9891673800,123.3480870000,119.7466830000,21181874,2841706723.7500
2024-02-21,120.1068234000,126.9674980200,128.4620806800,119.6026268400,46656281,6492866976.9800
2024-02-22,126.1481786100,127.0395261000,127.5437226600,125.5359399300,18840109,2646660001.4800
2024-02-23,126.9855050400,127.5887402100,129.0923263800,126.0941575500,18439323,2613714172.2200
2024-02-26,127.3996665000,125.8330557600,128.1019402800,125.1938065500,13994707,1961062779.9000
2024-02-27,125.1577925100,125.8330557600,125.8690698000,124.2934555500,15061741,2092382020.6200
2024-02-28,125.8330557600,125.6259750300,127.3096314000,124.9417082700,19619411,2753522611.3500
2024-02-29,125.1487890000,128.0749297500,128.1469578300,124.8786837000,17660377,2496984973.3800
2024-03-01,127.8948595500,128.3810490900,129.4524667800,126.8414488800,15881306,2261267887.4100
2024-03-04,127.4086700100,126.3462558300,128.0299122000,126.0851540400,15430682,2170817658.1800
2024-03-05,126.0311329800,127.4806980900,127.7417998800,125.4459048300,16001586,2251931872.9800
2024-03-06,126.9494910000,125.2028100600,127.2195963000,124.7076170100,17652769,2459134905.9400
2024-03-07,125.2028100600,124.4735257500,126.0311329800,124.4735257500,11219842,1559868152.0300
2024-03-08,124.3024590600,124.6265854200,125.2658346300,123.0419676600,12245203,1687886718.8600
2024-03-11,124.5635608500,127.0935471600,127.2105927900,124.2664450200,19356925,2713055196.9200
2024-03-12,127.1025506700,133.5310568100,134.4224043000,127.1025506700,45079147,6608708732.8500
2024-03-13,132.8017725000,133.0358637600,134.3143621800,132.4776461400,17912970,2649479635.4800
2024-03-14,132.5316672000,134.6564955600,135.9530010000,132.4056180600,22227356,3320434207.3800
2024-03-15,134.1522990000,137.2945239900,139.3563277800,133.9722288000,23887367,3639737822.8400
2024-03-18,137.2134924000,138.2038785000,139.2482856600,135.6918992100,18987361,2908432466.1800
2024-03-19,138.5460118800,141.6882368700,143.1287984700,138.2398925400,33882634,5328394236.7100
2024-03-20,141.2470648800,141.3100894500,142.4895492600,139.9955769900,16160021,2535854998.2100
2024-03-21,141.2650719000,141.0039701100,142.7416475400,140.1396331500,13643008,2139591363.2300
2024-03-22,140.8148964000,138.1408539300,141.1390227600,137.1774783600,20156403,3098381510.5700
2024-03-25,137.3125310100,136.6012537200,137.6636679000,135.0526500000,16167547,2447539788.4900
2024-03-26,136.6462712700,139.7524822200,139.8965383800,136.6462712700,18088963,2787590493.5300
2024-03-27,139.5544050000,137.4475836600,139.8245103000,137.3935626000,12363048,1899180647.4300
2024-03-28,137.4475836600,137.8437381000,139.8605243400,136.8983695500,14419203,2217801274.6400
2024-03-29,137.8437381000,138.2128820100,139.5724120200,137.3575485600,8834848,1358438656.5900
2024-04-01,139.1042295000,141.6072052800,142.7596545600,139.1042295000,17726202,2788229516.4400
2024-04-02,141.3551070000,140.0045805000,141.5171701800,139.4283558600,11410098,1779060166.6700
2024-04-03,140.3647209000,139.1942646000,141.3280964700,138.0238083000,9826116,1522506389.6200
2024-04-08,136.8533520000,132.6126987900,136.8533520000,132.3966145500,27000663,4002147876.3300
2024-04-09,131.9014215000,131.8834144800,133.4410217100,131.1631336800,13039729,1909631397.0100
2024-04-10,131.6313162000,128.8582351200,131.9014215000,127.9758911400,17167574,2464329866.9300
2024-04-11,128.3900526000,128.1559613400,128.4440736600,126.5893506000,15994283,2264027608.8900
2024-04-12,127.8498420000,126.4903119900,129.1553509500,126.1391751000,13407310,1895837989.0100
2024-04-15,126.5893506000,132.6397093200,133.2339409800,126.1031610600,25429182,3701903874.9400
2024-04-16,131.9914566000,130.5238844700,132.4956531600,129.9296528100,13567789,1976125482.8900
2024-04-17,130.1277300300,130.8210003000,131.0370845400,129.4704738000,13702335,1982007044.0800
2024-04-18,129.7135685700,130.5328879800,132.1535197800,129.0202983000,15245280,2213439016.5300
2024-04-19,129.6325369800,128.6601579000,130.1007195000,127.8408384900,12726175,1818608488.1100
2024-04-22,128.6601579000,130.1547405600,131.8834144800,128.6601579000,14036604,2035476601.3100
2024-04-23,129.6505440000,132.3786075300,132.7927689900,129.6235334700,17171181,2507417591.4600
2024-04-24,133.1889234300,134.1342919800,134.3323692000,131.4512460000,14225100,2103883224.0100
2024-04-25,133.7021235000,134.1342919800,134.4674218500,132.3696040200,10077553,1496358807.6000
2024-04-26,134.3323692000,137.0784397500,137.4835977000,134.3323692000,17946172,2719514005.5000
2024-04-29,135.9530010000,136.6282642500,140.9589525600,135.0616535100,27538469,4217464058.7400
2024-04-30,137.1234573000,135.4398009300,138.1948749900,135.4398009300,15529607,2359135139.9100
2024-05-06,138.1498574400,139.5634085100,142.5525738300,138.1138434000,31679595,4940155160.9600
2024-05-07,139.5544050000,140.4007349400,140.8329034200,138.2488960500,14549977,2265634112.4100
2024-05-08,140.4367489800,139.5544050000,140.7428683200,138.9691768500,10107370,1567926317.4400
2024-05-09,138.9511698300,139.4103488400,140.1756471900,138.4109592300,11327468,1750315446.5100
2024-05-10,139.5544050000,139.0412049300,140.3557173900,137.5736328000,10251379,1579216046.1700
2024-05-13,137.5736328000,136.0430361000,137.7356959800,135.2957447700,17262826,2608851173.0500
2024-05-14,136.0430361000,136.2591203400,136.7182993500,135.0796605300,11345529,1713073765.3000
2024-05-15,136.2501168300,136.2861308700,136.7002923300,135.5028255000,7842841,1186554216.7700
2024-05-16,136.5832467000,138.6990715500,139.6264330800,135.6918992100,14937612,2289335629.0600
2024-05-17,138.6540540000,140.8238999100,140.8419069300,137.9427767100,16184342,2509981114.0400
2024-05-20,140.8148964000,141.6252123000,143.8760898000,140.8148964000,19373643,3066112975.9600
2024-05-21,141.1750368000,140.9409455400,141.5171701800,139.6354365900,8803686,1374785552.7400
2024-05-22,140.4637595100,139.6624471200,140.8238999100,138.8971487700,10847769,1682580309.1600
2024-05-23,139.5544050000,138.2939136000,140.4277454700,138.0418153200,8988893,1383814569.8300
2024-05-24,137.6276538600,136.0880536500,137.8707486300,135.9530010000,11203941,1700150955.4100
2024-05-27,136.0790501400,136.4752045800,137.1234573000,135.5748535800,10156716,1535721670.4700
2024-05-28,136.4932116000,135.0796605300,136.7993309400,135.0526500000,10387436,1566391577.6700
2024-05-29,135.0976675500,134.3413727100,135.9439974900,134.0262498600,9102373,1363621239.5100
2024-05-30,134.1072814500,131.6853372600,134.1072814500,131.3702144100,16111129,2363289777.5600
2024-05-31,132.2615619000,132.0814917000,133.2429444900,131.9914566000,13141188,1934209403.1600
2024-06-03,132.2525583900,131.4332389800,132.5766847500,130.2357721500,14092998,2051213337.6100
2024-06-04,131.4332389800,133.0538707800,133.3419831000,131.0010705000,10302099,1514138600.8300
2024-06-05,132.9998497200,131.2351617600,133.2519480000,131.1361231500,11114765,1629419453.8100
2024-06-06,131.4602495100,130.4608599000,132.0094636200,129.7045650600,12730851,1844855885.9100
2024-06-07,131.0010705000,128.1559613400,131.0460880500,127.7598069000,15869270,2266797197.9100
2024-06-11,127.3096314000,124.6806064800,127.3096314000,124.2484380000,20665469,2873140131.8500
2024-06-12,124.3384731000,124.1584029000,125.8960803300,123.8432800500,15452411,2136862848.6400
2024-06-13,124.1493993900,121.1512305600,124.3384731000,121.0431884400,24362284,3301287598.4200
2024-06-14,120.8271042000,122.1596236800,122.1776307000,118.9273635900,28721911,3851661909.4100
2024-06-17,121.0071744000,122.2046412300,122.5917921600,118.2160863000,24627240,3299559711.3600
2024-06-18,121.5473850000,120.5479953900,123.6542063400,120.1248304200,20298120,2740736863.2400
2024-06-19,120.8090971800,120.8451112200,121.8174903000,119.5936233300,13704527,1839596879.5300
2024-06-20,120.7370691000,119.0264022000,121.6104095700,119.0083951800,12619163,1679993028.7700
2024-06-21,118.8553355100,117.2257002000,119.6206338600,115.9652088000,21388642,2781028408.8000
2024-06-24,113.4622330200,117.9729915300,119.4495671700,113.0840856000,23923514,3102546742.5400
2024-06-25,118.6662618000,118.4051600100,120.0077847900,117.5858406000,17715159,2341480948.4100
2024-06-26,117.4057704000,118.2160863000,119.0083951800,117.3607528500,10221249,1341298503.0700
2024-06-27,118.2430968300,116.7305071500,118.2791108700,115.8931807200,12264610,1587676455.0900
2024-06-28,116.1362754900,115.2809420400,117.4868019900,114.8487735600,15689886,2019328025.7800
2024-07-01,115.4249982000,115.5150333000,116.2893351600,113.4442260000,15433459,1964232828.8400
2024-07-02,114.9748227000,118.4501775600,119.4585706800,114.7947525000,24747909,3244049457.3500
2024-07-03,118.4501775600,117.9459810000,119.4765777000,117.1356651000,12427733,1631928152.2400
2024-07-04,117.9459810000,117.5768370900,119.2064724000,117.0726405300,10049528,1315554603.8800
2024-07-05,117.5768370900,116.1002614500,118.8193214700,115.3709771400,13941250,1803448224.6200
2024-07-08,116.1272719800,113.3631944100,116.3253492000,112.7419522200,20745544,2630909852.0600
2024-07-09,113.3631944100,114.4076015700,115.4249982000,112.7059381800,19540437,2475816884.3600
2024-07-10,113.8944015000,113.9304155400,115.6590894600,113.6062891800,15457159,1964272870.0200
2024-07-11,114.7947525000,117.4777984800,118.3961565000,114.4976366700,25779636,3349449291.3000
2024-07-12,118.2902369600,118.9625528000,119.3267238800,117.3284518000,18938660,2401467289.1800
2024-07-15,118.5890440000,119.0559300000,120.7927459200,118.1968597600,11973781,1532479885.1200
2024-07-16,118.3369255600,119.0372545600,119.6161932000,117.4685176000,15468916,1967032427.8300
2024-07-17,118.5890440000,122.1000267200,122.3147942800,118.0007676400,22884217,2960415563.9300
2024-07-18,121.4277108800,122.4175092000,124.1916760000,121.4183731600,18591713,2444968667.2400
2024-07-19,122.0253249600,124.5838602400,124.6492242800,121.1849301600,19024378,2517623683.3200
2024-07-22,124.5651848000,122.5295618400,125.0787594000,122.3241320000,15642939,2065619592.1200
2024-07-23,122.3334697200,118.4022896000,122.8003557200,118.4022896000,19756404,2540829813.4900
2024-07-24,118.1968597600,117.7112983200,119.2426844000,117.1883860000,14364962,1813586525.0100
2024-07-25,116.8148772000,117.4498421600,118.2715615200,116.8148772000,11814145,1485089890.1600
2024-07-26,117.6552720000,117.8420264000,118.9438773600,116.8148772000,11421502,1439101532.4300
2024-07-29,117.6552720000,115.8811052000,118.3089124000,115.8811052000,13936430,1745197563.8400
2024-07-30,114.8539560000,115.1247498800,116.0678596000,113.4346225600,20725348,2538151160.5700
2024-07-31,114.5551489600,118.4583159200,119.6908949600,114.5364735200,26057917,3286415866.7800
2024-08-01,118.4676536400,115.7877280000,118.5423554000,115.6756753600,17473861,2180765965.3100
2024-08-02,114.8539560000,115.5075964000,116.2732894400,114.7419033600,9950169,1231884912.0600
2024-08-05,115.5075964000,117.6552720000,119.5228160000,115.4142192000,24189241,3060405977.4900
2024-08-06,118.1408334400,117.5618948000,119.5228160000,117.0763333600,15347283,1940983188.7000
2024-08-07,117.6552720000,118.5890440000,119.1306317600,117.0016316000,13259071,1678186222.6700
2024-08-08,118.1034825600,119.8496362000,121.0822152400,117.6085834000,20013087,2559755533.7400
2024-08-09,120.9234740000,119.5975177600,121.3903600000,119.2800352800,15846790,2041741165.9000
2024-08-12,119.0559300000,119.2520221200,119.9803642800,118.7010966400,7310797,934639850.5600
2024-08-13,119.1399694800,117.2817632000,119.4854651200,116.8335526400,12451739,1567828596.9300
2024-08-14,117.1883860000,116.0958727600,117.2724254800,115.6850130800,9494697,1181885782.0000
2024-08-15,115.8064034400,116.6748114000,117.7953378000,115.6569999200,11162349,1395432331.9000
2024-08-16,116.2546140000,116.7308377200,117.0669956400,115.3955437600,9726670,1211693479.2600
2024-08-19,116.7215000000,115.7410394000,118.5890440000,115.6943508000,13875921,1732841551.4700
2024-08-20,115.7410394000,114.9940218000,115.7877280000,114.5364735200,10985221,1352259414.5600
2024-08-21,114.6672016000,114.1069384000,114.9846840800,114.0135612000,9710809,1189648677.4100
2024-08-22,114.1162761200,112.9770742800,114.2843550800,112.0152891200,18528513,2234186007.8200
2024-08-23,112.6129032000,113.0891269200,114.0135612000,112.5382014400,8898800,1078393647.2500
2024-08-26,112.9677365600,110.2971486400,113.7987936400,110.2224468800,20401007,2429417311.3000
2024-08-27,109.9049644000,109.9049644000,110.3718504000,107.8973546000,15660884,1831272407.4700
2024-08-28,109.2513240000,106.4500080000,109.2513240000,105.4415342400,24729242,2821002956.1900
2024-08-29,107.8506660000,110.9134381600,112.3234338800,107.5051703600,30025609,3546177235.8900
2024-08-30,110.1850960000,114.8819691600,116.4040175200,109.0458941600,33779842,4114623948.3700
2024-09-02,113.9201840000,111.1188680000,114.2096533200,111.1188680000,17755490,2134586803.9100
2024-09-03,111.1935697600,112.3514470400,113.4252848400,111.1188680000,12798410,1538909785.9900
2024-09-04,111.4270127600,111.2215829200,112.7996576000,111.1468811600,8469238,1011886744.1000
2024-09-05,111.2122452000,111.6324426000,111.9405873600,110.6519820000,8279466,987295999.1100
2024-09-06,111.5857540000,109.7462231600,111.5857540000,109.7182100000,7772198,920196138.1400
2024-09-09,109.1579468000,108.5229818400,109.7088722800,107.8693414400,11158667,1296332675.2700
2024-09-10,108.5229818400,108.7190739600,110.4278767200,108.2241748000,10605023,1237792376.2200
2024-09-11,108.1307976000,108.3268897200,109.3166880400,107.3837800000,7659099,888345206.8000
2024-09-12,108.3175520000,105.8523939200,108.6723853600,105.8523939200,16984847,1945710693.7300
2024-09-13,105.7963676000,101.9679024000,105.7963676000,101.9679024000,31153086,3444726618.2900
2024-09-18,101.0808190000,100.5579066800,102.3133980400,100.1096961200,17763923,1916365125.0800
2024-09-19,100.5952575600,103.5553148000,105.3855079200,99.2879767600,31818095,3511889907.7100
2024-09-20,102.8363103600,102.9763761600,103.5086262000,101.4076392000,19668110,2158043124.5600
2024-09-23,103.5646525200,104.8532578800,106.2539158800,103.0884288000,20371180,2298355085.4400
2024-09-24,107.2904028000,112.3887979200,112.4261488000,105.9924597200,47346927,5559354900.5200
2024-09-25,115.4142192000,114.0135612000,117.3004386400,113.8081313600,41718945,5168860913.2200
2024-09-26,114.0135612000,125.4149173200,125.4149173200,113.8361445200,66453364,8594482227.5600
2024-09-27,132.4088696000,137.9554752800,137.9554752800,129.3554351600,86457718,12438562566.8300
2024-09-30,145.6871074400,151.7472877200,151.7472877200,142.5869844000,98620119,15752197755.5200
2024-10-08,166.9210827200,153.1852966000,166.9210827200,145.2482346000,130680565,22218231044.6900
2024-10-09,149.4035200000,137.8994489600,149.4035200000,137.8807735200,81546859,12409184179.1400
2024-10-10,137.8901112400,141.9146685600,145.2295591600,137.8901112400,60060115,9164464306.6000
2024-10-11,140.0658000000,139.7389798000,143.1659230400,138.1982560000,28515763,4283807927.9300
2024-10-14,140.9995720000,139.8416947200,140.9995720000,136.3400497200,33496575,4986283992.8400
2024-10-15,140.0658000000,134.4631680000,140.1591772000,134.4631680000,32970192,4840842560.3300
2024-10-16,132.5956240000,132.2688038000,134.7339618800,130.8027817600,31227224,4430542144.1800
2024-10-17,133.0625100000,128.8138474000,133.4546942400,128.7578210800,28250755,3957974225.6200
2024-10-18,127.9361017200,133.5293960000,135.9198523200,127.3291499200,44144323,6206988496.4500
2024-10-21,134.4538302800,133.5387337200,135.8638260000,131.7552292000,29576515,4223086214.9600
2024-10-22,133.3426416000,135.8077996800,136.7509094000,132.7917161200,30466330,4419839157.5400
2024-10-23,135.8358128400,138.6931551600,139.6269271600,134.4631680000,35813825,5277833035.9200
2024-10-24,137.0777296000,136.7602471200,138.6651420000,136.4334269200,18642006,2743177643.6700
2024-10-25,135.8264751200,138.3009709200,139.9444096400,135.8264751200,19805485,2926843948.5600
2024-10-28,139.1413657200,143.7728748400,143.8008880000,136.9563392400,43810985,6649586215.4900
2024-10-29,143.7728748400,140.8128176000,146.4901513600,140.4393088000,30315753,4641639291.5100
2024-10-30,139.1320280000,138.9452736000,141.2890413200,137.5446156000,21187042,3158474275.2000
2024-10-31,137.2644840000,137.1057427600,139.3187824000,135.7797865200,26944088,3957475706.7300
2024-11-01,136.0692558400,138.1235542400,140.8128176000,136.0692558400,22719198,3379402017.8800
2024-11-04,138.6651420000,138.7585192000,139.3281201200,136.4054137600,20505185,3030626417.3000
2024-11-05,138.1982560000,142.6803616000,142.8577782800,137.0777296000,32031809,4839032609.0900
2024-11-06,142.6430107200,141.2330150000,142.8671160000,139.2720938000,30206560,4568777903.3800
2024-11-07,140.1031508800,151.4951692800,152.2235114400,139.9070587600,67187150,10602928042.2500
2024-11-08,153.1386080000,146.1073048400,153.6988712000,145.6684320000,56747365,9025428027.8700
2024-11-11,143.1939362000,144.5665810400,144.5945942000,141.1863264000,36601207,5603393228.0500
2024-11-12,144.5665810400,144.0810196000,148.4697480000,143.4740678000,35134682,5496005682.1500
2024-11-13,142.8671160000,143.7448616800,145.0428047600,142.5496335200,19433400,2990077534.7700
2024-11-14,142.9698309200,143.3246642800,145.5563793600,142.0734098000,21792782,3357496177.8500
2024-11-15,143.3153265600,141.2703658800,143.9222783600,140.5793746000,25544269,3894476942.7300
2024-11-18,141.2610281600,139.4401727600,143.2032739200,139.1320280000,20986101,3164795002.8200
2024-11-19,139.6549403200,138.6184534000,140.6634140800,135.6770716000,23341346,3447738671.2400
2024-11-20,138.6184534000,139.6922912000,140.4299710800,137.4512384000,14981538,2233265261.1500
2024-11-21,139.1320280000,139.5989140000,140.1591772000,138.3476595200,11446054,1706377342.0400
2024-11-22,139.5055368000,135.2942250800,140.0751377200,135.0701198000,18942474,2785311385.1700
2024-11-25,136.2279970800,134.2764136000,137.4325629600,133.2492644000,19168995,2771219117.2600
2024-11-26,133.9962820000,135.2101856000,136.8909752000,133.0625100000,17535782,2539251070.4200
2024-11-27,135.1821724400,137.3111726000,138.0955410800,134.0709837600,20024978,2921829639.8500
2024-11-28,135.3969400000,134.4631680000,137.2177954000,134.2764136000,19045387,2760020463.6900
2024-11-29,135.4156154400,137.0497164400,139.7763306800,134.8366768000,28727796,4234632625.5000
2024-12-02,137.3858743600,137.6379928000,138.5997779600,135.9198523200,17976352,2645657930.7300
2024-12-03,137.9181244000,137.2551462800,137.9834884400,136.5174664000,14014314,2059980757.0400
2024-12-04,137.1711068000,136.0785935600,137.2084576800,135.1821724400,14843403,2161996959.3100
2024-12-05,135.3969400000,135.4249531600,136.0132295200,134.9393917200,10321021,1496758490.6700
2024-12-06,135.0794575200,136.7415716800,138.1982560000,135.0794575200,18754575,2745488834.2800
2024-12-09,136.7509094000,136.1066067200,137.6473305200,135.5370058000,14542425,2124782350.8400
2024-12-10,142.8671160000,139.2254052000,144.6226073600,139.0386508000,46326278,7021977459.7300
2024-12-11,138.2169314400,139.5055368000,141.4664580000,138.2169314400,19999335,2993662412.5600
2024-12-12,139.5428876800,141.7652650400,141.9333440000,138.6371288400,25365291,3819524049.4400
2024-12-13,140.3926202000,138.2356068800,140.7007649600,138.1982560000,28422742,4230330395.7300
2024-12-16,138.2262691600,135.0140934800,138.2356068800,134.4818434400,26477262,3846200007.7500
2024-12-17,135.0047557600,135.2942250800,137.0310410000,134.0896592000,15949283,2318651653.8200
2024-12-18,135.3969400000,135.5836944000,136.5921681600,134.9860803200,12067558,1755251344.9200
2024-12-19,134.5565452000,134.0429706000,134.8460145200,133.8188653200,15198227,2184469847.6300
2024-12-20,134.1830364000,133.7254881200,134.9020408400,133.2679398400,17283558,2479372352.3900
2024-12-23,132.8944310400,133.0158214000,134.4071416800,132.8290670000,14260102,2039345026.4500
2024-12-24,132.9224442000,133.9776065600,133.9962820000,132.3248301200,14333019,2045707407.6000
2024-12-25,133.9776065600,133.6040977600,134.3511153600,133.1372117600,9613952,1376290843.2000
2024-12-26,133.6414486400,133.0531722800,133.7441635600,132.4555582000,10476825,1493951272.0600
2024-12-27,133.1558872000,133.0811854400,133.4827074000,132.1941020400,13445059,1912027992.9000
2024-12-30,132.6142994400,131.8579441200,133.6881372400,131.6618520000,16367180,2320655236.7000
2024-12-31,131.8672818400,130.7654308800,134.0896592000,130.7374177200,24521867,3472955734.4400
2025-01-02,130.7280800000,127.9174262800,130.7280800000,127.2731236000,25564735,3517884975.5800
2025-01-03,128.0014657600,126.4327288000,128.8231851200,125.8257770000,16823014,2295817771.8000
2025-01-06,123.1645268000,122.1653907600,125.0880971200,121.7451933600,27943013,3679523519.8300
2025-01-07,122.5108864000,122.1840662000,122.9404215200,121.0168512000,19018740,2478571210.2000
2025-01-08,122.1934039200,121.1102284000,123.0151232800,119.5414914400,19287619,2504007320.4900
2025-01-09,121.3063205200,121.9319477600,123.5847242000,119.6628818000,15918343,2080588918.0900
2025-01-10,121.8572460000,120.0830792000,122.1653907600,120.0830792000,13537786,1753729758.8800
2025-01-13,118.8878510400,120.6433424000,120.9234740000,118.5516931200,12149103,1562285331.2300
2025-01-14,120.7367196000,124.2103514400,124.4718076000,120.3632108000,22862469,3014664381.3200
2025-01-15,124.4718076000,123.9769084400,124.8266409600,123.4633338400,12812277,1701391089.6200
2025-01-16,124.5651848000,122.7723425600,125.4055796000,122.3801583200,16309620,2160311225.4400
2025-01-17,123.2579040000,123.5380356000,125.0133953600,122.8377066000,15245016,2021963286.6800
2025-01-20,124.0796233600,125.4055796000,126.5167682800,123.9395575600,19417359,2611169665.1500
2025-01-21,125.9191542000,124.5558470800,126.0592200000,124.0049216000,13279686,1774069694.6800
2025-01-22,124.1449874000,121.7171802000,124.1916760000,121.5117503600,17418217,2277963645.9700
2025-01-23,122.8888830000,122.5554635500,124.7846107300,122.3839906900,18448933,2387735894.4500
2025-01-24,121.7457306000,121.6695204400,122.4887796600,120.4977892300,18943572,2418169298.3400
2025-01-27,121.9362560000,121.1741544000,122.4602008500,121.0788917000,12653510,1616070922.7300
2025-02-05,121.5075738500,119.0879012700,121.8219407600,118.6115877700,18691574,2343981886.2000
2025-02-06,118.8878496000,119.9357393000,120.4025265300,118.7830606300,13819081,1734038681.5700
2025-02-07,120.0310020000,121.5837840100,122.7745677600,119.1926902400,23247330,2960433850.1600
2025-02-10,121.6314153600,121.4885213100,122.1267814000,120.8883663000,13654558,1740615096.1600
2025-02-11,121.5552052000,120.2786850200,122.0029398900,119.7642664400,17600170,2221320156.4800
2025-02-12,120.2786850200,121.6504679000,121.6599941700,119.6499512000,17735327,2240677199.2600
2025-02-13,121.6695204400,125.2799767700,125.7467640000,121.2217857500,46762606,6110655128.5700
2025-02-14,124.3654548500,125.0132412100,125.9372894000,123.9367727000,21810735,2857398901.0500
2025-02-17,125.6419750300,125.3180818500,127.2042833100,124.8798734300,20507840,2710093082.3500
2025-02-18,125.2513979600,124.0320354000,126.1182885300,123.2318287200,18596134,2435399272.5300
2025-02-19,124.0320354000,124.8989259700,125.2704505000,123.2127761800,15364181,2003027066.4500
2025-02-20,124.2130345300,124.3178235000,126.4993393300,124.1272981000,13253049,1737767288.4500
2025-02-21,124.4130862000,124.9084522400,126.3754978200,123.7748261100,21001653,2756687286.0900
2025-02-24,124.6988743000,125.6515013000,127.1661782300,124.1844557200,24439219,3229422469.2100
2025-02-25,124.6798217600,122.6507262500,124.7179268400,122.4887796600,22190136,2872796622.1500
2025-02-26,122.6126211700,123.6509846000,123.6509846000,122.0315187000,17924348,2311292299.8000
2025-02-27,123.8319837300,126.4612342500,126.7851274300,123.6509846000,37079506,4909364775.1300
2025-02-28,126.3183402000,125.3466606600,129.2714839000,125.2704505000,33720213,4510232386.2100
2025-03-03,125.3466606600,124.6417166800,129.1762212000,124.1749294500,21035512,2780161096.2400
2025-03-04,123.8986676200,123.6033532500,124.1844557200,122.6126211700,14934839,1933207043.5200
2025-03-05,123.6033532500,122.5173584700,123.8415100000,121.5742577400,19936646,2558423708.3200
2025-03-06,123.2032499100,125.4419233600,125.5562386000,122.5554635500,23585718,3075149470.1400
2025-03-07,124.9846624000,128.4141196000,128.4141196000,124.7084005700,34007291,4536723523.1200
2025-03-10,128.1283315000,126.4040766300,128.1283315000,125.4228708200,20635305,2735377365.7400
2025-03-11,125.2799767700,128.7951704000,128.8046966700,125.2323454200,32103562,4304327283.4200
2025-03-12,128.8904331000,126.6708121900,129.7573236700,126.3373927400,28801774,3844719011.9300
2025-03-13,126.6708121900,126.1182885300,127.9568586400,125.9849207500,16792264,2233018514.7600
2025-03-14,126.6993910000,134.1298816000,135.2539814600,126.6993910000,76551575,10604804482.2400
2025-03-17,135.6540848000,133.2153596800,136.1875559200,132.7771512600,38773048,5457575155.2400
2025-03-18,133.5773579400,132.9390978500,133.8917248500,132.1484174400,18673497,2608207824.8500
2025-03-19,132.9390978500,132.3389428400,134.1203553300,131.8054717200,16815724,2339543020.1100
2025-03-20,132.3008377600,129.5477457300,132.4151530000,129.4239042200,22872209,3130766821.0300
2025-03-21,129.2714839000,128.2235942000,130.9862125000,127.8330171300,19713023,2669031188.2000
2025-03-24,127.7091756200,127.9473323700,128.5379611100,126.7279698100,18048886,2417592735.6400
2025-03-25,128.2235942000,127.2328621200,128.3188569000,126.3183402000,17567115,2342967012.6000
2025-03-26,127.2138095800,127.0328104500,127.5377027600,126.5946020300,10882580,1452491544.3800
2025-03-27,126.7756011600,127.5567553000,128.3855407900,126.2230775000,14086564,1882916851.1200
2025-03-28,127.7282281600,126.9184952100,127.8901747500,126.1278148000,12099601,1610808297.3400
2025-03-31,126.8994426700,125.1275564500,127.0613892600,125.1275564500,14485487,1912983576.9600
2025-04-01,125.2037666100,125.5467123300,125.9849207500,124.9275047800,12170463,1602816956.6800
2025-04-02,125.6229224900,124.9370310500,126.2707088500,124.8512946200,10102473,1328718376.9400
2025-04-03,123.4128278500,125.7467640000,127.1566519600,123.2604075300,16562264,2187566525.1700
2025-04-07,122.4125695000,120.7740510600,124.2701921500,117.9352226000,46309272,5889478917.8500
2025-04-08,120.7740510600,124.5655065200,125.0227674800,120.7740510600,33185668,4295611989.9800
2025-04-09,123.3651965000,125.9849207500,126.5469706800,123.2223024500,29699887,3910869674.7000
2025-04-10,126.0325521000,126.8422850500,127.1661782300,124.3178235000,23310636,3091985054.7500
2025-04-11,125.9372894000,125.3657132000,127.1471256900,124.3940336600,17429334,2296050286.0700
2025-04-14,125.2704505000,124.8322420800,126.3850240900,124.8036632700,12578106,1655429086.3600
2025-04-15,124.7941370000,125.1275564500,125.2228191500,123.9177201600,11482502,1502439501.4600
2025-04-16,124.6036116000,126.0325521000,126.2707088500,123.5366693600,16668022,2177739510.2500
2025-04-17,125.1085039100,126.2516563100,126.6898647300,124.7941370000,15292281,2022126157.5800
2025-04-18,125.7562902700,125.5086072500,126.2897613900,124.9941886700,8947834,1179998315.8000
2025-04-21,125.3561869300,124.1654031800,125.7467640000,123.9748777800,14436366,1887006445.3900
2025-04-22,124.0320354000,123.9367727000,124.5464539800,123.3651965000,11585468,1507639703.8300
2025-04-23,124.2987709600,123.8129311900,124.5083489000,123.4128278500,9594427,1246940578.8300
2025-04-24,123.6509846000,122.9460406200,124.0320354000,122.8984092700,13152369,1703623363.7100
2025-04-25,123.0794084000,122.9365143500,124.0510879400,122.8507779200,10718307,1388082599.7500
2025-04-28,123.9462989700,124.6512429500,125.4228708200,123.7462473000,18504541,2422404104.7200
2025-04-29,123.9844040500,123.4128278500,124.4130862000,123.1651448300,12479570,1619377345.3000
2025-04-30,123.4699854700,122.6030949000,124.1272981000,122.5745160900,14662657,1893634510.7600
2025-05-06,122.8888830000,123.3556702300,123.4128278500,122.0029398900,14634943,1889145118.0800
2025-05-07,124.6988743000,123.8319837300,125.5657648700,123.6509846000,15247040,1990960978.1900
2025-05-08,123.5652481700,125.5562386000,126.6993910000,123.1556185600,20802315,2735442055.0800
2025-05-09,125.5562386000,125.3466606600,125.8420267000,124.8036632700,11054836,1454604448.2600
2025-05-12,125.7467640000,126.6708121900,126.9375477500,125.2704505000,16456000,2182417151.1100
2025-05-13,127.3281248200,126.6898647300,127.3281248200,126.1563936100,12039542,1599600056.0500
2025-05-14,126.4231291700,128.8523280200,130.6813718600,125.9087105900,29148950,3932377808.0400
2025-05-15,128.6141712700,127.3376510900,129.1666949300,127.2804934700,14494424,1947912220.5400
2025-05-16,127.0613892600,124.8703471600,127.2614409300,124.8417683500,17354288,2288769532.3800
2025-05-19,123.0794084000,123.1746711000,123.9367727000,122.7745677600,23700824,3062514441.1000
2025-05-20,122.8888830000,123.0127245100,123.4890380100,122.7650414900,15936916,2058475919.0600
2025-05-21,123.0127245100,123.1365660200,123.7271947600,122.8888830000,14169298,1832618626.6700
2025-05-22,123.1460922900,122.9746194300,123.3366176900,122.7364626800,9605451,1239750922.2700
2025-05-23,122.9365143500,122.0791500500,123.5176168200,122.0791500500,15037984,1937195759.8500
2025-05-26,121.9076771900,120.4215790700,122.0791500500,119.9262130300,27361547,3460707609.1700
2025-05-27,120.2977375600,120.1834223200,120.9359976500,119.9262130300,15126840,1908812014.2600
2025-05-28,120.3167901000,120.9074188400,121.1074705100,119.5546885000,18138470,2291200545.2000
2025-05-29,120.6025782000,121.2884696400,121.4599425000,119.9357393000,16034701,2036182267.9600
2025-05-30,120.9836290000,120.4501578800,121.5075738500,120.0310020000,14682788,1858195533.3800
2025-06-03,119.2498478600,118.7735343600,119.6023198500,118.6687453900,23748287,2965933456.4900
2025-06-04,118.7735343600,118.6496928500,119.2879529400,118.2210107000,19350308,2410315627.3600
2025-06-05,118.6496928500,119.1069538100,119.5546885000,118.3067471300,20231200,2525601313.3400
2025-06-06,119.0497961900,119.1641114300,119.8881079500,118.7925869000,11888498,1488927363.0200
2025-06-09,119.1641114300,119.0402699200,119.2689004000,118.7068504700,19842902,2477799331.4000
2025-06-10,118.8878496000,118.4972725300,119.1736377000,118.3924835600,17105298,2132365672.4100
2025-06-11,118.5067988000,118.7925869000,119.2689004000,118.3162734000,14547273,1816144261.5200
2025-06-12,118.6020615000,116.6968075000,118.6496928500,116.5824922600,38065992,4680660151.5600
2025-06-13,116.1157050300,113.4769282400,116.1252313000,113.3816655400,36696171,4395342693.8000
2025-06-16,112.2480394100,112.6671952900,112.8291418800,111.4573590000,27148875,3192006584.9000
2025-06-17,112.6100376700,112.1337241700,113.2101926800,111.8669886100,19650205,2316678379.7000
2025-06-18,113.0672986300,112.7243529100,113.7817688800,112.2861444900,20049069,2378709213.8700
2025-06-19,111.9813038500,111.7240945600,112.8386681500,111.5526217000,16357242,1926506404.1000
2025-06-20,111.9336725000,113.8960841200,114.3152400000,111.8193572600,29681382,3536127314.9700
2025-06-23,113.2673503000,112.6767215600,113.4483494300,112.2099343300,17338663,2053039386.2500
2025-06-24,112.9529833900,114.0770832500,114.3057137300,112.7910368000,17895787,2138966777.2800
2025-06-25,114.3152400000,114.4867128600,114.5248179400,113.2482977600,17864721,2135738739.0400
2025-06-26,114.4200289700,114.0580307100,114.9249212800,113.9627680100,16637264,1997480065.3500
2025-06-27,114.0389781700,113.5340858600,114.2485561100,113.4007180800,16021567,1913691951.7500
2025-06-30,113.5340858600,113.2673503000,113.9151366600,112.6767215600,22368008,2660701232.4600
2025-07-01,113.3530867300,113.0101410100,113.3530867300,112.6767215600,12218321,1449250746.0400
2025-07-02,113.0101410100,113.5340858600,114.2199773000,112.8958257700,15447681,1840968959.5400
2025-07-03,113.5340858600,113.9532417400,114.1532934100,113.2673503000,12243011,1463537870.1100
2025-07-04,113.6388748300,114.6867645300,115.0297102500,113.5436121300,17067930,2049279008.0800
2025-07-07,114.5152916700,114.2295035700,114.8106060400,114.1342408700,8581080,1030097660.8300
2025-07-08,114.1723459500,115.0582890600,115.1440254900,114.1532934100,11663123,1404970363.0100
2025-07-09,115.1059204100,115.8394432000,117.0302269500,114.7820272300,20349574,2482658941.4700
2025-07-10,115.2964458100,116.7730176600,117.0588057600,115.1726043000,16271646,1983620003.9000
2025-07-11,116.7634913900,118.4115361000,119.0593224600,116.4300719400,28718907,3562808114.2200
2025-07-14,118.4686937200,119.4689520700,119.5927935800,117.5541718000,21913998,2734366850.9100
2025-07-15,118.9069021400,119.0783750000,119.5737410400,118.4305886400,19332839,2415360199.9200
2025-07-16,118.6973242000,119.3451105600,119.9166867600,118.6973242000,17869945,2237883046.0300
2025-07-17,119.3451105600,119.8595291400,120.1357909700,118.9545334900,17299880,2171582212.2900
2025-07-18,120.0843571200,120.9638812200,121.8140878500,119.0875631400,21020856,2597764485.2800
2025-07-21,120.9638812200,119.7716374400,120.9736537100,119.4686902500,18778433,2304021397.0800
2025-07-22,119.7716374400,122.6740669700,123.0258766100,119.7716374400,30377165,3784887029.5500
2025-07-23,122.8401993000,122.3515748000,123.9933531200,122.2831673700,22906716,2887980079.3200
2025-07-24,122.3027123500,122.6936119500,122.8988342400,121.6675005000,15601222,1955643592.4300
2025-07-25,122.6936119500,120.7293414600,122.7424744000,120.6609340300,18400674,2284994445.3700
2025-07-28,120.7097964800,121.2375109400,121.3450083300,119.2243780000,17851106,2196293738.3800
2025-07-29,120.6902515000,120.7097964800,121.1691035100,119.4198278000,18515092,2276717869.4500
2025-07-30,120.7488864400,121.6870454800,122.3027123500,120.4752567200,22412427,2789922636.3600
2025-07-31,121.1984209800,118.3937163500,121.2766009000,118.1005416500,30468735,3717607979.0800
2025-08-01,118.3839438600,118.2471290000,118.8530233800,117.6510071100,12322595,1491109254.9100
2025-08-04,117.8855468700,118.1689490800,118.4718962700,117.7096420500,8593314,1038364797.9000
2025-08-05,118.1982665500,119.1755155500,119.4393727800,118.1982665500,13944554,1698256512.4100
2025-08-06,119.1950605300,119.3807378400,119.7130025000,118.7259810100,11968359,1460865583.1700
2025-08-07,119.3514203700,119.7618649500,120.3384418600,119.1755155500,11570286,1419842885.3400
2025-08-08,119.7618649500,119.4393727800,120.0843571200,119.1852880400,8242559,1008572356.4400
2025-08-11,119.3709653500,121.1202410600,121.5209131500,119.3318753900,18266039,2257903784.2000
2025-08-12,121.0811511000,120.3873043100,122.4786171700,120.2113994900,21137375,2625229653.6300
2025-08-13,120.2113994900,120.3873043100,120.6609340300,119.7325474800,15582285,1916294685.5200
2025-08-14,120.3775318200,120.0452671600,122.0095376500,119.9768597300,19906336,2461442361.7000
2025-08-15,119.7520924600,120.2993519000,120.4948017000,119.1266531000,19394317,2376497642.3600
2025-08-18,120.2993519000,120.9345637500,121.8238603400,120.0159496900,25530142,3163846038.2800
2025-08-19,120.9541087300,121.5795480900,122.8890617500,120.9541087300,32724162,4087820977.6200
2025-08-20,121.5893205800,122.9183792200,123.6219985000,120.5436641500,40431044,5083056590.9800
2025-08-21,122.9379242000,122.5958870500,123.2604163700,122.0193101400,23189477,2908492490.9800
2025-08-22,122.5958870500,122.9281517100,122.9574691800,122.1072625500,20484997,2567683361.0900
2025-08-25,123.3092788200,126.9739625700,127.1303224100,123.3092788200,47980003,6165955080.5000
2025-08-26,126.9739625700,126.7882852600,128.8502806500,125.7230838500,34979445,4552425052.8900
2025-08-27,126.5537455000,123.7392683800,126.5537455000,123.7197234000,34684706,4441325743.6300
2025-08-28,123.7294958900,122.6154320300,124.3060728000,121.1788760000,34583488,4340085829.4800
2025-08-29,123.3092788200,126.5830629700,126.8469202000,123.2506438800,43525090,5610236643.1900
2025-09-01,127.0423700000,125.9380786300,127.1400949000,124.6187924800,31694195,4074402940.8300
2025-09-02,125.4885440900,125.6351314400,128.1368888800,125.1953693900,34916169,4522779364.7100
2025-09-03,126.0651210000,123.7392683800,128.5082435000,123.5145011100,30286319,3883434402.0100
2025-09-04,123.4265487000,122.6545219900,123.6219985000,121.8922677700,26187312,3286629624.8400
2025-09-05,122.5470246000,123.9249456900,124.1301679800,121.9606752000,20173355,2537085184.5400
2025-09-08,123.8174483000,126.1530734100,126.2117083500,123.3874587400,30536352,3923785754.0000
2025-09-09,126.1433009200,125.8696712000,126.4364756200,124.6774274200,18440608,2368186108.2400
2025-09-10,125.8696712000,125.1465069400,126.5342005200,124.7556073400,19964491,2565580225.4200
2025-09-11,124.5210675800,125.5960414800,125.6155864600,123.9151732000,22997326,2932816233.1200
2025-09-12,125.5764965000,124.2963003100,126.7198778300,124.2278928800,26270390,3359522973.5000
2025-09-15,123.7197234000,123.7685858500,124.2083479000,123.1822364500,16656948,2109473460.3100
2025-09-16,123.7685858500,122.9379242000,123.9640356500,122.5470246000,19108652,2405374663.4800
2025-09-17,122.9476966900,123.0942840400,123.4558661700,121.9802201800,18133640,2276167359.8000
2025-09-18,123.0845115500,121.1202410600,123.0942840400,120.7195689700,27547752,3434002462.5900
2025-09-19,121.1104685700,121.2570559200,121.7652254000,120.0061772000,19668801,2431126955.6200
2025-09-22,120.7879764000,119.7130025000,120.8857013000,119.4002828200,19643327,2412049778.9300
2025-09-23,119.2341504900,119.4100553100,120.4557117400,118.7943884400,17207909,2101237748.8800
2025-09-24,119.4100553100,119.5859601300,120.0550396500,119.0289282000,13056429,1597546878.6800
2025-09-25,119.6152776000,118.7552984800,119.8693623400,118.7455259900,19455497,2371492766.5800
2025-09-26,118.7552984800,117.4360123300,118.9018858300,117.2894249800,26192542,3154953964.4000
2025-09-29,117.5239647400,119.1461980800,119.7814099300,117.0646577100,25635752,3105049103.7400
2025-09-30,118.6771185600,118.7162085200,119.0582456700,118.1200866300,15457057,1875945187.3000
2025-10-09,118.6771185600,118.4034888400,118.6771185600,117.1623826100,20375652,2455273213.2200
2025-10-10,118.3839438600,117.9832717700,119.3416478800,117.9050918500,17535995,2126979085.4200
2025-10-13,116.9278428500,117.1232926500,117.6607796000,116.5271707600,19583470,2345294275.7800
2025-10-14,117.8269119300,119.2927854300,119.7814099300,117.2894249800,29165582,3543893434.1600
2025-10-15,118.5793936600,119.2927854300,119.8595898500,118.3057639400,19459557,2371853782.7600
2025-10-16,118.9800657500,119.9475422600,119.9573147500,118.7357535000,19847810,2427170002.3700
2025-10-17,119.2243780000,118.3155364300,120.1625370400,118.3057639400,18040798,2197211376.1900
2025-10-20,118.5891661500,117.7194145400,118.7846159500,117.3676049000,13164496,1589202775.0800
2025-10-21,118.0321342200,117.7780494800,118.7357535000,117.6119171500,14729356,1780274210.5100
2025-10-22,117.2698800000,117.3676049000,118.0223617300,117.1721551000,12782668,1536553799.6500
2025-10-23,117.2698800000,118.5696211700,118.6868910500,117.2307900400,15571808,1879432996.4800
2025-10-24,118.2178115300,117.5532822100,118.5207587200,117.3676049000,17432200,2099912710.8300
2025-10-27,117.3187424500,117.5532822100,117.8073669500,117.1526101200,14394337,1729967256.5900
2025-10-28,117.5532822100,117.3676049000,117.9441818100,117.2796524900,14019459,1686492047.7100
2025-10-29,117.1330651400,116.1264986700,117.2210175500,115.5206042900,24508270,2910549079.7500
2025-10-30,115.3251544900,115.7746890300,116.8301179500,115.3153820000,20432985,2423170733.8600
2025-10-31,112.7745346000,116.2828585100,116.9180703600,112.7745346000,42107702,4986642236.8800
2025-11-03,115.8040065000,116.2730860200,116.8789804000,114.8267575000,22327034,2646147017.8300
2025-11-04,116.0776362200,114.4944928400,116.2828585100,114.3479054900,17273363,2034069113.2600
2025-11-05,113.7029211500,113.5367888200,114.3381330000,113.3608840000,16463035,1915561293.4900
2025-11-06,113.8592809900,113.5270163300,114.6313077000,113.4195189400,15467307,1803321901.6300
2025-11-07,113.5270163300,114.0938207500,114.3283605100,113.3120215500,14543557,1694831993.2000
2025-11-10,114.0938207500,118.0516792000,118.8139334200,113.8885984600,42906459,5132402568.9600
2025-11-11,117.5141922500,118.0321342200,118.2178115300,116.4880808000,22926794,2754670109.7400
2025-11-12,118.0419067100,117.6412346200,119.7130025000,117.6119171500,22254439,2700551156.5600
2025-11-13,117.2698800000,118.4425788000,118.5109862300,116.9082978700,16002293,1928439961.0700
2025-11-14,117.9344093200,117.4751022900,119.2146055100,117.4555573100,13924365,1683294872.0500
2025-11-17,117.2894249800,117.4164673500,117.7878219700,116.3024034900,11738778,1406740311.9000
2025-11-18,117.2698800000,117.6216896400,118.9800657500,117.0353402400,14766867,1784778981.6600
2025-11-19,117.5825996800,117.1623826100,117.7487320100,116.9767053000,9514962,1142098879.0500
2025-11-20,117.1526101200,117.5141922500,118.8725683600,116.8789804000,15825845,1909518433.0600
2025-11-21,117.3773773900,116.9571603200,118.6478010900,116.6933030900,20507164,2468277643.7900
2025-11-24,117.0255677500,115.8235514800,117.7194145400,115.8040065000,17301096,2066246185.8700
2025-11-25,115.8235514800,115.8137789900,116.2046785900,115.1492496700,14660888,1735233690.3700
2025-11-26,115.8235514800,115.5694667400,116.5760332100,115.3153820000,9169759,1085069921.1400
2025-11-27,115.6085567000,115.2567470600,115.7942340100,115.0222073000,9215651,1087246956.0900
2025-11-28,115.2176571000,115.1687946500,115.2567470600,114.6801701500,8029619,945107391.4300
2025-12-01,115.1199322000,114.9733448500,115.9212763800,114.4358579000,12091201,1422932700.0500
2025-12-02,114.9244824000,113.9179159300,115.0906147300,113.8495085000,12492841,1461213467.3300
2025-12-03,114.0645032800,112.9699844000,114.3869954500,112.8722595000,16587100,1923087546.3100
2025-12-04,112.9797568900,111.8461480500,113.1165717500,111.5236558800,16929153,1940544885.1100
2025-12-05,111.8656930300,112.3445450400,112.7452171300,111.6116082900,11768183,1351054927.1400
2025-12-08,112.2370476500,110.6929942300,112.5106773700,110.5268619000,27697874,3157374146.6800
2025-12-09,110.4291370000,108.3573691200,110.5073169200,107.9860145000,30431037,3390789037.3300
2025-12-10,107.9860145000,109.0805333800,109.2075757500,107.0185379900,17869587,1984146057.7300
2025-12-11,109.4518880000,109.3541631000,110.1652797700,109.2368932200,15788422,1772255901.7600
2025-12-12,109.7450627000,109.0609884000,111.1132113000,109.0609884000,25702210,2889348466.8700
2025-12-15,109.7450627000,109.8916500500,110.6832217400,109.5007504500,21568629,2429077630.4500
2025-12-16,109.4518880000,110.4291370000,110.5170894100,109.1196233400,14506767,1631458612.1400
2025-12-17,110.4291370000,110.8200366000,111.1620737500,109.5496129000,15314001,1732389485.7400
2025-12-18,110.8200000000,110.4300000000,111.1600000000,110.3300000000,12462850,1379153249.9500
2025-12-19,110.6500000000,110.5300000000,110.8800000000,110.0400000000,13818718,1526045351.1200
2025-12-22,110.5100000000,110.3300000000,110.8000000000,110.1200000000,10846497,1197376767.1700
2025-12-23,110.1300000000,109.7200000000,110.4300000000,109.3300000000,11354023,1248444947.7600
2025-12-24,109.5000000000,109.2800000000,109.5900000000,108.7800000000,11790469,1286401443.8900
2025-12-25,109.2800000000,110.6000000000,110.7000000000,109.2000000000,12570809,1385101983.3900
2025-12-26,110.1000000000,109.7800000000,110.4900000000,109.4400000000,11475889,1261539559.5600
2025-12-29,109.4400000000,108.0600000000,109.6000000000,108.0000000000,19545251,2119598415.7500
2025-12-30,107.9000000000,107.3600000000,107.9900000000,107.0200000000,15847027,1700875913.9400
2025-12-31,107.1900000000,105.9400000000,107.2500000000,105.6100000000,20867682,2214652657.6700
2026-01-05,105.9000000000,107.9000000000,108.1900000000,105.7000000000,22266864,2390973424.4700
2026-01-06,107.9200000000,108.1700000000,108.4300000000,106.9200000000,18623239,2006335249.8200
2026-01-07,108.1800000000,107.5200000000,108.3400000000,107.4000000000,12309189,1326159416.4500
2026-01-08,107.3800000000,106.9000000000,107.3800000000,106.6600000000,12912133,1379204588.9200
2026-01-09,107.0500000000,107.1400000000,108.5500000000,106.8800000000,16074962,1727812911.2500
2026-01-12,107.1500000000,108.5500000000,108.8500000000,107.1300000000,23335607,2526732763.8400
2026-01-13,108.9900000000,108.0000000000,109.2200000000,107.8200000000,19737379,2140822642.5700
2026-01-14,107.8800000000,107.0400000000,108.8400000000,106.6800000000,22560863,2430589610.2400
2026-01-15,106.7000000000,106.0900000000,107.2200000000,106.0200000000,16292886,1733698629.3300
2026-01-16,106.2500000000,105.1600000000,106.4100000000,105.0500000000,19870993,2096582183.8900
2026-01-19,104.9900000000,104.5500000000,105.3800000000,104.3400000000,18229885,1908481790.7900
2026-01-20,104.5000000000,104.9100000000,105.4700000000,104.3000000000,17281662,1813980704.7900
2026-01-21,104.6200000000,103.0500000000,104.7000000000,103.0000000000,26228280,2711884886.1800
2026-01-22,103.0700000000,102.7600000000,103.7200000000,102.6100000000,18691474,1926511774.1700
2026-01-23,102.8000000000,102.9900000000,103.7100000000,102.7000000000,21455918,2214166356.9300
2026-01-26,102.9600000000,102.3400000000,103.5000000000,101.0600000000,31296115,3203042467.4800
2026-01-27,102.1200000000,101.0200000000,102.3300000000,101.0200000000,22528720,2283721967.5200
2026-01-28,101.0300000000,100.7000000000,101.8500000000,100.6300000000,26676739,2696600350.8900
2026-01-29,100.7000000000,110.7700000000,110.7700000000,100.5000000000,98660393,10450873885.5200
2026-01-30,110.7700000000,105.0000000000,110.7800000000,105.0000000000,66817118,7156298338.7900
2026-02-02,105.0800000000,107.2900000000,110.7600000000,105.0800000000,53197704,5754087576.6400
2026-02-03,107.0800000000,107.2800000000,108.7800000000,106.6000000000,33164323,3556634123.2400
2026-02-04,106.5000000000,108.5200000000,109.4100000000,106.2800000000,37891682,4088740226.4800
2026-02-05,107.9000000000,108.8900000000,110.5500000000,107.6600000000,37284641,4071834696.1000
2026-02-06,108.9000000000,107.0000000000,109.7300000000,106.8100000000,27652192,2975510011.6800
2026-02-09,106.8000000000,107.3600000000,107.6900000000,106.4700000000,20889162,2237802124.0300
2026-02-10,107.1800000000,106.5000000000,107.1800000000,105.7900000000,18504047,1967153218.0000
2026-02-11,106.3100000000,106.0400000000,106.6500000000,105.8500000000,11499591,1219688887.8500
2026-02-12,105.9000000000,104.6200000000,106.1100000000,104.4000000000,18172982,1906604083.3400
2026-02-13,104.7000000000,106.0600000000,106.8800000000,104.1700000000,24123984,2557578441.1500
2026-02-24,108.1800000000,105.1600000000,109.1900000000,105.0000000000,21014361,2233159175.1100
2026-02-25,105.0000000000,105.1700000000,106.1100000000,104.8700000000,16152900,1703140852.6300
2026-02-26,105.0000000000,103.8800000000,105.3300000000,103.6000000000,19232479,2004360013.4400
2026-02-27,103.8800000000,104.0500000000,104.5500000000,103.8800000000,11918816,1242973438.5000
2026-03-02,103.0000000000,103.2200000000,104.6000000000,102.3400000000,20406363,2106133136.0700
2026-03-03,103.0100000000,102.5500000000,104.3800000000,101.9000000000,23059451,2370559086.7400
2026-03-04,102.0000000000,101.0200000000,102.0100000000,100.7500000000,18301822,1850959672.3100
2026-03-05,101.6200000000,101.4500000000,101.9700000000,101.1500000000,10052078,1020367656.2000
2026-03-06,101.3400000000,102.4000000000,102.4900000000,101.0500000000,11291640,1150357291.8900
2026-03-09,101.3200000000,101.5200000000,102.6000000000,101.2700000000,17778084,1811068890.6700
2026-03-10,101.8800000000,102.0500000000,102.3900000000,101.7600000000,11169430,1139370871.5200
2026-03-11,102.0500000000,102.1800000000,102.3500000000,101.5900000000,10780126,1099529974.1900
2026-03-12,102.0000000000,102.2700000000,102.7300000000,101.6000000000,11661418,1189182247.4000
2026-03-13,102.0600000000,102.9500000000,103.6600000000,101.8500000000,15318710,1577733442.9500
2026-03-16,102.8000000000,104.5400000000,105.3100000000,102.7000000000,20304875,2119088706.0000
2026-03-17,104.5400000000,104.7900000000,105.8200000000,104.0000000000,17770249,1867733131.7500
2026-03-18,104.7900000000,103.7200000000,104.9900000000,103.4000000000,11720905,1217253899.6600
2026-03-19,103.0100000000,102.5300000000,103.4100000000,102.5100000000,11437347,1176973860.4800
2026-03-20,102.5300000000,102.4000000000,103.1800000000,101.9000000000,10286504,1053023021.8400
2026-03-23,101.4000000000,100.2300000000,101.7800000000,100.0400000000,20518979,2064661956.2600
2026-03-24,100.8800000000,101.3400000000,101.4600000000,100.0400000000,11750754,1184095484.1900
2026-03-25,101.3500000000,102.4500000000,102.5800000000,100.8800000000,10858964,1107451812.5200
2026-03-26,102.2000000000,101.2800000000,102.8900000000,101.2800000000,9592448,977853749.3100
2026-03-27,100.5000000000,102.6500000000,102.8800000000,100.4100000000,10295755,1052956367.6500
2026-03-30,101.9900000000,103.4600000000,103.9000000000,101.8000000000,12490697,1286843153.0300
2026-03-31,105.0000000000,103.2700000000,105.8000000000,103.2700000000,17834771,1865043694.1200
2026-04-01,103.9700000000,104.3900000000,105.1800000000,103.3900000000,12266665,1279526789.0800
2026-04-02,104.0000000000,105.0000000000,105.2600000000,103.8800000000,15178337,1589237202.1300
2026-04-03,104.9700000000,103.4900000000,104.9700000000,103.2900000000,8308861,864181133.4200
2026-04-07,103.4000000000,103.1100000000,103.9000000000,102.3500000000,8154794,839975542.8600
2026-04-08,103.9000000000,104.1900000000,104.2000000000,103.5100000000,9774007,1016515697.7600
2026-04-09,103.3800000000,102.6000000000,103.6900000000,102.5000000000,9846158,1012935759.7800
2026-04-10,102.6100000000,102.0700000000,102.9500000000,102.0000000000,12242404,1253630005.4400
2026-04-13,101.6400000000,102.4200000000,102.4500000000,101.0800000000,12263434,1247104400.5200
2026-04-14,102.4200000000,103.1000000000,103.4000000000,101.8800000000,12069637,1238173621.1900
2026-04-15,102.9000000000,103.5500000000,103.9900000000,102.6800000000,11571256,1196292314.2700
2026-04-16,103.5000000000,103.4400000000,104.0000000000,103.2200000000,9016632,934168917.9400
2026-04-17,101.5000000000,101.8600000000,102.2500000000,101.2000000000,16743174,1704502562.2500
2026-04-20,101.8200000000,101.3500000000,101.9500000000,101.0500000000,11696080,1186004538.2300
2026-04-21,101.3000000000,101.1800000000,101.8200000000,101.0000000000,10828096,1095969167.4700
2026-04-22,101.0000000000,100.6400000000,101.0800000000,100.4600000000,14438261,1452833704.7500
2026-04-23,100.6400000000,101.1800000000,102.3000000000,100.5600000000,17402318,1764308584.5400
2026-04-24,100.6500000000,101.2700000000,101.9200000000,100.3000000000,13453338,1361341944.7400
2026-04-27,100.5000000000,100.2000000000,100.5300000000,100.0500000000,19104782,1913778919.4600
2026-04-28,100.0800000000,100.2000000000,100.2900000000,99.9000000000,12341464,1234366126.3200
2026-04-29,97.8800000000,98.3400000000,98.5800000000,97.0400000000,33863533,3316572049.3600
2026-04-30,97.7400000000,97.0800000000,97.9500000000,97.0000000000,24820895,2413614788.6900
2026-05-06,90.7800000000,92.2600000000,94.5000000000,90.1000000000,87159923,7989429629.2300
2026-05-07,92.4300000000,92.6000000000,93.8500000000,92.4300000000,53627788,4986385438.0400
2026-05-08,92.6000000000,92.1300000000,92.8000000000,91.6600000000,25964091,2396026817.6700
2026-05-11,92.0300000000,91.8100000000,92.2900000000,91.3700000000,26932456,2469941064.2800
2026-05-12,91.8000000000,90.5600000000,91.9300000000,90.5000000000,37297423,3387693471.8700
2026-05-13,90.5700000000,89.1500000000,90.8300000000,88.7400000000,46720129,4173652012.8600
2026-05-14,88.8100000000,88.9900000000,91.2800000000,87.7800000000,50314824,4478188840.7000
2026-05-15,88.0000000000,86.8700000000,88.0800000000,86.6200000000,36117869,3145651221.4700
2026-05-18,86.6500000000,85.5700000000,86.6500000000,85.2000000000,39363075,3374154020.1100
2026-05-19,85.8000000000,85.7800000000,87.2500000000,85.4100000000,30494149,2630415263.7000
2026-05-20,85.2100000000,85.4700000000,86.0600000000,84.5400000000,30461662,2599236030.5200
2026-05-21,85.5100000000,85.3500000000,87.2000000000,85.2300000000,32663033,2812401965.4100
2026-05-22,85.5800000000,84.0300000000,85.6000000000,84.0300000000,26037090,2196206565.9800
