日期,开盘,收盘,最高,最低,成交量,成交额
2020-01-02,11.5105855100,11.6105146300,11.6979526100,11.4606209500,65295784,1212361334.0000
2020-01-03,11.5792867800,11.5917779200,11.6729703300,11.5418133600,37696287,700669803.0000
2020-01-06,11.5980234900,11.7291804600,11.8603374300,11.5980234900,52721055,991890497.0000
2020-01-07,11.6792159000,11.7541627400,11.9103019900,11.6792159000,41211016,779821412.0000
2020-01-08,11.7604083100,11.4606209500,11.7791450200,11.4606209500,50714951,940871707.0000
2020-01-09,11.5543045000,11.4918488000,11.5792867800,11.4044108200,30069595,552413305.0000
2020-01-10,11.4918488000,11.3419551200,11.5230766500,11.2982361300,34367088,625213953.0000
2020-01-13,11.3419551200,11.3606918300,11.3731829700,11.2420260000,36026676,651784424.0000
2020-01-14,11.3606918300,11.3357095500,11.4481298100,11.3232184100,28169749,513547207.0000
2020-01-15,11.2919905600,11.1358513100,11.3357095500,11.1233601700,37584564,672149608.0000
2020-01-16,11.1358513100,11.1171146000,11.1733247300,11.0421677600,32941101,585244763.0000
2020-01-17,11.1171146000,11.1795703000,11.2107981500,11.1108690300,22027627,393522692.0000
2020-01-20,11.1296057400,11.0546589000,11.1483424500,10.9734664900,36979608,654000049.0000
2020-01-21,10.9797120600,10.9422386400,10.9922032000,10.8797829400,27763162,486100783.0000
2020-01-22,10.8797829400,11.0546589000,11.1233601700,10.8048361000,34153096,598814242.0000
2020-01-23,10.9609753500,10.7923449600,10.9609753500,10.6986614100,41988547,726763556.0000
2020-02-03,9.7181069200,9.9804208600,10.0366309900,9.7181069200,77690417,1228063955.0000
2020-02-04,9.9242107300,10.1490512500,10.1677879600,9.8555094600,57349319,917855852.0000
2020-02-05,10.1053322600,10.1428056800,10.2427348000,10.0116487100,37026680,601389705.0000
2020-02-06,10.1677879600,10.1615423900,10.2052613800,10.0865955500,34899366,566803572.0000
2020-02-07,10.1178234000,10.1053322600,10.1365601100,10.0428765600,27354310,441758785.0000
2020-02-10,10.0366309900,10.2115069500,10.2177525200,10.0241398500,38257807,620270515.0000
2020-02-11,10.2489803700,10.3988740500,10.4863120300,10.1865246700,37698928,627473624.0000
2020-02-12,10.3738917700,10.3988740500,10.4176107600,10.3239272100,18486888,307144699.0000
2020-02-13,10.3676462000,10.3551550600,10.5112943100,10.3364183500,17727383,295460753.0000
2020-02-14,10.3239272100,10.4425930400,10.4488386100,10.3176816400,17766744,295904620.0000
2020-02-17,10.4488386100,10.5487677300,10.5550133000,10.3801373400,30304131,508498831.0000
2020-02-18,10.5862411500,10.4488386100,10.5862411500,10.4176107600,30601921,512516692.0000
2020-02-19,10.4051196200,10.3676462000,10.4363474700,10.3614006300,24187506,402455190.0000
2020-02-20,10.4051196200,10.4675753200,10.4925576000,10.3426639200,26959157,449940889.0000
2020-02-21,10.4675753200,10.4550841800,10.4925576000,10.4113651900,29967695,501310846.0000
2020-02-24,10.4738208900,10.3239272100,10.4800664600,10.3114360700,33739252,559664001.0000
2020-02-25,10.1802791000,10.1428056800,10.2364892300,10.0928411200,33163073,539702936.0000
2020-02-26,10.0616132700,10.2739626500,10.3801373400,10.0366309900,37666984,619394130.0000
2020-02-27,10.2489803700,10.2489803700,10.3738917700,10.2115069500,28009443,460602744.0000
2020-02-28,10.1053322600,9.9929120000,10.1677879600,9.9741752900,38690345,622981227.0000
2020-03-02,10.0741044100,10.3738917700,10.3926284800,10.0741044100,45517819,748986045.0000
2020-03-03,10.4925576000,10.4738208900,10.4988031700,10.3551550600,44749730,747712509.0000
2020-03-04,10.4113651900,10.4425930400,10.5175398800,10.3489094900,26293876,438830142.0000
2020-03-05,10.4675753200,10.6486968500,10.6924158400,10.4238563300,51946465,880177583.0000
2020-03-06,10.5550133000,10.4738208900,10.5987322900,10.4613297500,27765778,467448984.0000
2020-03-09,10.2427348000,10.1677879600,10.2552259400,10.1178234000,37708888,614699293.0000
2020-03-10,10.1115778300,10.3364183500,10.3988740500,10.1115778300,27085718,445116208.0000
2020-03-11,10.3176816400,10.2552259400,10.3988740500,10.2552259400,18357018,303224983.0000
2020-03-12,10.2052613800,10.1552968200,10.2177525200,10.0990866900,17786408,289215796.0000
2020-03-13,9.9117195900,10.0116487100,10.1428056800,9.8180360400,28696974,456651998.0000
2020-03-16,10.0741044100,9.9491930100,10.2177525200,9.9242107300,33365118,538017146.0000
2020-03-17,9.9804208600,9.8055449000,10.1615423900,9.7430892000,33532657,529392726.0000
2020-03-18,9.8617550300,9.6931246400,9.8929828800,9.6931246400,31533791,495344146.0000
2020-03-19,9.6806335000,9.2309524600,9.6806335000,8.9686385200,54685346,810917193.0000
2020-03-20,9.3058993000,9.2996537300,9.4058284200,9.1872334700,29688464,441684509.0000
2020-03-23,9.0435853600,9.2309524600,9.3746005700,9.0061119400,24546212,361705907.0000
2020-03-24,9.3870917100,9.7305980600,9.7992993300,9.3496182900,42546804,650667724.0000
2020-03-25,9.8617550300,9.7930537600,9.9054740200,9.7430892000,23100969,362994821.0000
2020-03-26,9.7493347700,9.9554385800,10.0178942800,9.7243524900,27091553,429933815.0000
2020-03-27,10.0428765600,10.1615423900,10.1865246700,9.9491930100,25554077,413260220.0000
2020-03-30,10.0491221300,10.3551550600,10.5237854500,9.9741752900,63218087,1048076301.0000
2020-03-31,10.4051196200,10.1428056800,10.4113651900,10.1303145400,24315750,398616847.0000
2020-04-01,10.1240689700,9.9929120000,10.2302436600,9.9679297200,21911409,353596120.0000
2020-04-02,9.9304563000,10.1490512500,10.1677879600,9.9117195900,16966028,273497180.0000
2020-04-03,10.0428765600,10.0678588400,10.1802791000,10.0428765600,12347987,199683229.0000
2020-04-07,10.2177525200,10.0803499800,10.2177525200,10.0741044100,24022681,388921359.0000
2020-04-08,10.0553677000,10.0803499800,10.0990866900,10.0054031400,13099060,210625828.0000
2020-04-09,10.1053322600,9.9929120000,10.1053322600,9.9929120000,12323749,197921024.0000
2020-04-10,10.0428765600,9.9242107300,10.0428765600,9.9117195900,13698784,218081633.0000
2020-04-13,9.8929828800,9.8992284500,9.9679297200,9.8742461700,10374409,164559223.0000
2020-04-14,9.8804917400,10.0990866900,10.1178234000,9.8804917400,20372803,327660475.0000
2020-04-15,10.1428056800,9.9491930100,10.1428056800,9.9179651600,16659913,266735394.0000
2020-04-16,9.9242107300,9.9929120000,10.0428765600,9.9054740200,10667520,170354789.0000
2020-04-17,10.0241398500,10.0116487100,10.0678588400,9.9804208600,16063007,257678702.0000
2020-04-20,9.9991575700,9.9429474400,10.0116487100,9.8992284500,16388533,260890831.0000
2020-04-21,9.8680006000,9.5994410900,9.8992284500,9.5057575400,43775350,675948966.0000
2020-04-22,9.5432309600,9.6056866600,9.6494056500,9.4932664000,14802904,227259947.0000
2020-04-23,9.6056866600,9.5557221000,9.6431600800,9.5307398200,12966186,198754493.0000
2020-04-24,9.5494765300,9.4682841200,9.6056866600,9.4495474100,16814231,256182199.0000
2020-04-27,9.5244942500,9.5682132400,9.6181778000,9.4995119700,13799747,211695497.0000
2020-04-28,9.6119322300,9.5994410900,9.6431600800,9.4120739900,18769483,287007812.0000
2020-04-29,9.5931955200,9.7743170500,9.8367727500,9.5682132400,20639299,322188527.0000
2020-04-30,9.8242816100,9.9491930100,9.9741752900,9.7930537600,22938363,364632557.0000
2020-05-06,9.7868081900,9.8492638900,9.8555094600,9.7305980600,23925718,374530843.0000
2020-05-07,9.8242816100,9.8492638900,9.8680006000,9.6993702100,23814721,372821157.0000
2020-05-08,9.8555094600,9.9054740200,9.9429474400,9.7743170500,21485221,339296057.0000
2020-05-11,9.8992284500,9.9242107300,9.9554385800,9.8430183200,19052804,302145885.0000
2020-05-12,9.9304563000,9.9741752900,10.0241398500,9.9054740200,22012152,351427387.0000
2020-05-13,9.9554385800,9.9304563000,9.9929120000,9.8804917400,15405966,244769701.0000
2020-05-14,9.9491930100,9.9117195900,9.9616841500,9.8992284500,12098259,192238567.0000
2020-05-15,9.9054740200,10.0116487100,10.0928411200,9.8992284500,21738123,348220702.0000
2020-05-18,10.0678588400,10.0178942800,10.1178234000,9.9554385800,17638090,284175704.0000
2020-05-19,10.1240689700,10.2989449300,10.3364183500,10.1240689700,32434528,532688664.0000
2020-05-20,10.2989449300,10.2239980900,10.3364183500,10.1677879600,16451895,269816156.0000
2020-05-21,10.2552259400,10.1240689700,10.2677170800,10.1178234000,14205797,231731363.0000
2020-05-22,10.1552968200,9.9367018700,10.1552968200,9.9367018700,18901137,302890887.0000
2020-05-25,10.0553677000,10.0553677000,10.0990866900,9.9491930100,10508427,168887149.0000
2020-05-26,10.1115778300,10.0553677000,10.1677879600,10.0241398500,13826810,222927595.0000
2020-05-27,10.0553677000,10.2739626500,10.2739626500,9.9991575700,20482184,334065802.0000
2020-05-28,10.2489803700,10.2677170800,10.3614006300,10.2115069500,16730482,275878676.0000
2020-05-29,10.2677170800,10.2302436600,10.2802082200,10.1740335300,17641355,288645041.0000
2020-06-01,10.2115069500,10.3426639200,10.3676462000,10.2052613800,22446831,369978639.0000
2020-06-02,10.3051905000,10.3301727800,10.3489094900,10.2926993600,15594975,257615566.0000
2020-06-03,10.3926284800,10.4113651900,10.4800664600,10.3676462000,23207565,387834650.0000
2020-06-04,10.4613297500,10.2364892300,10.4738208900,10.1677879600,25025458,412201471.0000
2020-06-05,10.2489803700,10.2302436600,10.2739626500,10.1490512500,14362445,234549035.0000
2020-06-08,10.2989449300,10.3988740500,10.4238563300,10.2677170800,27695403,458638740.0000
2020-06-09,10.4301019000,10.5924867200,10.5924867200,10.4051196200,22922431,385481679.0000
2020-06-10,10.6049778600,10.4488386100,10.6174690000,10.4301019000,22626761,380252361.0000
2020-06-11,10.4425930400,10.2427348000,10.4800664600,10.1927702400,39275181,647152233.0000
2020-06-12,10.1178234000,10.1677879600,10.2239980900,10.0553677000,45319971,733955436.0000
2020-06-15,10.1136330000,9.8902395000,10.1204025000,9.8563920000,35560103,523880003.0000
2020-06-16,9.9782430000,9.9173175000,9.9850125000,9.8902395000,21953589,321642906.0000
2020-06-17,9.8970090000,9.9917820000,10.0053210000,9.8563920000,18642313,274130872.0000
2020-06-18,9.9985515000,10.1271720000,10.2219450000,9.9308565000,32350997,483466676.0000
2020-06-19,10.1542500000,10.1271720000,10.2490230000,10.0797855000,23836202,357479856.0000
2020-06-22,10.1204025000,10.0053210000,10.1610195000,9.9850125000,21835813,324635559.0000
2020-06-23,10.0188600000,9.9173175000,10.0188600000,9.8970090000,16390672,240294551.0000
2020-06-24,9.9511650000,9.9376260000,10.0256295000,9.8834700000,16662190,245172960.0000
2020-06-29,9.9240870000,9.7413105000,9.9240870000,9.7413105000,24497955,353931099.0000
2020-06-30,9.7819275000,9.7210020000,9.8157750000,9.6871545000,27599958,396334407.0000
2020-07-01,9.7413105000,9.9782430000,9.9850125000,9.7277715000,30919881,451583169.0000
2020-07-02,9.9782430000,10.2287145000,10.2490230000,9.9511650000,43545377,651023401.0000
2020-07-03,10.2422535000,10.7499660000,10.8447390000,10.2422535000,79762419,1252632999.0000
2020-07-06,10.7499660000,11.4404550000,11.4404550000,10.7499660000,101830365,1685679212.0000
2020-07-07,11.6773875000,11.4675330000,11.9820150000,11.3727600000,106417387,1831377065.0000
2020-07-08,11.3389125000,11.4066075000,11.5013805000,11.1222885000,73468356,1229825004.0000
2020-07-09,11.4133770000,11.5352280000,11.7450825000,11.3456820000,65887941,1120619378.0000
2020-07-10,11.5149195000,11.1425970000,11.5149195000,11.1222885000,49748009,826384759.0000
2020-07-13,11.1019800000,11.2441395000,11.3659905000,10.9801290000,51698533,855096067.0000
2020-07-14,11.2373700000,11.1561360000,11.4607635000,10.9801290000,56335431,930256929.0000
2020-07-15,11.2441395000,10.9395120000,11.2982955000,10.8921255000,42453378,692592679.0000
2020-07-16,10.9395120000,10.6348845000,11.0681325000,10.6213455000,46946283,753196653.0000
2020-07-17,10.6822710000,10.5468810000,10.7905830000,10.4588775000,40673947,637229253.0000
2020-07-20,10.5807285000,11.0072070000,11.0681325000,10.5807285000,43135356,693419126.0000
2020-07-21,11.0749020000,10.9530510000,11.1087495000,10.8785865000,24990378,404606250.8900
2020-07-22,10.9733595000,10.8176610000,11.0952105000,10.7838135000,45259758,732122822.2000
2020-07-23,10.7499660000,10.6687320000,10.8041220000,10.4927250000,44112797,692493883.3400
2020-07-24,10.6551930000,10.4791860000,10.8176610000,10.4385690000,46971979,735562135.7000
2020-07-27,10.5604200000,10.5198030000,10.5807285000,10.3776435000,25746383,398393549.0700
2020-07-28,10.5468810000,10.5536505000,10.7499660000,10.5062640000,31950389,500748943.1600
2020-07-29,10.5536505000,10.6010370000,10.6281150000,10.3911825000,35708657,555848353.6300
2020-07-30,10.6213455000,10.4588775000,10.6822710000,10.4588775000,35535626,553367085.0900
2020-07-31,10.4859555000,10.3776435000,10.5874980000,10.3641045000,59282265,914902506.7200
2020-08-03,10.4250300000,10.5536505000,10.5807285000,10.4250300000,46016410,715302793.1400
2020-08-04,10.5942675000,10.5874980000,10.7093490000,10.5198030000,52183877,817292865.8400
2020-08-05,10.5942675000,10.5062640000,10.6145760000,10.4453385000,33535291,520390647.4500
2020-08-06,10.5198030000,10.4656470000,10.5401115000,10.3573350000,40908995,630445432.5100
2020-08-07,10.4521080000,10.3979520000,10.5265725000,10.3776435000,27523827,424198766.0600
2020-08-10,10.3979520000,10.4656470000,10.4859555000,10.2896400000,33046907,507677138.4200
2020-08-11,10.4791860000,10.4047215000,10.5807285000,10.3911825000,33260192,515676876.4200
2020-08-12,10.3573350000,10.5265725000,10.5333420000,10.3505655000,31111867,479599684.7400
2020-08-13,10.5468810000,10.5130335000,10.6551930000,10.4791860000,34953563,545481593.9400
2020-08-14,10.4994945000,10.5807285000,10.5942675000,10.4453385000,26956415,419103737.3000
2020-08-17,10.6145760000,10.8379695000,10.9192035000,10.5401115000,52627999,838424425.2700
2020-08-18,10.8312000000,10.8718170000,10.9530510000,10.7364270000,33262496,533604506.6200
2020-08-19,10.8650475000,10.8312000000,10.9598205000,10.7770440000,38669187,620737178.0700
2020-08-20,10.7973525000,10.7364270000,10.8447390000,10.6484235000,29056411,460670051.4400
2020-08-21,10.7499660000,10.7093490000,10.7770440000,10.6619625000,23826455,377087301.0400
2020-08-24,10.7567355000,10.7838135000,10.9259730000,10.7161185000,31967918,512049904.6300
2020-08-25,10.7838135000,10.6958100000,10.8447390000,10.6619625000,19167136,303953421.3000
2020-08-26,10.6822710000,10.5333420000,10.7431965000,10.5265725000,24777738,388765882.6600
2020-08-27,10.5874980000,10.5198030000,10.6078065000,10.4656470000,25825507,401668987.1100
2020-08-28,10.5265725000,10.7296575000,10.7567355000,10.5062640000,35783737,562593873.0300
2020-08-31,10.7973525000,10.9395120000,11.0681325000,10.7838135000,62548032,1014381279.7500
2020-09-01,10.9056645000,10.9327425000,10.9530510000,10.7973525000,28662829,460314900.1300
2020-09-02,10.9124340000,10.8041220000,10.9395120000,10.7228880000,25528161,408024742.5000
2020-09-03,10.8176610000,10.8988950000,10.9327425000,10.7635050000,31688426,508752372.7500
2020-09-04,10.7973525000,10.9462815000,11.1358275000,10.7567355000,57653846,935349855.8400
2020-09-07,10.9936680000,10.8785865000,11.1493665000,10.8650475000,46097706,746200902.7100
2020-09-08,10.9259730000,11.1629055000,11.1832140000,10.8921255000,63676902,1040767170.3000
2020-09-09,11.0884410000,11.0072070000,11.2170615000,10.9733595000,43698046,714534727.9700
2020-09-10,11.0884410000,11.0207460000,11.1764445000,10.9733595000,38204801,624343569.2900
2020-09-11,11.0342850000,10.8244305000,11.0545935000,10.7499660000,39720158,635710239.4200
2020-09-14,10.8312000000,10.8718170000,10.8785865000,10.7499660000,23097598,368917278.6800
2020-09-15,10.8582780000,10.8718170000,10.9259730000,10.8244305000,17023107,273391503.4700
2020-09-16,10.8785865000,11.0004375000,11.0004375000,10.8041220000,33732601,545343229.8400
2020-09-17,10.9936680000,10.9327425000,11.0884410000,10.9056645000,23113170,375605896.7100
2020-09-18,10.9936680000,11.2779870000,11.2915260000,10.9327425000,59827898,987271625.3100
2020-09-21,11.3186040000,11.2847565000,11.3524515000,11.1425970000,32583293,541914836.4300
2020-09-22,11.1832140000,11.1358275000,11.2509090000,11.1087495000,25096793,414469477.4600
2020-09-23,11.1696750000,11.0275155000,11.1967530000,11.0139765000,19316229,315889740.9600
2020-09-24,10.9733595000,10.9056645000,11.0072070000,10.8650475000,21830536,352189851.1600
2020-09-25,10.9598205000,11.0545935000,11.1222885000,10.9598205000,22850039,372866661.5800
2020-09-28,11.1493665000,11.2238310000,11.2915260000,11.1425970000,30193929,500545623.6300
2020-09-29,11.2712175000,11.1764445000,11.2982955000,11.1561360000,21982589,364426334.7500
2020-09-30,11.2035225000,11.1493665000,11.2576785000,11.0884410000,25369177,419744953.8800
2020-10-09,11.2712175000,11.2238310000,11.3795295000,11.1696750000,33476576,556795330.7800
2020-10-12,11.2373700000,11.3321430000,11.4066075000,11.2170615000,37970965,634931866.1300
2020-10-13,11.3050650000,11.3659905000,11.4472245000,11.2306005000,27803685,464976957.7600
2020-10-14,11.3253735000,11.2779870000,11.3321430000,11.1764445000,22315512,370865795.8300
2020-10-15,11.2779870000,11.3389125000,11.4878415000,11.1832140000,37732631,632770326.6900
2020-10-16,11.3727600000,11.5216890000,11.5758450000,11.3186040000,49114368,833236930.1000
2020-10-19,11.5284585000,11.3998380000,11.6570790000,11.3862990000,38745967,658308091.7700
2020-10-20,11.3862990000,11.3795295000,11.4539940000,11.2779870000,25677366,430612561.3800
2020-10-21,11.3727600000,11.3389125000,11.3930685000,11.2847565000,24229690,405474981.4100
2020-10-22,11.3118345000,11.3998380000,11.4404550000,11.2712175000,26711834,447827167.4000
2020-10-23,11.3727600000,11.2915260000,11.4133770000,11.2712175000,24504795,409772176.3300
2020-10-26,11.3186040000,11.2373700000,11.3659905000,11.2035225000,22573852,375480419.1600
2020-10-27,11.2238310000,11.3253735000,11.4269160000,11.1899835000,27050299,452883955.6500
2020-10-28,11.3659905000,11.2373700000,11.3795295000,11.2035225000,21998791,366131927.2900
2020-10-29,11.1561360000,11.1764445000,11.2238310000,10.9665900000,28261506,463029495.2400
2020-10-30,11.1832140000,11.2712175000,11.4336855000,11.0952105000,45204642,755694271.4600
2020-11-02,11.2712175000,11.3050650000,11.4336855000,11.1561360000,39005457,650157968.2600
2020-11-03,11.2982955000,11.3930685000,11.4133770000,11.2847565000,31921488,535849508.9400
2020-11-04,11.3727600000,11.5893840000,11.6435400000,11.3186040000,47236762,803536096.3800
2020-11-05,11.6300010000,11.6638485000,11.7450825000,11.5081500000,40779383,701630085.5200
2020-11-06,11.7044655000,12.0700185000,12.1038660000,11.6976960000,73519866,1301363564.4400
2020-11-09,12.1106355000,12.1309440000,12.2392560000,12.0023235000,61252967,1095217911.9100
2020-11-10,12.1512525000,12.0835575000,12.3001815000,11.9617065000,46968691,837101537.4800
2020-11-11,12.0767880000,12.1851000000,12.3611070000,11.9955540000,48846171,881174396.8700
2020-11-12,12.0835575000,11.9955540000,12.1038660000,11.9143200000,31104240,551420010.4000
2020-11-13,11.9820150000,11.8330860000,12.0090930000,11.7383130000,30902998,540799630.3200
2020-11-16,11.9346285000,12.0497100000,12.1647915000,11.9075505000,41736761,742566494.5000
2020-11-17,12.1038660000,12.0835575000,12.2257170000,11.9752455000,31611551,565579973.6900
2020-11-18,12.0564795000,12.0429405000,12.1444830000,11.8804725000,25906494,460621796.8200
2020-11-19,12.0158625000,11.9278590000,12.1174050000,11.8398555000,28375191,499320862.5100
2020-11-20,11.9278590000,12.0023235000,12.0226320000,11.7924690000,23949523,421872785.6100
2020-11-23,12.0497100000,12.4423410000,12.5709615000,12.0497100000,80549265,1469240961.6000
2020-11-24,12.4761885000,12.4558800000,12.4897275000,12.2663340000,39490626,722947296.7400
2020-11-25,12.5912700000,12.4694190000,12.8755890000,12.4491105000,66299644,1237169384.6600
2020-11-26,12.4897275000,12.8349720000,12.8620500000,12.4694190000,62018375,1169508286.9000
2020-11-27,12.8214330000,13.0651350000,13.0786740000,12.6521955000,60128004,1144292831.3500
2020-11-30,13.0922130000,13.2817590000,13.6540815000,12.9432840000,94335541,1867697378.6600
2020-12-01,13.3359150000,13.3629930000,13.6066950000,13.1666775000,58797090,1163530537.4600
2020-12-02,13.3359150000,13.5322305000,13.5660780000,13.2276030000,41213404,817357350.9300
2020-12-03,13.4577660000,12.9094365000,13.4645355000,12.8620500000,61364893,1183398499.1700
2020-12-04,12.8755890000,12.7875855000,12.8958975000,12.6386565000,42287832,796893366.0400
2020-12-07,12.8485110000,12.5100360000,12.8620500000,12.4017240000,50308691,934938813.5000
2020-12-08,12.5574225000,12.4558800000,12.6318870000,12.4017240000,28294296,521745200.3200
2020-12-09,12.5777310000,12.5912700000,12.8349720000,12.5303445000,47104276,882463587.1200
2020-12-10,12.6521955000,12.5506530000,12.7605075000,12.5235750000,30665190,572738257.3100
2020-12-11,12.8282025000,12.6115785000,12.9162060000,12.4897275000,38402336,717913261.4800
2020-12-14,12.1851000000,11.8127775000,12.2189475000,11.8127775000,83711322,1476887178.1600
2020-12-15,11.8466250000,11.9549370000,11.9549370000,11.6773875000,47927085,838411858.5100
2020-12-16,11.9549370000,12.0090930000,12.1580220000,11.8872420000,31266463,554228310.4500
2020-12-17,11.9887845000,12.2731035000,12.3204900000,11.8872420000,41890575,750424987.7300
2020-12-18,12.4897275000,12.9094365000,12.9432840000,12.4491105000,66101143,1244394905.5500
2020-12-21,12.9568230000,12.7266600000,12.9568230000,12.5777310000,50552291,951779999.2900
2020-12-22,12.5506530000,12.0497100000,12.6589650000,11.9143200000,64659697,1168589975.6000
2020-12-23,12.0361710000,12.1512525000,12.2189475000,11.9549370000,35256467,629651175.0400
2020-12-24,12.1512525000,12.1986390000,12.3407985000,11.9887845000,26746866,479626576.3800
2020-12-25,12.2189475000,12.5032665000,12.6183480000,12.0632490000,35843633,655845179.2100
2020-12-28,12.6048090000,12.5574225000,12.7063515000,12.3475680000,33758989,623755099.8800
2020-12-29,12.5235750000,12.2189475000,12.5912700000,12.1715610000,37770971,685010720.3500
2020-12-30,12.1580220000,12.2054085000,12.3543375000,12.1241745000,28286602,511283420.6000
2020-12-31,12.2121780000,12.1918695000,12.2595645000,12.0429405000,50589055,906345114.2600
2021-01-04,12.1309440000,12.1783305000,12.2324865000,12.0700185000,35783696,642147048.8300
2021-01-05,12.1986390000,11.9481675000,12.1986390000,11.7518520000,49793708,874827211.0200
2021-01-06,11.9278590000,12.1512525000,12.1512525000,11.9075505000,42808236,761451148.9500
2021-01-07,12.2392560000,12.3611070000,12.4964970000,12.1918695000,57742906,1052416187.3100
2021-01-08,12.4355715000,12.6115785000,12.6115785000,12.2866425000,57364121,1057530895.6300
2021-01-11,12.6048090000,12.2257170000,12.6115785000,12.1174050000,62956382,1143421636.3800
2021-01-12,12.1580220000,12.3340290000,12.3340290000,12.0497100000,37533005,675929276.5200
2021-01-13,12.3678765000,12.7334295000,12.8620500000,12.3001815000,72549472,1349643378.3800
2021-01-14,12.6589650000,12.6048090000,12.9432840000,12.5168055000,50160501,939145085.6800
2021-01-15,12.6251175000,12.6792735000,12.9297450000,12.6183480000,51260137,964641868.9600
2021-01-18,12.6860430000,12.8078940000,12.9568230000,12.5777310000,49697855,940741259.6500
2021-01-19,12.8214330000,12.6860430000,13.1869860000,12.6115785000,67163721,1276441131.9700
2021-01-20,12.5980395000,12.7334295000,12.8011245000,12.4897275000,42612096,794399627.7800
2021-01-21,12.6928125000,12.7943550000,12.9162060000,12.6860430000,48788444,922631685.4000
2021-01-22,12.8011245000,12.6318870000,12.8011245000,12.4084935000,44272028,820904540.6600
2021-01-25,12.5235750000,12.3543375000,12.5235750000,12.2731035000,35544115,649223707.4700
2021-01-26,12.3543375000,12.2121780000,12.5032665000,12.1851000000,29870907,542755720.8100
2021-01-27,12.1918695000,12.2527950000,12.4017240000,12.1444830000,24496155,443931033.1300
2021-01-28,12.1715610000,12.0226320000,12.1715610000,11.9820150000,26944859,479768358.0200
2021-01-29,12.0294015000,11.7789300000,12.1715610000,11.7180045000,29106763,512285858.9200
2021-02-01,11.5284585000,11.4946110000,11.5893840000,11.3930685000,35979858,611073501.1600
2021-02-02,11.5690755000,11.4133770000,11.5690755000,11.4066075000,26160135,442854313.8700
2021-02-03,11.4675330000,11.3524515000,11.5623060000,11.3389125000,25595977,431602062.1300
2021-02-04,11.3253735000,11.2915260000,11.3524515000,11.0613630000,35878931,594150363.4200
2021-02-05,11.3118345000,11.0681325000,11.3253735000,11.0681325000,28978995,477271395.4500
2021-02-08,11.0952105000,11.1155190000,11.1967530000,10.9801290000,30502153,499856365.8400
2021-02-09,11.1222885000,11.2509090000,11.2779870000,11.0342850000,25941016,427899708.7200
2021-02-10,11.2576785000,11.3253735000,11.3727600000,11.1696750000,29990217,500135561.6200
2021-02-18,11.5758450000,11.7924690000,11.8330860000,11.5758450000,51077200,884921246.2400
2021-02-19,11.7789300000,12.2595645000,12.3678765000,11.6435400000,60639120,1080808976.4200
2021-02-22,12.3069510000,12.7875855000,13.1802165000,12.3069510000,90274902,1704116614.9400
2021-02-23,12.7063515000,12.4288020000,12.7063515000,12.3949545000,54433518,1010211247.8600
2021-02-24,12.4964970000,12.2731035000,12.6589650000,12.2189475000,34922611,640019946.0000
2021-02-25,12.4761885000,12.5371140000,12.6521955000,12.3814155000,35554104,657526103.0600
2021-02-26,12.2595645000,12.0158625000,12.4558800000,11.9143200000,50044032,897791855.8500
2021-03-01,12.0700185000,12.0632490000,12.1851000000,11.9210895000,36976546,658611373.3400
2021-03-02,12.0497100000,12.1715610000,12.6386565000,11.9820150000,69453421,1259065300.5400
2021-03-03,12.1444830000,12.4288020000,12.4897275000,12.0767880000,45498729,830235459.1400
2021-03-04,12.3746460000,12.2527950000,12.4220325000,12.1377135000,40237261,728862272.0600
2021-03-05,12.1241745000,12.3069510000,12.3949545000,12.1174050000,42356866,766490864.2800
2021-03-08,12.3340290000,12.1918695000,12.5032665000,12.1647915000,29839756,542010079.0200
2021-03-09,12.1647915000,12.2663340000,12.6318870000,11.9820150000,53739531,976813271.4300
2021-03-10,12.2866425000,12.1647915000,12.4220325000,12.1174050000,35084025,634561489.1700
2021-03-11,12.1512525000,12.3746460000,12.4084935000,12.1377135000,30671702,556344243.9600
2021-03-12,12.3814155000,12.5709615000,12.8620500000,12.2324865000,55529476,1028095548.0400
2021-03-15,12.4897275000,12.9974400000,13.0380570000,12.4423410000,75052849,1427886477.5400
2021-03-16,13.0109790000,12.8891280000,13.0583655000,12.7266600000,37025586,704548861.7000
2021-03-17,12.8349720000,12.8417415000,12.8755890000,12.4761885000,38686969,724392491.1600
2021-03-18,12.7808160000,12.8078940000,12.9974400000,12.6928125000,25677968,487765261.3800
2021-03-19,12.6589650000,12.6589650000,12.9635925000,12.5912700000,35584472,668647148.8900
2021-03-22,12.6318870000,12.6657345000,12.7740465000,12.5777310000,34232433,639912345.2800
2021-03-23,12.6725040000,12.2731035000,12.7198905000,12.2121780000,39683577,724300813.5300
2021-03-24,12.2189475000,12.0361710000,12.2324865000,11.9887845000,24048494,429022634.6600
2021-03-25,12.0294015000,12.2527950000,12.2934120000,11.9887845000,21143828,380152591.3700
2021-03-26,12.2189475000,12.2731035000,12.4017240000,12.1444830000,20974301,380100435.1400
2021-03-29,13.1531385000,13.4983830000,13.4983830000,12.9703620000,131885339,2610904737.7500
2021-03-30,13.5390000000,13.8030105000,13.9790175000,13.4239185000,115828585,2344346558.3400
2021-03-31,13.6202340000,13.6066950000,13.7082375000,13.4103795000,51300522,1026137287.1600
2021-04-01,13.6134645000,13.4577660000,13.6473120000,13.3494540000,35175082,698139729.0600
2021-04-02,13.4983830000,13.3900710000,13.5322305000,13.3359150000,23790025,470728578.2200
2021-04-06,13.4036100000,13.2005250000,13.4442270000,13.0854435000,27857978,542686910.2100
2021-04-07,13.2005250000,13.2140640000,13.2614505000,13.0786740000,29290242,570501150.2500
2021-04-08,13.2682200000,13.2140640000,13.3765320000,13.1057520000,28961327,566432109.5100
2021-04-09,13.1734470000,13.2072945000,13.3562235000,13.1057520000,29821749,583016922.4300
2021-04-12,13.2546810000,13.2682200000,13.3223760000,13.0854435000,32265765,629856319.3000
2021-04-13,13.2411420000,13.0786740000,13.2885285000,12.9026670000,31502594,607856999.0600
2021-04-14,13.1328300000,13.2208335000,13.2479115000,13.0177485000,22006921,427388776.7200
2021-04-15,13.2343725000,13.3833015000,13.4916135000,13.2005250000,32720678,644375711.5500
2021-04-16,13.3765320000,13.4171490000,13.6270035000,13.3088370000,32647464,649164725.0400
2021-04-19,13.4239185000,13.4374575000,13.5728475000,13.3697625000,31178664,619415296.6000
2021-04-20,13.3697625000,13.4645355000,13.5660780000,13.2343725000,24596370,487070984.7200
2021-04-21,13.4036100000,13.3291455000,13.4103795000,13.2479115000,17409035,342650967.0400
2021-04-22,13.4171490000,13.4916135000,13.5525390000,13.4036100000,22773439,453576977.5600
2021-04-23,13.4374575000,13.2343725000,13.4374575000,13.1869860000,28762639,563330646.7900
2021-04-26,13.1192910000,13.0245180000,13.2885285000,12.9974400000,45564501,883531260.5700
2021-04-27,13.0109790000,12.9297450000,13.0515960000,12.6928125000,35943390,684818660.1000
2021-04-28,12.9432840000,13.2005250000,13.2005250000,12.9297450000,25362003,491265144.5700
2021-04-29,13.1869860000,13.2885285000,13.3697625000,12.9839010000,29271601,568948191.4700
2021-04-30,13.2682200000,13.0042095000,13.2682200000,12.9568230000,30489810,588251040.8000
2021-05-06,13.0989825000,13.3968405000,13.4577660000,13.0989825000,46977128,927098281.5800
2021-05-07,13.4442270000,13.5525390000,13.7759325000,13.3765320000,58591041,1177431246.7900
2021-05-10,13.7420850000,14.1956415000,14.2024110000,13.6405425000,76395288,1572084555.7900
2021-05-11,13.9248615000,13.8977835000,14.0670210000,13.4442270000,63113541,1281352872.5200
2021-05-12,13.9248615000,14.1414855000,14.2836450000,13.9248615000,47112553,984240079.3900
2021-05-13,13.8774750000,13.6676205000,13.9790175000,13.5796170000,37350682,757278564.0000
2021-05-14,13.6608510000,13.5119220000,13.7962410000,13.4442270000,38572771,773054007.4900
2021-05-17,13.5525390000,13.6743900000,13.7759325000,13.4103795000,31807778,640690777.2800
2021-05-18,13.6879290000,13.8571665000,13.9045530000,13.6473120000,25276300,516577483.2600
2021-05-19,13.8639360000,13.7420850000,13.8639360000,13.5796170000,18116921,365942812.9900
2021-05-20,13.4171490000,13.2749895000,13.4645355000,13.0719045000,47132486,923894891.9500
2021-05-21,13.1802165000,13.3020675000,13.4306880000,13.1802165000,18528170,364743604.8000
2021-05-24,13.2885285000,13.2546810000,13.3968405000,13.2140640000,18518008,363777362.3500
2021-05-25,13.2682200000,13.3765320000,13.4036100000,13.0109790000,35941875,702224064.6300
2021-05-26,13.3629930000,13.4239185000,13.4713050000,13.2682200000,17961304,355514405.8300
2021-05-27,13.4374575000,13.5254610000,13.5457695000,13.3833015000,29668196,590520239.7100
2021-05-28,13.5390000000,13.4916135000,13.6337730000,13.3562235000,24068949,479238893.8300
2021-05-31,13.4983830000,13.5254610000,13.5593085000,13.4239185000,15979529,318603299.6500
2021-06-01,13.5457695000,13.5863865000,13.5863865000,13.2546810000,25043886,497693612.4300
2021-06-02,13.5796170000,13.6473120000,13.6676205000,13.4036100000,31393292,628256151.6400
2021-06-03,13.6879290000,13.8436275000,14.0128650000,13.6879290000,50595699,1036831627.5200
2021-06-04,13.6743900000,13.7285460000,13.8774750000,13.5254610000,28469312,574892266.8800
2021-06-07,13.7488545000,13.7420850000,13.8436275000,13.6066950000,21710137,439705014.3500
2021-06-08,13.7150070000,13.6811595000,13.7827020000,13.5931560000,19508895,394633940.1300
2021-06-09,13.7285460000,13.9045530000,14.0331735000,13.6676205000,33980693,698123848.0400
2021-06-10,13.9045530000,13.8300885000,13.9857870000,13.7827020000,27240794,557940916.2800
2021-06-11,13.8842445000,13.9316310000,13.9790175000,13.8368580000,23989399,493311949.9900
2021-06-15,14.0060955000,13.7420850000,14.0399430000,13.6202340000,27472118,559295552.8800
2021-06-16,13.8165495000,13.8571665000,14.0196345000,13.7014680000,26239502,538463197.4400
2021-06-17,13.8571665000,13.7556240000,13.9384005000,13.5999255000,22963839,466838356.7900
2021-06-18,13.6879290000,13.4306880000,13.7420850000,13.2546810000,40067126,796371260.9800
2021-06-21,13.3223760000,13.1734470000,13.3223760000,13.1192910000,28826933,562086738.8400
2021-06-22,13.1869860000,13.1463690000,13.3020675000,13.0786740000,28671158,558502742.0600
2021-06-23,13.2276030000,13.4509965000,13.4577660000,13.1599080000,32519398,640079611.3100
2021-06-24,13.4374575000,13.5186915000,13.7082375000,13.3359150000,33389574,668381160.1400
2021-06-25,13.5931560000,13.7556240000,13.8030105000,13.5796170000,30506026,617805098.9800
2021-06-28,13.5186915000,13.3020675000,13.5254610000,13.2817590000,33506572,660762031.1100
2021-06-29,13.2614505000,13.1666775000,13.3020675000,13.1328300000,26308241,512262518.8300
2021-06-30,13.2208335000,13.2140640000,13.3359150000,13.1734470000,13107400,256586157.0100
2021-07-01,13.2276030000,13.1463690000,13.2952980000,13.1328300000,18021335,351479942.9200
2021-07-02,13.1328300000,13.0515960000,13.2140640000,13.0245180000,21268745,410833198.9600
2021-07-05,13.1599080000,13.5119220000,13.5119220000,13.1531385000,32287748,636281206.5100
2021-07-06,13.5390000000,13.4848440000,13.5863865000,13.3968405000,19290258,384208663.9900
2021-07-07,13.4171490000,13.4713050000,13.5051525000,13.3697625000,17051681,338443008.3800
2021-07-08,13.4780745000,13.3562235000,13.4848440000,13.1395995000,27574070,542447760.8400
2021-07-09,13.3359150000,13.5254610000,13.5390000000,13.3020675000,39528212,784522723.6500
2021-07-12,13.4956819200,13.1160460800,13.5105696000,12.6545280000,52101358,921907177.3700
2021-07-13,13.1011584000,13.2351475200,13.2425913600,13.0713830400,22762420,403258663.5000
2021-07-14,13.2946982400,13.3319174400,13.5254572800,13.1755968000,25273917,453439311.5800
2021-07-15,13.3095859200,13.3319174400,13.3840243200,13.1309337600,18177116,324372598.7200
2021-07-16,13.3840243200,13.4584627200,13.6296710400,13.3468051200,25362861,459718493.6500
2021-07-19,13.5403449600,13.5477888000,13.6594464000,13.3319174400,27630505,501730402.0200
2021-07-20,13.4286873600,13.3244736000,13.4361312000,13.2277036800,18575985,332565033.1400
2021-07-21,13.3616928000,13.1234899200,13.3840243200,13.0490515200,22196494,392073700.5600
2021-07-22,13.1011584000,13.2053721600,13.2872544000,13.1011584000,14622124,259645619.0100
2021-07-23,13.2574790400,13.2277036800,13.5031257600,13.1755968000,22382249,400388156.2000
2021-07-26,13.2425913600,12.8555116800,13.2425913600,12.7736294400,29535763,512785166.5900
2021-07-27,12.8852870400,12.6768595200,13.1011584000,12.6545280000,29515905,511423405.4200
2021-07-28,12.6917472000,12.5652019200,12.8182924800,12.4312128000,24498882,413935511.9000
2021-07-29,12.7140787200,12.5652019200,12.7289664000,12.4684320000,24978738,420708271.0900
2021-07-30,12.6173088000,12.6545280000,12.7885171200,12.5056512000,26460500,449683428.6800
2021-08-02,12.5503142400,12.8331801600,12.8778432000,12.4312128000,35496774,603137859.1000
2021-08-03,12.7959609600,12.8480678400,12.9225062400,12.6545280000,31087214,532864254.3400
2021-08-04,12.8034048000,12.9150624000,12.9597254400,12.7364102400,23355002,403886985.8700
2021-08-05,12.8629555200,12.9746131200,13.0490515200,12.8480678400,30020829,522473825.0200
2021-08-06,12.9522816000,13.0416076800,13.0490515200,12.8852870400,29651065,517256779.4800
2021-08-09,13.0416076800,13.0862707200,13.1309337600,12.8703993600,27385789,479746328.9100
2021-08-10,13.0564953600,13.1681529600,13.2425913600,13.0490515200,39012643,688188140.8900
2021-08-11,13.2128160000,13.3319174400,13.3840243200,13.1607091200,35294579,629746295.7900
2021-08-12,13.3244736000,13.3170297600,13.4286873600,13.2500352000,40458114,725140828.7300
2021-08-13,13.3021420800,13.3691366400,13.4361312000,13.2649228800,24634041,441962614.8400
2021-08-16,13.4286873600,13.3468051200,13.5998956800,13.3319174400,26723076,481711400.6500
2021-08-17,13.2574790400,13.2351475200,13.5626764800,13.1755968000,35840929,643692217.7100
2021-08-18,13.2351475200,13.0713830400,13.2872544000,12.9448377600,38507256,675385465.2400
2021-08-19,13.0490515200,12.9448377600,13.0490515200,12.8406240000,25267790,438779391.9400
2021-08-20,12.9001747200,12.8480678400,13.0192761600,12.6470841600,30814658,531621883.8200
2021-08-23,12.9969446400,13.1607091200,13.2202598400,12.9671692800,31790323,559844395.5500
2021-08-24,13.2574790400,13.2500352000,13.3542489600,13.1830406400,29720572,529941528.2300
2021-08-25,13.2500352000,13.4137996800,13.4584627200,13.1979283200,32153075,576857556.4700
2021-08-26,13.4584627200,13.5775641600,13.7711040000,13.4212435200,54113986,987781269.5400
2021-08-27,13.3765804800,13.5180134400,13.6296710400,13.3319174400,40028450,725790606.9300
2021-08-30,13.6222272000,14.0911891200,14.2028467200,13.4733504000,81075323,1509865612.4500
2021-08-31,13.9869753600,14.8876800000,14.9695622400,13.9274246400,123233405,2411237891.6500
2021-09-01,14.9993376000,14.5378195200,15.2449843200,14.3368358400,99444962,1960041412.4600
2021-09-02,14.5378195200,14.9695622400,15.2226528000,14.5303756800,82319007,1648484219.2200
2021-09-03,14.8057977600,14.8653484800,14.9918937600,14.6420332800,58237252,1159561573.2700
2021-09-06,15.0812198400,15.4608556800,15.6692832000,15.0812198400,73785009,1529647473.8400
2021-09-07,15.6320640000,15.8404915200,16.0042560000,15.3491980800,74591938,1574463945.5000
2021-09-08,15.6543955200,16.2350150400,16.3987795200,15.6246201600,86935445,1879591674.4700
2021-09-09,16.3764480000,17.8577721600,17.8577721600,15.9447052800,178792256,4183350406.5900
2021-09-10,17.5004678400,16.6742016000,17.5451308800,16.5327686400,136033535,3094784283.9200
2021-09-13,16.8230784000,17.8279968000,17.9992051200,16.8081907200,106855565,2514248576.2700
2021-09-14,17.3292595200,17.2399334400,17.7237830400,16.9049606400,77901367,1808140375.6700
2021-09-15,17.3292595200,17.0240620800,17.4111417600,16.7858592000,56724363,1300654337.8600
2021-09-16,17.4111417600,17.2399334400,18.2001888000,16.9868428800,84838974,1997873904.5100
2021-09-17,16.8081907200,16.0935820800,17.2697088000,15.6469516800,102426331,2243422424.0900
2021-09-22,15.9670368000,17.7014515200,17.7014515200,15.9298176000,102174819,2337896002.2200
2021-09-23,18.0140928000,17.4409171200,18.0885312000,16.7560838400,106974731,2490806319.2300
2021-09-24,17.0612812800,16.3020096000,17.0687251200,16.2424588800,77520884,1724516421.9700
2021-09-27,16.6444262400,16.3243411200,16.7486400000,16.1159136000,56386595,1242930977.7300
2021-09-28,16.5625440000,16.9793990400,17.1506073600,16.1531328000,79780407,1799767897.9400
2021-09-29,17.1208320000,16.5029932800,17.3813664000,16.2722342400,63154613,1419544793.4500
2021-09-30,16.5402124800,16.8677414400,17.1580512000,16.3838918400,65156865,1468886601.9900
2021-10-08,17.2027142400,15.9298176000,17.2176019200,15.9298176000,99774338,2185918786.5400
2021-10-11,16.2201273600,16.6890892800,16.8230784000,16.1829081600,71770093,1596779552.2600
2021-10-12,16.8751852800,16.5551001600,17.5004678400,16.0935820800,66975164,1497801286.3600
2021-10-13,16.5848755200,16.0191436800,16.5848755200,15.5427379200,58948735,1263453176.2800
2021-10-14,15.7437216000,15.7734969600,15.9893683200,15.5055187200,37505755,794838988.4800
2021-10-15,15.8404915200,16.3466726400,16.4211110400,15.6543955200,61117766,1325449193.1800
2021-10-18,16.3243411200,17.5600185600,17.7461145600,16.2499027200,105067949,2438366302.4600
2021-10-19,17.5153555200,17.4632486400,17.9173228800,17.2622649600,65825875,1560134646.7300
2021-10-20,16.0042560000,16.3541164800,16.5104371200,16.0042560000,86179592,1879335888.1100
2021-10-21,16.3690041600,17.1654950400,17.4558048000,16.3541164800,71721749,1645654578.9600
2021-10-22,16.9496236800,16.1010259200,17.1803827200,16.0638067200,99557241,2199121672.0300
2021-10-25,16.1382451200,16.6369824000,16.9868428800,16.0116998400,65731766,1467316516.0500
2021-10-26,16.8230784000,16.2722342400,16.8677414400,16.1680204800,48346882,1063512723.5100
2021-10-27,16.0042560000,15.6171763200,16.1754643200,15.4757433600,64326665,1363540403.2400
2021-10-28,15.1779897600,14.9993376000,15.2598720000,14.3368358400,112368216,2219418359.8900
2021-10-29,14.8579046400,14.8057977600,15.0514444800,14.5229318400,47283703,938483135.1800
2021-11-01,14.7015840000,14.9546745600,15.0663321600,14.6345894400,38826417,776856485.7300
2021-11-02,14.9621184000,14.5899264000,15.2226528000,14.3368358400,53498098,1051707472.8400
2021-11-03,14.6792524800,14.9621184000,15.0514444800,14.5303756800,50835613,1014600131.4600
2021-11-04,14.7611347200,14.9918937600,15.0291129600,14.6792524800,35929957,718501497.3700
2021-11-05,14.9100115200,14.5154880000,14.9100115200,14.5154880000,32836818,645610275.5700
2021-11-08,14.7015840000,14.7313593600,14.8504608000,14.5006003200,28792477,569066160.9800
2021-11-09,14.6643648000,14.4782688000,14.7760224000,14.4484934400,28602940,559371699.4800
2021-11-10,14.4559372800,14.2028467200,14.4559372800,13.8232108800,53741439,1013282434.8300
2021-11-11,14.1581836800,14.3145043200,14.3517235200,14.0763014400,28700137,548720884.7200
2021-11-12,14.2475097600,14.2326220800,14.3666112000,14.1581836800,23639764,452885878.2000
2021-11-15,14.2177344000,14.2400659200,14.3591673600,14.0688576000,22445834,428679245.2500
2021-11-16,14.2400659200,14.1060768000,14.3219481600,14.0390822400,16417994,312872025.5200
2021-11-17,14.1209644800,14.1656275200,14.2996166400,14.0167507200,22801272,434127923.6900
2021-11-18,14.2698412800,14.2177344000,14.3517235200,14.1209644800,24369809,466417692.9000
2021-11-19,14.2102905600,14.3963865600,14.4633811200,14.1060768000,23533166,453247590.9600
2021-11-22,14.5006003200,14.4187180800,14.5899264000,14.2772851200,23022746,445842112.7300
2021-11-23,14.4112742400,14.5750387200,14.7611347200,14.1284083200,33013123,645023277.4600
2021-11-24,14.6197017600,15.0067814400,15.0365568000,14.5899264000,35671366,714224128.7000
2021-11-25,15.0886636800,15.1184390400,15.2152089600,14.8653484800,28994841,587481453.6100
2021-11-26,14.9323430400,14.6792524800,14.9397868800,14.6345894400,19773223,391410150.1300
2021-11-29,14.4559372800,14.5675948800,14.5899264000,14.3591673600,20842080,404967231.6100
2021-11-30,14.5899264000,14.5452633600,14.7388032000,14.4410496000,20400779,399356817.8600
2021-12-01,14.5154880000,14.9621184000,14.9993376000,14.4633811200,26670374,531024234.2100
2021-12-02,14.9025676800,15.3938611200,15.4236364800,14.8951238400,49085191,1004561144.3500
2021-12-03,15.2226528000,16.8230784000,16.8677414400,15.0812198400,97376698,2136248883.3500
2021-12-06,16.6220947200,16.5178809600,17.3143718400,16.4062233600,61627567,1390740733.8200
2021-12-07,16.6742016000,16.4359987200,16.7039769600,16.1605766400,35076181,773593726.4500
2021-12-08,16.4434425600,16.1903520000,16.5551001600,15.8851545600,51554222,1115546878.0100
2021-12-09,16.1754643200,16.2275712000,16.5104371200,16.0935820800,36198510,793866819.8100
2021-12-10,16.2275712000,16.1531328000,16.4806617600,16.0786944000,30483836,665477502.5600
2021-12-13,16.3020096000,16.2275712000,16.6742016000,16.1605766400,38994746,855032404.9000
2021-12-14,16.0935820800,15.8107161600,16.1829081600,15.7065024000,40316322,857195921.6900
2021-12-15,15.8330476800,15.9074860800,16.0191436800,15.6916147200,22852813,487708016.5500
2021-12-16,16.1159136000,17.0091744000,17.3888102400,16.0414752000,81957235,1852157642.0400
2021-12-17,16.9421798400,16.3987795200,16.9421798400,16.3020096000,51095037,1134731040.5100
2021-12-20,16.3168972800,16.1977958400,16.5625440000,16.0786944000,31281400,683384404.2500
2021-12-21,16.2275712000,16.5253248000,16.7858592000,16.0861382400,26233762,581605895.5500
2021-12-22,16.4881056000,16.4583302400,16.5774316800,16.2647904000,28139682,620795592.3000
2021-12-23,16.3764480000,16.8751852800,16.9570675200,16.3541164800,28340712,637354045.2700
2021-12-24,16.8230784000,16.7188646400,16.9124044800,16.6146508800,24052277,542258847.3800
2021-12-27,16.8007468800,16.9719552000,17.3218156800,16.6890892800,28412166,651963412.6500
2021-12-28,17.1803827200,16.5848755200,17.1952704000,16.3541164800,34084210,757059773.3100
2021-12-29,16.6220947200,16.5848755200,16.8602976000,16.5104371200,19824506,444051298.9200
2021-12-30,16.4583302400,16.3317849600,16.6890892800,16.3094534400,22086075,486560403.8600
2021-12-31,16.3764480000,16.7635276800,17.0612812800,16.3764480000,39656330,895653045.7900
2022-01-04,17.1208320000,16.9198483200,17.4558048000,16.5997632000,50985807,1161711703.6200
2022-01-05,16.7933030400,16.6742016000,17.0091744000,16.6444262400,34774505,783514478.7700
2022-01-06,16.6742016000,16.5402124800,16.7560838400,16.5104371200,23767199,530733861.8400
2022-01-07,16.5625440000,16.7560838400,16.8975168000,16.5178809600,30229815,679554035.5900
2022-01-10,16.7486400000,16.9570675200,17.0017305600,16.6816454400,31602365,715831500.7700
2022-01-11,16.8230784000,16.8975168000,16.9719552000,16.6072070400,22117080,499923089.6000
2022-01-12,16.9347360000,16.9942867200,17.0315059200,16.5997632000,26981827,610934452.8700
2022-01-13,17.0463936000,17.2622649600,17.5004678400,16.9793990400,39433087,917740183.4500
2022-01-14,17.1952704000,16.7635276800,17.1952704000,16.6965331200,27501596,621310128.9000
2022-01-17,16.8305222400,16.6667577600,16.9124044800,16.6444262400,16686901,375583138.3000
2022-01-18,16.6667577600,17.3739225600,17.4409171200,16.5997632000,37962180,872344558.9300
2022-01-19,17.3813664000,17.5004678400,17.7833337600,17.3218156800,34429847,810791621.5500
2022-01-20,17.3962540800,17.7758899200,17.8577721600,17.3590348800,31388289,748429410.4000
2022-01-21,17.8652160000,17.8726598400,18.0736435200,17.4409171200,34515808,824951529.2500
2022-01-24,17.8726598400,17.9545420800,18.2895148800,17.5674624000,29384647,707766636.5200
2022-01-25,17.8205529600,17.4185856000,17.9396544000,17.4036979200,28943810,684720548.1500
2022-01-26,17.4185856000,17.2473772800,17.5600185600,17.0017305600,31248056,724579704.8700
2022-01-27,17.2622649600,17.4781363200,17.8354406400,17.1357196800,36012641,850012419.2100
2022-01-28,17.3143718400,16.7784153600,17.6344569600,16.7486400000,38316958,876366235.3100
2022-02-07,17.1878265600,17.5004678400,17.7684460800,16.9198483200,40361893,942552425.1200
2022-02-08,17.8652160000,18.5798246400,18.6914822400,17.5376870400,79674621,1950529864.0000
2022-02-09,18.5947123200,18.1927449600,18.6170438400,18.0140928000,49371483,1215549196.8900
2022-02-10,17.9173228800,19.0562304000,19.1530003200,17.6270131200,63233985,1572204001.8800
2022-02-11,18.8775782400,19.4358662400,19.9420473600,18.6542630400,72475420,1890513855.0200
2022-02-14,19.3986470400,19.1827756800,19.6145184000,19.0264550400,32563232,843883327.2700
2022-02-15,19.0041235200,18.6840384000,19.0115673600,18.4607232000,32878087,823307535.6200
2022-02-16,18.6840384000,18.7510329600,19.1232249600,18.5947123200,23362048,590504856.8000
2022-02-17,18.6096000000,18.8403590400,19.1008934400,18.5500492800,26035444,659762951.5000
2022-02-18,18.8180275200,19.1976633600,19.4284224000,18.7435891200,40977989,1053350158.0600
2022-02-21,19.3390963200,19.6591814400,19.7633952000,19.0413427200,40331357,1052582414.4100
2022-02-22,19.4879731200,19.8006144000,20.0090419200,19.3986470400,38294060,1010654078.9100
2022-02-23,19.7112883200,18.9892358400,19.7187321600,18.8329152000,45522430,1168213677.9700
2022-02-24,19.0190112000,18.9817920000,19.2869894400,18.6096000000,41286990,1052016543.1600
2022-02-25,18.8031398400,18.2895148800,19.1008934400,17.7907776000,64606599,1597612381.6200
2022-02-28,18.2374080000,18.7882521600,18.8924659200,18.2150764800,47376739,1189630544.0000
2022-03-01,18.8775782400,19.3912032000,19.5624115200,18.6542630400,40844419,1048989344.0000
2022-03-02,19.5772992000,19.5772992000,19.6815129600,19.2051072000,32076958,840310288.0000
2022-03-03,19.6219622400,20.0760364800,20.2174694400,19.5996307200,45965982,1237108000.0000
2022-03-04,19.9494912000,20.2621324800,20.6789875200,19.6517376000,43860064,1191403248.0000
2022-03-07,20.6938752000,20.1355872000,20.7608697600,19.9867104000,42014994,1146330400.0000
2022-03-08,19.8750528000,19.2497702400,20.2770201600,19.1306688000,65464410,1719367936.0000
2022-03-09,19.4581977600,20.0388172800,20.5524422400,19.1381126400,61837061,1656967424.0000
2022-03-10,19.6517376000,19.7782828800,20.4705600000,19.1678880000,59659041,1589979824.0000
2022-03-11,19.8527212800,20.0239296000,20.3812339200,19.1381126400,49539498,1327325072.0000
2022-03-14,19.5772992000,19.5028608000,20.5152230400,19.4284224000,47578426,1273140256.0000
2022-03-15,19.3539840000,17.9619859200,19.3688716800,17.9396544000,84469645,2079574032.0000
2022-03-16,18.2746272000,18.4607232000,18.6989260800,17.3664787200,52763785,1279233136.0000
2022-03-17,18.6096000000,18.1406380800,18.6691507200,17.4930240000,72663713,1760950448.0000
2022-03-18,17.9768736000,18.6319315200,18.9222412800,17.9545420800,56182171,1404722888.9700
2022-03-21,18.7435891200,19.4284224000,19.8303897600,18.7435891200,47672902,1240331574.2900
2022-03-22,19.3316524800,20.0090419200,20.1132556800,19.2944332800,46614370,1243834935.5300
2022-03-23,20.0909241600,19.7633952000,20.0909241600,19.3614278400,31242349,826638775.3600
2022-03-24,20.0164857600,20.2472448000,20.4928915200,19.9122720000,34779498,944498147.6000
2022-03-25,20.0388172800,20.2323571200,20.6938752000,19.9048281600,36868694,1002503815.1100
2022-03-28,20.8501958400,21.7509004800,21.9295526400,20.8501958400,76013301,2193528707.6300
2022-03-29,21.5871360000,22.3910707200,22.5101721600,21.4159276800,66209302,1961835230.4800
2022-03-30,22.1082048000,21.6094675200,22.3464076800,21.3042700800,59382891,1729837449.0000
2022-03-31,21.6987936000,22.1603116800,22.1751993600,21.3638208000,45486734,1334963105.3400
2022-04-01,21.8104512000,21.9816595200,22.3017446400,21.6020236800,35828815,1054770028.9400
2022-04-06,21.7136812800,21.7360128000,21.8253388800,21.1330617600,36369355,1052349101.6500
2022-04-07,21.6615744000,22.1677555200,22.4282899200,21.5052537600,37630689,1118962876.9500
2022-04-08,22.3464076800,22.7558188800,22.8377011200,22.1826432000,44137015,1338815285.3200
2022-04-11,22.4431776000,23.2992192000,23.6714112000,22.3910707200,58510371,1825376314.1700
2022-04-12,23.5225344000,23.0386848000,23.9096140800,22.7781504000,46406297,1450593257.2900
2022-04-13,23.0461286400,23.8128441600,23.8202880000,23.0461286400,40371084,1277764936.5400
2022-04-14,23.6937427200,24.0287155200,24.1552608000,23.4555398400,37298204,1196920746.7200
2022-04-15,24.1180416000,23.0982355200,24.5497843200,22.9046956800,52501749,1663234212.2300
2022-04-18,22.4059584000,22.3091884800,23.4332083200,22.1603116800,65277466,1981044692.3800
2022-04-19,22.4357337600,22.9270272000,23.1131232000,22.0412102400,42782679,1308560773.4100
2022-04-20,22.7037120000,22.0039910400,22.7632627200,21.8551142400,43878681,1311460180.4900
2022-04-21,22.1826432000,21.7509004800,22.4059584000,21.6392428800,35274576,1041494494.7700
2022-04-22,21.4233715200,22.1007609600,22.4729529600,21.3489331200,33404601,990100756.2200
2022-04-25,21.6094675200,21.3638208000,22.0412102400,20.9097465600,49790890,1436600657.6300
2022-04-26,21.4382592000,21.1926124800,21.5796921600,20.6343244800,36749040,1043327395.9500
2022-04-27,21.0809548800,21.5648044800,21.7360128000,20.8650835200,41254995,1182707912.5400
2022-04-28,22.3389638400,23.2322246400,23.4034329600,22.3017446400,67198413,2064170121.8800
2022-04-29,23.2322246400,22.9121395200,23.2396684800,22.4059584000,48623835,1486846257.0000
2022-05-05,23.1503424000,22.8004819200,23.2992192000,22.6441612800,36480989,1120504305.5000
2022-05-06,22.5176160000,22.5101721600,23.2694438400,22.3464076800,38208447,1171597024.1600
2022-05-09,22.2570816000,22.0412102400,22.2645254400,21.5126976000,32409438,954369047.8000
2022-05-10,21.5424729600,21.3489331200,21.5424729600,20.8501958400,44858916,1277285636.0000
2022-05-11,21.2819385600,21.7657881600,21.7657881600,21.2149440000,36439078,1053111909.7000
2022-05-12,21.7955635200,21.3191577600,21.9444403200,21.1628371200,27168628,784306123.7200
2022-05-13,21.4084838400,22.9270272000,22.9270272000,21.3787084800,56798100,1709283981.6000
2022-05-16,22.9270272000,23.0759040000,23.1801177600,22.5697228800,38260536,1181700706.5900
2022-05-17,23.1801177600,23.3959891200,23.7160742400,22.9716902400,32182145,1007971962.3200
2022-05-18,23.2396684800,23.1950054400,23.4853152000,23.0089094400,32337381,1009724359.9400
2022-05-19,22.9270272000,23.0535724800,23.2098931200,22.4059584000,32172142,989426398.2000
2022-05-20,23.2247808000,24.0808224000,24.2520307200,23.1056793600,41902772,1340844330.1000
2022-05-23,24.2296992000,24.1775923200,24.6242227200,23.8723948800,36165864,1178521705.5900
2022-05-24,24.1478169600,24.1999238400,24.6688857600,23.9989401600,32679661,1070922688.8800
2022-05-25,24.2818060800,24.6614419200,24.8177625600,24.1478169600,28694037,945319911.4700
2022-05-26,24.7879872000,24.8103187200,24.9964147200,24.4753459200,28118224,933445851.0800
2022-05-27,24.8326502400,25.6738041600,25.6738041600,24.6018912000,43550258,1476582187.2600
2022-05-30,25.7482425600,25.2792806400,25.8226809600,24.8847571200,34095981,1154029333.0700
2022-05-31,25.2048422400,25.2792806400,25.3462752000,24.7061049600,40020265,1341272814.8900
2022-06-01,24.9443078400,25.1527353600,25.2122860800,24.6391104000,37256638,1248521422.6200
2022-06-02,24.9368640000,24.7061049600,25.1601792000,24.5200089600,32951407,1094322313.2800
2022-06-06,24.9219763200,25.3313875200,25.3909382400,24.6018912000,32655113,1098876826.6900
2022-06-07,25.1304038400,25.0857408000,25.5993657600,24.6763296000,33080706,1113629591.5800
2022-06-08,25.3016121600,26.1948729600,26.2097606400,25.1452915200,37737915,1303815901.5800
2022-06-09,25.9938892800,25.9268947200,26.4479635200,25.6812480000,32478707,1133260058.4800
2022-06-10,25.6068096000,25.9120070400,26.1129907200,25.4877081600,35500112,1229439627.0300
2022-06-13,25.5695904000,25.1080723200,25.8599001600,24.7209926400,45545652,1538402379.1300
2022-06-14,24.8624256000,25.6886918400,25.7035795200,24.8252064000,31552707,1077867306.2000
2022-06-15,25.6142534400,25.0857408000,25.8003494400,25.0857408000,35607938,1213322043.2300
2022-06-16,25.0931846400,24.1180416000,25.2346176000,23.9989401600,53052104,1732165097.6200
2022-06-17,23.9914963200,24.2371430400,24.5274528000,23.9170579200,36093189,1174105897.9700
2022-06-20,23.8202880000,23.1056793600,23.8277318400,22.9419148800,64220755,2001763700.5900
2022-06-21,23.0759040000,23.2098931200,23.4853152000,23.0461286400,38411711,1199250098.4300
2022-06-22,23.3587699200,22.8749203200,23.4853152000,22.7781504000,41455534,1285741856.5300
2022-06-23,22.8898080000,23.3438822400,23.4406521600,22.5622790400,32379013,1004547071.0700
2022-06-24,23.3438822400,23.2247808000,23.5969728000,22.9195833600,37964914,1182393259.3500
2022-06-27,23.2843315200,24.1329292800,24.3041376000,23.2545561600,43813695,1414532632.9700
2022-06-28,24.3264691200,24.4455705600,24.6539980800,24.0808224000,32117654,1049070270.3200
2022-06-29,24.4083513600,24.5423404800,24.9889708800,24.3413568000,31598376,1046989759.7700
2022-06-30,24.3562444800,24.7879872000,24.9294201600,24.2296992000,30479581,1012811156.0000
2022-07-01,24.5721158400,24.6539980800,24.7879872000,23.8947264000,29325242,958944778.1100
2022-07-04,24.7582118400,24.8624256000,25.0782969600,24.3860198400,36074196,1199667234.5200
2022-07-05,25.0708531200,25.6068096000,25.6068096000,24.9368640000,44298510,1505811588.1000
2022-07-06,25.1676230400,24.0808224000,25.1750668800,23.8798387200,43583573,1424990481.9900
2022-07-07,24.0808224000,24.7135488000,24.8475379200,23.7607372800,34521144,1132948484.6400
2022-07-08,25.1006284800,24.8996448000,25.2867244800,24.7433241600,40363469,1353716198.3900
2022-07-11,24.1665900000,23.3610370000,24.2068676500,23.2643706400,52125000,1528664888.3800
2022-07-12,23.3690925300,23.9490906900,23.9813128100,23.2804817000,28164117,829794484.7600
2022-07-13,23.5221476000,23.6590916100,23.7879800900,23.2240929900,19786489,579093948.0400
2022-07-14,23.7396469100,23.8202022100,24.1424234100,23.6590916100,16073583,475647898.7000
2022-07-15,24.0377015200,23.9652017500,25.0124206500,23.8765909200,40286865,1223759437.8800
2022-07-18,24.0860347000,24.5935330900,24.6499218000,24.0860347000,25986970,788326905.8600
2022-07-19,24.6499218000,24.2390897700,24.6579773300,23.9571462200,21226928,637570710.4100
2022-07-20,24.3518671900,23.9652017500,24.4002003700,23.9249241000,18485710,552748195.3100
2022-07-21,23.8040911500,22.6279837700,23.8363132700,22.6038171800,48850897,1394664219.4800
2022-07-22,22.5554840000,22.8293720200,23.0549268600,22.5152063500,21961092,621838448.7000
2022-07-25,22.7971499000,23.0388158000,23.1435376900,22.7246501300,16216324,462414810.9600
2022-07-26,23.1113155700,23.4013146500,23.6349250200,22.9582605000,19133633,555406576.8200
2022-07-27,23.4013146500,23.2240929900,23.5543697200,23.1354821600,17467233,504469332.4500
2022-07-28,23.4254812400,23.1515932200,23.4738144200,22.9824270900,21247902,611873654.2100
2022-07-29,23.2079819300,22.6360393000,23.4093701800,22.6199282400,28560474,811162009.8400
2022-08-01,22.6440948300,22.9099273200,23.0227047400,22.3621512800,24456765,689876441.2600
2022-08-02,22.5554840000,22.5313174100,22.8293720200,22.3138181000,25050350,701155454.6700
2022-08-03,22.6763169500,22.2493738600,22.7165946000,22.1688185600,23628359,656159300.9600
2022-08-04,22.2171517400,22.2413183300,22.3460402200,21.9110416000,22517120,618292839.0000
2022-08-05,22.2413183300,21.9835413700,22.5152063500,21.4840985100,31416105,850562261.0000
2022-08-08,21.7740975900,22.4668731700,22.5232618800,21.7096533500,21959243,606752010.0000
2022-08-09,22.4749287000,22.9502049700,23.2402040500,22.4749287000,25643126,731444567.0000
2022-08-10,22.9502049700,22.8374275500,23.1999264000,22.4990952900,20526573,581094791.0000
2022-08-11,23.0952045100,22.9179828500,23.1032600400,22.6199282400,16706661,475593249.0000
2022-08-12,22.9985381500,23.3127038200,23.3610370000,22.9582605000,21349382,615751680.0000
2022-08-15,23.3288148800,23.5382586600,23.9490906900,23.1193711000,25860470,759098491.8700
2022-08-16,23.4335367700,23.5140920700,23.6752026700,23.2160374600,15599097,455139738.1300
2022-08-17,23.5221476000,23.4093701800,23.6188139600,23.2643706400,15342714,446531552.5000
2022-08-18,23.4496478300,23.3449259400,23.6671471400,23.0388158000,17822903,516171988.4400
2022-08-19,23.2402040500,23.9249241000,24.0779791700,23.2402040500,26248089,774625878.1400
2022-08-22,23.9732572800,24.2874229500,24.4888112000,23.9732572800,33346067,1004446702.2900
2022-08-23,24.2874229500,24.6176996800,24.9157542900,23.9893683400,33069488,1005645963.1100
2022-08-24,24.6499218000,24.8432545200,25.1251980700,24.4002003700,37314606,1148435500.4200
2022-08-25,24.7385326300,26.0838061400,26.0838061400,24.6901994500,61355637,1958084166.1600
2022-08-26,25.7776960000,25.1815867800,25.7776960000,25.0446427700,51158356,1605980823.5600
2022-08-29,24.8674211100,25.6810296400,25.7454738800,24.5693665000,39670612,1241970327.4800
2022-08-30,25.6165854000,24.5854775600,25.6407519900,24.4646446100,38056495,1169380371.1700
2022-08-31,24.4888112000,24.4404780200,24.7868658100,24.1665900000,29669415,901289488.1300
2022-09-01,24.3438116600,25.0607538300,25.4474192700,24.1746455300,33909814,1057407583.0200
2022-09-02,25.0365872400,24.6982549800,25.1735312500,24.5774220300,23842884,734539585.8400
2022-09-05,25.1332536000,26.2288056800,26.3818607500,24.8915877000,49412806,1589086985.9500
2022-09-06,26.2288056800,26.4865826400,26.7524151300,25.9871397800,37147791,1219041677.6000
2022-09-07,26.2610278000,26.2690833300,26.5590824100,26.1804725000,21517067,702964294.9900
2022-09-08,25.9629731900,26.0193619000,26.3415831000,25.6649185800,23075246,745630424.4100
2022-09-09,26.3335275700,26.3657496900,26.5429713500,25.9468621300,27954869,913802860.5800
2022-09-13,26.1965835600,26.1401948500,26.3013054500,25.6004743400,25807136,830971585.1300
2022-09-14,25.8582513000,26.0596395500,26.3979718100,25.8340847100,15958694,517511444.4400
2022-09-15,26.3254720400,26.0918616700,26.8651925500,25.6890851700,29603654,963076572.3200
2022-09-16,25.8743623600,24.9399208800,26.0354729600,24.9318653500,40103775,1261172803.6800
2022-09-19,25.0285317100,25.3749195000,25.6729741100,25.0285317100,22325952,704618157.9700
2022-09-20,25.5440856300,25.2540865500,25.6488075200,25.1171425400,12936465,406756995.7300
2022-09-21,25.2460310200,25.1171425400,25.4554748000,24.9721430000,17067729,534633468.3100
2022-09-22,24.9076987600,25.7696404700,25.8582513000,24.8754766400,21555151,681126726.7500
2022-09-23,25.7615849400,25.1171425400,25.9790842500,25.0526983000,16300337,513935621.4900
2022-09-26,24.6901994500,24.4565890800,25.4151971500,24.4082559000,25859338,798426136.3400
2022-09-27,24.8915877000,24.4888112000,24.9479764100,23.8443688000,22421626,676131776.4800
2022-09-28,24.4727001400,24.6821439200,24.9721430000,24.4404780200,20564231,630473878.5300
2022-09-29,25.0446427700,25.3024197300,25.7776960000,24.7707547500,26750483,843504418.6700
2022-09-30,25.4554748000,25.4876969200,25.7132517600,25.0526983000,21942608,692275304.7800
2022-10-10,25.7696404700,25.7615849400,26.1160282600,25.6810296400,26433682,850693678.8200
2022-10-11,25.7776960000,25.4635303300,26.0193619000,25.2701976100,15504642,490718721.2100
2022-10-12,25.3749195000,25.7213072900,25.7776960000,25.1332536000,16565241,523551979.5800
2022-10-13,25.6810296400,25.0285317100,25.8501957700,24.8271434600,19211955,598524772.6100
2022-10-14,25.2460310200,25.4071416200,25.8501957700,25.1332536000,21600172,683002677.9500
2022-10-17,25.2460310200,25.1171425400,25.5763077500,24.5532554400,20769429,643478401.0300
2022-10-18,25.1493646600,24.9640874700,25.6568630500,24.8754766400,20398865,637749523.6700
2022-10-19,24.8351989900,25.0043651200,25.3507529100,24.7546436900,19586309,610128250.4900
2022-10-20,25.0607538300,24.5290888500,25.1010314800,24.4485335500,22747372,698891089.8800
2022-10-21,24.5371443800,24.8271434600,25.2138089000,24.5210333200,18185520,561807596.5200
2022-10-24,24.7304771000,24.0457570500,25.0929759500,23.9652017500,28843461,871060037.3500
2022-10-25,24.3438116600,24.0296459900,24.3518671900,23.8524243300,20767384,620769775.1700
2022-10-26,23.9329796300,23.3690925300,24.1988121200,23.1999264000,34167643,999802451.1700
2022-10-27,23.4013146500,23.6268694900,23.8927019800,23.4013146500,25014444,735684890.9600
2022-10-28,23.6027029000,23.6510360800,24.2068676500,23.4818699500,30370106,897711109.1400
2022-10-31,23.7718690300,22.5796505900,24.6660328600,22.5152063500,61252911,1777878567.7800
2022-11-01,22.7246501300,22.8938162600,23.0629823900,22.2090962100,43554495,1223282950.6600
2022-11-02,22.8052054300,23.4818699500,23.6429805500,22.5635395300,26856711,773400649.1100
2022-11-03,23.4818699500,23.2240929900,23.7315913800,23.1515932200,17983436,521749365.9700
2022-11-04,23.1999264000,23.9571462200,24.2874229500,23.1757598100,23132214,686842309.0500
2022-11-07,24.0054794000,24.3035340100,24.7224215700,23.8604798600,30393043,918413242.0700
2022-11-08,24.3921448400,24.0940902300,24.6499218000,23.9813128100,18333859,551676842.3900
2022-11-09,24.0457570500,23.6913137300,24.2310342400,23.6027029000,15847247,468234070.1400
2022-11-10,23.4496478300,23.7235358500,23.8363132700,22.7004835400,28802635,830689666.4900
2022-11-11,24.0457570500,24.0457570500,24.1585344700,23.6510360800,30361707,903632610.2000
2022-11-14,24.1263123500,23.0388158000,24.3518671900,22.8857607300,52227067,1513353155.1000
2022-11-15,22.9582605000,23.0307602700,23.1838153400,22.6360393000,27012936,770089819.4100
2022-11-16,23.1596487500,23.2321485200,23.4738144200,22.9582605000,30808667,888083189.7400
2022-11-17,23.0952045100,22.7488167200,23.1193711000,22.6602058900,29236804,828059172.1200
2022-11-18,22.8213164900,22.7810388400,22.9824270900,22.6118727100,20328941,575124426.3500
2022-11-21,22.5554840000,22.5474284700,22.8293720200,22.4185399900,27231597,761511297.8200
2022-11-22,22.5635395300,23.0146492100,23.2240929900,22.5232618800,33248336,945306127.7400
2022-11-23,23.0307602700,23.6349250200,23.9893683400,23.0227047400,43335080,1271206745.8400
2022-11-24,23.4818699500,23.6913137300,23.9249241000,23.4657588900,20063403,590719189.1100
2022-11-25,23.6268694900,24.3760337800,24.5693665000,23.5624252500,46171593,1391563852.1000
2022-11-28,24.0699236400,24.4646446100,24.6015886200,23.9652017500,33093267,996500873.2800
2022-11-29,24.4888112000,24.3679782500,24.6338107400,24.0860347000,28079087,849711275.8200
2022-11-30,24.4082559000,24.6096441500,24.9640874700,24.1585344700,34574098,1062391518.0900
2022-12-01,24.8674211100,24.0538125800,24.9479764100,24.0215904600,35307699,1066118025.8700
2022-12-02,23.9974238700,23.6752026700,24.2068676500,23.5704807800,23312240,688395954.1700
2022-12-05,24.0054794000,24.0296459900,24.1263123500,23.6913137300,28441195,844965607.8600
2022-12-06,23.8524243300,24.1263123500,24.2068676500,23.6188139600,23075716,685767583.3700
2022-12-07,24.1665900000,23.5543697200,24.1665900000,23.4093701800,32302066,949230065.7300
2022-12-08,23.5543697200,23.4415923000,23.6510360800,23.2482595800,20138115,586763343.5500
2022-12-09,23.4013146500,23.4496478300,23.5221476000,23.3046482900,24162887,702091435.8300
2022-12-12,23.3690925300,22.9018717900,23.6590916100,22.8374275500,29719853,851559113.5500
2022-12-13,23.0227047400,23.0790934500,23.2643706400,22.7810388400,21378340,611373306.6400
2022-12-14,23.1435376900,23.2160374600,23.2804817000,22.9340939100,16116031,463414688.7300
2022-12-15,23.1274266300,22.8615941400,23.2724261700,22.7165946000,20856420,591517873.3000
2022-12-16,22.8857607300,23.0227047400,23.1596487500,22.8132609600,20662778,589853104.3500
2022-12-19,22.9824270900,22.6682614200,23.0388158000,22.5393729400,23377140,659630992.1900
2022-12-20,22.6682614200,22.4829842300,22.7649277800,22.3540957500,21838141,610585402.9600
2022-12-21,22.4829842300,22.3379846900,22.5393729400,22.2977070400,17163713,477325144.6800
2022-12-22,22.4990952900,22.1688185600,22.6279837700,22.0882632600,20910266,579636596.1100
2022-12-23,22.2090962100,22.2896515100,22.3138181000,21.9190971300,12478723,343283939.2600
2022-12-26,22.2815959800,22.2896515100,22.3782623400,22.1607630300,12394748,342719459.8300
2022-12-27,22.3863178700,22.6118727100,22.7810388400,22.3379846900,19523023,547763317.1800
2022-12-28,22.5152063500,22.6843724800,22.7568722500,22.4829842300,18095716,508849745.2500
2022-12-29,22.6118727100,22.2090962100,22.6279837700,22.0802077300,21917900,606427632.4800
2022-12-30,22.2332628000,22.2493738600,22.4990952900,22.2010406800,14694663,406600056.8100
2023-01-03,22.2493738600,22.5635395300,22.5957616500,22.1527075000,24445913,679846234.6900
2023-01-04,22.5152063500,22.3379846900,22.5957616500,22.0721522000,26179337,725701494.1000
2023-01-05,22.3379846900,22.2332628000,22.3782623400,22.0963187900,24695435,680735837.8900
2023-01-06,22.2252072700,22.2493738600,22.3138181000,22.1124298500,21111894,582250790.6600
2023-01-09,22.3782623400,22.3138181000,22.4346510500,22.1527075000,21466013,595056271.0900
2023-01-10,22.2413183300,22.1043743200,22.3218736300,21.9593747800,20259195,556224439.8300
2023-01-11,22.2654849200,23.2160374600,23.2724261700,22.0963187900,58238662,1655413193.7000
2023-01-12,23.1193711000,23.1999264000,23.3207593500,22.8454830800,30072843,861980187.3300
2023-01-13,23.1999264000,23.3449259400,23.6913137300,23.1918708700,26378992,764278213.2000
2023-01-16,23.3207593500,23.0549268600,23.3368704100,22.9421494400,38342244,1099459838.9100
2023-01-17,23.0388158000,23.0871489800,23.1596487500,22.7729833100,20951104,598476112.8500
2023-01-18,23.0388158000,22.9663160300,23.4174257100,22.9502049700,19040559,547437049.0800
2023-01-19,23.0629823900,23.0065936800,23.2402040500,22.7810388400,19333752,550813102.7300
2023-01-20,22.9985381500,23.1274266300,23.2402040500,22.9502049700,20270931,581583730.2600
2023-01-30,23.1596487500,22.6038171800,23.1838153400,22.5877061200,39011204,1101222610.7600
2023-01-31,22.7810388400,22.8696496700,22.9985381500,22.7165946000,26068112,740447823.7700
2023-02-01,22.8857607300,22.7810388400,22.8857607300,22.6360393000,28240552,796747885.5400
2023-02-02,22.7810388400,22.9502049700,22.9904826200,22.5877061200,29619839,839113397.2000
2023-02-03,22.7971499000,22.7568722500,22.9179828500,22.6763169500,24814669,701790936.3400
2023-02-06,22.6602058900,22.6521503600,22.7810388400,22.5796505900,21979318,618322531.8000
2023-02-07,22.6521503600,22.6763169500,22.8132609600,22.6118727100,17617857,496236470.7400
2023-02-08,22.7004835400,22.4829842300,22.7327056600,22.4749287000,18896837,530012121.7600
2023-02-09,22.4346510500,22.5796505900,22.7004835400,22.4185399900,16329251,457538550.8400
2023-02-10,22.5554840000,22.3138181000,22.5796505900,22.2574293900,20295148,563867951.0100
2023-02-13,22.2977070400,22.0963187900,22.3138181000,21.9593747800,32783927,897990536.0600
2023-02-14,22.1527075000,22.1688185600,22.2252072700,21.9593747800,18337971,503701605.3900
2023-02-15,22.1446519700,21.9190971300,22.2332628000,21.8868750100,27663312,755238404.5800
2023-02-16,21.9915969000,21.6693757000,22.0721522000,21.5565982800,30153837,818063658.2100
2023-02-17,21.6290980500,21.7740975900,21.9271526600,21.6049314600,26548324,718589878.8600
2023-02-20,21.8224307700,22.2171517400,22.2896515100,21.8224307700,35975711,987603052.3600
2023-02-21,22.1929851500,22.4668731700,22.5232618800,22.0802077300,33204286,923662560.2700
2023-02-22,22.4024289300,22.4427065800,22.6199282400,22.2977070400,28042907,782960152.7300
2023-02-23,22.7971499000,22.5715950600,22.9260383800,22.4668731700,34836587,980907558.5600
2023-02-24,22.4990952900,22.4346510500,22.5554840000,22.3460402200,22107696,615619342.3000
2023-02-27,22.4346510500,22.5232618800,22.7165946000,22.4346510500,25809133,723212531.2900
2023-02-28,22.5393729400,22.5554840000,22.5877061200,22.3943734000,18353068,512571736.8400
2023-03-01,22.5554840000,22.6038171800,22.7004835400,22.4749287000,22789283,640010104.1200
2023-03-02,22.6038171800,22.7004835400,22.9340939100,22.5232618800,27093063,764121833.5300
2023-03-03,22.7971499000,22.9260383800,22.9743715600,22.6279837700,33567430,952450381.7000
2023-03-06,22.8938162600,22.6682614200,22.9824270900,22.5554840000,32672959,920570916.4700
2023-03-07,22.6199282400,23.2563151100,23.9813128100,22.6199282400,78387766,2284645506.5600
2023-03-08,23.1193711000,22.9421494400,23.1515932200,22.7810388400,28454472,810190200.2700
2023-03-09,22.9743715600,22.9985381500,23.3932591200,22.8615941400,25048490,716849463.9100
2023-03-10,22.9260383800,22.6521503600,22.9260383800,22.6118727100,25588309,721618916.5700
2023-03-13,22.6199282400,23.3771480600,23.4254812400,22.6199282400,37614860,1079845031.9400
2023-03-14,23.3610370000,23.1435376900,23.6832582000,23.0468713300,29209809,844089997.0800
2023-03-15,23.2804817000,23.2321485200,23.4093701800,23.0629823900,24491055,706613399.8800
2023-03-16,22.8777052000,22.5877061200,23.0388158000,22.5554840000,38784225,1096094807.1000
2023-03-17,22.7488167200,23.0146492100,23.2804817000,22.6843724800,32714387,934465099.1600
2023-03-20,23.0871489800,23.2240929900,23.6188139600,22.8696496700,43821463,1266005304.8400
2023-03-21,23.3046482900,22.9824270900,23.3449259400,22.8535386100,27682247,790375005.3300
2023-03-22,23.0388158000,23.2563151100,23.3610370000,22.9743715600,23402482,673626094.1000
2023-03-23,23.2804817000,23.6671471400,23.7235358500,23.2160374600,41978031,1225943161.3700
2023-03-24,23.7557579700,23.3449259400,23.7638135000,23.0871489800,39365989,1139537999.2300
2023-03-27,22.4749287000,22.2977070400,22.6199282400,21.9915969000,87835227,2431589188.9200
2023-03-28,22.2977070400,22.0560411400,22.3540957500,21.9915969000,46981270,1289541729.2900
2023-03-29,22.1365964400,21.9674303100,22.1768740900,21.8949305400,24936004,680795797.5200
2023-03-30,21.9754858400,22.6602058900,22.6763169500,21.9110416000,44305490,1230610347.9300
2023-03-31,22.6038171800,22.6924280100,22.7729833100,22.5152063500,19698581,554505210.9500
2023-04-03,22.7971499000,22.4668731700,22.9985381500,22.4588176400,29088418,819131838.5000
2023-04-04,22.4749287000,22.7246501300,22.7890943700,22.4024289300,22397803,629852625.7100
2023-04-06,22.7246501300,22.4910397600,22.7246501300,22.4588176400,15825436,442952381.7500
2023-04-07,22.4749287000,22.3460402200,22.5554840000,22.2654849200,20404288,566445279.5800
2023-04-10,22.2332628000,22.2413183300,22.2896515100,22.1043743200,19628455,540839122.5600
2023-04-11,22.2735404500,22.2171517400,22.3460402200,22.0157634900,18154784,500091251.0000
2023-04-12,22.2735404500,22.4346510500,22.6440948300,22.1768740900,22675186,632170318.0300
2023-04-13,22.4346510500,22.6924280100,22.7890943700,22.3782623400,26012096,731536514.0800
2023-04-14,22.7004835400,22.8777052000,22.9904826200,22.5715950600,34501891,980999097.9300
2023-04-17,22.8696496700,23.3932591200,23.4899254800,22.7810388400,38810310,1117778270.3400
2023-04-18,23.4577033600,23.6590916100,23.7235358500,23.3288148800,31631048,926382513.8100
2023-04-19,23.6590916100,23.5946473700,23.8524243300,23.5785363100,27505808,809395520.6400
2023-04-20,23.4899254800,23.5624252500,23.7235358500,23.3207593500,26302218,766926979.8700
2023-04-21,23.4818699500,23.3852035900,23.7557579700,23.3852035900,24305325,710778120.6200
2023-04-24,23.4174257100,23.2885372300,23.6671471400,23.1677042800,22569684,653847823.0500
2023-04-25,23.2885372300,23.1918708700,23.4415923000,22.9824270900,26424430,760084715.4200
2023-04-26,23.2402040500,23.1113155700,23.3771480600,22.9985381500,18068447,518930276.4600
2023-04-27,23.1757598100,23.1354821600,23.2643706400,22.6440948300,30568481,868740260.5300
2023-04-28,23.0790934500,23.4254812400,23.4899254800,23.0227047400,21444005,620299256.3100
2023-05-04,23.2402040500,23.8202022100,23.9329796300,22.8938162600,36158924,1059445309.8300
2023-05-05,23.8121466800,24.0779791700,24.3921448400,23.6913137300,31801071,947989307.8000
2023-05-08,24.0699236400,25.5601966900,25.8743623600,24.0699236400,83992266,2628118429.0000
2023-05-09,25.7696404700,25.5199190400,26.2288056800,25.4151971500,53570366,1713380038.4900
2023-05-10,25.4554748000,25.2621420800,25.6165854000,24.9076987600,43999672,1374344928.9400
2023-05-11,25.1332536000,24.9963095900,25.2621420800,24.7546436900,25526433,791198911.6800
2023-05-12,25.0124206500,24.8432545200,25.3346418500,24.6901994500,28966046,895161624.8100
2023-05-15,24.6982549800,24.8513100500,24.9479764100,24.5290888500,31183760,958531066.1800
2023-05-16,24.8674211100,25.1010314800,25.8663068300,24.8271434600,46032027,1443869647.5500
2023-05-17,24.9721430000,24.7868658100,25.0688093600,24.6338107400,27212398,837404006.4800
2023-05-18,24.8593655800,24.9076987600,25.1332536000,24.7788102800,24208030,749208127.3100
2023-05-19,24.8593655800,24.9157542900,25.1251980700,24.6176996800,17656180,546351827.6400
2023-05-22,24.7788102800,24.8351989900,25.1171425400,24.7707547500,23379019,723271533.1600
2023-05-23,24.8996432300,24.7788102800,25.1493646600,24.7224215700,25141900,777605491.4900
2023-05-24,24.7304771000,24.3196450700,24.7868658100,24.1665900000,43386479,1313266843.5700
2023-05-25,24.2632563600,24.2068676500,24.3840893100,24.0054794000,30667899,920351791.2000
2023-05-26,24.0779791700,23.6027029000,24.0860347000,23.5785363100,30056909,886922908.0500
2023-05-29,23.6027029000,23.7235358500,23.8846464500,23.1515932200,31603177,921734527.7400
2023-05-30,23.7154803200,23.4979810100,23.8282577400,23.3610370000,18078696,529016906.2500
2023-05-31,23.3449259400,22.7407611900,23.3449259400,22.5393729400,46189600,1307457194.6500
2023-06-01,22.6360393000,22.5313174100,22.7568722500,22.4749287000,28754340,807058605.5100
2023-06-02,22.5554840000,22.7649277800,22.7971499000,22.5232618800,21183032,596642753.2900
2023-06-05,22.6440948300,23.0065936800,23.0790934500,22.6440948300,22054585,627467144.6400
2023-06-06,23.0388158000,23.6107584300,24.0135349300,22.8374275500,40131370,1177114968.7100
2023-06-07,23.6590916100,23.6188139600,23.8927019800,23.2804817000,19506589,572055576.5100
2023-06-08,23.6752026700,23.8443688000,23.8927019800,23.5704807800,14315981,421970028.1700
2023-06-09,23.8202022100,23.7235358500,23.9249241000,23.6188139600,14818910,436709237.6300
2023-06-12,23.6349250200,24.0296459900,24.1665900000,23.5946473700,24916076,741438471.3300
2023-06-13,23.9652017500,23.8604798600,24.1424234100,23.7396469100,13682860,405571068.0700
2023-06-14,23.9168685700,24.1907565900,24.2713118900,23.9168685700,23772395,713295903.5600
2023-06-15,24.1827010600,24.1665900000,24.2874229500,23.8363132700,20355981,609583794.2400
2023-06-16,24.2068676500,24.1343678800,24.4727001400,24.0860347000,20138508,605392548.1200
2023-06-19,24.1343678800,24.0215904600,24.4243669600,23.9732572800,14650148,440239562.1000
2023-06-20,24.1585344700,24.0054794000,24.1907565900,23.8927019800,15778081,470118240.9600
2023-06-21,23.8846464500,24.0135349300,24.2471453000,23.8846464500,19707351,590627938.7900
2023-06-26,23.9088130400,23.9168685700,24.0054794000,23.7235358500,21037144,623423306.8000
2023-06-27,23.9088130400,24.1504789400,24.3357561300,23.7799245600,23715065,710522457.3900
2023-06-28,24.1665900000,24.4646446100,24.5613109700,24.1665900000,26803913,811525927.5900
2023-06-29,24.4807556700,24.2874229500,24.6338107400,24.0860347000,24687860,748406993.3000
2023-06-30,24.2793674200,24.7707547500,24.9318653500,24.2793674200,27039223,828519937.7800
2023-07-03,24.6499218000,25.1010314800,25.1896423100,24.6499218000,34712366,1077136569.3400
2023-07-04,25.0526983000,25.0607538300,25.2782531400,24.9882540600,32387108,1009506057.7900
2023-07-05,25.0783212400,25.3152403000,25.4293124400,24.9905734400,28096913,806090273.4300
2023-07-06,25.1660690400,25.1221951400,25.3854385400,25.0695464600,14829392,425548880.0500
2023-07-07,25.0344473400,25.1836186000,25.4029881000,25.0344473400,13937582,400326569.5900
2023-07-10,25.3503394200,25.1221951400,25.4029881000,24.9905734400,12527091,358918900.7000
2023-07-11,25.2976907400,25.0168977800,25.2976907400,24.9730238800,11153288,318494443.4000
2023-07-12,25.1134203600,24.9379247600,25.1221951400,24.8326274000,12936160,368037300.5000
2023-07-13,25.0081230000,25.1660690400,25.3064655200,24.9379247600,12767569,366427833.6000
2023-07-14,25.1660690400,25.3240150800,25.4468620000,25.1660690400,11338183,327489688.9800
2023-07-17,24.7273300400,24.3587892800,24.7273300400,23.9551494000,41915949,1159864059.6200
2023-07-18,24.4377623000,24.4202127400,24.5606092200,24.2447171400,22103553,616255049.6600
2023-07-19,24.2271675800,24.5342848800,24.7185552600,24.2271675800,12292167,343890308.6600
2023-07-20,24.6308074600,24.3587892800,24.8589517400,24.3500145000,11856681,331720999.7000
2023-07-21,24.3938884000,24.2798162600,24.5167353200,24.2183928000,9627480,266883789.9500
2023-07-24,23.9551494000,24.2008432400,24.3412397200,23.9551494000,9404350,259563088.4500
2023-07-25,24.4816362000,24.7712039400,24.8238526200,24.3763388400,19160519,539323287.8400
2023-07-26,24.7712039400,24.9642491000,25.0958708000,24.7712039400,11611644,330595776.0800
2023-07-27,25.0081230000,24.9028256400,25.1221951400,24.8150778400,10184756,289476122.8800
2023-07-28,24.9203752000,24.9291499800,25.0958708000,24.7097804800,15063557,428117882.2500
2023-07-31,25.0958708000,24.9028256400,25.4029881000,24.7975282800,17566686,500818951.3000
2023-08-01,24.8765013000,24.9554743200,25.0783212400,24.8326274000,9923564,282108579.5300
2023-08-02,24.9905734400,24.4904109800,24.9905734400,24.4640866400,12447362,349578442.7000
2023-08-03,24.6132579000,24.4728614200,24.6132579000,24.3851136200,11599487,323588645.9900
2023-08-04,24.5693840000,24.3938884000,24.7361048200,24.3500145000,15493985,432716265.4900
2023-08-07,24.3236901600,24.4465370800,24.4728614200,24.2622667000,11061318,307345519.6800
2023-08-08,24.3500145000,24.4991857600,24.6308074600,24.2798162600,9665646,269455330.5200
2023-08-09,24.4465370800,24.4202127400,24.5606092200,24.3149153800,9369500,260439637.8000
2023-08-10,24.3938884000,24.6746813600,24.8940508600,24.3763388400,23348994,655888728.0500
2023-08-11,24.6308074600,24.1394197800,24.7887535000,24.1394197800,19820320,549017782.3700
2023-08-14,23.9726989600,24.0077980800,24.1745189000,23.8235277000,14538820,396775294.6600
2023-08-15,24.0428972000,24.1481945600,24.1920684600,23.9112755000,11685755,320514824.1100
2023-08-16,24.0867711000,24.0428972000,24.2008432400,23.9990233000,7724200,212093933.4700
2023-08-17,23.9726989600,24.0516719800,24.1043206600,23.8235277000,8358150,228333196.1000
2023-08-18,24.0516719800,23.9990233000,24.1832936800,23.9551494000,9108638,249935244.1000
2023-08-21,24.1043206600,23.7006807800,24.1043206600,23.6919060000,12570752,340339668.4500
2023-08-22,23.7094555600,24.1481945600,24.2447171400,23.6919060000,14491577,396568961.0400
2023-08-23,24.1569693400,24.6044831200,24.8765013000,24.1569693400,30431226,854600329.0200
2023-08-24,24.6746813600,24.4026631800,24.8677265200,24.3412397200,17904917,501396428.6600
2023-08-25,24.4202127400,24.4728614200,24.6132579000,24.3587892800,12750323,355523195.7200
2023-08-28,25.3415646400,25.0081230000,25.4556367800,24.8677265200,38412805,1100027322.8600
2023-08-29,25.0958708000,24.9554743200,25.1748438200,24.8501769600,24199927,689740779.1500
2023-08-30,25.0958708000,24.8150778400,25.1485194800,24.7799787200,15596611,442797338.8300
2023-08-31,25.0081230000,24.7185552600,25.0081230000,24.6659065800,13585107,383820641.2400
2023-09-01,24.8414021800,25.2274925000,25.3327898600,24.7448796000,28142804,806173958.1000
2023-09-04,25.4293124400,25.9557992400,26.1488444000,25.3678889800,43862476,1294161457.7500
2023-09-05,25.7978532000,26.1137452800,26.2102678600,25.6311323800,27530275,817427794.3600
2023-09-06,26.0786461600,26.0435470400,26.2629165400,25.9119253400,20223794,600269825.8700
2023-09-07,26.0435470400,26.1400696200,26.3243400000,25.8592766600,30782587,918260556.3800
2023-09-08,25.9557992400,25.8329523200,26.0961957200,25.7188801800,14668306,431670346.7000
2023-09-11,25.8856010000,26.1400696200,26.5875834000,25.8417271000,24793600,742202361.0300
2023-09-12,26.0610966000,26.1576191800,26.3682139000,25.9645740200,15067929,448370706.0100
2023-09-13,26.3067904400,26.5524842800,26.6665564200,26.1663939600,23334535,704806122.6800
2023-09-14,26.5612590600,27.3334397000,27.5352596400,26.5524842800,44310290,1374254288.9100
2023-09-15,27.6054578800,27.3509892600,27.7370795800,27.1667188800,34688761,1084649679.3100
2023-09-18,27.3773136000,27.4036379400,27.4650614000,26.9736737200,23070577,716849936.7300
2023-09-19,27.4211875000,27.5352596400,27.7809534800,27.2895658000,27777977,872238151.6100
2023-09-20,27.5352596400,27.6142326600,27.7809534800,27.2807910200,20414986,642218165.0600
2023-09-21,27.5440344200,27.3422144800,27.6756561200,27.2544666800,17947320,560298350.6200
2023-09-22,27.4738361800,27.4211875000,27.5528092000,27.0263224000,24111489,751841397.7100
2023-09-25,27.6054578800,27.5089353000,27.8599265000,27.3860883800,16895597,531322418.3200
2023-09-26,27.5089353000,27.3422144800,27.6668813400,27.2807910200,13074400,408130470.0000
2023-09-27,27.4475118400,27.0789710800,27.4475118400,26.9385746000,18173616,561252260.1100
2023-09-28,27.3334397000,27.3773136000,27.4913857400,26.9561241600,21460401,669199690.7300
2023-10-09,27.2018180000,27.6844309000,27.7634039200,27.1316197600,20813685,653276169.6900
2023-10-10,27.6844309000,27.2544666800,27.6844309000,27.1842684400,14553459,453852331.0000
2023-10-11,27.4211875000,27.0789710800,27.4387370600,26.7630790000,21111901,649138852.7500
2023-10-12,27.2807910200,26.9385746000,27.3334397000,26.8332772400,10079717,310359333.4600
2023-10-13,26.7630790000,26.9999980600,27.0614215200,26.6841059800,9838193,301601436.0100
2023-10-16,27.1754936600,27.5791335400,27.6230074400,27.0263224000,22762030,711356591.3700
2023-10-17,27.5528092000,27.7195300200,27.7634039200,27.3422144800,14159555,445183133.5600
2023-10-18,27.6493317800,27.7283048000,28.1231699000,27.5528092000,17889982,566673985.6000
2023-10-19,27.5528092000,27.1579441000,27.6230074400,27.1228449800,14843709,461572536.2500
2023-10-20,27.2369171200,27.0087728400,27.3422144800,26.9210250400,12062799,371668739.6300
2023-10-23,27.0263224000,27.1403945400,27.2018180000,26.8157276800,15682217,482817172.9900
2023-10-24,27.0965206400,26.8420520200,27.1667188800,26.5524842800,20749811,634629093.2200
2023-10-25,27.0965206400,26.6402320800,27.1579441000,26.6226825200,18599936,569314535.9000
2023-10-26,26.7367546600,26.8069529000,27.0701963000,26.5261599400,15235108,464767493.5900
2023-10-27,26.7630790000,26.6314573000,26.9999980600,26.6139077400,13244711,405160060.8700
2023-10-30,26.6314573000,26.0698713800,26.8069529000,26.0698713800,24387039,729982731.4900
2023-10-31,26.0523218200,26.6051329600,26.7630790000,26.0172227000,18757968,567805833.6500
2023-11-01,26.5086103800,26.5788086200,26.6928807600,26.1927183000,15332646,461401282.5600
2023-11-02,26.7981781200,26.7543042200,26.9824485000,26.5875834000,12623350,385103041.0000
2023-11-03,26.8771511400,26.6490068600,27.1403945400,26.5700338400,13198963,402768066.2900
2023-11-06,26.6051329600,25.8680514400,26.7367546600,25.7101054000,35503709,1049911264.5400
2023-11-07,25.7364297400,26.0172227000,26.1927183000,25.7364297400,15461860,458104458.8600
2023-11-08,25.8680514400,26.1137452800,26.1927183000,25.8417271000,16041846,476486074.6300
2023-11-09,26.2102678600,26.9561241600,27.0263224000,26.1751687400,25151414,767003695.9800
2023-11-10,26.9297998200,27.2895658000,27.3948631600,26.6753312000,23888049,738245240.4800
2023-11-13,27.3246649200,27.1403945400,27.4650614000,26.8157276800,13875046,427541766.6400
2023-11-14,27.0965206400,26.8947007000,27.2895658000,26.8069529000,11357198,348475313.8000
2023-11-15,27.0175476200,26.9736737200,27.1403945400,26.8069529000,11300867,347195209.3200
2023-11-16,26.9473493800,26.9999980600,27.0877458600,26.7192051000,12905634,396449011.6800
2023-11-17,26.9385746000,27.0263224000,27.1228449800,26.7543042200,16333750,501373436.7600
2023-11-20,27.0526467400,26.9561241600,27.0614215200,26.6841059800,12786861,392275402.6800
2023-11-21,27.0087728400,26.9473493800,27.3773136000,26.9210250400,16415293,507131729.5400
2023-11-22,26.8683763600,26.8947007000,27.0701963000,26.7455294400,11327386,347606530.6100
2023-11-23,26.8683763600,27.1579441000,27.2281423400,26.8069529000,12617696,388416922.4800
2023-11-24,27.0877458600,27.2456919000,27.4826109600,27.0789710800,18318834,570483455.7000
2023-11-27,27.4211875000,27.4211875000,27.5615839800,27.1491693200,17029848,531364524.3700
2023-11-28,27.4036379400,27.1930432200,27.4124127200,26.9736737200,14130244,437970409.7700
2023-11-29,27.3597640400,27.3509892600,27.4387370600,27.2105927800,14524691,452755812.3700
2023-11-30,27.2456919000,27.6317822200,27.6405570000,27.2369171200,26636366,834688059.8800
2023-12-01,27.6317822200,27.6493317800,27.8423769400,27.4562866200,27771925,873953883.4000
2023-12-04,27.6317822200,27.8687012800,27.9213499600,27.5528092000,22312985,706298405.5400
2023-12-05,27.7985030400,27.4475118400,27.9739986400,27.3773136000,20470962,646469549.9600
2023-12-06,27.4299622800,27.2369171200,27.4562866200,27.0175476200,17270861,534605391.0800
2023-12-07,27.2105927800,26.8245024600,27.2105927800,26.8157276800,21192939,651455762.5500
2023-12-08,26.8069529000,26.8332772400,27.1491693200,26.5086103800,24118338,738170242.7100
2023-12-11,26.6928807600,27.2720162400,27.4036379400,26.3857634600,35061680,1080259144.3500
2023-12-12,27.1930432200,27.4211875000,27.4211875000,26.9210250400,21496782,665856616.3900
2023-12-13,27.3948631600,27.0087728400,27.3948631600,26.9561241600,16324302,503955898.2100
2023-12-14,27.0965206400,26.9297998200,27.1579441000,26.7279798800,19882184,611116973.6400
2023-12-15,26.9385746000,26.6841059800,27.2369171200,26.6753312000,24209373,741405716.7400
2023-12-18,26.6928807600,26.9824485000,27.1228449800,26.4822860400,24949439,764175067.3900
2023-12-19,27.0263224000,27.0263224000,27.2018180000,26.8069529000,17796249,547368201.2100
2023-12-20,27.1140702000,27.2281423400,27.5089353000,27.0263224000,27297628,850000677.9900
2023-12-21,27.2193675600,26.9999980600,27.3597640400,26.7455294400,26707631,820883853.6000
2023-12-22,27.0438719600,27.5352596400,27.7195300200,27.0087728400,32897835,1030794698.7600
2023-12-25,27.5177100800,27.8687012800,27.9213499600,27.3422144800,27806336,876124666.1800
2023-12-26,27.9476743000,27.4738361800,28.5355845600,27.4299622800,38167503,1217885549.4500
2023-12-27,27.6405570000,27.7721787000,27.9476743000,27.3948631600,23625589,745730129.8400
2023-12-28,27.7721787000,27.3948631600,28.0792960000,27.0877458600,37538182,1172698912.0900
2023-12-29,27.2720162400,27.5089353000,27.6405570000,27.2105927800,25745245,805664369.6200
2024-01-02,27.5440344200,28.4127376400,28.6496567000,27.5264848600,42184092,1359959599.5700
2024-01-03,28.4039628600,28.9392244400,29.1147200400,28.3425394000,31978825,1050710214.7900
2024-01-04,28.9655487800,29.3340895400,29.4832608000,28.9655487800,39050803,1301177411.5500
2024-01-05,29.2463417400,29.3516391000,29.6587564000,29.0269722400,31655586,1060931502.3500
2024-01-08,29.2200174000,29.5271347000,29.6675311800,29.0006479000,45969032,1541399296.9900
2024-01-09,29.3955130000,29.8781259000,29.9658737000,29.1498191600,29580995,999884013.6700
2024-01-10,29.8781259000,29.7026303000,30.2729910000,29.4306121200,24398494,827465178.1200
2024-01-11,29.7026303000,29.1761435000,29.7026303000,29.1059452600,29463357,983251641.6000
2024-01-12,29.0883957000,29.5008103600,29.5622338200,29.0094226800,21163491,707212657.9800
2024-01-15,29.3955130000,29.8693511200,29.9921980400,29.3340895400,23839567,808029742.6000
2024-01-16,29.7377294200,30.0799458400,30.2466666600,29.6763059600,21816280,746362168.0000
2024-01-17,29.9921980400,29.9570989200,30.4133874800,29.8693511200,31967604,1098217725.1800
2024-01-18,29.9570989200,29.8956754600,30.1852432000,29.1322696000,46466888,1567030066.7800
2024-01-19,29.8430267800,29.1761435000,29.8430267800,28.7900531800,60297481,2003791322.3800
2024-01-22,29.1498191600,28.9216748800,29.3867382200,28.6496567000,38100918,1262454097.4000
2024-01-23,28.7988279600,29.5008103600,29.6587564000,28.6496567000,29930816,993815363.1200
2024-01-24,29.6499816200,30.3695135800,30.4484866000,29.4744860200,32600623,1115547091.2500
2024-01-25,30.5186848400,30.8170273600,31.0539464200,30.2291171000,33269597,1161608331.1400
2024-01-26,30.7117300000,31.4137124000,31.5541088800,30.6239822000,30660100,1086920592.7400
2024-01-29,31.4312619600,31.2820907000,31.6155323400,31.1504690000,25157315,899957523.5900
2024-01-30,31.3259646000,31.3786132800,31.5892080000,30.9310995000,27717552,990488153.4800
2024-01-31,31.0539464200,32.5719833600,32.6334068200,31.0188473000,46737348,1711930598.3800
2024-02-01,32.3350643000,31.8524514000,32.4228121000,31.6155323400,34954276,1273620130.5700
2024-02-02,31.8524514000,32.4842355600,32.7299294000,31.5014602000,42696282,1564773418.8700
2024-02-05,32.2999651800,33.4582361400,33.4582361400,32.2034426000,41335662,1557724730.7500
2024-02-06,33.3002901000,33.1160197200,33.8706508000,32.8264519800,43284055,1639413858.8200
2024-02-07,33.1160197200,33.8618760200,33.9232994800,32.2911904000,51536462,1937181244.2300
2024-02-08,33.5986326200,33.4055874600,33.6688308600,32.9317493400,36272091,1375426716.9600
2024-02-19,33.1774431800,34.9323991800,35.0552461000,32.9141997800,40326529,1576991694.2400
2024-02-20,34.8885252800,34.8885252800,35.3272642800,34.4673358400,30985576,1232997855.7200
2024-02-21,34.8885252800,34.7305792400,35.1254443400,34.5112097400,34692133,1373552961.8600
2024-02-22,34.5463088600,35.8274267400,35.9765980000,34.4585610600,41316132,1665190976.2700
2024-02-23,35.8888502000,34.9674983000,35.8888502000,34.6603810000,37105415,1486927211.5300
2024-02-26,34.5199845200,33.8706508000,34.8358766000,33.7127047600,50102990,1949242971.9800
2024-02-27,33.6951552000,33.8531012400,34.2128672200,33.5372091600,30242950,1163736850.5000
2024-02-28,33.7565786600,34.2216420000,34.4146871600,33.2125423000,48928559,1883380070.1200
2024-02-29,33.8706508000,33.8706508000,34.1163446400,33.5372091600,37572751,1446115660.4700
2024-03-01,33.6512813000,33.6776056400,34.1689933200,33.4143622400,32051478,1231988718.3400
2024-03-04,33.5196596000,34.2128672200,34.3093898000,33.3704883400,42137234,1630718657.2000
2024-03-05,34.1865428800,34.7042549000,34.9060748400,34.0461464000,38384327,1509659254.8700
2024-03-06,34.7042549000,34.5901827600,35.4325616400,34.3620384800,36900751,1466842882.9300
2024-03-07,34.4673358400,35.1780930200,35.2307417000,34.3971376000,31494276,1254567410.7600
2024-03-08,35.0376965400,34.8797505000,35.1780930200,34.3620384800,30809455,1220691586.8100
2024-03-11,34.6603810000,33.9583986000,34.8007774800,33.6074074000,40288021,1562064282.1500
2024-03-12,33.7829030000,32.6246320400,33.8706508000,32.3964877600,65997701,2475861303.0300
2024-03-13,32.6070824800,32.5281094600,32.6158572600,31.9314244200,35628203,1313211445.5000
2024-03-14,32.4579112200,32.8352267600,32.9317493400,32.0279470000,33722920,1250571634.3600
2024-03-15,32.6860555000,32.7387041800,32.8176772000,31.7822531600,44778666,1654217244.9700
2024-03-18,32.3350643000,32.2560912800,32.4140373200,31.9226496400,38624101,1415122016.3800
2024-03-19,32.1244695800,32.7562537400,33.4319118000,32.0542713400,37338641,1397185993.8400
2024-03-20,32.6860555000,32.8966502200,33.3968126800,32.3438390800,28673923,1076852461.8900
2024-03-21,32.8176772000,33.0545962600,33.3704883400,32.3789382000,30620434,1151292309.0000
2024-03-22,33.0545962600,33.2915153200,33.4231370200,32.7562537400,33265084,1256819228.7100
2024-03-25,32.6421816000,33.7916777800,34.3532637000,32.4842355600,51160466,1974872583.9700
2024-03-26,34.2128672200,33.3704883400,34.2216420000,32.9317493400,38554813,1462339696.0000
2024-03-27,33.4933352600,34.0812455200,34.3971376000,33.3968126800,32594013,1267079522.0600
2024-03-28,34.1338942000,33.9057499200,34.3444889200,33.6600560800,34991740,1355151827.9600
2024-03-29,33.8355516800,34.3006150200,34.6077323200,33.7039299800,23946673,935555815.3800
2024-04-01,34.3093898000,33.6776056400,34.3181645800,33.3441640000,38410759,1474998365.1800
2024-04-02,33.6688308600,34.2655159000,34.3357141400,33.5284343800,32697622,1270473622.9000
2024-04-03,34.2655159000,34.7393540200,34.8797505000,34.1163446400,27795306,1094833892.4400
2024-04-08,34.5375340800,34.7305792400,35.0991200000,34.1163446400,23025510,911287247.5600
2024-04-09,34.8622009400,34.8271018200,35.1517686800,34.3883628200,19673782,778862991.1400
2024-04-10,34.8183270400,35.2131921400,35.6080572400,34.7920027000,30002489,1207440233.7100
2024-04-11,35.0991200000,35.0991200000,35.5203094400,34.7481288000,19469582,778950662.3700
2024-04-12,35.0113722000,34.8622009400,35.1693182400,34.6516062200,21525318,856917937.9500
2024-04-15,34.8358766000,36.0204719000,36.1871927200,34.8095522600,33012766,1344997867.7200
2024-04-16,36.0204719000,36.5908326000,37.0207968200,35.8625258600,39246863,1633266946.2600
2024-04-17,36.5030848000,36.7663282000,36.8453012200,35.8800754200,25015767,1040330011.5100
2024-04-18,36.5118595800,36.2924900800,37.2050672000,36.0380214600,26529769,1101573769.4600
2024-04-19,36.0467962400,36.7575534200,37.0295716000,36.0204719000,26154651,1092067249.6300
2024-04-22,36.7487786400,35.3623634000,37.3542384600,35.3097147200,32248938,1326480560.3900
2024-04-23,35.0201469800,35.0113722000,35.5290842200,34.2304167800,27856359,1105479144.3100
2024-04-24,35.3623634000,34.9236244000,35.4939851000,34.5550836400,22562994,897523874.6600
2024-04-25,34.8534261600,35.0640208800,35.3623634000,34.6165071000,20235973,805516018.7700
2024-04-26,34.8797505000,34.7042549000,35.2044173600,34.6603810000,28337837,1124901991.8400
2024-04-29,34.6428314400,34.2216420000,34.6428314400,33.8794255800,41781253,1627219755.4500
2024-04-30,34.2216420000,34.9499487400,35.1078947800,34.1426689800,29738706,1181284332.5200
2024-05-06,34.8271018200,34.7042549000,34.8622009400,34.0461464000,33779856,1327794955.4500
2024-05-07,34.6516062200,35.0376965400,35.0903452200,34.5726332000,22047370,874634657.3500
2024-05-08,35.1078947800,36.1082197000,36.3714631000,35.1078947800,38193795,1563614148.1400
2024-05-09,35.9678232200,35.8449763000,36.2398414000,35.6343815800,26529150,1085533595.9800
2024-05-10,35.8362015200,35.9502736600,36.1520936000,35.6782554800,22703051,930336198.1800
2024-05-13,35.7660032800,35.7835528400,35.9414988800,35.0552461000,21847559,885569852.0600
2024-05-14,35.6343815800,35.3360390600,35.7396789400,34.7920027000,26466990,1059420514.6500
2024-05-15,35.0991200000,35.2482912600,35.3886877400,34.9674983000,14442600,580030805.0000
2024-05-16,35.2482912600,34.7481288000,35.2921651600,34.7042549000,21260529,845715367.0600
2024-05-17,34.6867053400,35.0025974200,35.0289217600,34.5726332000,20810624,826849054.6600
2024-05-20,35.0113722000,35.9151745400,36.0818953600,34.9762730800,27194546,1102205421.8800
2024-05-21,35.8713006400,36.8277516600,36.8540760000,35.6607059200,29403082,1223226685.4100
2024-05-22,36.7663282000,36.6259317200,37.3103645600,36.5557334800,24271138,1021576681.8600
2024-05-23,36.5996073800,36.8540760000,36.9681481400,36.3451387600,16752780,701346230.2600
2024-05-24,36.9242742400,36.2486161800,37.0295716000,36.2398414000,16586026,692441764.6000
2024-05-27,36.4943100200,36.8540760000,37.7491035600,36.4328865600,25686009,1085400983.0300
2024-05-28,36.8628507800,37.6438062000,38.0913199800,36.8014273200,23792715,1019209517.6700
2024-05-29,37.6438062000,38.1264191000,38.3019147000,37.3805628000,21603456,936354991.2200
2024-05-30,37.8280765800,37.8105270200,38.4861850800,37.4683106000,23332714,1008183737.2800
2024-05-31,37.9596982800,37.1436437400,38.0825452000,37.1436437400,20058323,861131054.5900
2024-06-03,37.4683106000,38.0298965200,38.2404912400,37.3981123600,26577489,1149105254.4400
2024-06-04,37.9245991600,37.1524185200,37.9596982800,37.1436437400,33072957,1410263846.0000
2024-06-05,37.1260941800,37.5121845000,38.0825452000,37.0295716000,26564584,1140452161.4600
2024-06-06,37.5297340600,38.7494284800,39.2759152800,37.5297340600,32650986,1436926363.6400
2024-06-07,38.7933023800,38.7406537000,38.9512484200,38.4774103000,22146552,976772115.6000
2024-06-11,38.7494284800,38.1176443200,39.0653205600,37.8280765800,24360172,1061274421.8100
2024-06-12,37.9333739400,39.1793927000,39.3548883000,37.7403287800,26472574,1165577281.5600
2024-06-13,39.0477710000,39.1179692400,39.4689604400,38.7582032600,18226751,811191865.5200
2024-06-14,39.0038971000,38.9161493000,39.5918073600,38.6090320000,28165983,1254276607.4500
2024-06-17,38.8020771600,38.2053921200,39.0214466600,37.9947974000,27547526,1203300142.1700
2024-06-18,38.1878425600,38.2317164600,38.3721129400,37.5560584000,16946544,733578403.6200
2024-06-19,38.0825452000,38.1176443200,38.7143293600,37.8807252600,23464678,1020956159.8600
2024-06-20,38.0913199800,39.1618431400,39.3373387400,37.8982748200,35704871,1581944071.8600
2024-06-21,38.9687979800,38.7055545800,39.2057170400,38.3984372800,19866304,877530033.1800
2024-06-24,38.8635006200,38.8284015000,39.1355188000,38.5300589800,20110686,889964384.3200
2024-06-25,38.9073745200,38.5476085400,38.9249240800,38.3194642600,18014773,791410461.8800
2024-06-26,38.4510859600,38.3896625000,38.7406537000,37.7754279000,18863833,820565526.7600
2024-06-27,38.2317164600,38.1702930000,38.6002572200,37.8807252600,25068964,1092496965.4800
2024-06-28,37.9333739400,38.9336988600,39.1618431400,37.9070496000,22105842,974522927.8800
2024-07-01,38.9687979800,39.7322038400,40.3288888800,38.9600232000,20995421,949937575.2400
2024-07-02,39.7497534000,40.1884924000,40.2586906400,39.2759152800,22674028,1029197856.5800
2024-07-03,40.0129968000,39.7058795000,40.3815375600,39.4163117600,20169551,914594069.0200
2024-07-04,39.6971047200,39.8375012000,40.1709428400,39.6971047200,16058960,730078877.4400
2024-07-05,39.8375012000,39.5742578000,40.0831950400,38.6880050200,27405677,1227117790.5300
2024-07-08,39.5373132000,40.0730992200,40.3040414700,39.0754287000,25661548,1105464937.7500
2024-07-09,39.9991977000,40.0915746000,40.2301399500,39.4541739900,23794751,1029772331.4600
2024-07-10,39.8052062100,38.5304049900,39.9068208000,38.0408074200,47960407,2005410933.3300
2024-07-11,38.1793727700,38.5026919200,38.8999125900,37.7544390300,34006914,1411332494.8100
2024-07-12,38.3641265700,38.0685204900,38.8260110700,37.7913897900,24098086,997563761.5400
2024-07-15,37.8745290000,39.1585679100,39.2047563600,37.6897752000,24825023,1044852717.1600
2024-07-16,39.0292402500,39.1770432900,39.3525594000,38.6966834100,20050250,846564006.4300
2024-07-17,39.1493302200,38.5396426800,39.3248463300,38.2809873600,21983510,918227283.8300
2024-07-18,38.7059211000,38.8444864500,38.9183879700,38.3271758100,17205894,721006955.9600
2024-07-19,38.8260110700,38.7705849300,38.9553387300,38.3179381200,22318200,933287514.0100
2024-07-22,38.5488803700,38.5488803700,38.7151587900,36.8583831000,39510434,1617790892.7700
2024-07-23,38.3364135000,37.9299551400,38.6597326500,37.7821521000,18091660,746132805.5000
2024-07-24,37.8375782400,38.5765934400,38.7521095500,37.6897752000,18227400,754743911.8200
2024-07-25,38.5396426800,38.1054712500,38.5396426800,37.5789229200,21256537,873625845.0900
2024-07-26,38.1054712500,37.6897752000,38.2440366000,37.3756937400,18175082,742036178.4800
2024-07-29,37.4865460200,37.7267259600,37.9761435900,37.3664560500,13837592,563827675.5700
2024-07-30,37.5789229200,36.7660062000,37.6528244400,36.5073508800,22295682,890684437.0400
2024-07-31,36.7752438900,36.7198177500,37.1817022500,36.4057362900,25212841,1005030834.4800
2024-08-01,36.9415223100,36.4057362900,37.2463660800,36.2671709400,21150777,836924876.1100
2024-08-02,36.2117448000,36.1286055900,36.2948840100,35.5743441900,16902448,658011025.1900
2024-08-05,35.8884256500,35.5373934300,35.8976633400,35.3156888700,22031849,848642292.9500
2024-08-06,35.5743441900,35.2417873500,35.7498603000,35.0016074100,19075806,728251590.3600
2024-08-07,35.2417873500,35.9161387200,36.3872609100,35.1124596900,21032000,820639226.3600
2024-08-08,36.0269910000,35.9253764100,36.4704001200,35.8976633400,14563020,569208406.7700
2024-08-09,35.8422372000,36.0731794500,36.3041217000,35.5651065000,11124510,432957503.7900
2024-08-12,35.8607125800,36.3041217000,36.6274408500,35.6851964700,13093996,515315214.9900
2024-08-13,36.3041217000,36.1008925200,36.6921046800,35.8607125800,12193738,477524776.9400
2024-08-14,36.0269910000,36.1470809700,36.3964986000,35.5928195700,8949140,350139529.4500
2024-08-15,36.0269910000,37.1262761100,37.3017922200,35.9808025500,23436598,936591933.1700
2024-08-16,37.1262761100,37.4403575700,37.5419721600,37.0154238300,13713993,554561585.6600
2024-08-19,37.4403575700,37.2740791500,38.0685204900,37.1909399400,13625257,554332985.7400
2024-08-20,37.2833168400,36.6643916100,37.3664560500,36.4334493600,14046750,558450463.7100
2024-08-21,36.8029569600,36.7382931300,37.0246615200,36.1193679000,12976628,512884589.0700
2024-08-22,36.7382931300,36.8860961700,37.0154238300,36.4981131900,10675390,425313918.1000
2024-08-23,36.7752438900,37.2094153200,37.8652913100,36.7290554400,13291150,536768585.8900
2024-08-26,37.2740791500,37.2740791500,37.4588329500,36.7752438900,11988715,481326862.1400
2024-08-27,37.2648414600,38.5211673000,38.6043065100,37.0893253500,21791457,899510042.6600
2024-08-28,38.3641265700,38.2532742900,38.9645764200,37.9207174500,15814204,656182517.4500
2024-08-29,38.2255612200,37.6435867500,38.3364135000,37.3756937400,12686400,518517206.9200
2024-08-30,37.4218821900,37.4588329500,37.9022420700,36.7382931300,21526502,873048968.2800
2024-09-02,37.4218821900,37.9484305200,38.3271758100,37.0246615200,21124388,868256646.5800
2024-09-03,37.9484305200,37.1170384200,38.5673557500,36.7660062000,19006283,768474527.1600
2024-09-04,36.9507600000,36.6366785400,37.1355138000,36.5350639500,13262800,527785454.0000
2024-09-05,36.6089654700,35.7683356800,37.0061861400,35.6667210900,25277785,983408032.0900
2024-09-06,35.7498603000,35.1401727600,36.0547040700,35.1309350700,16940537,650242652.9700
2024-09-09,35.1032220000,34.3826821800,35.1401727600,33.8284207800,26253998,974585238.3100
2024-09-10,34.3642068000,34.6320998100,35.3156888700,34.3364937300,18615520,701532451.0000
2024-09-11,34.3642068000,33.9392730600,34.4381083200,33.2094955500,24270652,884397732.9500
2024-09-12,34.1147891700,34.7429520900,34.9461812700,33.8007077100,24260306,903595753.6800
2024-09-13,34.6413375000,34.9646566500,35.2787381100,34.6413375000,14576499,552672159.7500
2024-09-18,34.7521897800,35.3249265600,35.8422372000,34.7521897800,13342930,512107625.6000
2024-09-19,35.5096803600,35.1032220000,35.5096803600,34.2256414500,23297289,876352274.5800
2024-09-20,35.0570335500,35.5651065000,35.7313849200,34.9461812700,21632796,828847490.9000
2024-09-23,35.4080657700,36.1193679000,36.4796378100,35.2972134900,16307843,636217425.3200
2024-09-24,36.6736293000,38.0408074200,38.0500451100,36.2579332500,34169835,1378344625.2700
2024-09-25,38.7982980000,38.5950688200,39.6296901000,38.2347989100,29689657,1244481291.6000
2024-09-26,38.7982980000,39.4726493700,39.5096001300,38.3641265700,28172620,1191462496.0600
2024-09-27,40.1931891900,38.6227818900,40.1931891900,38.3364135000,24452686,1027113357.1900
2024-09-30,39.0939040800,40.2763284000,41.5418919300,38.0592828000,95933756,4072673205.8500
2024-10-08,43.5095199000,39.2047563600,43.8790275000,37.6620621300,118468401,5132317102.0600
2024-10-09,38.7243964800,37.2740791500,39.2878955700,37.2463660800,58165757,2402306537.5200
2024-10-10,37.4126445000,39.6758785500,40.4241314400,37.4126445000,75539975,3219836367.3600
2024-10-11,39.8606323500,39.3525594000,40.6920244500,38.7982980000,51444614,2207725230.3200
2024-10-14,39.1678056000,39.4172232300,40.2301399500,38.7243964800,34966984,1493669608.7100
2024-10-15,39.3895101600,38.6227818900,39.7035916200,38.6227818900,26721364,1130038118.1700
2024-10-16,38.5026919200,38.3641265700,38.9183879700,38.1239466300,21012405,874122094.5500
2024-10-17,38.4103150200,37.8652913100,39.2324694300,37.8468159300,21766350,904721687.5100
2024-10-18,37.9207174500,38.7798226200,39.1678056000,37.7452013400,36328052,1516227020.0400
2024-10-21,38.7243964800,38.1701350800,39.2139940500,37.9669059000,34904069,1451494331.2700
2024-10-22,38.1793727700,38.2809873600,38.4934542300,37.9114797600,25286520,1046469322.3700
2024-10-23,38.2255612200,37.9207174500,38.4657411600,37.7636767200,29019434,1193892612.5800
2024-10-24,37.9207174500,38.1424220100,38.2994627400,37.6528244400,22810370,941357409.2700
2024-10-25,38.1424220100,37.8098651700,38.2163235300,37.6990128900,19106601,783650867.5800
2024-10-28,38.1886104600,37.9669059000,38.7982980000,37.7452013400,35549328,1468390464.2300
2024-10-29,37.9022420700,37.8560536200,38.2163235300,37.4957837100,27675361,1134616960.4900
2024-10-30,37.7636767200,37.3572183600,38.0777581800,37.0523745900,24195808,980182025.5000
2024-10-31,37.2371283900,36.9877107600,37.4403575700,36.4888755000,26452128,1057272282.0600
2024-11-01,36.9784730700,37.9391928300,38.2809873600,36.9784730700,35744209,1461539082.1600
2024-11-04,37.9853812800,37.6435867500,38.0223320400,37.2278907000,24267301,983277997.6300
2024-11-05,37.5512098500,37.9022420700,37.9207174500,37.3479806700,23237996,947137857.8100
2024-11-06,37.9207174500,37.2556037700,38.3179381200,37.1724645600,33610454,1367244038.4200
2024-11-07,37.2556037700,37.6990128900,37.7174882700,37.0616122800,29915784,1212736938.2400
2024-11-08,37.6990128900,37.1262761100,38.2255612200,36.8306700300,40189144,1626336617.0200
2024-11-11,36.6643916100,36.3780232200,36.7660062000,36.0547040700,33816602,1329739610.7400
2024-11-12,36.2302201800,35.9438517900,36.6366785400,35.9161387200,35772296,1399425975.5200
2024-11-13,35.8145241300,36.3687855300,36.8583831000,35.7221472300,35778306,1411951434.0800
2024-11-14,36.1286055900,36.5904900900,37.0431369000,35.9623271700,33176988,1320144091.2100
2024-11-15,36.5627770200,37.0800876600,37.3202676000,36.2117448000,41347455,1652894760.1000
2024-11-18,36.9415223100,38.2717496700,38.3364135000,36.8860961700,57225124,2354747666.0400
2024-11-19,38.2717496700,37.9761435900,38.4657411600,37.5604475400,34989650,1439136955.0000
2024-11-20,37.7359636500,37.9114797600,38.0962335600,37.6897752000,22181812,909162370.2200
2024-11-21,37.8375782400,38.0500451100,38.3918396400,37.7821521000,20264111,836026890.7700
2024-11-22,38.0500451100,36.7660062000,38.1701350800,36.7660062000,27344613,1102845126.5400
2024-11-25,37.1170384200,37.0523745900,37.2925545300,36.4888755000,23738154,947580670.4500
2024-11-26,36.6089654700,36.7660062000,37.0616122800,36.1655563500,18937511,754243134.8500
2024-11-27,36.7752438900,37.5050214000,37.5696852300,36.6274408500,25259747,1019940911.4700
2024-11-28,37.4957837100,37.2001776300,37.6343490600,37.1170384200,15727994,635920735.3100
2024-11-29,37.3941691200,36.9138092400,37.4865460200,36.8583831000,18674429,750723709.7600
2024-12-02,36.7660062000,36.5904900900,36.8768584800,36.1193679000,37189672,1464764181.3200
2024-12-03,36.4888755000,37.1632268700,37.1724645600,36.4057362900,26866838,1071787399.4200
2024-12-04,36.9322846200,38.8906749000,39.0754287000,36.8583831000,58311699,2421933717.5700
2024-12-05,38.7890603100,38.7243964800,39.0292402500,38.4934542300,23911350,1003548599.2000
2024-12-06,38.7705849300,39.1123794600,39.4264609200,38.7059211000,26569423,1124814716.2300
2024-12-09,38.7059211000,39.2601825000,39.7035916200,38.3456511900,24503449,1039387366.8600
2024-12-10,40.1008122900,39.2971332600,40.3317545400,38.8999125900,34904684,1489367528.1300
2024-12-11,39.2971332600,40.0730992200,40.0915746000,39.1955186700,29090148,1252026890.9100
2024-12-12,39.9714846300,39.8236815900,40.0915746000,39.2786578800,25901216,1114364682.4500
2024-12-13,39.6851162400,39.3525594000,39.8421569700,39.1123794600,43169576,1838751267.7100
2024-12-16,39.1216171500,40.1377630500,40.2670907100,39.1216171500,36796839,1592470311.5900
2024-12-17,40.0269107700,39.5373132000,40.8305898000,39.4634116800,29378460,1271383300.1800
2024-12-18,39.8883454200,39.7774931400,40.5072706500,39.6574031700,28246607,1223356556.1400
2024-12-19,39.4634116800,39.3617970900,40.0453861500,39.2601825000,17271439,739556626.4100
2024-12-20,39.3525594000,38.1886104600,39.4634116800,37.9207174500,40108006,1664064918.9400
2024-12-23,38.0592828000,38.5950688200,38.9553387300,37.8560536200,33490704,1397011568.4800
2024-12-24,38.5211673000,38.5581180600,38.7798226200,38.0223320400,19596957,815761895.2100
2024-12-25,38.6320195800,39.6296901000,39.9622469400,38.5581180600,28346879,1210170702.2200
2024-12-26,39.4264609200,38.9183879700,39.8052062100,38.8906749000,22177671,938499372.8700
2024-12-27,38.9645764200,38.9738141100,39.2878955700,38.5026919200,18649827,785971307.7200
2024-12-30,39.1678056000,39.5188378200,39.9899600100,39.1678056000,21762071,932948659.9000
2024-12-31,39.6296901000,40.1654761200,40.6181229300,39.4449363000,35871662,1563375731.0400
2025-01-02,40.0361484600,39.3433217100,40.6365983100,39.0754287000,30361375,1306206672.5900
2025-01-03,39.6481654800,38.8629618300,39.7313046900,38.7705849300,24085702,1020680626.3200
2025-01-06,38.9830518000,38.6227818900,39.1031417700,38.2625119800,21589723,902132666.4300
2025-01-07,38.6412572700,37.9669059000,38.7243964800,37.6712998200,21845858,898530525.1700
2025-01-08,37.8283405500,37.7636767200,38.3826019500,37.4126445000,28457714,1163425590.3000
2025-01-09,37.4126445000,36.5535393300,37.5604475400,36.4888755000,40424668,1608901505.6800
2025-01-10,36.4888755000,36.1932694200,36.8860961700,35.9346141000,28488322,1119437482.7100
2025-01-13,36.2394578700,35.9253764100,36.4981131900,35.8052864400,24330736,950014026.6000
2025-01-14,36.2117448000,36.3225970800,36.3225970800,35.7406226100,30813871,1202030434.5500
2025-01-15,36.1932694200,36.2209824900,36.8860961700,35.9900402400,29639657,1165666418.0700
2025-01-16,36.3503101500,36.6736293000,36.8768584800,36.0731794500,31088895,1229326894.5100
2025-01-17,36.6551539200,36.5904900900,37.0061861400,36.4611624300,25120232,998189720.7900
2025-01-20,36.6736293000,35.7868110600,36.6736293000,35.7498603000,35852623,1401060792.6400
2025-01-21,35.8237618200,35.2972134900,35.9161387200,35.1955989000,25468980,976524408.9700
2025-01-22,35.5558688100,35.1863612100,35.5651065000,35.0200827900,23779006,905388714.7900
2025-01-23,35.4265411500,35.4819672900,36.0085156200,35.2602627300,25459581,983066790.1500
2025-01-24,35.6759587800,36.1008925200,36.3964986000,35.2879758000,36208147,1413648471.5900
2025-01-27,36.1193679000,36.9507600000,37.0431369000,36.1101302100,29457006,1172778344.4200
2025-02-05,36.9507600000,35.8607125800,36.9507600000,35.4819672900,34045080,1320107665.2200
2025-02-06,35.8607125800,35.9808025500,35.9808025500,35.4819672900,21866873,845553759.7700
2025-02-07,35.8422372000,35.9253764100,35.9992779300,35.5743441900,26659225,1033984427.4800
2025-02-10,35.7498603000,35.6482457100,35.8884256500,35.5281557400,23816230,920195361.8500
2025-02-11,35.6020572600,35.6112949500,35.9992779300,35.4542542200,24355584,940113918.1500
2025-02-12,35.6205326400,35.3064511800,35.6205326400,35.1309350700,30660311,1172004627.5900
2025-02-13,35.3249265600,35.2048365900,35.5189180500,35.1216973800,29750047,1135577363.1700
2025-02-14,35.2602627300,35.2233119700,35.2972134900,35.0293204800,28187397,1072369567.3000
2025-02-17,35.1955989000,34.4381083200,35.1955989000,34.2903052800,60759882,2269830442.1500
2025-02-18,34.1794530000,33.8191830900,34.4473460100,33.7175685000,56134671,2069582588.9700
2025-02-19,33.8284207800,33.3480609000,33.8376584700,33.2741593800,45129839,1630796518.6500
2025-02-20,33.2556840000,33.4496754900,33.5328147000,33.0062663700,34844239,1258578036.1000
2025-02-21,33.4127247300,32.6829472200,33.4773885600,32.5905703200,62451008,2226711816.7800
2025-02-24,32.4058165200,33.0339794400,33.3480609000,32.1286858200,64893459,2295273685.4700
2025-02-25,32.8215125700,32.9138894700,33.8007077100,32.7383733600,63888678,2302146499.9300
2025-02-26,32.9138894700,32.8307502600,33.3295855200,32.6367587700,33014321,1173949524.1600
2025-02-27,32.7014226000,33.0155040600,33.1448317200,32.1933496500,46893208,1654587215.0600
2025-02-28,32.9600779200,32.7476110500,33.1448317200,32.7383733600,35589052,1269862723.4800
2025-03-03,32.8677010200,32.8307502600,33.1817824800,32.7014226000,27862063,991969536.2100
2025-03-04,32.7014226000,32.6552341500,32.8307502600,32.4520049700,21458015,757174924.7500
2025-03-05,32.5720949400,33.0062663700,33.0062663700,32.3411526900,32633112,1157753346.4000
2025-03-06,32.9693156100,32.7845618100,32.9693156100,32.5443818700,29250385,1037358453.9700
2025-03-07,32.7845618100,33.1540694100,33.4219624200,32.7014226000,42731841,1536048908.5800
2025-03-10,33.0709302000,33.3480609000,33.7360438800,33.0524548200,32106046,1160254399.1100
2025-03-11,33.3295855200,33.6529046700,33.6713800500,33.0709302000,31166826,1129340404.9500
2025-03-12,33.5790031500,33.1910201700,33.5790031500,33.0709302000,25021551,900264075.7900
2025-03-13,33.2002578600,34.3826821800,34.7060013300,33.1910201700,84155323,3114970393.4600
2025-03-14,34.2718299000,34.3364937300,34.6413375000,34.2071660700,43887907,1634471986.1400
2025-03-17,34.3272560400,34.2071660700,34.6043867400,34.1794530000,28785645,1068129158.0900
2025-03-18,34.1609776200,33.8838469200,34.1609776200,33.8007077100,24126961,886235514.1800
2025-03-19,33.8838469200,33.8838469200,34.0963137900,33.7360438800,20882110,767221821.7200
2025-03-20,33.9762238200,33.9485107500,34.3180183500,33.9023223000,22858993,842745918.6000
2025-03-21,33.8284207800,33.8284207800,34.3180183500,33.8284207800,29294231,1079586880.5200
2025-03-24,34.0870761000,34.2903052800,34.6228621200,33.8746092300,41665708,1544405603.7000
2025-03-25,34.2903052800,34.8722797500,35.1955989000,34.1517399300,58279682,2200409006.2500
2025-03-26,34.8815174400,35.1309350700,35.2233119700,34.5951490500,36848469,1394470415.3900
2025-03-27,35.0477958600,35.0847466200,35.3526396300,34.9092305100,23202680,881573785.4200
2025-03-28,35.0016074100,34.9461812700,35.0939843100,34.7337144000,18915606,714429528.2000
2025-03-31,34.8445666800,35.4265411500,35.4450165300,34.7706651600,35510316,1357153701.8800
2025-04-01,35.3711150100,35.7036718500,35.8052864400,35.3341642500,23504026,905765298.1400
2025-04-02,35.7868110600,35.7036718500,35.7868110600,35.3895903900,19421142,748315610.0800
2025-04-03,35.3064511800,35.9900402400,36.0547040700,35.2972134900,24685855,957488778.3800
2025-04-07,35.1216973800,34.4935344600,35.5466311200,33.9946992000,71366078,2684873022.1200
2025-04-08,34.8722797500,36.1932694200,36.1932694200,34.5304852200,64116748,2457862920.0200
2025-04-09,35.9069010300,36.4519247400,36.6459162300,35.4727296000,63588646,2469482497.9100
2025-04-10,36.2394578700,36.0177533100,36.2394578700,35.1401727600,47185190,1823708647.1900
2025-04-11,35.9161387200,35.1216973800,35.9253764100,34.9277058900,38592757,1470833236.2200
2025-04-14,35.0847466200,35.6574834000,35.7590979900,34.7891405400,32344371,1238152681.7000
2025-04-15,35.4173034600,35.6574834000,35.8976633400,35.4080657700,24579300,947572629.4400
2025-04-16,35.6482457100,36.4519247400,36.4519247400,35.3803527000,41901417,1630151246.4700
2025-04-17,36.3133593900,36.2856463200,36.3133593900,35.9161387200,19005768,742397104.7900
2025-04-18,36.0639417600,36.2117448000,36.4981131900,35.8699502700,22023137,863447709.0200
2025-04-21,36.1563186600,35.9530894800,36.4242116700,35.8052864400,20496036,797965740.4300
2025-04-22,35.8329995100,35.6944341600,36.1286055900,35.6944341600,17289168,670997226.0500
2025-04-23,35.6667210900,35.6020572600,35.8052864400,35.4727296000,18606625,717240300.8300
2025-04-24,35.5651065000,35.9715648600,36.0454663800,35.5189180500,23694561,921343274.2400
2025-04-25,35.8514748900,35.7313849200,35.8884256500,35.4727296000,24743468,954072787.0600
2025-04-28,35.0662712400,35.1032220000,35.4080657700,34.2625922100,46487659,1756521483.1500
2025-04-29,34.9646566500,35.3526396300,35.3618773200,34.8630420600,21136799,804322897.5500
2025-04-30,35.2879758000,35.3803527000,35.6390080200,34.8722797500,22259772,850773300.1800
2025-05-06,35.5651065000,35.4265411500,35.5651065000,35.0200827900,21263342,812258210.0600
2025-05-07,36.3503101500,35.8237618200,36.3503101500,35.2879758000,22750087,875910398.2400
2025-05-08,35.5466311200,35.6112949500,35.9253764100,35.4819672900,16193843,626316151.5400
2025-05-09,35.5558688100,35.8791879600,36.1193679000,35.5466311200,22571597,875977056.3800
2025-05-12,35.8884256500,35.6205326400,35.9253764100,35.4912049800,27826756,1073554699.2700
2025-05-13,35.6759587800,36.0731794500,36.2671709400,35.4542542200,28884456,1126782794.8200
2025-05-14,36.1193679000,36.2856463200,36.4426870500,35.9900402400,20527086,805186418.8000
2025-05-15,36.3503101500,37.0061861400,37.0154238300,36.3410724600,34084006,1359819546.2800
2025-05-16,36.9045715500,36.4519247400,37.1262761100,36.3133593900,25146731,994118999.4600
2025-05-19,36.4519247400,36.1932694200,36.8399077200,36.1840317300,17507387,689936232.2500
2025-05-20,36.2302201800,36.1655563500,36.4426870500,36.0547040700,14698330,575887364.8800
2025-05-21,36.2394578700,37.0431369000,37.3202676000,36.2302201800,33194093,1328730365.6800
2025-05-22,36.9138092400,37.3202676000,37.4588329500,36.8583831000,19492682,786068729.0800
2025-05-23,37.2094153200,36.6736293000,37.4403575700,36.5165885700,22959490,916144205.6600
2025-05-26,36.6736293000,36.6089654700,36.9877107600,36.4334493600,18496005,733127770.0600
2025-05-27,36.6828669900,36.5073508800,36.9969484500,36.5073508800,16651560,661419060.9700
2025-05-28,36.5165885700,36.7752438900,37.0708499700,36.3041217000,14828206,590798343.5800
2025-05-29,36.7844815800,36.7567685100,36.9230469300,36.6089654700,15821304,630106328.2800
2025-05-30,36.7475308200,36.5443016400,37.1632268700,36.5443016400,16610343,660174182.0600
2025-06-03,36.2486955600,36.1840317300,36.4888755000,35.9438517900,27980401,1095507471.9700
2025-06-04,36.2486955600,36.2948840100,36.3225970800,35.9438517900,21502090,841968315.9600
2025-06-05,36.3318347700,36.3041217000,36.9230469300,36.2486955600,18565420,732774821.8000
2025-06-06,36.3133593900,36.5258262600,36.6459162300,36.1378432800,21129491,833829964.4600
2025-06-09,36.4888755000,36.4888755000,36.6828669900,36.2579332500,18201492,719786040.1200
2025-06-10,36.5812524000,36.6274408500,36.7105800600,36.3964986000,22756495,901657095.2300
2025-06-11,36.5720147100,36.6736293000,36.8860961700,36.5350639500,20801594,827764297.9700
2025-06-12,36.7198177500,36.0454663800,36.8860961700,36.0085156200,32784031,1286820126.7400
2025-06-13,36.2302201800,36.2671709400,36.3687855300,35.9992779300,27729170,1086130599.8600
2025-06-16,36.2579332500,36.0639417600,36.2579332500,35.7590979900,23671019,922102921.5900
2025-06-17,36.0639417600,36.4888755000,36.5535393300,35.8052864400,25043632,984055149.5700
2025-06-18,36.5165885700,36.2302201800,36.7198177500,36.1655563500,18377231,723996634.1400
2025-06-19,36.1101302100,36.3872609100,36.4519247400,35.7775733700,29121190,1139920920.4200
2025-06-20,36.3780232200,36.4334493600,36.6459162300,36.2579332500,20968021,827752037.4300
2025-06-23,36.4796378100,36.8121946500,36.9322846200,36.2117448000,21287073,844252963.5200
2025-06-24,36.7660062000,36.8121946500,36.9599976900,36.6551539200,24485398,976116520.4800
2025-06-25,36.8214323400,37.0893253500,37.1355138000,36.6089654700,21616931,863286347.3500
2025-06-26,37.0893253500,36.9877107600,37.2278907000,36.8029569600,24562919,984808365.0500
2025-06-27,36.9322846200,36.8860961700,37.1170384200,36.7567685100,24365811,974042899.2100
2025-06-30,36.8860961700,37.4495952600,37.6066359900,36.8491454100,29214530,1181464585.8400
2025-07-01,37.4588329500,37.8191028600,37.9207174500,37.2278907000,20036948,817942203.5200
2025-07-02,37.8191028600,38.3733642600,38.3826019500,37.6990128900,22333524,921491575.4800
2025-07-03,38.5119296100,37.3202676000,38.5211673000,37.2556037700,28602253,1164946846.8100
2025-07-04,37.3202676000,37.9207174500,38.0408074200,37.3202676000,30294093,1239186159.5700
2025-07-07,37.9207161000,36.8551430000,37.9207161000,36.7280563000,46156722,1747099979.7200
2025-07-08,36.9040225000,36.8746948000,37.0017815000,36.6596250000,20188668,760340830.0000
2025-07-09,36.8746948000,36.6596250000,37.0799887000,36.6596250000,20920104,789780606.3300
2025-07-10,36.7964876000,36.6205214000,36.8844707000,36.5716419000,23544664,883459954.7200
2025-07-11,36.6205214000,35.9753120000,36.9235743000,35.9753120000,43379798,1623150189.4400
2025-07-14,36.2294854000,36.5814178000,37.1288682000,36.2294854000,51491446,1935504599.2800
2025-07-15,36.6302973000,36.6302973000,37.0897646000,36.4152275000,26227333,985634733.7000
2025-07-16,36.6400732000,36.4445552000,36.7085045000,36.3663480000,15148200,565107199.0000
2025-07-17,36.4347793000,36.2979167000,36.5032106000,36.1415023000,17218477,638485726.1600
2025-07-18,36.4054516000,36.5618660000,36.7378322000,36.3956757000,20778801,777848796.2800
2025-07-21,36.6694009000,36.9235743000,36.9920056000,36.5325383000,25712961,968061429.3600
2025-07-22,36.9235743000,38.5952532000,39.0938241000,36.7378322000,74518614,2906302112.2900
2025-07-23,38.7907712000,37.9500438000,39.2795662000,37.8425089000,50939959,1995344449.7300
2025-07-24,37.9598197000,37.9500438000,38.3019762000,37.4808006000,39150400,1517493069.2000
2025-07-25,37.9500438000,37.5687837000,38.0380269000,37.5003524000,23430400,904600323.9300
2025-07-28,37.3732657000,36.9529020000,37.3830416000,36.8942466000,29503406,1118787529.9300
2025-07-29,36.8551430000,36.9724538000,37.1190923000,36.8355912000,17872893,676319147.0000
2025-07-30,37.1581959000,37.6372150000,38.0282510000,37.0311092000,32979667,1268638025.0400
2025-07-31,37.4221452000,37.3048344000,37.4416970000,36.7573840000,35149739,1332065432.1900
2025-08-01,37.3146103000,36.7182804000,37.5590078000,36.6987286000,24439794,923649290.9000
2025-08-04,36.7182804000,36.7182804000,36.7182804000,36.7182804000,,
2025-08-05,36.7182804000,36.7182804000,36.7182804000,36.7182804000,,
2025-08-06,36.7182804000,36.7182804000,36.7182804000,36.7182804000,,
2025-08-07,36.7182804000,36.7182804000,36.7182804000,36.7182804000,,
2025-08-08,36.7182804000,36.7182804000,36.7182804000,36.7182804000,,
2025-08-11,36.7182804000,36.7182804000,36.7182804000,36.7182804000,,
2025-08-12,36.7182804000,36.7182804000,36.7182804000,36.7182804000,,
2025-08-13,36.7182804000,36.7182804000,36.7182804000,36.7182804000,,
2025-08-14,36.7182804000,36.7182804000,36.7182804000,36.7182804000,,
2025-08-15,36.7182804000,36.7182804000,36.7182804000,36.7182804000,,
2025-08-18,40.3940188000,38.3508557000,40.3940188000,38.1357859000,126535324,5028382364.6300
2025-08-19,38.2726485000,37.4123693000,38.3508557000,37.4025934000,69450935,2674812524.1000
2025-08-20,37.3243862000,37.7643017000,37.7740776000,37.1679718000,42103498,1612549400.4000
2025-08-21,37.7349740000,37.5785596000,37.7349740000,37.3830416000,31827749,1222728963.9200
2025-08-22,37.5785596000,37.6372150000,37.6372150000,37.2950585000,34603245,1326898953.4600
2025-08-25,37.7056463000,38.2237690000,38.3117521000,37.7056463000,41922544,1630045373.5900
2025-08-26,38.2530967000,37.9598197000,38.3117521000,37.9402679000,27536173,1071753633.9900
2025-08-27,37.9011643000,37.3732657000,37.9011643000,37.3537139000,31391733,1207236968.7000
2025-08-28,37.2559549000,37.0506610000,37.3048344000,36.7867117000,30321880,1149969932.2900
2025-08-29,37.0506610000,36.6302973000,37.4416970000,36.6205214000,51055468,1930260088.1100
2025-09-01,36.7573840000,37.0506610000,37.5199042000,36.6302973000,46962473,1785289937.7400
2025-09-02,37.0506610000,37.3048344000,37.4905765000,36.8160394000,42572666,1617629553.4700
2025-09-03,37.3146103000,36.9333502000,37.3928175000,36.7671599000,28124216,1062806332.3400
2025-09-04,36.8355912000,37.3146103000,37.5199042000,36.4054516000,47747580,1803494867.7800
2025-09-05,37.1484200000,37.3048344000,37.3830416000,36.9431261000,25457068,968508527.3000
2025-09-08,37.3048344000,37.1972995000,37.4416970000,37.0311092000,31208503,1189085246.5300
2025-09-09,37.2950585000,37.2852826000,37.4123693000,37.0799887000,22152992,844183913.9900
2025-09-10,37.2461790000,37.3146103000,37.6860945000,37.0897646000,29549166,1130331405.5400
2025-09-11,37.3439380000,37.4221452000,37.4612488000,37.1777477000,28099182,1071827036.0200
2025-09-12,37.4612488000,36.9137984000,37.5590078000,36.8062635000,44731893,1699838451.2000
2025-09-15,36.9040225000,37.3341621000,37.3830416000,36.8355912000,33699567,1282257746.5300
2025-09-16,37.4416970000,37.5492319000,37.9109402000,37.4416970000,42723298,1647981050.9300
2025-09-17,37.4710247000,38.1064582000,38.2530967000,37.4416970000,45927949,1784030068.2900
2025-09-18,38.0771305000,37.4221452000,38.0966823000,37.2657308000,34589290,1329974266.6300
2025-09-19,37.4123693000,37.7349740000,37.9793715000,37.2559549000,35024415,1351081930.5800
2025-09-22,37.8620607000,37.6469909000,38.1064582000,37.4416970000,27109297,1046656895.9600
2025-09-23,37.5003524000,37.9891474000,38.0869064000,37.3146103000,33017401,1278886214.6600
2025-09-24,37.8620607000,38.0771305000,38.2824244000,37.7838535000,28500609,1107910688.0800
2025-09-25,38.0575787000,37.8522848000,38.0575787000,37.5883355000,19818486,765400735.6400
2025-09-26,37.9304920000,37.8913884000,38.0380269000,37.6567668000,21539186,834648040.6900
2025-09-29,37.7154222000,37.4905765000,37.8816125000,37.1484200000,32027805,1226530387.9200
2025-09-30,37.4710247000,37.6372150000,37.7349740000,37.1777477000,23886334,915672363.7800
2025-10-09,37.4221452000,38.5561496000,38.5757014000,37.4123693000,43382921,1688660954.3000
2025-10-10,38.5463737000,38.8787543000,39.1427036000,38.1260100000,39260957,1560433512.6200
2025-10-13,38.5757014000,39.0547205000,39.2991180000,38.2433208000,44111732,1750804533.9200
2025-10-14,39.0058410000,39.7390335000,39.9638792000,38.7907712000,47524637,1923644186.2300
2025-10-15,39.7292576000,39.9443274000,40.1985008000,39.4359806000,37953731,1544796028.7700
2025-10-16,39.8367925000,41.0685559000,41.1663149000,39.6901540000,48524335,2024896056.7400
2025-10-17,41.0294523000,40.9610210000,41.7039894000,40.7166235000,45477045,1916397491.0800
2025-10-20,40.8534861000,41.2836257000,41.4986955000,40.6481922000,37973394,1597037337.8900
2025-10-21,41.2836257000,40.8632620000,41.2836257000,40.1300695000,45736306,1898394136.9500
2025-10-22,40.8632620000,41.1956426000,41.2445221000,40.6970717000,27413031,1149319234.2700
2025-10-23,41.0392282000,41.2738498000,41.6453340000,41.0392282000,25763279,1089610664.6300
2025-10-24,41.3422811000,41.5475750000,41.7430930000,41.0685559000,27432283,1163307460.7000
2025-10-27,41.0587800000,41.7333171000,41.9581628000,40.2082767000,34529883,1461782123.0900
2025-10-28,41.7333171000,41.6355581000,42.1048013000,41.4498160000,21464184,917128079.2800
2025-10-29,41.5280232000,41.1956426000,41.5475750000,41.0099005000,21904041,922805590.6800
2025-10-30,41.3618329000,42.0754736000,42.8282179000,41.2542980000,38578085,1661979795.3700
2025-10-31,42.2807675000,41.5573509000,42.4860614000,41.3129534000,22777308,968315696.7700
2025-11-03,41.8408520000,42.4469578000,42.9650805000,41.7039894000,27729157,1203000004.9600
2025-11-04,42.5251650000,42.5447168000,42.9650805000,42.3589747000,22824364,995835142.2500
2025-11-05,42.4274060000,42.6033722000,43.0823913000,42.4078542000,24574559,1074978949.1700
2025-11-06,42.6033722000,43.0041841000,43.3952201000,42.4078542000,28412845,1248884302.6600
2025-11-07,42.9748564000,42.7500107000,43.1312708000,42.4860614000,23188978,1014468128.0200
2025-11-10,42.9000000000,43.1500000000,43.4900000000,42.5100000000,22156337,955100794.7500
2025-11-11,43.1300000000,42.8000000000,43.2100000000,42.3600000000,20993749,897101265.4200
2025-11-12,42.7600000000,42.6000000000,43.2500000000,42.6000000000,19841174,850914144.7100
2025-11-13,42.6900000000,42.6200000000,42.8500000000,42.0200000000,21778201,923181799.3000
2025-11-14,42.7600000000,42.0900000000,43.0600000000,42.0500000000,16836712,714090566.0700
2025-11-17,42.0600000000,42.4000000000,42.7400000000,41.5200000000,23133692,977566051.9400
2025-11-18,42.2400000000,41.9100000000,42.5800000000,41.8500000000,17641789,741974354.9600
2025-11-19,41.8500000000,42.5200000000,42.7600000000,41.6600000000,17667643,747910895.8300
2025-11-20,42.3100000000,42.0000000000,42.8100000000,41.9100000000,14072990,596299022.1600
2025-11-21,42.5000000000,42.0700000000,42.5500000000,41.5900000000,27943464,1172720173.1100
2025-11-24,42.2800000000,41.2000000000,42.3400000000,41.1200000000,29288946,1214264561.4300
2025-11-25,41.5000000000,41.2000000000,41.5500000000,40.9500000000,21454000,883206235.5900
2025-11-26,41.2100000000,41.0000000000,41.4900000000,40.9900000000,16604862,683326469.0800
2025-11-27,41.0100000000,41.4500000000,41.4500000000,40.7900000000,14056150,579667182.9800
2025-11-28,41.2800000000,41.1400000000,41.3900000000,41.1000000000,14193374,584888906.6300
2025-12-01,41.1400000000,41.3400000000,41.3700000000,40.9000000000,17565207,722749160.5000
2025-12-02,41.4000000000,41.6000000000,41.7500000000,41.0400000000,19433672,806183847.8900
2025-12-03,41.4800000000,41.6400000000,41.9200000000,41.3000000000,16748056,697925220.7500
2025-12-04,41.6000000000,41.7500000000,42.2200000000,41.5100000000,16704309,698801375.7300
2025-12-05,41.6000000000,41.5300000000,41.7500000000,41.3100000000,13909697,577648201.1600
2025-12-08,41.4900000000,40.9000000000,41.4900000000,40.5800000000,23739750,970491432.4000
2025-12-09,41.0000000000,40.4800000000,41.1300000000,40.4000000000,16238526,660775764.1700
2025-12-10,40.4700000000,40.1800000000,40.4700000000,40.0200000000,16846060,677856776.6000
2025-12-11,40.4700000000,40.3100000000,40.6700000000,40.0400000000,17334377,698017619.7600
2025-12-12,40.1700000000,40.0000000000,40.2900000000,39.8300000000,26275821,1050510158.6900
2025-12-15,40.0000000000,39.9100000000,40.2600000000,39.8900000000,17097856,685317799.9300
2025-12-16,39.9000000000,40.1700000000,40.2100000000,39.5200000000,23011273,918514585.0100
2025-12-17,40.1600000000,40.0000000000,40.2500000000,39.9400000000,20312905,814797177.9500
2025-12-18,40.2000000000,40.8300000000,40.9300000000,40.0000000000,20351584,823223056.4200
2025-12-19,40.6800000000,40.5900000000,40.8600000000,40.4300000000,16198407,658830999.3600
2025-12-22,41.1800000000,40.8800000000,41.2500000000,40.0300000000,40200622,1633824893.2100
2025-12-23,40.8700000000,41.1500000000,41.4600000000,40.8400000000,22868985,941327810.9900
2025-12-24,41.1000000000,40.2500000000,41.1300000000,40.1200000000,25981761,1048567867.1700
2025-12-25,40.2500000000,40.1300000000,40.3500000000,40.0100000000,13208802,530881888.2500
2025-12-26,40.0500000000,40.0700000000,40.2500000000,40.0100000000,16596912,665622385.9400
2025-12-29,40.0700000000,40.2000000000,40.6500000000,40.0100000000,24073766,970416650.3400
2025-12-30,40.2100000000,40.4500000000,40.4900000000,40.0000000000,23746836,954601158.9000
2025-12-31,40.3500000000,40.5000000000,40.5500000000,40.1600000000,19453115,786126821.4800
2026-01-05,40.5100000000,40.2600000000,40.7500000000,40.2200000000,28383600,1146805091.0500
2026-01-06,40.3000000000,40.7800000000,41.0200000000,40.0700000000,36700809,1489725092.8900
2026-01-07,41.0000000000,41.2600000000,41.3200000000,40.2400000000,41432171,1692823039.9200
2026-01-08,41.2600000000,41.4500000000,41.6600000000,41.1600000000,34492552,1427477419.5500
2026-01-09,41.4000000000,42.4500000000,42.5500000000,41.2200000000,36814026,1551084762.7500
2026-01-12,42.4500000000,41.8600000000,42.5500000000,41.6800000000,26094999,1092988458.4100
2026-01-13,41.9400000000,41.9000000000,42.3300000000,41.7000000000,22288873,934755538.5900
2026-01-14,42.0000000000,41.7400000000,42.0000000000,41.3800000000,27342320,1138991018.2900
2026-01-15,41.6000000000,41.5600000000,42.1000000000,41.4800000000,23255920,971142926.2000
2026-01-16,41.5800000000,41.0000000000,42.0000000000,40.6600000000,30387097,1253506703.0600
2026-01-19,40.6600000000,40.7000000000,41.3000000000,40.5100000000,22774227,929317175.9300
2026-01-20,40.7300000000,40.8500000000,40.9900000000,40.5100000000,19819930,807982884.3600
2026-01-21,40.9800000000,40.0800000000,40.9800000000,40.0000000000,32067722,1291860034.5100
2026-01-22,40.1000000000,40.6500000000,40.8500000000,40.0000000000,31714973,1284549553.4000
2026-01-23,40.7900000000,40.0000000000,40.8000000000,39.8600000000,33743193,1355934686.0700
2026-01-26,40.0000000000,41.6500000000,42.2000000000,39.8000000000,68574610,2827767154.0700
2026-01-27,41.6600000000,40.6500000000,42.1700000000,40.5100000000,37479207,1546852544.2700
2026-01-28,40.8000000000,41.1800000000,41.8400000000,40.3600000000,65193036,2685518770.3900
2026-01-29,41.3000000000,41.3800000000,41.6400000000,40.5200000000,44464359,1824120724.3800
2026-01-30,41.3700000000,41.9300000000,42.4600000000,41.1800000000,44267066,1855716327.4600
2026-02-02,41.6500000000,40.2100000000,41.6500000000,40.0200000000,43835204,1778786373.4000
2026-02-03,40.2500000000,39.6000000000,40.4800000000,39.5200000000,38860258,1547002879.0600
2026-02-04,39.6500000000,42.4200000000,42.6000000000,39.6500000000,88248310,3670432663.4800
2026-02-05,41.9000000000,41.8600000000,42.3500000000,41.1800000000,36101377,1504631974.4200
2026-02-06,41.4300000000,41.6700000000,42.1900000000,41.0500000000,25180416,1049011762.1400
2026-02-09,41.8700000000,42.2100000000,42.4400000000,41.5800000000,24141492,1015416640.3200
2026-02-10,42.2100000000,42.4800000000,42.6000000000,42.0200000000,21325203,903818686.5200
2026-02-11,42.6700000000,42.8600000000,42.9800000000,42.1300000000,19087988,814420690.4500
2026-02-12,42.8500000000,42.5600000000,43.0700000000,42.4000000000,22467106,958721212.4700
2026-02-13,42.5600000000,41.4500000000,42.5800000000,41.1100000000,31472002,1308791173.8500
2026-02-24,41.7300000000,42.5200000000,42.6900000000,41.7300000000,25499964,1078831281.8700
2026-02-25,42.5300000000,42.1800000000,42.8000000000,42.0500000000,22881117,969751968.8900
2026-02-26,42.1800000000,41.8300000000,42.7700000000,41.7400000000,17143447,719853245.2800
2026-02-27,41.9000000000,42.2600000000,42.4500000000,41.6800000000,20799222,875782923.8000
2026-03-02,43.0900000000,44.7300000000,44.8800000000,42.4600000000,80140749,3526126426.9200
2026-03-03,44.7000000000,45.8100000000,46.6100000000,43.9500000000,85249667,3875729981.9800
2026-03-04,45.0000000000,46.1100000000,46.3100000000,43.6600000000,70864863,3200538654.8800
2026-03-05,45.6500000000,45.8800000000,46.3000000000,44.6000000000,51223726,2329526050.3500
2026-03-06,45.6000000000,45.8300000000,46.2000000000,45.0000000000,31082645,1414597326.2300
2026-03-09,47.5000000000,47.9500000000,49.5900000000,47.5000000000,88347277,4277040391.6900
2026-03-10,45.9900000000,46.1800000000,47.1900000000,45.9000000000,47132080,2188340168.8000
2026-03-11,45.8000000000,47.8300000000,48.0600000000,45.5100000000,43429537,2035915601.4700
2026-03-12,48.2500000000,49.2600000000,49.8000000000,47.7000000000,56922537,2793239803.1400
2026-03-13,49.4100000000,48.9200000000,49.6800000000,48.4300000000,39552105,1936566598.2900
2026-03-16,49.1100000000,48.4900000000,49.3300000000,47.9000000000,31934402,1550701218.7400
2026-03-17,48.0100000000,47.7400000000,48.6500000000,47.2100000000,37514190,1796396428.8700
2026-03-18,47.7400000000,47.4800000000,48.3000000000,46.7200000000,32113851,1521533086.2400
2026-03-19,48.0000000000,49.4700000000,49.9000000000,47.6500000000,55845221,2738215722.8100
2026-03-20,48.6100000000,49.5500000000,49.7800000000,48.3100000000,43742251,2158837827.5600
2026-03-23,50.2300000000,49.5000000000,50.3800000000,48.8000000000,73594838,3636387634.7000
2026-03-24,48.6300000000,48.4800000000,49.2900000000,47.9000000000,46562759,2258622794.2400
2026-03-25,47.4800000000,47.2500000000,47.5000000000,46.6000000000,57911108,2720978910.0400
2026-03-26,47.1300000000,47.6900000000,47.9800000000,47.0500000000,35922579,1707565397.3200
2026-03-27,47.5600000000,47.5000000000,48.0300000000,47.1800000000,22546507,1070946747.8800
2026-03-30,47.8900000000,47.8200000000,48.4300000000,47.6200000000,28126523,1349754444.3100
2026-03-31,47.7300000000,46.7500000000,48.1900000000,46.6000000000,39112101,1841926250.0500
2026-04-01,46.3300000000,46.6200000000,47.4800000000,45.8700000000,33588680,1573648802.3300
2026-04-02,46.6800000000,47.6900000000,47.9000000000,46.6800000000,32237381,1531233783.8900
2026-04-03,47.7000000000,47.5800000000,47.8800000000,47.0300000000,21324148,1011746763.3000
2026-04-07,47.5800000000,48.4200000000,48.5900000000,47.2200000000,26435959,1270791767.7900
2026-04-08,47.4500000000,46.7600000000,47.4900000000,46.1300000000,50272881,2344271021.7500
2026-04-09,46.8000000000,46.7900000000,47.3000000000,46.5800000000,22241764,1041816416.8000
2026-04-10,46.5000000000,46.3800000000,46.6300000000,46.1000000000,25677391,1189465739.3600
2026-04-13,46.7000000000,46.3200000000,46.7000000000,46.0800000000,23287020,1078984870.9200
2026-04-14,46.1100000000,45.6600000000,46.2200000000,45.4200000000,30157733,1377030649.0900
2026-04-15,45.2100000000,45.8300000000,46.0100000000,45.0000000000,28206227,1285404418.2800
2026-04-16,45.8200000000,45.5300000000,46.0700000000,45.3500000000,27514442,1255710140.8200
2026-04-17,45.5500000000,45.5500000000,45.6900000000,45.3300000000,21478305,977826942.6300
2026-04-20,45.6000000000,45.2300000000,45.7400000000,45.1600000000,22446511,1017550185.3400
2026-04-21,45.2300000000,45.9800000000,46.1600000000,45.2200000000,28987052,1328319916.7500
2026-04-22,45.9800000000,45.8700000000,46.8000000000,45.8000000000,35667641,1648892633.8700
2026-04-23,45.8800000000,46.9800000000,47.2500000000,45.4500000000,41995162,1949774230.7200
2026-04-24,46.9900000000,47.1900000000,47.5500000000,46.6600000000,34547544,1628417118.0700
2026-04-27,46.5000000000,46.7800000000,47.1700000000,46.3200000000,26600507,1243023158.2800
2026-04-28,46.7600000000,48.1500000000,48.3000000000,46.5700000000,40883952,1951324556.6200
2026-04-29,48.1600000000,47.9800000000,48.7000000000,47.7700000000,33864569,1629280279.7800
2026-04-30,48.1000000000,48.0000000000,48.1800000000,47.5200000000,30525140,1461037435.4300
2026-05-06,47.6000000000,47.7300000000,47.9900000000,46.6700000000,30823063,1459057427.6800
2026-05-07,47.5000000000,45.5900000000,47.5000000000,45.5000000000,49708037,2290349366.3400
2026-05-08,45.5300000000,45.1800000000,45.8900000000,45.1300000000,28519685,1295063112.4400
2026-05-11,45.1800000000,45.1700000000,45.3800000000,44.7500000000,30877003,1391774360.8200
2026-05-12,45.1700000000,45.2000000000,45.3800000000,44.9400000000,24251826,1094629071.5200
2026-05-13,45.2500000000,44.8000000000,45.3800000000,44.6500000000,24597489,1105754475.8100
2026-05-14,44.8100000000,45.1700000000,45.4000000000,44.5300000000,34391684,1546630900.3300
2026-05-15,45.1600000000,45.7000000000,45.9000000000,44.7700000000,40667262,1852794589.3000
2026-05-18,45.9500000000,45.8500000000,46.1800000000,45.2600000000,36830715,1685733903.0900
2026-05-19,45.8500000000,46.0700000000,46.6000000000,45.5700000000,35907934,1659080855.6200
2026-05-20,46.1500000000,46.0000000000,46.9700000000,46.0000000000,30495747,1415152632.5100
2026-05-21,45.7900000000,45.2600000000,45.7900000000,45.0000000000,25264429,1146025381.3300
2026-05-22,45.2600000000,44.9800000000,45.4900000000,44.7000000000,27467336,1241232482.1900
