日期,开盘,收盘,最高,最低,成交量,成交额
2020-01-02,20.0707200000,20.2128876000,20.4972228000,20.0456316000,37373749,908138836.0000
2020-01-03,20.2547016000,20.1543480000,20.3634180000,20.1292596000,20009024,483696935.0000
2020-01-06,20.1125340000,19.5355008000,20.1125340000,19.4936868000,52456395,1235861323.0000
2020-01-07,19.5940404000,19.6776684000,19.6776684000,19.5187752000,18661078,437713475.0000
2020-01-08,19.6442172000,19.9787292000,20.0707200000,19.4853240000,30614378,723425993.0000
2020-01-09,20.0707200000,20.8651860000,20.9822652000,19.9870920000,54666733,1346215615.0000
2020-01-10,20.8484604000,20.9488140000,21.0324420000,20.7230184000,25641817,640551457.0000
2020-01-13,21.0826188000,21.1578840000,21.2331492000,20.7648324000,24056031,606341080.0000
2020-01-14,20.9488140000,20.8819116000,21.2080608000,20.6143020000,34787257,868770351.0000
2020-01-15,20.7230184000,20.5390368000,20.8484604000,20.4386832000,19075745,469505055.0000
2020-01-16,20.7397440000,20.7397440000,21.0491676000,20.5808508000,18671233,464838456.0000
2020-01-17,20.9320884000,20.6895672000,21.0491676000,20.6059392000,16842878,418796517.0000
2020-01-20,20.6226648000,20.1961620000,20.6895672000,20.1041712000,28635719,694920052.0000
2020-01-21,20.1208968000,19.3180680000,20.1208968000,19.2762540000,42029629,983474682.0000
2020-01-22,19.2511656000,19.4100588000,19.5187752000,19.1926260000,22739918,527259384.0000
2020-01-23,19.3180680000,18.9082908000,19.3180680000,18.8163000000,24893614,566075416.0000
2020-02-03,17.0601120000,17.1437400000,17.9465688000,17.0182980000,51347241,1061826611.0000
2020-02-04,17.2942704000,17.0601120000,17.5618800000,17.0015724000,47281024,972245457.0000
2020-02-05,17.1521028000,17.4698892000,17.5284288000,17.0768376000,40502814,839131322.0000
2020-02-06,17.5200660000,17.5702428000,17.7040476000,17.2273680000,29328782,612449565.0000
2020-02-07,17.5786056000,17.7709500000,17.8127640000,17.3360844000,27022328,565735375.0000
2020-02-10,17.5618800000,17.8963920000,18.0469224000,17.5284288000,26828873,572839502.0000
2020-02-11,18.0636480000,17.8378524000,18.1221876000,17.7960384000,22062525,473508715.0000
2020-02-12,17.8378524000,18.1054620000,18.1054620000,17.7124104000,19535422,419442714.0000
2020-02-13,18.0301968000,18.0301968000,18.3145320000,17.9382060000,19297073,417275768.0000
2020-02-14,18.0301968000,17.9716572000,18.2141784000,17.8211268000,16721894,359807269.0000
2020-02-17,18.0134712000,19.0170072000,19.2678912000,17.9967456000,47188318,1062163456.0000
2020-02-18,18.9751932000,18.8832024000,18.9751932000,18.7243092000,24709417,556644944.0000
2020-02-19,18.8330256000,19.0253700000,19.3766076000,18.8246628000,31059043,712715950.0000
2020-02-20,19.1508120000,19.2344400000,19.3180680000,18.9668304000,21201672,486957804.0000
2020-02-21,19.4184216000,19.9452780000,19.9703664000,19.4016960000,34526170,818442696.0000
2020-02-24,19.7362080000,19.8198360000,20.3383296000,19.7362080000,27932206,670025680.0000
2020-02-25,19.6525800000,19.8031104000,19.9703664000,19.2511656000,25137632,589682445.0000
2020-02-26,19.5940404000,19.6609428000,19.9118268000,19.2762540000,25750072,604446204.0000
2020-02-27,19.6776684000,19.5271380000,20.0456316000,19.3849704000,24048411,565715636.0000
2020-02-28,19.2344400000,18.5737788000,19.4016960000,18.5737788000,29787871,672529339.0000
2020-03-02,18.6657696000,19.4016960000,19.7612964000,18.6323184000,33383435,774542553.0000
2020-03-03,19.6693056000,19.6525800000,19.9201896000,19.3515192000,21515229,504034182.0000
2020-03-04,19.4184216000,19.8031104000,19.9034640000,19.4184216000,22876409,540312082.0000
2020-03-05,19.9452780000,19.7445708000,20.0707200000,19.5605892000,22538961,531717326.0000
2020-03-06,19.5689520000,19.1675376000,19.6274916000,19.1089980000,18895274,435432877.0000
2020-03-09,18.8330256000,18.6155928000,18.8581140000,18.5486904000,29670412,661871697.0000
2020-03-10,18.4399740000,19.4853240000,19.6107660000,18.4316112000,28637687,656636228.0000
2020-03-11,19.5856776000,19.1508120000,19.8365616000,19.1173608000,29577826,688581241.0000
2020-03-12,19.0504584000,18.9584676000,19.0922724000,18.6490440000,18803329,422872696.0000
2020-03-13,18.4316112000,18.5319648000,18.7995744000,17.9382060000,23182172,506760468.0000
2020-03-16,18.5988672000,17.4448008000,18.6072300000,17.2440936000,37560583,799857105.0000
2020-03-17,17.5200660000,17.3193588000,17.7458616000,16.9764840000,21076425,436396105.0000
2020-03-18,17.3277216000,16.8092280000,17.5367916000,16.7256000000,31785276,649474098.0000
2020-03-19,16.6586976000,15.9060456000,16.8092280000,15.5548080000,46588962,890853999.0000
2020-03-20,15.9896736000,15.9311340000,16.0983900000,15.6969756000,33720886,640157025.0000
2020-03-23,15.1366680000,14.8021560000,15.3875520000,14.6014488000,51899054,921772561.0000
2020-03-24,15.0028632000,15.8893200000,15.9813108000,14.9108724000,37730583,696108763.0000
2020-03-25,16.4747160000,17.1688284000,17.4364380000,16.4747160000,54205173,1106018091.0000
2020-03-26,16.8761304000,16.8008652000,17.1019260000,16.6252464000,24049734,483681452.0000
2020-03-27,16.9764840000,17.1688284000,17.4531636000,16.9764840000,28020116,577361259.0000
2020-03-30,16.9681212000,17.6287824000,17.7374988000,16.8928560000,31665038,659180279.0000
2020-03-31,17.6705964000,17.1437400000,17.8462152000,17.0935632000,20349562,422813750.0000
2020-04-01,17.1855540000,16.4914416000,17.5702428000,16.3994508000,35385050,713335085.0000
2020-04-02,16.3994508000,16.2656460000,16.4496276000,16.0314876000,23897291,462102450.0000
2020-04-03,16.3074600000,16.1652924000,16.3576368000,15.9980364000,18167083,350183536.0000
2020-04-07,16.6252464000,16.2405576000,16.6419720000,16.0900272000,27926631,542908907.0000
2020-04-08,16.1402040000,16.1318412000,16.1736552000,15.9980364000,21429772,411964386.0000
2020-04-09,16.1569296000,16.2823716000,16.3325484000,16.0482132000,20033028,387661394.0000
2020-04-10,16.3492740000,15.8224176000,16.3576368000,15.7220640000,27812763,531360358.0000
2020-04-13,15.5715336000,15.6217104000,15.7889664000,15.4293660000,17480660,325626467.0000
2020-04-14,15.7973292000,15.8475060000,15.8558688000,15.5297196000,23939378,449928462.0000
2020-04-15,15.8558688000,15.5464452000,15.8809572000,15.4879056000,22063014,412971486.0000
2020-04-16,15.4879056000,15.8642316000,15.8642316000,15.3959148000,23402497,439316732.0000
2020-04-17,15.9562224000,15.8893200000,16.1067528000,15.8056920000,23875891,454958161.0000
2020-04-20,15.8976828000,15.7220640000,15.9144084000,15.6217104000,20386435,382663623.0000
2020-04-21,15.7973292000,15.5631708000,15.7973292000,15.4628172000,21200551,394154761.0000
2020-04-22,15.4711800000,15.5129940000,15.5213568000,15.3708264000,16058585,296565200.0000
2020-04-23,15.5966220000,15.3624636000,15.5966220000,15.3624636000,16195126,299215657.0000
2020-04-24,15.4126404000,15.2704728000,15.4962684000,15.2286588000,19015755,348148685.0000
2020-04-27,15.2704728000,15.0446772000,15.3373752000,15.0363144000,18391868,333099401.0000
2020-04-28,15.0948540000,14.9359608000,15.0948540000,14.7185280000,17100708,305105381.0000
2020-04-29,14.9108724000,15.1283052000,15.1366680000,14.8021560000,15775632,282933741.0000
2020-04-30,15.4210032000,15.8056920000,15.8475060000,15.3875520000,32174798,603562972.0000
2020-05-06,15.6467988000,16.4078136000,16.5332556000,15.6384360000,40244421,786245691.0000
2020-05-07,16.4412648000,16.4329020000,16.4747160000,16.2154692000,21187351,414026832.0000
2020-05-08,16.4412648000,16.9681212000,17.0601120000,16.4412648000,29853632,600786011.0000
2020-05-11,17.0433864000,16.8092280000,17.4531636000,16.6419720000,31340811,637999978.0000
2020-05-12,16.8928560000,16.5499812000,16.9095816000,16.4412648000,19530993,387118132.0000
2020-05-13,16.5416184000,16.3241856000,16.5499812000,16.2405576000,15489583,302877767.0000
2020-05-14,16.2907344000,15.8391432000,16.2907344000,15.7973292000,24411908,464768363.0000
2020-05-15,15.9562224000,15.5548080000,16.0231248000,15.4879056000,28214813,527888231.0000
2020-05-18,15.5631708000,15.4544544000,15.6969756000,15.3122868000,24312994,450448495.0000
2020-05-19,15.6384360000,15.6467988000,15.7387896000,15.4711800000,20522170,382977231.0000
2020-05-20,15.6384360000,15.5631708000,15.7806036000,15.4126404000,25417150,472962433.0000
2020-05-21,15.6802500000,15.4795428000,15.6802500000,15.4293660000,17527132,325485711.0000
2020-05-22,15.4126404000,15.3541008000,15.4795428000,15.1366680000,20926364,383186924.0000
2020-05-25,15.4711800000,15.6802500000,15.7638780000,15.2704728000,21750624,405722688.0000
2020-05-26,15.7137012000,15.7137012000,15.8140548000,15.5548080000,18225210,341351043.0000
2020-05-27,15.6467988000,15.2453844000,15.6886128000,15.2202960000,30590646,560146895.0000
2020-05-28,15.2370216000,15.2035704000,15.3791892000,15.0614028000,21992801,399957332.0000
2020-05-29,15.1450308000,14.9861376000,15.1952076000,14.9443236000,28133576,505374313.0000
2020-06-01,15.0446772000,15.3039240000,15.4126404000,14.9777748000,48262661,874742676.0000
2020-06-02,15.2370216000,15.2453844000,15.3541008000,15.1533936000,37108741,676229908.0000
2020-06-03,15.4042776000,15.8391432000,15.8391432000,15.3122868000,57218336,1070126087.0000
2020-06-04,16.0231248000,15.2453844000,16.0565760000,15.1868448000,85921758,1581566344.0000
2020-06-05,15.1784820000,15.2453844000,15.2621100000,15.1366680000,27024959,490722023.0000
2020-06-08,15.3541008000,15.3039240000,15.3791892000,15.1952076000,37090716,677690211.0000
2020-06-09,15.2704728000,15.3039240000,15.4126404000,15.2286588000,35576308,651301160.0000
2020-06-10,15.3039240000,15.1450308000,15.3039240000,15.0948540000,35437984,643145966.0000
2020-06-11,15.1032168000,15.0948540000,15.3206496000,15.0530400000,37781923,685137778.0000
2020-06-12,14.9025096000,15.0446772000,15.0446772000,14.8356072000,58093793,1035663455.0000
2020-06-15,14.9025096000,14.8188816000,14.9694120000,14.8105188000,28333961,504052660.0000
2020-06-16,14.9526864000,14.8857840000,14.9694120000,14.8105188000,26979196,479603543.0000
2020-06-17,14.8857840000,14.9443236000,14.9861376000,14.7854304000,25572777,455161296.0000
2020-06-18,14.9108724000,14.9192352000,14.9694120000,14.8439700000,27336719,487017134.0000
2020-06-19,15.0028632000,15.2621100000,15.2621100000,14.9777748000,49714763,898684963.0000
2020-06-22,15.1784820000,15.1533936000,15.2370216000,15.0697656000,28442628,514611354.0000
2020-06-23,15.1199424000,15.0279516000,15.1366680000,14.9694120000,26327335,472962540.0000
2020-06-24,15.0446772000,15.2119332000,15.2788356000,15.0363144000,32072884,581923891.0000
2020-06-29,15.1784820000,15.0363144000,15.1784820000,14.9945004000,29901238,538879455.0000
2020-06-30,15.0802865500,14.9395958300,15.1066660600,14.8868368100,39464217,671640289.0000
2020-07-01,14.9308026600,15.1682182500,15.1858045900,14.8604573000,33048422,563966850.0000
2020-07-02,15.1594250800,15.7046016200,15.7837401500,15.0890797200,74917108,1322048110.0000
2020-07-03,15.9596035500,16.3992620500,16.4608142400,15.8452923400,87026473,1597440535.0000
2020-07-06,17.0939224800,17.3753039200,17.4544424500,16.6102981300,104323128,2024976364.0000
2020-07-07,17.6303058500,16.8828864000,17.9732394800,16.8653000600,107258337,2114653535.0000
2020-07-08,16.8740932300,16.8653000600,17.0147839500,16.5663322800,70962910,1353069016.0000
2020-07-09,16.9092659100,16.9884044400,17.2697858800,16.8477137200,68125007,1317919300.0000
2020-07-10,16.8828864000,16.6454708100,16.9796112700,16.6015049600,58784806,1119997674.0000
2020-07-13,16.6278844700,16.9180590800,17.0587498000,16.6015049600,58787383,1125818136.0000
2020-07-14,16.9180590800,17.7270307200,18.6063477200,16.4344347300,108042657,2130109661.0000
2020-07-15,17.3489244100,16.8916795700,17.5775468300,16.8653000600,70828895,1387411145.0000
2020-07-16,16.8916795700,16.2585713300,17.1906473500,16.2409849900,56625970,1075287494.0000
2020-07-17,16.1794328000,16.3201235200,16.4871937500,16.1090874400,34114755,630857662.0000
2020-07-20,16.3377098600,16.7773683600,16.8477137200,16.2058123100,41951407,792518149.0000
2020-07-21,16.8477137200,16.6454708100,16.9444385900,16.6015049600,30022368,570275463.3400
2020-07-22,16.7949547000,16.6542639800,16.9444385900,16.6190913000,36780096,701675466.7200
2020-07-23,16.6366776400,16.3465030300,16.8213342100,16.1354669500,51507383,960344049.5700
2020-07-24,16.3465030300,15.7925333200,16.4784005800,15.7485674700,62155376,1135835033.6500
2020-07-27,15.8980513600,15.8980513600,16.0475352500,15.6606357700,30021937,541413060.0700
2020-07-28,15.9683967200,15.8364991700,16.1090874400,15.8101196600,24842822,449843737.9300
2020-07-29,15.8101196600,16.1442601200,16.1706396300,15.6342562600,36328088,660306111.4300
2020-07-30,16.1442601200,15.9332240400,16.4608142400,15.9156377000,44076409,809655980.4400
2020-07-31,15.8980513600,15.9859830600,16.1706396300,15.8277060000,36154843,657636410.5700
2020-08-03,16.0563284200,16.1618464600,16.2585713300,16.0563284200,45982046,843208927.2100
2020-08-04,16.2058123100,16.1794328000,16.2673645000,16.0475352500,36599668,672126748.0900
2020-08-05,16.1794328000,15.9947762300,16.1794328000,15.9156377000,36242004,659901254.0000
2020-08-06,16.0563284200,16.0651215900,16.1442601200,15.8452923400,38068957,693499035.5300
2020-08-07,16.0035694000,15.9156377000,16.1618464600,15.8452923400,32962352,598095817.0700
2020-08-10,15.9244308700,16.0915011000,16.1442601200,15.8364991700,34509390,629083217.8800
2020-08-11,16.1090874400,16.1266737800,16.4432279000,16.0739147600,53960330,998536447.5300
2020-08-12,16.1178806100,16.1090874400,16.2761576700,15.8540855100,42439281,774043210.0300
2020-08-13,16.1178806100,16.1618464600,16.2497781600,16.0563284200,27787860,510562937.3700
2020-08-14,16.1970191400,16.2233986500,16.2321918200,16.0299489100,22855124,419798548.5200
2020-08-17,16.2409849900,16.5927117900,16.7070230000,16.2058123100,58031778,1090635473.8600
2020-08-18,16.6102981300,16.5047800900,16.6982298300,16.3816757100,35777857,672219035.9800
2020-08-19,16.4959869200,16.1882259700,16.4959869200,16.1794328000,31031590,575605978.8600
2020-08-20,16.1354669500,15.9683967200,16.1354669500,15.9420172100,29985365,545548289.2400
2020-08-21,16.0475352500,16.0651215900,16.1618464600,15.9859830600,23556374,429983628.7800
2020-08-24,16.1618464600,16.3904688800,16.5663322800,16.1266737800,46283862,863407694.0800
2020-08-25,16.4256415600,16.4344347300,16.6015049600,16.3025371800,33559818,627624522.2100
2020-08-26,16.3552962000,16.0915011000,16.3552962000,16.0035694000,34820716,638725898.9800
2020-08-27,16.2673645000,16.8828864000,16.8916795700,16.2673645000,109019405,2071375761.1300
2020-08-28,17.1027156500,16.6542639800,17.2170268600,16.3904688800,99448399,1880933277.0700
2020-08-31,16.6190913000,16.4080552200,16.8740932300,16.4080552200,56361982,1061442930.2500
2020-09-01,16.3465030300,16.7246093400,16.7334025100,16.2849508400,56948499,1073707832.1700
2020-09-02,16.7246093400,16.6278844700,16.8125410400,16.5399527700,39140566,741441729.9800
2020-09-03,16.7070230000,16.8916795700,17.1906473500,16.6366776400,65571165,1263648002.8900
2020-09-04,16.6190913000,16.9356454200,17.0587498000,16.4520210700,57038587,1084969134.8500
2020-09-07,16.9532317600,17.0587498000,17.3665107500,16.9356454200,76290626,1490823358.1800
2020-09-08,17.1818541800,17.6215126800,17.6918580400,17.0147839500,78101798,1553384323.5500
2020-09-09,17.4104766000,16.8828864000,17.5687536600,16.8125410400,80284167,1564852963.6200
2020-09-10,17.0323702900,16.8301273800,17.1115088200,16.7070230000,52361170,1006295840.2000
2020-09-11,16.8477137200,16.6982298300,16.9180590800,16.5311596000,41623346,790128539.9800
2020-09-14,16.7949547000,17.0851293100,17.0939224800,16.6982298300,36839291,706765309.8000
2020-09-15,17.0851293100,17.2961653900,17.4104766000,16.9356454200,47704603,935869379.1500
2020-09-16,17.2346132000,17.4896151300,17.7797897400,17.1378883300,62534154,1246202291.8400
2020-09-17,17.6654785300,17.8677214400,18.0875506900,17.4368561100,82518754,1673371012.7100
2020-09-18,17.7182375500,17.8061692500,17.8941009500,17.4720287900,54102223,1087752832.3600
2020-09-21,17.8501351000,17.7006512100,18.1139302000,17.6390990200,42239111,857916606.8500
2020-09-22,17.5511673200,17.3577175800,17.7182375500,17.2961653900,40103311,797960716.7200
2020-09-23,17.4192697700,17.4368561100,17.6390990200,17.3225449000,22005879,437077003.5300
2020-09-24,17.3137517300,16.9708181000,17.3225449000,16.8653000600,39223431,760322580.4300
2020-09-25,17.0059907800,16.8916795700,17.1115088200,16.8037478700,19502981,375587485.5700
2020-09-28,16.9356454200,16.9620249300,17.0939224800,16.8565068900,20654492,398393931.9600
2020-09-29,17.0323702900,16.8213342100,17.0675429700,16.7773683600,20744346,398441791.6400
2020-09-30,16.9004727400,16.8213342100,16.9971976100,16.7158161700,30375686,581877292.4800
2020-10-09,17.0499566300,17.4104766000,17.6039263400,17.0147839500,52270910,1033801581.1600
2020-10-12,17.4984083000,17.6742717000,17.7622034000,17.4896151300,41573490,833837080.0900
2020-10-13,17.6742717000,18.1754823900,18.3337594500,17.4984083000,55202488,1120837232.5000
2020-10-14,18.0523780100,18.0259985000,18.0963438600,17.7534102300,49653088,1011900306.8400
2020-10-15,18.1403097100,17.9908258200,18.4216911500,17.9820326500,42179393,873821224.1200
2020-10-16,18.1051370300,18.1051370300,18.1666892200,17.7885829100,36416763,744726241.9300
2020-10-19,18.1315165400,18.0172053300,18.3073799400,17.7709965700,29955577,613457247.1000
2020-10-20,17.8765146100,18.5623818700,18.6239340600,17.8501351000,60550531,1264911904.2300
2020-10-21,18.4480706600,18.9229018400,18.9932472000,18.3337594500,60974391,1296884950.1200
2020-10-22,18.7294521000,18.5887613800,18.8701428200,18.3337594500,43123395,910477610.6400
2020-10-23,18.6151408900,18.6854862500,19.0811789000,18.4832433400,38695100,826442117.5700
2020-10-26,18.6854862500,18.6063477200,18.9141086700,18.3777253000,33046876,701440054.8300
2020-10-27,18.5184160200,18.5447955300,18.8877291600,18.4744501700,30177073,639792222.6800
2020-10-28,18.6151408900,19.0987652400,19.2746286400,18.5711750400,52120993,1123142462.8400
2020-10-29,18.8349701400,19.9604959000,20.4089475700,18.7822111200,95710172,2155969904.4200
2020-10-30,20.0923934500,20.3561885500,21.1211943400,19.9604959000,106692127,2490603747.2100
2020-11-02,20.6463631600,21.1915397000,21.7015435600,20.2682568500,109628001,2643793513.1400
2020-11-03,21.4553348000,20.9365377700,21.5344733300,20.4001544000,80940743,1922604910.8600
2020-11-04,21.0948148300,22.3434449700,22.4049971600,20.9365377700,90260331,2250283675.2500
2020-11-05,22.6687922600,24.1812175000,24.2163901800,22.5105152000,119057339,3177330630.0300
2020-11-06,24.1988038400,24.3746672400,25.3243296000,23.1436234400,136629999,3766867963.6200
2020-11-09,24.0053541000,24.9726028000,25.2100183900,23.3106936700,117535030,3237233668.0900
2020-11-10,24.6208760000,23.5217297500,24.6208760000,23.0996575900,107555072,2897972783.0900
2020-11-11,23.4425912200,23.0820712500,23.8206975300,22.8798283400,90072682,2383943615.1800
2020-11-12,23.2755209900,23.2315551400,23.5832819400,22.9589668700,67391615,1779782344.3200
2020-11-13,23.6096614500,23.0293122300,23.6800068100,22.6775854300,64990714,1708373664.9200
2020-11-16,22.9413805300,22.7743103000,22.9941395500,22.2555132700,72314702,1864478210.9300
2020-11-17,22.9325873600,22.9150010200,23.6272477900,22.7039649400,94372223,2483826070.6200
2020-11-18,22.5544810500,22.5544810500,22.8006898100,22.2115474200,72301505,1851937255.7700
2020-11-19,22.9501737000,22.8710351700,23.1700029500,22.4225835000,51802861,1342575413.1400
2020-11-20,22.9941395500,23.8470770400,24.0229404400,22.9501737000,105720352,2843834555.2200
2020-11-23,23.8470770400,23.6096614500,23.8822497200,23.2403483100,71543989,1915817780.2000
2020-11-24,24.0053541000,22.9062078500,24.1460448200,22.8798283400,71467680,1902996097.7800
2020-11-25,23.0293122300,23.0205190600,23.9174224000,22.9150010200,73589756,1957130353.4400
2020-11-26,22.7918966400,21.9389591500,22.7918966400,21.7455094100,83828321,2099689705.5200
2020-11-27,22.8622420000,23.8119043600,24.1372516500,22.7039649400,185211861,5006461504.3500
2020-11-30,23.7415590000,23.3106936700,23.9789745900,23.2403483100,118956865,3197548514.9100
2020-12-01,22.9413805300,23.3019005000,23.5569024300,22.3522381400,90242896,2354968517.8900
2020-12-02,23.1260371000,22.6072400700,23.1436234400,22.4929288600,70123983,1809640303.4500
2020-12-03,22.8182761500,22.5281015400,22.8974146800,22.3786176500,44347986,1141550179.3000
2020-12-04,22.3786176500,22.1939610800,22.5632742200,22.0005113400,48426951,1223062790.1300
2020-12-07,21.7455094100,21.4025757800,21.7543025800,21.0156763000,73205670,1778533562.1000
2020-12-08,21.5256801600,21.4201621200,21.7630957500,21.2530918900,51545014,1261323190.8300
2020-12-09,21.4201621200,20.8222265600,21.7103367300,20.8046402200,61652667,1489451344.1100
2020-12-10,20.8134333900,20.8925719200,20.9717104500,20.4529134200,44004806,1038855563.6300
2020-12-11,21.0420558100,20.9277446000,21.2442987200,20.3913612300,58260702,1377967620.5500
2020-12-14,20.8925719200,21.4289552900,21.6839572200,20.4089475700,82228606,1981100217.4700
2020-12-15,21.5344733300,21.3674031000,21.7630957500,21.1563670200,59615169,1451161109.0500
2020-12-16,21.5344733300,20.9541241100,21.5344733300,20.9453309400,43408523,1042546158.6200
2020-12-17,20.9629172800,21.4201621200,21.4729211400,20.8134333900,45915961,1110755562.0100
2020-12-18,21.3937826100,21.6927503900,22.0180976800,21.2882645700,67186611,1663141432.0200
2020-12-21,21.7103367300,21.7806820900,21.8949933000,20.9892967900,91757156,2235554362.7700
2020-12-22,21.4377484600,20.4265339100,21.4377484600,20.4001544000,101207985,2409101613.9400
2020-12-23,20.4265339100,21.4113689500,21.6751640500,20.3122227000,100738755,2415073233.8100
2020-12-24,21.5608528400,21.0332626400,21.5784391800,20.9365377700,38619692,927855549.4900
2020-12-25,20.9453309400,20.5760178000,21.1739533600,20.5144656100,47526612,1124362355.6500
2020-12-28,20.6903290100,22.6336195800,22.6336195800,20.5672246300,142811960,3586060739.7900
2020-12-29,22.8886215100,20.9453309400,23.0820712500,20.9277446000,152302220,3794832213.2200
2020-12-30,20.9717104500,21.4641279700,21.9213728100,20.7870538800,93730875,2285920779.0900
2020-12-31,21.5696460100,21.4905074800,21.8774069600,21.1915397000,81460429,1988926526.4700
2021-01-04,21.1036080000,20.7079153500,21.1036080000,20.5672246300,118844998,2808084237.4100
2021-01-05,20.8134333900,19.9692890700,20.9013650900,19.7846325000,113611935,2596909491.1400
2021-01-06,20.0923934500,20.1979114900,20.4704997600,19.9341163900,64718817,1482836749.7700
2021-01-07,20.2682568500,20.4265339100,20.4617065900,19.9692890700,67740364,1561964390.3200
2021-01-08,20.8134333900,22.4665493500,22.4665493500,20.6639495000,184646960,4578791891.1700
2021-01-11,22.8622420000,23.2403483100,23.8910428900,22.5105152000,162986345,4308240566.2600
2021-01-12,22.5984469000,23.0029327200,23.2139688000,22.0884430400,111877009,2879289792.7500
2021-01-13,23.4777639000,22.0268908500,24.0229404400,21.9301659800,141103246,3666763490.7500
2021-01-14,22.0268908500,22.0884430400,23.0820712500,21.7806820900,114149692,2904780919.1000
2021-01-15,22.2467201000,22.5984469000,22.8358624900,21.5432665000,115162891,2911954553.1700
2021-01-18,22.3786176500,21.7806820900,22.3786176500,21.7191299000,98930465,2460139843.7800
2021-01-19,21.5960255200,20.8310197300,21.6575777100,20.5144656100,117022660,2784578161.7800
2021-01-20,20.8486060700,20.6199836500,21.1036080000,20.4880861000,71431407,1687406333.6700
2021-01-21,20.6375699900,20.8661924100,20.9541241100,20.3386022100,84090660,1974813164.7000
2021-01-22,20.6639495000,20.7255016900,20.8925719200,20.3561885500,62527441,1464317824.6600
2021-01-25,20.5144656100,20.2682568500,20.5584314600,19.8989437100,76424354,1753461976.7700
2021-01-26,20.2418773400,19.9604959000,20.3737748900,19.9253232200,41914225,957188000.7600
2021-01-27,20.1715319800,20.5496382900,20.6463631600,19.9956685800,60575521,1400943580.8000
2021-01-28,20.2242910000,19.9604959000,20.4177407400,19.8725642000,54539191,1246948350.2800
2021-01-29,20.0572207700,19.2922149800,20.1627388100,19.0811789000,62787719,1396407868.3200
2021-02-01,19.1163515800,19.0635925600,19.2042832800,18.7734179500,50382448,1086784769.8300
2021-02-02,19.2746286400,19.9165300500,19.9165300500,19.2394559600,59769281,1339224703.5000
2021-02-03,19.7054939700,19.4768715500,19.7582529900,19.2570423000,48225915,1068885843.4100
2021-02-04,19.3449740000,19.0460062200,19.3625603400,18.8437633100,44729181,969620784.2100
2021-02-05,19.0460062200,18.9668676900,19.3273876600,18.9053155000,28602053,620548378.5300
2021-02-08,19.1691106000,19.0987652400,19.2922149800,18.8349701400,32285817,699131133.1300
2021-02-09,18.7294521000,18.7030725900,18.9229018400,18.1842755600,77472752,1631682420.7500
2021-02-10,18.7822111200,19.2834218100,19.5032510600,18.7030725900,59655916,1295602020.7900
2021-02-18,19.5208374000,19.3361808300,19.5472169100,19.1779037700,53307896,1173313076.7100
2021-02-19,19.3273876600,19.6087691000,19.6527349500,19.1075584100,45167288,998336315.8800
2021-02-22,19.6615281200,19.6087691000,20.1979114900,19.1954901100,75593333,1688565342.7200
2021-02-23,19.4065261900,19.2306627900,19.5208374000,19.0635925600,45230431,992780016.2800
2021-02-24,19.2394559600,18.7382452700,19.4329057000,18.6503135700,52491219,1135045687.6100
2021-02-25,18.9756608600,19.0372130500,19.0372130500,18.6503135700,39634125,850202112.1600
2021-02-26,18.7118657600,18.6854862500,19.0020403700,18.6415204000,40686739,869165836.1700
2021-03-01,18.7206589300,18.6591067400,18.7997974600,18.5096228500,29325397,621621966.8800
2021-03-02,18.6854862500,18.3689321300,18.7294521000,18.2722072600,43026435,901774328.9400
2021-03-03,18.2634140900,18.6151408900,18.7118657600,18.2458277500,36946716,779626340.7900
2021-03-04,18.4656570000,18.2194482400,18.5360023600,18.2106550700,36025855,750203683.4200
2021-03-05,18.0963438600,18.3249662800,18.4656570000,17.9556531400,39333541,817610893.9600
2021-03-08,18.4568638300,17.9820326500,18.5799682100,17.9556531400,38201115,792907644.0000
2021-03-09,18.0172053300,17.9908258200,18.3601389600,17.3489244100,45293756,923086067.6500
2021-03-10,18.1139302000,17.5687536600,18.2722072600,17.5599604900,38152779,772660723.4200
2021-03-11,17.4984083000,17.6478921900,17.7446170600,17.3489244100,34637155,691723110.8300
2021-03-12,17.7094443800,17.8853077800,17.9116872900,17.4016834300,39595639,794100378.5200
2021-03-15,17.7797897400,17.6566853600,17.8765146100,17.5511673200,23362219,469979801.4700
2021-03-16,17.6039263400,17.8589282700,17.9732394800,17.5863400000,30928143,627756974.5900
2021-03-17,17.8765146100,18.0435848400,18.1842755600,17.7797897400,26388026,541011222.3100
2021-03-18,18.1930687300,17.9556531400,18.3601389600,17.9204804600,27372124,562673514.1900
2021-03-19,17.8589282700,17.6215126800,17.8589282700,17.5951331700,24983313,502371492.0200
2021-03-22,17.6215126800,18.0347916700,18.0787575200,17.5687536600,23223817,470929637.8000
2021-03-23,18.1051370300,17.8941009500,18.1051370300,17.7182375500,21257859,431992132.8600
2021-03-24,17.7797897400,17.7446170600,18.0259985000,17.7358238900,18643560,377976793.2300
2021-03-25,17.7446170600,17.5423741500,17.7622034000,17.4896151300,26909550,537524346.9400
2021-03-26,17.5687536600,17.6742717000,17.8413419300,17.5072014700,32063819,644876921.0800
2021-03-29,17.6039263400,17.4808219600,17.6390990200,17.3489244100,28138345,558569949.6600
2021-03-30,17.4896151300,17.4016834300,17.5159946400,17.3489244100,22053988,436460423.3400
2021-03-31,17.4456492800,17.2961653900,17.4984083000,17.2521995400,25442362,501899618.3800
2021-04-01,17.3225449000,17.4104766000,17.4720287900,17.3137517300,17954268,355230064.9100
2021-04-02,17.4544424500,17.4984083000,17.5511673200,17.3753039200,22768416,452522923.4900
2021-04-06,17.5863400000,17.6478921900,17.6742717000,17.4984083000,20664356,413490211.5700
2021-04-07,17.5863400000,17.6830648700,17.6830648700,17.4456492800,24944492,498050775.4900
2021-04-08,17.6654785300,17.8765146100,18.0084121600,17.5247878100,34428278,698421288.3300
2021-04-09,17.8501351000,17.6127195100,17.8501351000,17.5951331700,26753208,536833988.3000
2021-04-12,17.7182375500,17.6127195100,17.7885829100,17.5511673200,21507915,432085283.7800
2021-04-13,17.6303058500,17.4456492800,17.6918580400,17.4104766000,18303021,363743324.2900
2021-04-14,17.4456492800,17.5423741500,17.6303058500,17.4456492800,14735154,293992724.8000
2021-04-15,17.4984083000,17.3928902600,17.5775468300,17.2609927100,19017098,375062927.2900
2021-04-16,17.3928902600,18.0084121600,18.0787575200,17.3665107500,55891050,1134089202.0900
2021-04-19,18.2722072600,18.7734179500,18.8877291600,17.9204804600,85089445,1793332907.0300
2021-04-20,18.6854862500,18.0787575200,18.6854862500,18.0699643500,54580472,1132286430.3900
2021-04-21,17.8853077800,17.6566853600,17.9028941200,17.6215126800,38473265,774216771.6700
2021-04-22,17.6566853600,17.6742717000,17.7270307200,17.5511673200,21573197,432656279.1900
2021-04-23,17.5863400000,17.5335809800,17.6742717000,17.4632356200,24279204,484730240.1600
2021-04-26,17.5335809800,17.4368561100,17.5775468300,17.3665107500,25226302,500289896.2900
2021-04-27,17.3840970900,17.2258200300,17.4280629400,17.2170268600,22098760,434204761.9300
2021-04-28,17.2346132000,17.0851293100,17.2609927100,17.0059907800,25278986,490724138.3700
2021-04-29,17.1027156500,17.3665107500,17.4104766000,17.0323702900,22225171,436641291.3200
2021-04-30,17.6215126800,17.6390990200,17.9644463100,17.5423741500,41025740,826650599.1800
2021-05-06,17.6390990200,17.8237555900,18.0347916700,17.5863400000,38502287,782063929.6100
2021-05-07,17.8501351000,17.5335809800,17.9116872900,17.5159946400,25103759,503622510.4000
2021-05-10,17.5775468300,17.8325487600,18.0084121600,17.4808219600,32519300,657156853.9400
2021-05-11,17.6830648700,17.6742717000,17.8853077800,17.4280629400,29979851,601917630.5700
2021-05-12,17.5863400000,18.1491028800,18.2458277500,17.5423741500,53520138,1098964141.8900
2021-05-13,17.9380668000,17.7006512100,18.0172053300,17.6390990200,34458861,696074323.0100
2021-05-14,17.7006512100,17.9116872900,17.9644463100,17.5599604900,34867957,705541999.4900
2021-05-17,17.9116872900,18.0963438600,18.2634140900,17.7446170600,41186736,846376543.9500
2021-05-18,18.0523780100,17.9380668000,18.2194482400,17.8237555900,27407346,559358438.3500
2021-05-19,17.8853077800,18.1754823900,18.3953116400,17.7622034000,49998288,1032049885.0400
2021-05-20,18.0875506900,17.9732394800,18.1666892200,17.8501351000,35444314,724395121.3500
2021-05-21,18.0259985000,17.7534102300,18.0963438600,17.7094443800,33732368,683829985.8900
2021-05-24,17.7534102300,17.5687536600,17.7534102300,17.5423741500,27508385,549874807.5200
2021-05-25,17.5863400000,17.7885829100,17.8061692500,17.4896151300,33981016,683247148.7900
2021-05-26,17.7797897400,17.8677214400,18.1578960500,17.7534102300,32585078,665685178.5200
2021-05-27,17.7885829100,17.8501351000,18.0259985000,17.7358238900,27811156,565529690.8400
2021-05-28,17.9644463100,17.9204804600,18.1491028800,17.8501351000,35564762,727629058.7800
2021-05-31,17.9292736300,17.8325487600,17.9556531400,17.6566853600,27657098,558882896.1500
2021-06-01,17.8237555900,17.8853077800,17.9028941200,17.6478921900,28449003,575346487.0600
2021-06-02,17.8941009500,17.9380668000,18.0435848400,17.7797897400,35523841,723668917.9000
2021-06-03,17.8677214400,17.7885829100,18.0347916700,17.7094443800,34944594,709280285.3700
2021-06-04,17.7534102300,17.7006512100,17.8765146100,17.6390990200,27308343,550122679.6100
2021-06-07,17.6742717000,17.6390990200,17.7182375500,17.5599604900,21845851,437450291.0200
2021-06-08,17.6039263400,17.6918580400,17.7885829100,17.5687536600,21294306,427981707.7700
2021-06-09,17.6742717000,17.6039263400,17.7709965700,17.5863400000,20697719,415453239.0800
2021-06-10,17.5863400000,17.5423741500,17.7182375500,17.5423741500,32886835,659012187.1200
2021-06-11,17.5423741500,17.5072014700,17.5775468300,17.2521995400,39595021,783194066.1300
2021-06-15,17.6742717000,18.5535887000,18.7382452700,17.6742717000,136187587,2826843550.4300
2021-06-16,18.3161731100,18.0084121600,18.3953116400,17.9556531400,66662730,1373399410.1800
2021-06-17,17.9556531400,17.8237555900,18.1754823900,17.6654785300,47220200,959138617.1600
2021-06-18,17.7797897400,19.0811789000,19.3449740000,17.7006512100,139310697,2998689499.8700
2021-06-21,18.9932472000,18.6942794200,18.9932472000,18.5008296800,76695657,1631179581.1800
2021-06-22,18.7646247800,19.4329057000,19.8285983500,18.5535887000,109057328,2405637190.0600
2021-06-23,19.4416988700,19.3889398500,19.8198051800,19.1954901100,81505616,1809949762.5800
2021-06-24,19.4856647200,19.3361808300,19.8285983500,19.1251447500,61206621,1353754582.2300
2021-06-25,19.3889398500,19.8461846900,20.1803251500,19.3010081500,85730832,1934602005.2900
2021-06-28,19.8637710300,19.7054939700,20.3737748900,19.5208374000,71167568,1604340796.4200
2021-06-29,19.7846325000,19.1251447500,19.8549778600,18.9932472000,62682762,1370039092.1800
2021-06-30,19.1427310900,19.3185944900,19.4153193600,18.8701428200,39418439,858837002.8300
2021-07-01,19.3713535100,18.9580745200,19.3713535100,18.7997974600,40178998,869465868.9300
2021-07-02,18.6503135700,18.5008296800,18.9053155000,18.4920365100,47232229,1000783607.5000
2021-07-05,18.3601389600,18.5360023600,18.6766930800,18.2458277500,35674105,748713953.9700
2021-07-06,18.4216911500,18.5096228500,18.5623818700,18.1666892200,36414543,761172048.1200
2021-07-07,18.3777253000,18.8701428200,19.0811789000,18.2634140900,54662293,1169476336.4700
2021-07-08,18.8789359900,18.7206589300,18.9932472000,18.6766930800,33978045,726134524.4900
2021-07-09,18.6239340600,19.2834218100,19.4416988700,18.4832433400,66814713,1449739595.8400
2021-07-12,19.3801466800,19.1691106000,19.5648032500,19.0196267100,64659652,1417541429.8200
2021-07-13,19.1075584100,19.0635925600,19.4416988700,19.0020403700,41130942,895725286.4100
2021-07-14,19.0460062200,18.2897936000,19.0460062200,18.2546209200,59640571,1249823404.1500
2021-07-15,18.2458277500,18.0435848400,18.2722072600,17.7709965700,39887806,816690262.3900
2021-07-16,18.1578960500,18.2810004300,18.3249662800,18.0523780100,29153622,603567087.5000
2021-07-19,18.0259985000,18.1578960500,18.2370345800,17.7534102300,33430693,683461047.6000
2021-07-20,18.0084121600,17.9468599700,18.2106550700,17.8149624200,25538058,521718983.7400
2021-07-21,17.9468599700,18.0084121600,18.2897936000,17.9380668000,36415547,748932608.9700
2021-07-22,18.0435848400,17.9204804600,18.1754823900,17.8941009500,33539747,686273572.1000
2021-07-23,17.9996189900,18.2018619000,18.4392774900,17.9468599700,42952853,888692874.0700
2021-07-26,18.2018619000,17.5159946400,18.2018619000,17.4808219600,58405044,1172123470.7100
2021-07-27,17.5335809800,17.4368561100,17.7534102300,17.4192697700,33368001,667542198.1700
2021-07-28,17.3928902600,16.7421956800,17.5863400000,16.5751254500,63080433,1213204089.1600
2021-07-29,16.8653000600,16.7861615300,16.9004727400,16.6190913000,44205521,840841053.5000
2021-07-30,16.7679933200,16.6589922800,16.9678285600,16.3774062600,39334185,719220470.7900
2021-08-02,16.6589922800,17.1767472200,17.3856658800,16.6589922800,52942045,993472923.9100
2021-08-03,17.0949964400,17.0314125000,17.1222467000,16.8043270000,42341637,790825087.5200
2021-08-04,17.0132456600,17.2312477400,17.5037503400,16.9314948800,41729143,794102580.0100
2021-08-05,17.2403311600,17.3039151000,17.4038327200,16.9314948800,33571369,636363576.0500
2021-08-06,17.3129985200,17.4038327200,17.6672519000,17.1676638000,36950713,707340162.9600
2021-08-09,17.2130809000,17.3402487800,17.3947493000,17.0586627600,33033248,626305088.0900
2021-08-10,17.3674990400,17.3674990400,17.4219995600,17.1949140600,30289094,577289079.1000
2021-08-11,17.3674990400,17.3584156200,17.5400840200,17.2857482600,29554768,565047841.7600
2021-08-12,17.2675814200,17.8943374000,18.1577565800,17.2312477400,81488050,1594367478.6000
2021-08-13,17.7126690000,17.5037503400,17.7308358400,17.3674990400,41475002,800515101.0500
2021-08-16,17.3493322000,17.4129161400,17.6127513800,17.3402487800,27548853,530086575.7700
2021-08-17,17.4038327200,16.9950788200,17.5945845400,16.9678285600,40895396,776525385.1900
2021-08-18,16.9405783000,17.0949964400,17.1313301200,16.8315772600,28919347,540364997.6000
2021-08-19,16.9678285600,17.0314125000,17.2584980000,16.9224114600,44479112,836865913.8800
2021-08-20,16.9314948800,16.6953259600,16.9314948800,16.5136575600,52673130,965341779.4500
2021-08-23,16.6953259600,16.7225762200,16.8406606800,16.6044917600,26923845,495620722.4600
2021-08-24,16.7952435800,16.8860777800,17.0041622400,16.7679933200,30321070,563901037.6800
2021-08-25,16.9496617200,16.8588275200,16.9496617200,16.7225762200,24611840,456206217.6800
2021-08-26,16.8588275200,16.6862425400,16.8679109400,16.6771591200,26257337,483439691.4600
2021-08-27,16.9496617200,17.1585803800,17.4129161400,16.9405783000,73283227,1388636895.2600
2021-08-30,17.2584980000,17.6036679600,17.7853363600,16.9496617200,78822618,1508905847.1000
2021-08-31,17.5310006000,17.5491674400,17.7853363600,17.2857482600,47849636,919628000.1600
2021-09-01,17.4219995600,17.8580037200,17.9397545000,17.4219995600,65952581,1287928273.3300
2021-09-02,17.8580037200,18.0487555400,18.1123394800,17.6763353200,54257725,1068359046.4000
2021-09-03,17.9397545000,17.6581684800,18.1123394800,17.6309182200,50760930,996333147.7100
2021-09-06,17.7126690000,18.1214229000,18.3030913000,17.7126690000,66139121,1315958098.3400
2021-09-07,18.5755939000,19.0206814800,19.4385188000,18.4847597000,115409660,2413848229.6300
2021-09-08,18.8208462400,18.9389307000,19.1660162000,18.7572623000,59633876,1242453235.8800
2021-09-09,19.0206814800,19.0388483200,19.5021027400,18.7572623000,58023034,1218013393.5600
2021-09-10,19.6201872000,19.0751820000,19.8018556000,19.0479317400,74348496,1582415268.6000
2021-09-13,18.9389307000,18.7754291400,19.0206814800,18.5301768000,57702463,1190561838.5500
2021-09-14,18.8753467600,18.5574270600,19.1569327800,18.4938431200,53754304,1112486674.2200
2021-09-15,18.5120099600,18.3575918200,18.6028441600,18.2849244600,35709925,723303239.0600
2021-09-16,18.3848420800,18.1759234200,18.5029265400,18.1759234200,38957420,785058663.4500
2021-09-17,18.2576742000,18.2667576200,18.3666752400,18.0941726400,28265073,566673285.1900
2021-09-22,18.0578389600,18.1214229000,18.2122571000,17.8943374000,25915205,514731218.7300
2021-09-23,18.1214229000,18.1850068400,18.4120923400,18.1123394800,30195752,605701230.0100
2021-09-24,18.1850068400,17.8761705600,18.2576742000,17.8489203000,30864316,613744502.1400
2021-09-27,17.9488379200,17.9215876600,18.1123394800,17.6218348000,35815683,703753453.9600
2021-09-28,17.8943374000,17.7399192600,17.9306710800,17.6763353200,24064305,471209043.8700
2021-09-29,17.6218348000,17.4401664000,17.6309182200,17.2857482600,36153149,693032903.8400
2021-09-30,17.4401664000,17.3311653600,17.5945845400,17.2857482600,26037162,498332956.7100
2021-10-08,17.4401664000,17.7580861000,17.8125866200,17.4401664000,29928655,581280877.8000
2021-10-11,17.7126690000,17.9488379200,18.0760058000,17.6400016400,27787631,548302461.0900
2021-10-12,17.9397545000,17.7580861000,18.1123394800,17.6400016400,28588160,562877990.6200
2021-10-13,17.7308358400,18.3939255000,18.3939255000,17.6581684800,56374722,1125166675.9600
2021-10-14,18.4393426000,18.6664281000,18.6936783600,18.2849244600,51403591,1049073278.3900
2021-10-15,18.5755939000,18.9116804400,18.9934312200,18.5392602200,50987826,1056252574.1600
2021-10-18,18.8208462400,19.0842654200,19.2477669800,18.6845949400,53739439,1129099370.8300
2021-10-19,18.9843478000,19.0388483200,19.3386011800,18.9480141200,46253589,973135007.1800
2021-10-20,19.0115980600,19.0570151600,19.3204343400,18.9570975400,44440990,935892777.4500
2021-10-21,19.0479317400,19.0570151600,19.2386835600,18.8935136000,41805237,876639892.0000
2021-10-22,19.1387659400,19.0388483200,19.2568504000,18.9570975400,34754978,730010039.3000
2021-10-25,18.9480141200,19.0479317400,19.2023498800,18.6210110000,42446432,886364453.9200
2021-10-26,19.3113509200,18.8299296600,19.3749348600,18.7027617800,45700159,954780618.4500
2021-10-27,18.7572623000,18.5120099600,18.9480141200,18.3939255000,41806407,854383464.5300
2021-10-28,18.4575094400,18.0215052800,18.5120099600,17.9579213400,47337836,944933148.2500
2021-10-29,18.1395897400,18.4211757600,18.4938431200,18.0760058000,40930671,825133083.6600
2021-11-01,18.5120099600,18.1395897400,18.5574270600,18.0487555400,39246991,787307228.5700
2021-11-02,18.1759234200,18.3666752400,18.8390130800,18.1668400000,57593099,1171568205.1100
2021-11-03,18.3757586600,18.3394249800,18.5392602200,18.1850068400,28000275,565361807.9100
2021-11-04,18.4847597000,18.7663457200,18.8935136000,18.4393426000,39299825,809522497.2300
2021-11-05,18.8390130800,20.6466136600,20.6466136600,18.8117628200,170185428,3816097945.1700
2021-11-08,20.6466136600,20.9009494200,21.3006199000,20.5012789400,171533545,3943954921.6600
2021-11-09,20.8918660000,20.1288587200,20.9827002000,20.0834416200,93392707,2100255464.7600
2021-11-10,19.9835240000,19.4566856400,20.1197753000,19.2386835600,87072494,1871365857.7900
2021-11-11,19.3567680200,19.3658514400,19.6656043000,19.2750172400,71644051,1534272205.7100
2021-11-12,19.4294353800,19.4203519600,19.5747701000,19.1750996200,62363338,1331309442.6300
2021-11-15,19.4930193200,19.2023498800,19.6474374600,18.8662633400,62184578,1312382810.4200
2021-11-16,19.0751820000,18.7300120400,19.2205167200,18.6936783600,51011319,1064463796.9500
2021-11-17,18.8844301800,18.8571799200,19.1205991000,18.7663457200,55125234,1149514406.1800
2021-11-18,18.7572623000,18.7481788800,18.9843478000,18.5483436400,42309519,873334614.3800
2021-11-19,18.6664281000,18.7845125600,18.9116804400,18.4393426000,51402328,1058161397.1500
2021-11-22,18.8026794000,18.9661809600,19.0297649000,18.6573446800,60975811,1268237558.3800
2021-11-23,18.8753467600,19.1115156800,19.1478493600,18.7390954600,61000819,1273215471.7900
2021-11-24,19.0751820000,18.7118452000,19.0751820000,18.6210110000,54204620,1119457764.9300
2021-11-25,18.6210110000,18.6755115200,18.7572623000,18.4665928600,35102523,718582741.4100
2021-11-26,18.8480965000,18.3121747200,18.8935136000,18.3121747200,48412240,987158714.8200
2021-11-29,18.0669223800,18.2485907800,18.2849244600,17.9670047600,33193327,663159722.7100
2021-11-30,18.4030089200,18.1214229000,18.5120099600,18.0850892200,36874251,741498849.6100
2021-12-01,18.2304239400,18.3394249800,18.3394249800,18.1214229000,27041971,543404266.9900
2021-12-02,18.3485084000,18.7027617800,18.7390954600,18.2395073600,49397552,1009618711.5900
2021-12-03,18.7118452000,18.6391778400,18.7209286200,18.2667576200,43173558,878559997.5900
2021-12-06,18.4756762800,18.3939255000,18.6482612600,18.3394249800,34394427,699059162.8100
2021-12-07,18.4665928600,18.9480141200,19.0388483200,18.3939255000,65949501,1365040095.7500
2021-12-08,19.1024322600,19.0115980600,19.1569327800,18.6573446800,55347707,1149778380.6400
2021-12-09,18.9480141200,19.7927721800,20.1106918800,18.8662633400,109707696,2366151852.5400
2021-12-10,19.5747701000,19.8291058600,19.8472727000,19.5202695800,61872277,1344190157.0400
2021-12-13,19.9562737400,19.7382716600,20.0380245200,19.6565208800,45219707,986725024.4900
2021-12-14,19.5566032600,19.3204343400,19.6292706200,19.2205167200,48662992,1037992648.2400
2021-12-15,19.2296001400,19.1932664600,19.3840182800,19.1478493600,25945167,550204145.3800
2021-12-16,19.2568504000,19.3567680200,19.4657690600,19.1841830400,31420717,668823752.5200
2021-12-17,19.3022675000,19.0297649000,19.4385188000,19.0206814800,32708400,689403177.5000
2021-12-20,18.9389307000,18.7027617800,19.1205991000,18.6573446800,34782913,720623884.7600
2021-12-21,18.6845949400,18.9570975400,19.0751820000,18.6664281000,28285625,589713228.4100
2021-12-22,19.0570151600,18.7572623000,19.1932664600,18.6755115200,34885000,724359847.7400
2021-12-23,18.8299296600,18.9116804400,18.9480141200,18.7209286200,23285311,483537490.8800
2021-12-24,18.9207638600,18.7027617800,18.9389307000,18.6755115200,21158095,436607130.2400
2021-12-27,18.7118452000,18.9025970200,18.9207638600,18.6936783600,19154963,397692116.8500
2021-12-28,18.9298472800,18.9298472800,19.0842654200,18.7754291400,26570963,552626349.7400
2021-12-29,18.9207638600,18.7027617800,18.9298472800,18.5483436400,27501358,565047437.2000
2021-12-30,18.6664281000,18.6482612600,18.8390130800,18.6119275800,21760816,448240033.0600
2021-12-31,18.6755115200,18.7390954600,18.8026794000,18.6573446800,16818578,346762489.7200
2022-01-04,18.8753467600,18.7935959800,18.9207638600,18.5392602200,34116690,701830448.2900
2022-01-05,18.7027617800,19.0297649000,19.1296825200,18.6845949400,50837766,1061879991.7400
2022-01-06,18.8935136000,18.7209286200,18.9661809600,18.6391778400,38639239,796658661.1100
2022-01-07,18.7663457200,18.7663457200,18.9661809600,18.7209286200,34040953,705943635.9900
2022-01-10,18.9298472800,18.8480965000,18.9389307000,18.7118452000,28113453,581957475.9200
2022-01-11,18.8026794000,18.4484260200,18.8208462400,18.4211757600,47246591,968072315.9100
2022-01-12,18.5301768000,18.5029265400,18.6028441600,18.2485907800,47645026,965854229.0800
2022-01-13,18.4484260200,18.2758410400,18.6391778400,18.2304239400,37716077,765815994.8900
2022-01-14,18.1940902600,18.0033384400,18.2122571000,17.9306710800,46785095,929956993.0600
2022-01-17,18.0305887000,18.1577565800,18.2304239400,18.0124218600,31192117,622607899.6800
2022-01-18,18.1577565800,18.2849244600,18.3666752400,18.0850892200,29836236,599538670.6300
2022-01-19,18.2485907800,18.2031736800,18.3394249800,18.0305887000,36670716,733457469.3000
2022-01-20,18.1486731600,18.2304239400,18.3485084000,18.0941726400,31656122,635180447.6600
2022-01-21,18.2122571000,17.9397545000,18.2304239400,17.9034208200,35979256,712210154.7800
2022-01-24,17.8035032000,17.7308358400,17.8670871400,17.6490850600,27195232,531291148.7000
2022-01-25,17.6672519000,17.3129985200,17.7580861000,17.2857482600,36233232,698431614.9900
2022-01-26,17.3311653600,17.3856658800,17.5128337600,17.3220819400,21255318,407258985.8100
2022-01-27,17.3129985200,17.1040798600,17.3765824600,17.0859130200,31912784,604966343.0700
2022-01-28,17.1494969600,16.9496617200,17.2494145800,16.8951612000,30901876,580291431.5400
2022-02-07,17.2130809000,17.1949140600,17.3584156200,17.0586627600,29912157,566712593.8300
2022-02-08,17.2584980000,17.3493322000,17.3493322000,17.1494969600,25018117,475229975.1000
2022-02-09,17.3584156200,17.4401664000,17.4946669200,17.3129985200,31405540,602097706.5200
2022-02-10,17.4219995600,17.3674990400,17.4310829800,17.2403311600,36036152,687539835.8200
2022-02-11,17.3493322000,17.3311653600,17.4310829800,17.2675814200,33766649,645492620.3400
2022-02-14,17.3674990400,17.0768296000,17.3674990400,16.9769119800,35116734,661025808.7200
2022-02-15,17.0677461800,17.0768296000,17.1222467000,16.9587451400,26644614,500161011.3200
2022-02-16,17.1404135400,17.2403311600,17.4674166600,17.1222467000,30424805,578936221.1200
2022-02-17,17.3039151000,17.1404135400,17.3039151000,17.0404959200,24646864,464365541.7300
2022-02-18,17.0314125000,17.1676638000,17.2039974800,16.9678285600,28717502,539456306.2400
2022-02-21,17.0768296000,17.1040798600,17.1222467000,17.0132456600,25402594,477223231.8600
2022-02-22,16.9859954000,16.7679933200,16.9950788200,16.6862425400,47246946,875620513.3800
2022-02-23,16.8224938400,17.0223290800,17.0404959200,16.7861601600,39423797,733973827.1200
2022-02-24,16.9405783000,16.6499088600,17.0404959200,16.5318244000,43263297,798540177.3000
2022-02-25,16.7134928000,16.6862425400,16.8043270000,16.6317420200,34338117,631801544.2300
2022-02-28,16.6135751800,16.4500736200,16.6226586000,16.3592394200,33321418,603075824.0000
2022-03-01,16.5409078200,16.7134928000,16.8951612000,16.5318244000,33401634,613624976.0000
2022-03-02,16.5772415000,16.7134928000,16.7952435800,16.4954907200,22828301,419269152.0000
2022-03-03,16.7407430600,16.8134104200,16.9042446200,16.6680757000,29910226,552757200.0000
2022-03-04,16.6680757000,16.9405783000,17.0404959200,16.4409902000,51030429,940804560.0000
2022-03-07,16.7589099000,16.6408254400,16.8679109400,16.6044917600,35666521,656991232.0000
2022-03-08,16.5863249200,16.1503207600,16.7134928000,15.9868192000,51355458,923286000.0000
2022-03-09,16.1503207600,16.1594041800,16.2593218000,15.3509798000,50259898,881441104.0000
2022-03-10,16.3683228400,16.4500736200,16.5863249200,16.0776534000,42578539,765794480.0000
2022-03-11,16.2229881200,16.3047389000,16.3683228400,15.9686523600,33675954,599558288.0000
2022-03-14,16.1049036600,16.1684876000,16.3864896800,16.0594865600,22555621,402675472.0000
2022-03-15,15.9868192000,15.4236471600,16.0140694600,15.4236471600,40260740,694824624.0000
2022-03-16,15.4963145200,15.6779829200,15.7506502800,14.9876430000,47643012,809511040.0000
2022-03-17,15.8778181600,15.7960673800,16.0594865600,15.6961497600,36214123,633567936.0000
2022-03-18,15.7415668600,15.8687347400,16.0140694600,15.6688995000,32113563,562013427.4300
2022-03-21,15.9868192000,15.6143989800,16.0322363000,15.5417316200,31040486,537949614.4100
2022-03-22,15.5780653000,15.7234000200,15.7779005400,15.5235647800,19542360,337159345.1000
2022-03-23,15.7234000200,15.6325658200,15.8142342200,15.5598984600,20834748,359196757.5400
2022-03-24,15.5417316200,15.5508150400,15.6416492400,15.4963145200,15245113,261063682.8800
2022-03-25,15.5689818800,15.4236471600,15.6325658200,15.3600632200,21972116,374741481.0400
2022-03-28,15.1783948200,15.4145637400,15.4690642600,14.9876430000,31543182,528484826.1600
2022-03-29,15.4236471600,15.2147285000,15.4508974200,15.1783948200,15176162,255479114.3100
2022-03-30,15.2692290200,15.3963969000,15.3963969000,15.1874782400,28128475,473932734.7200
2022-03-31,15.3055627000,15.4418140000,15.4872311000,15.2692290200,24082560,408006069.8600
2022-04-01,15.3509798000,15.4872311000,15.5053979400,15.2056450800,27080485,458674517.1100
2022-04-06,15.2692290200,15.4872311000,15.4872311000,15.2692290200,26907006,455243041.6900
2022-04-07,15.4327305800,15.3691466400,15.6053155600,15.3600632200,25811401,439747637.2300
2022-04-08,15.3691466400,15.3873134800,15.4145637400,15.0966440400,27874263,468434979.0700
2022-04-11,15.3055627000,14.8786419600,15.3146461200,14.8059746000,41013396,678133422.0400
2022-04-12,14.8604751200,15.0148932600,15.0512269400,14.6969735600,24071778,394701957.8000
2022-04-13,14.9513093200,14.8150580200,15.0148932600,14.8150580200,18067894,296876858.2200
2022-04-14,14.9513093200,14.9876430000,15.1693114000,14.9513093200,22634597,375871076.9300
2022-04-15,14.8968088000,15.3055627000,15.4963145200,14.8877253800,39493354,661052173.2000
2022-04-18,15.3509798000,15.3963969000,15.6507326600,15.2056450800,32905821,558793904.7200
2022-04-19,15.3055627000,15.1965616600,15.5326482000,15.1057274600,28138130,472694148.6800
2022-04-20,15.1783948200,14.9967264200,15.2873958600,14.9876430000,20841238,347037848.9300
2022-04-21,14.9149756400,14.7151404000,15.0330601000,14.6697233000,26345506,430053574.8000
2022-04-22,14.6606398800,14.7242238200,14.8513917000,14.5698056800,19042359,308172350.6400
2022-04-25,14.5698056800,14.0883844200,14.6515564600,14.0611341600,34611177,548599205.6200
2022-04-26,14.0793010000,13.6796305200,14.1701352000,13.6614636800,28247360,433226949.1400
2022-04-27,13.5161289600,13.7522978800,13.7977149800,13.2890434600,32330369,482653376.7200
2022-04-28,13.7250476200,14.0157170600,14.0338839000,13.6342134200,30271788,460352444.7600
2022-04-29,14.0157170600,14.4880549000,14.6515564600,14.0066336400,37079571,587164706.2600
2022-05-05,14.6969735600,15.0693937800,15.0693937800,14.6152227800,61895345,1009287670.6600
2022-05-06,14.8059746000,14.8423082800,14.8968088000,14.6788067200,34602480,562988432.3500
2022-05-09,14.6878901400,14.4971383200,14.6878901400,14.3608870200,24283310,388116805.5400
2022-05-10,14.2518859800,14.4244709600,14.4971383200,13.9067160200,39076119,610938565.6700
2022-05-11,14.3063865000,14.5243885800,14.9603927400,14.2791362400,41818133,672924591.4000
2022-05-12,14.2609694000,14.3518036000,14.4153875400,14.1701352000,28879072,454588612.5800
2022-05-13,14.3881372800,15.0784772000,15.1057274600,14.3790538600,66259148,1080592233.2400
2022-05-16,15.1329777200,14.6969735600,15.1420611400,14.5516388400,55194473,893740856.8600
2022-05-17,14.6788067200,14.9876430000,15.2056450800,14.6152227800,59468912,980276687.1700
2022-05-18,15.0330601000,14.9694761600,15.2238119200,14.7605575000,52100746,860618072.4300
2022-05-19,14.6969735600,15.0148932600,15.0330601000,14.6061393600,38459762,629805810.7400
2022-05-20,15.0148932600,15.2601456000,15.3600632200,14.9513093200,46125831,772625912.4700
2022-05-23,15.3509798000,15.5689818800,15.6053155600,15.1238943000,48911392,829943871.9000
2022-05-24,16.0594865600,15.6325658200,16.3501560000,15.6325658200,98972522,1748376708.0000
2022-05-25,15.6143989800,15.7506502800,15.9686523600,15.4418140000,44047781,760678698.3300
2022-05-26,15.7960673800,15.6416492400,15.8233176400,15.4418140000,30344902,521367956.1900
2022-05-27,15.7143166000,15.5598984600,15.8778181600,15.4508974200,28633073,493392709.3000
2022-05-30,15.7597337000,15.7143166000,15.8959850000,15.6143989800,32375552,561208288.9800
2022-05-31,15.7234000200,15.6143989800,15.8596513200,15.5962321400,28460621,491047965.6100
2022-06-01,15.8687347400,16.0413197200,16.2865720600,15.8687347400,63524597,1126678802.0100
2022-06-02,15.9504855200,16.1230705000,16.3229057400,15.9414021000,48013603,854944179.6200
2022-06-06,16.0140694600,16.0322363000,16.1594041800,15.7324834400,47003484,824279509.8300
2022-06-07,15.9414021000,15.6507326600,15.9595689400,15.5144813600,47389556,818650790.6200
2022-06-08,15.8505679000,15.8324010600,15.9323186800,15.6416492400,34636168,602614040.4500
2022-06-09,15.7143166000,15.5417316200,15.9141518400,15.4690642600,32538171,560644913.7200
2022-06-10,15.4872311000,15.9414021000,15.9686523600,15.4690642600,41498487,722334346.6400
2022-06-13,15.7869839600,16.0140694600,16.1230705000,15.7597337000,44047197,776174203.9500
2022-06-14,15.8505679000,16.6044917600,16.6771591200,15.7143166000,70199235,1255026827.1800
2022-06-15,16.5863249200,16.5772415000,17.1222467000,16.5227409800,80651463,1494282801.8600
2022-06-16,16.5772415000,16.2320715400,16.7589099000,16.2229881200,43071901,778403491.0300
2022-06-17,16.1503207600,16.2502383800,16.3955731000,15.9777357800,39364155,702510436.7300
2022-06-20,16.3501560000,16.2865720600,16.4864073000,16.1230705000,26147168,468683484.5500
2022-06-21,16.2411549600,16.1684876000,16.3319891600,16.0322363000,24755596,439878368.7700
2022-06-22,16.2139047000,15.9504855200,16.4500736200,15.9323186800,33322240,593859906.0800
2022-06-23,16.0231528800,16.6771591200,16.6953259600,16.0231528800,73537120,1335176938.6200
2022-06-24,16.7407430600,16.5227409800,16.7589099000,16.3955731000,42599891,775222928.6500
2022-06-27,16.6589922800,16.7225762200,16.9678285600,16.4864073000,49682595,913685433.7300
2022-06-28,16.6589922800,17.0223290800,17.2675814200,16.5227409800,63005370,1172892355.9000
2022-06-29,16.9133280400,16.2774886400,16.9678285600,16.2593218000,66610517,1210562193.8400
2022-06-30,16.2411549600,16.1775710200,16.3955731000,16.1684876000,31511133,564140164.0100
2022-07-01,16.1684876000,15.8596513200,16.1684876000,15.6325658200,45814762,798738692.5700
2022-07-04,15.8687347400,15.6416492400,15.8687347400,15.4690642600,44995722,772755201.3800
2022-07-05,15.6507326600,15.7234000200,15.8596513200,15.4690642600,44560089,768066135.0200
2022-07-06,15.6234824000,15.5780653000,15.7143166000,15.5144813600,27221740,467166316.4500
2022-07-07,15.5871487200,15.9595689400,16.0049860400,15.5598984600,51826611,903651637.1100
2022-07-08,16.1684876000,16.8588275200,17.5219171800,16.0413197200,150165991,2795438469.6300
2022-07-11,16.7770767400,15.8324010600,16.7770767400,15.8051508000,102799792,1820318049.0600
2022-07-12,15.8233176400,15.6688995000,15.9504855200,15.6143989800,42431732,735954952.7500
2022-07-13,15.6688995000,15.6688995000,15.7415668600,15.5053979400,33805065,581870532.1700
2022-07-14,15.6507326600,15.4963145200,15.6507326600,15.4418140000,40687828,694628429.7400
2022-07-15,15.6097757400,15.2504956200,15.8555989800,15.2221314000,45908119,757786632.5300
2022-07-18,15.3544977600,15.8555989800,16.0068748200,15.2977693200,38979084,647309844.9300
2022-07-19,15.8650537200,15.7515968400,16.0068748200,15.6192304800,28366281,473821978.6800
2022-07-20,15.8366895000,15.5435925600,15.8745084600,15.4584999000,35967518,591831671.0900
2022-07-21,15.4584999000,15.3166788000,15.4774093800,15.2977693200,26542439,431445436.9300
2022-07-22,15.3261335400,15.4301356800,15.5341378200,15.3261335400,21420209,349801770.4300
2022-07-25,15.3639525000,15.1275840000,15.4112262000,15.0519460800,26568092,426474259.9500
2022-07-26,15.1370387400,15.1937671800,15.2883145800,15.1370387400,19167110,308317108.8000
2022-07-27,15.1370387400,15.1275840000,15.2410408800,15.0897650400,17068896,273562385.8000
2022-07-28,15.1748577000,15.2032219200,15.3734072400,15.1370387400,22658915,365477575.4000
2022-07-29,15.2032219200,15.3072240600,15.4112262000,15.1937671800,26833658,434172435.0000
2022-08-01,15.2977693200,15.4868641200,15.5719567800,15.1843124400,30953121,504087855.0500
2022-08-02,15.2694051000,15.0046723800,15.3166788000,14.7115754400,42038774,666317657.2200
2022-08-03,14.9384892000,15.0235818600,15.4584999000,14.9384892000,35774040,575046573.5200
2022-08-04,15.1843124400,15.0519460800,15.2221314000,14.8912155000,21479042,340597366.0000
2022-08-05,15.1181292600,15.2032219200,15.2221314000,14.9668534200,20220962,322855854.0000
2022-08-08,15.3923167200,15.3166788000,15.5152283400,15.2032219200,23170619,375598248.0000
2022-08-09,15.2883145800,15.2788598400,15.4112262000,15.2315861400,14990329,242808361.0000
2022-08-10,15.2410408800,15.2788598400,15.4490451600,15.1654029600,19507200,315561152.0000
2022-08-11,15.3072240600,15.4679546400,15.4963188600,15.1843124400,29146245,474444729.0000
2022-08-12,15.4774093800,15.4963188600,15.5341378200,15.4395904200,15739993,257886640.0000
2022-08-15,15.4868641200,15.4490451600,15.6381399600,15.4017714600,16749690,274785264.4400
2022-08-16,15.4395904200,15.4868641200,15.6759589200,15.4206809400,19692426,323990761.7500
2022-08-17,15.5246830800,15.6570494400,15.7137778800,15.3734072400,25223092,415450068.5900
2022-08-18,15.6003210000,15.4679546400,15.7137778800,15.4395904200,17169915,282110576.5800
2022-08-19,15.4395904200,15.3828619800,15.5530473000,15.3734072400,15723886,256823954.2700
2022-08-22,15.3734072400,15.5719567800,15.6854136600,15.3166788000,27478475,452211493.8600
2022-08-23,15.5057736000,15.4017714600,15.5719567800,15.3166788000,20999095,342111928.2800
2022-08-24,15.4112262000,15.0992197800,15.4774093800,15.0992197800,22711054,366699874.8900
2022-08-25,15.1748577000,15.2977693200,15.3166788000,14.9668534200,16426978,263628433.8700
2022-08-26,15.0235818600,15.0141271200,15.1086745200,14.6264827800,49815100,780587727.1200
2022-08-29,14.7493944000,14.6548470000,14.8439418000,14.5886638200,33675592,522686608.6800
2022-08-30,14.6548470000,14.6359375200,14.7493944000,14.5224806400,20894358,322864090.5600
2022-08-31,14.5413901200,14.6264827800,14.6548470000,14.3806595400,27916189,428812967.5900
2022-09-01,14.6075733000,14.4657522000,14.6170280400,14.3995690200,18675889,286250408.0900
2022-09-02,14.4657522000,14.4279332400,14.5319353800,14.3806595400,13682156,209145396.9700
2022-09-05,14.3522953200,14.3806595400,14.4184785000,14.2577479200,15736320,238231180.0800
2022-09-06,14.4752069400,14.5792090800,14.6170280400,14.4562974600,20930633,322447209.0200
2022-09-07,14.5413901200,14.5602996000,14.6075733000,14.4752069400,15345997,235745748.0600
2022-09-08,14.5697543400,14.5130259000,14.6264827800,14.5035711600,11702803,180244246.6400
2022-09-09,14.5697543400,14.6359375200,14.7115754400,14.4941164200,17835294,276151965.7800
2022-09-13,14.6548470000,14.7966681000,14.8628512800,14.6548470000,18117863,283145648.1200
2022-09-14,14.6359375200,14.5981185600,14.6926659600,14.4941164200,18702043,288597065.5900
2022-09-15,14.5792090800,14.5035711600,14.6548470000,14.4657522000,16272575,250433125.8000
2022-09-16,14.4657522000,14.2010194800,14.5319353800,14.2010194800,23014031,349412314.9900
2022-09-19,14.1915647400,14.1915647400,14.3712048000,14.1821100000,13846396,208787903.0300
2022-09-20,14.2577479200,14.0781078600,14.3428405800,14.0402889000,18517976,277591175.0700
2022-09-21,14.0213794200,14.1064720800,14.2010194800,13.8701035800,15072577,223765289.0200
2022-09-22,14.0119246800,14.0024699400,14.0686531200,13.9362867600,8861726,131218407.9400
2022-09-23,14.0213794200,13.9646509800,14.0875626000,13.8890130600,11899234,175860600.7600
2022-09-26,13.9551962400,13.7566467000,14.0213794200,13.7377372200,13712969,201464051.6700
2022-09-27,13.8039204000,13.8511941000,13.9173772800,13.7282824800,11825635,172766942.2900
2022-09-28,13.7944656600,13.6999182600,13.8228298800,13.6526445600,11950643,173477076.2600
2022-09-29,13.8039204000,13.4919139800,13.8228298800,13.4730045000,13668283,197270962.0200
2022-09-30,13.5202782000,13.5202782000,13.6904635200,13.5108234600,12980346,186434173.5500
2022-10-10,13.5864613800,13.4257308000,13.6242803400,13.3690023600,12135161,173273160.1500
2022-10-11,13.4257308000,13.3879118400,13.5108234600,13.3595476200,10430301,148040267.0600
2022-10-12,13.3973665800,13.5675519000,13.5959161200,13.1893623000,18443360,260419258.6800
2022-10-13,13.4730045000,13.4162760600,13.5675519000,13.3217286600,19479784,276637949.3600
2022-10-14,13.4540950200,13.7661014400,13.8511941000,13.4540950200,26146088,378905099.0100
2022-10-17,13.7188277400,13.9079225400,13.9362867600,13.6526445600,16553031,242126177.6200
2022-10-18,13.9741057200,13.8701035800,14.1159268200,13.8228298800,15813466,233325920.4300
2022-10-19,13.8511941000,13.6053708600,13.9457415000,13.6053708600,15550182,226060420.2600
2022-10-20,13.5580971600,13.5675519000,13.6620993000,13.4919139800,14810268,212618286.6700
2022-10-21,13.5770066400,13.4351855400,13.6715540400,13.4351855400,11925145,170924579.1400
2022-10-24,13.4824592400,13.1515433400,13.6526445600,13.1420886000,22046795,310867692.4100
2022-10-25,13.3500928800,13.4162760600,13.5580971600,13.1609980800,19739308,278760491.5800
2022-10-26,13.4068213200,13.3879118400,13.5675519000,13.3311834000,15253518,216989967.0800
2022-10-27,13.4824592400,13.5486424200,13.6242803400,13.4351855400,15774992,226063388.7500
2022-10-28,13.5770066400,13.2744549600,13.5864613800,13.2082717800,18852292,266890409.1800
2022-10-31,13.0380864600,13.0002675000,13.2271812600,12.9719032800,20048684,277050873.7400
2022-11-01,13.0569959400,13.3406381400,13.3595476200,13.0191769800,18527350,258732703.6000
2022-11-02,13.2555454800,13.5486424200,13.5675519000,13.1988170400,27968508,397051358.7000
2022-11-03,13.4635497600,13.3973665800,13.5486424200,13.3217286600,14820289,210469894.3300
2022-11-04,13.3406381400,13.7093730000,13.7471919600,13.3406381400,26251651,378568685.6700
2022-11-07,13.6053708600,13.7188277400,13.7566467000,13.5675519000,18266339,264018244.7200
2022-11-08,13.6148256000,13.6053708600,13.6715540400,13.4824592400,17276091,247721183.6500
2022-11-09,13.6148256000,13.5013687200,13.6526445600,13.5013687200,12817219,183862547.8000
2022-11-10,13.4635497600,13.4730045000,13.5202782000,13.3595476200,14594138,207311069.8100
2022-11-11,13.6999182600,13.7188277400,13.8039204000,13.5959161200,27641998,400537031.9400
2022-11-14,13.8417393600,13.6053708600,13.8511941000,13.5864613800,27649465,400783174.1200
2022-11-15,13.5770066400,13.7850109200,13.8039204000,13.5675519000,24477096,355368354.7000
2022-11-16,13.7566467000,13.7566467000,13.8228298800,13.7093730000,16305404,237309360.1000
2022-11-17,13.6999182600,13.7188277400,13.7471919600,13.6242803400,15402046,222777998.4800
2022-11-18,13.7661014400,13.6242803400,13.8606488400,13.6242803400,16448089,238371720.5700
2022-11-21,13.5297329400,13.5770066400,13.5864613800,13.4068213200,17393128,248054659.0300
2022-11-22,13.5864613800,13.6431898200,13.7566467000,13.5391876800,18864500,272205875.6300
2022-11-23,13.6337350800,13.7566467000,13.8606488400,13.6053708600,23613629,343829782.8100
2022-11-24,13.7755561800,13.7282824800,13.8511941000,13.6999182600,12117680,176253625.6600
2022-11-25,13.7093730000,13.8511941000,13.8511941000,13.6810087800,18173547,265264566.3300
2022-11-28,13.6999182600,13.5770066400,13.6999182600,13.4351855400,23289590,333660797.4500
2022-11-29,13.6148256000,13.9646509800,13.9835604600,13.5959161200,35325833,517274343.6600
2022-11-30,13.9173772800,14.3522953200,14.5602996000,13.9079225400,62628248,950125455.4100
2022-12-01,14.6075733000,14.2482931800,14.6075733000,14.2388384400,37415348,568370537.3400
2022-12-02,14.2482931800,14.2388384400,14.2955668800,14.1159268200,18105297,271905218.9900
2022-12-05,14.3522953200,14.4279332400,14.4562974600,14.2672026600,25035388,381055678.6800
2022-12-06,14.3901142800,14.4562974600,14.6832112200,14.3239311000,24782576,379430533.0300
2022-12-07,14.4468427200,14.3995690200,14.5508448600,14.3617500600,20689495,315936735.1600
2022-12-08,14.3901142800,14.4090237600,14.4657522000,14.3522953200,14862066,226617847.0200
2022-12-09,14.3901142800,14.4090237600,14.4468427200,14.2482931800,20482882,311059389.5200
2022-12-12,14.3901142800,14.2199289600,14.4090237600,14.1915647400,15542401,234936783.6100
2022-12-13,14.2672026600,14.2861121400,14.3522953200,14.1348363000,13638168,206122104.4400
2022-12-14,14.2766574000,14.3144763600,14.3428405800,14.1537457800,11757742,177289653.2000
2022-12-15,14.2766574000,14.3050216200,14.3995690200,14.1726552600,16135980,243541602.9600
2022-12-16,14.2199289600,14.4184785000,14.4279332400,14.1915647400,18632714,282881845.5800
2022-12-19,14.5130259000,14.2104742200,14.6075733000,14.1537457800,24280967,368240097.5500
2022-12-20,14.1348363000,13.9173772800,14.2104742200,13.7471919600,21113361,311789944.0400
2022-12-21,13.8984678000,13.8890130600,13.9835604600,13.8322846200,10560425,155216127.9500
2022-12-22,13.9930152000,13.9646509800,14.1442910400,13.9079225400,12401354,183875579.1800
2022-12-23,13.9173772800,13.8701035800,14.0119246800,13.8228298800,11575523,170273434.4600
2022-12-26,13.8701035800,13.9079225400,13.9551962400,13.8322846200,7889814,116092604.1300
2022-12-27,14.0024699400,13.9551962400,14.0213794200,13.8511941000,8882286,130923418.9600
2022-12-28,13.9079225400,13.8322846200,13.9362867600,13.7661014400,12270548,179472448.9700
2022-12-29,13.7661014400,13.5486424200,13.8039204000,13.5486424200,16359908,235719731.4800
2022-12-30,13.6337350800,13.6242803400,13.7282824800,13.5959161200,12051968,173895809.8900
2023-01-03,13.5391876800,13.6242803400,13.6620993000,13.4162760600,17267385,247694052.0100
2023-01-04,13.6053708600,13.6242803400,13.6526445600,13.5580971600,12575631,181073407.6600
2023-01-05,13.7093730000,13.6810087800,13.7471919600,13.6431898200,19455298,281745473.9900
2023-01-06,13.6620993000,13.6810087800,13.7661014400,13.6242803400,16946444,245603860.1300
2023-01-09,13.7188277400,13.6904635200,13.7944656600,13.6810087800,15812715,229558672.2100
2023-01-10,13.6904635200,13.6999182600,13.7850109200,13.5297329400,25310857,365580688.4300
2023-01-11,13.6904635200,13.6431898200,13.7282824800,13.6242803400,15195789,219844929.5600
2023-01-12,13.6999182600,13.5959161200,13.7282824800,13.5580971600,16092572,232154714.5900
2023-01-13,13.6148256000,13.7282824800,13.7282824800,13.5959161200,16146083,233287631.3100
2023-01-16,13.7093730000,13.8984678000,13.9835604600,13.6715540400,25178933,368527018.3400
2023-01-17,13.8890130600,13.9268320200,13.9362867600,13.8228298800,13514470,198431739.9400
2023-01-18,13.9457415000,13.9173772800,14.0308341600,13.8890130600,12265979,180942033.3900
2023-01-19,13.9173772800,13.9457415000,13.9551962400,13.8133751400,13651402,200510888.0000
2023-01-20,13.9646509800,14.0308341600,14.0402889000,13.9457415000,14846037,219782440.7500
2023-01-30,14.2955668800,14.2010194800,14.3712048000,14.1442910400,31335018,472665795.2400
2023-01-31,14.1726552600,14.2010194800,14.3522953200,14.1632005200,18961231,286175906.4200
2023-02-01,14.2388384400,14.3617500600,14.3712048000,14.2293837000,21103696,319491662.5800
2023-02-02,14.3806595400,14.1442910400,14.3995690200,14.0781078600,40541417,609198614.1400
2023-02-03,14.1064720800,14.0308341600,14.1064720800,13.9551962400,19733218,292681493.8300
2023-02-06,13.9930152000,14.0402889000,14.0686531200,13.9362867600,15767243,233238055.4700
2023-02-07,14.0875626000,14.0875626000,14.1159268200,14.0119246800,13210949,196430109.2500
2023-02-08,14.0875626000,14.0402889000,14.1064720800,14.0119246800,10479554,155656546.9800
2023-02-09,13.9930152000,14.0875626000,14.1064720800,13.9835604600,12185644,181435436.7300
2023-02-10,14.0497436400,14.0213794200,14.0875626000,13.9741057200,11659764,173005892.7600
2023-02-13,14.0119246800,14.0686531200,14.1064720800,13.9362867600,17319466,257289704.2600
2023-02-14,14.0781078600,14.1064720800,14.1064720800,14.0402889000,10628340,158203279.8700
2023-02-15,14.1159268200,14.1348363000,14.2010194800,14.0875626000,15544467,232339865.5900
2023-02-16,14.1442910400,14.0024699400,14.3239311000,13.9173772800,28945715,434081478.0700
2023-02-17,14.0024699400,13.8984678000,14.1064720800,13.8984678000,16333408,241960602.7600
2023-02-20,13.9079225400,14.1821100000,14.1821100000,13.8890130600,23222638,344693717.7400
2023-02-21,14.1726552600,14.3806595400,14.3901142800,14.1253815600,29834005,451246099.8800
2023-02-22,14.2766574000,14.3050216200,14.3806595400,14.2293837000,15818799,239192607.9800
2023-02-23,14.3050216200,14.3144763600,14.3522953200,14.2388384400,13859483,209500407.9300
2023-02-24,14.3050216200,14.1442910400,14.3050216200,14.1159268200,13153961,197357452.0200
2023-02-27,14.0970173400,14.0781078600,14.1915647400,14.0591983800,11388810,170095282.0000
2023-02-28,14.1253815600,14.2104742200,14.2104742200,14.0591983800,17016444,254452151.1800
2023-03-01,14.1915647400,14.3617500600,14.3712048000,14.1726552600,23813419,360801154.7000
2023-03-02,14.3617500600,14.3806595400,14.4468427200,14.3333858400,15838251,241017400.9800
2023-03-03,14.3995690200,14.4468427200,14.4562974600,14.3522953200,14793443,225519234.0500
2023-03-06,14.4657522000,14.3712048000,14.4752069400,14.3050216200,16617687,252927904.9500
2023-03-07,14.3712048000,14.3144763600,14.5792090800,14.2577479200,32114694,491232336.5000
2023-03-08,14.2293837000,14.2672026600,14.2955668800,14.1915647400,12912741,194526720.6200
2023-03-09,14.2672026600,14.1159268200,14.2672026600,14.0591983800,19014705,284938014.9100
2023-03-10,13.9551962400,13.4824592400,13.9835604600,13.4730045000,58286621,840419759.4700
2023-03-13,13.3879118400,13.3406381400,13.4824592400,13.1988170400,31349197,441731307.6200
2023-03-14,13.3122739200,13.2839097000,13.3690023600,13.0948149000,25840314,361695747.4800
2023-03-15,13.3311834000,13.3406381400,13.4068213200,13.2839097000,15341282,216740395.8300
2023-03-16,13.2933644400,13.3973665800,13.4351855400,13.2460907400,19209563,271714765.2700
2023-03-17,13.4446402800,13.4351855400,13.6148256000,13.3973665800,21373046,305255781.5800
2023-03-20,13.4351855400,13.4068213200,13.5675519000,13.3690023600,13573476,193219757.2700
2023-03-21,13.4162760600,13.4257308000,13.4635497600,13.3311834000,16428106,232937899.8500
2023-03-22,13.4351855400,13.5108234600,13.5108234600,13.3973665800,14927500,212630756.0500
2023-03-23,13.4635497600,13.5297329400,13.5580971600,13.4162760600,11124702,158821838.7600
2023-03-24,13.5202782000,13.4824592400,13.6053708600,13.4730045000,13556665,194039027.2200
2023-03-27,13.5013687200,13.4540950200,13.5108234600,13.3879118400,15433454,219750028.1800
2023-03-28,13.4919139800,13.4919139800,13.5391876800,13.4446402800,13949875,199059942.1900
2023-03-29,13.5864613800,13.4730045000,13.5864613800,13.4540950200,10543000,150676259.6400
2023-03-30,13.4730045000,13.5675519000,13.5864613800,13.3973665800,14395438,205580014.7500
2023-03-31,13.5580971600,13.5770066400,13.6242803400,13.5297329400,13075067,187749630.0400
2023-04-03,13.5486424200,13.5864613800,13.6526445600,13.4635497600,16927869,242842873.2400
2023-04-04,13.5864613800,13.6904635200,13.6999182600,13.5486424200,18819208,271446357.3100
2023-04-06,13.6904635200,13.5297329400,13.6904635200,13.5108234600,11479384,164762291.4700
2023-04-07,13.5297329400,13.5391876800,13.5959161200,13.4824592400,11614903,166310294.6600
2023-04-10,13.5391876800,13.4540950200,13.5391876800,13.4351855400,13481978,192206912.8400
2023-04-11,13.4351855400,13.4162760600,13.4824592400,13.3879118400,15087861,214300298.6100
2023-04-12,13.4257308000,13.3973665800,13.4540950200,13.3690023600,14975142,212319499.2400
2023-04-13,13.3784571000,13.4257308000,13.4540950200,13.2366360000,16535998,233683021.1200
2023-04-14,13.4257308000,13.4824592400,13.5675519000,13.4257308000,16362674,233584938.9500
2023-04-17,13.5391876800,13.6810087800,13.6810087800,13.4919139800,20812468,299377022.3300
2023-04-18,13.6620993000,13.7566467000,13.7661014400,13.6337350800,20133992,291854856.8500
2023-04-19,13.7471919600,13.5770066400,13.7661014400,13.5770066400,13788010,198795624.4400
2023-04-20,13.6053708600,13.4635497600,13.6148256000,13.4257308000,13812200,197032912.9800
2023-04-21,13.4540950200,13.1704528200,13.4824592400,13.1420886000,27690720,389176582.0900
2023-04-24,13.2082717800,13.1042696400,13.2744549600,13.0948149000,17602559,245040570.9300
2023-04-25,13.1420886000,13.0380864600,13.1515433400,12.9719032800,19048928,262497860.0100
2023-04-26,13.0002675000,13.0569959400,13.1893623000,12.9813580200,15334101,212464805.0800
2023-04-27,13.0569959400,13.2082717800,13.2177265200,13.0097222400,16520400,229365807.4400
2023-04-28,13.2177265200,13.3500928800,13.4068213200,13.2082717800,18938396,267063265.2800
2023-05-04,13.2082717800,13.1893623000,13.2555454800,13.1042696400,22594431,315124627.3000
2023-05-05,13.1988170400,13.0948149000,13.2839097000,13.0664506800,24739340,343767505.3000
2023-05-08,13.1799075600,13.2555454800,13.3595476200,13.1609980800,28223230,395811852.0000
2023-05-09,13.2933644400,13.2744549600,13.4540950200,13.2082717800,32680156,460918869.2600
2023-05-10,13.2744549600,13.4824592400,13.5108234600,13.2460907400,35347046,500024994.7400
2023-05-11,13.4540950200,13.3595476200,13.5580971600,13.3406381400,26082846,369950941.5400
2023-05-12,13.3406381400,13.2460907400,13.3784571000,13.2366360000,15664145,220242971.4600
2023-05-15,13.2366360000,13.3028191800,13.3217286600,13.1609980800,18474023,258590109.1700
2023-05-16,13.3217286600,13.2082717800,13.3217286600,13.1704528200,12947737,181267807.4400
2023-05-17,13.1893623000,13.1799075600,13.2933644400,13.1515433400,15892139,222052002.6600
2023-05-18,13.1799075600,13.0569959400,13.2271812600,13.0097222400,19272816,267316701.9200
2023-05-19,13.0286317200,12.9340843200,13.0664506800,12.9246295800,23203473,318103398.4500
2023-05-22,12.9246295800,12.9908127600,13.0664506800,12.9057201000,16440041,225824334.6300
2023-05-23,13.0002675000,12.9151748400,13.0569959400,12.9151748400,13663391,187723202.8100
2023-05-24,12.8962653600,12.6693516000,12.8962653600,12.6598968600,22071248,298502617.1800
2023-05-25,12.6504421200,12.4991662800,12.6882610800,12.4329831000,22349891,296412329.5700
2023-05-26,12.4613473200,12.4802568000,12.5937136800,12.3762546600,16391425,216243157.7800
2023-05-29,12.5180757600,12.7449895200,12.7638990000,12.4708020600,24440322,326870148.3400
2023-05-30,12.7449895200,12.7828084800,12.8584464000,12.6409873800,16929250,228636955.0500
2023-05-31,12.7638990000,12.6882610800,12.8017179600,12.6598968600,12098263,162787985.4100
2023-06-01,12.6693516000,12.7544442600,12.8395369200,12.6598968600,14956401,202182579.6900
2023-06-02,12.8111727000,12.8962653600,12.9151748400,12.7733537400,19220288,261653380.9900
2023-06-05,12.8962653600,12.8679011400,13.0002675000,12.8300821800,14142007,193111027.4400
2023-06-06,12.8300821800,12.7355347800,12.9340843200,12.7260800400,14579937,198068082.7400
2023-06-07,12.8206274400,12.7071705600,12.8395369200,12.6788063400,12914421,174222350.8400
2023-06-08,12.7166253000,12.8679011400,12.8868106200,12.6977158200,13232793,178944313.0300
2023-06-09,12.9435390600,13.0475412000,13.1042696400,12.9340843200,24776277,342030675.1300
2023-06-12,13.0475412000,13.1137243800,13.1704528200,13.0191769800,19228687,266785099.1100
2023-06-13,13.0664506800,13.1704528200,13.2082717800,13.0664506800,14901050,207369795.4000
2023-06-14,13.4068213200,13.2744549600,13.5864613800,13.2460907400,37957358,537733062.5700
2023-06-15,13.2839097000,13.3690023600,13.4635497600,13.2177265200,26453348,373272252.4700
2023-06-16,13.4068213200,13.3028191800,13.4635497600,13.2933644400,51788743,730384138.5900
2023-06-19,13.2744549600,13.3784571000,13.3973665800,13.2555454800,19506176,275537602.4300
2023-06-20,13.4162760600,13.3500928800,13.4446402800,13.3311834000,12231809,173157554.6900
2023-06-21,13.4068213200,13.3217286600,13.4446402800,13.3122739200,16773523,237408386.5600
2023-06-26,13.2650002200,13.2744549600,13.4446402800,13.2082717800,20701777,291412609.5900
2023-06-27,13.2271812600,13.3122739200,13.3500928800,13.0759054200,17601350,246582802.0200
2023-06-28,13.3122739200,13.3595476200,13.3973665800,13.2460907400,14250066,200772009.3800
2023-06-29,13.3595476200,13.3784571000,13.4257308000,13.3311834000,13679479,193695365.0100
2023-06-30,13.3500928800,13.3973665800,13.4635497600,13.3500928800,13213957,187474468.7800
2023-07-03,13.4068213200,13.5013687200,13.5486424200,13.3973665800,17864736,255136872.2300
2023-07-04,13.5108234600,13.6620993000,13.6999182600,13.4446402800,25240775,363646935.6800
2023-07-05,13.6620993000,13.5864613800,13.6904635200,13.5770066400,15076137,217304411.6000
2023-07-06,13.5959161200,13.6526445600,13.7566467000,13.5391876800,15959900,230632818.7400
2023-07-07,13.6053708600,13.6242803400,13.7282824800,13.5391876800,12262200,177117632.0000
2023-07-10,13.6053708600,13.5391876800,13.6904635200,13.4540950200,17005144,243409386.8600
2023-07-11,13.5486424200,13.7471919600,13.8039204000,13.5391876800,21191369,307071153.7100
2023-07-12,13.7661014400,13.6526445600,13.8984678000,13.6337350800,17171139,250050426.1800
2023-07-13,13.6999182600,13.6620993000,13.7566467000,13.5959161200,15186194,219478260.1300
2023-07-14,13.6620993000,13.6242803400,13.7093730000,13.5770066400,12740283,183919005.2300
2023-07-17,13.6337350800,13.5770066400,13.6620993000,13.5108234600,10293979,147658411.0000
2023-07-18,13.5770066400,13.6904635200,13.8133751400,13.5013687200,17275709,249756301.1800
2023-07-19,13.7581912800,13.8162427200,13.8355932000,13.7001398400,17783415,253457773.1000
2023-07-20,13.8259179600,13.6130626800,13.9323456000,13.6033874400,14098762,200258129.9300
2023-07-21,13.6614388800,13.7098150800,13.7388408000,13.5840369600,13321468,188283543.4900
2023-07-24,13.6904646000,13.7678665200,13.7968922400,13.6227379200,12820845,181919125.0300
2023-07-25,13.8355932000,13.9807218000,14.0484484800,13.7775417600,29033148,418039142.8700
2023-07-26,13.9226703600,13.9323456000,14.0484484800,13.8742941600,15168873,218595627.1600
2023-07-27,14.1742266000,14.1452008800,14.4935095200,14.1161751600,39347268,579231506.3200
2023-07-28,14.1645513600,14.6773390800,14.7063648000,14.0097475200,62972104,944183260.1300
2023-07-31,14.7063648000,14.9869467600,15.1417506000,14.6966895600,57298614,887799772.5600
2023-08-01,14.9192200800,14.8514934000,15.0933744000,14.7934419600,29647052,456985281.1500
2023-08-02,14.8418181600,14.8321429200,14.9772715200,14.7353905200,22355147,342410957.8300
2023-08-03,14.7837667200,14.7740914800,14.8321429200,14.6096124000,23813290,362413001.2800
2023-08-04,14.8321429200,14.8031172000,15.0449982000,14.7740914800,19047199,292685249.1700
2023-08-07,14.7837667200,14.8127924400,14.8321429200,14.6192876400,19776640,301767709.1200
2023-08-08,14.8321429200,14.8321429200,14.8998696000,14.7353905200,16414694,251323011.7900
2023-08-09,14.7837667200,14.8031172000,14.8901943600,14.6870143200,15567380,238351827.8000
2023-08-10,14.7837667200,14.7353905200,14.8998696000,14.7063648000,12084355,184471389.9700
2023-08-11,14.7644162400,14.3193552000,14.7740914800,14.3193552000,27231049,406682827.1000
2023-08-14,14.2226028000,14.0000722800,14.2419532800,13.8936446400,22291237,323095650.7800
2023-08-15,14.0097475200,13.9516960800,14.1064999200,13.8452684400,17862772,257254455.1700
2023-08-16,13.8839694000,13.8839694000,14.0000722800,13.8742941600,11709362,168488260.3000
2023-08-17,13.8452684400,13.9226703600,13.9420208400,13.7581912800,14796094,211748130.0300
2023-08-18,13.9033198800,13.7485160400,13.9710465600,13.7485160400,12721320,181981081.2200
2023-08-21,13.7388408000,13.5163102800,13.8259179600,13.5163102800,14368274,202839011.0800
2023-08-22,13.5646864800,13.5840369600,13.6904646000,13.4582588400,19123281,268161626.6200
2023-08-23,13.5840369600,13.5163102800,13.7194903200,13.4776093200,14817268,208185746.1900
2023-08-24,13.5163102800,13.4969598000,13.6517636400,13.4389083600,15436654,215901880.3600
2023-08-25,13.4679340800,13.5840369600,13.7581912800,13.3905321600,18367868,257940451.4700
2023-08-28,14.0871494400,13.7678665200,14.1742266000,13.7194903200,30777445,444666121.1000
2023-08-29,13.8162427200,13.8355932000,13.9903970400,13.7485160400,26237489,375944420.2100
2023-08-30,13.8452684400,13.6807893600,13.9226703600,13.6807893600,18757280,267409869.8200
2023-08-31,13.9226703600,13.8936446400,14.1355256400,13.7968922400,36441061,525804994.4600
2023-09-01,13.8839694000,14.0677989600,14.1064999200,13.8742941600,20008288,289955348.9800
2023-09-04,14.1258504000,14.2613037600,14.3096799600,14.0581237200,21415480,314797425.6600
2023-09-05,14.2613037600,14.2322780400,14.3193552000,14.1645513600,19976304,293875690.6800
2023-09-06,14.1742266000,14.3193552000,14.3290304400,14.1645513600,15652635,230900700.2400
2023-09-07,14.2709790000,14.2516285200,14.3387056800,14.2129275600,15012538,221392758.6400
2023-09-08,14.1935770800,14.1161751600,14.2032523200,14.0290980000,14249998,207930653.0100
2023-09-11,14.1452008800,14.4064323600,14.4451333200,14.1161751600,21079985,312739116.2200
2023-09-12,14.4451333200,14.4644838000,14.4935095200,14.3677314000,16908341,252466829.2700
2023-09-13,14.4161076000,14.3967571200,14.5031847600,14.3096799600,15936474,236990932.7400
2023-09-14,14.2226028000,14.3483809200,14.3967571200,13.9033198800,32437227,476920235.9700
2023-09-15,14.3967571200,14.2613037600,14.4161076000,14.1935770800,19405823,286794125.4000
2023-09-18,14.2226028000,14.3580561600,14.4161076000,14.1452008800,16151415,239454436.4500
2023-09-19,14.3290304400,14.4548085600,14.4741590400,14.3193552000,16290822,242597679.8000
2023-09-20,14.4741590400,14.4935095200,14.5805866800,14.3967571200,17292939,259546293.9500
2023-09-21,14.5128600000,14.4257828400,14.5709114400,14.3870818800,16021819,239441091.5700
2023-09-22,14.4354580800,14.5709114400,14.5902619200,14.3677314000,17236150,258343626.7400
2023-09-25,14.5709114400,14.4838342800,14.5902619200,14.4548085600,14869099,223064504.9000
2023-09-26,14.4935095200,14.3774066400,14.5709114400,14.3483809200,14484309,216106475.6300
2023-09-27,14.4451333200,14.3580561600,14.4741590400,14.3193552000,11688599,173747542.6700
2023-09-28,14.4064323600,14.3193552000,14.5128600000,14.3096799600,11938741,177433432.5300
2023-10-09,14.3193552000,14.4838342800,14.5322104800,14.2516285200,17181447,256460764.7600
2023-10-10,14.4644838000,14.4354580800,14.5225352400,14.3677314000,16340181,243840790.8800
2023-10-11,14.5031847600,14.3387056800,14.5128600000,14.3290304400,13261925,197671196.6500
2023-10-12,14.3290304400,14.6773390800,14.7160400400,14.3290304400,23042731,347929009.1200
2023-10-13,14.7547410000,14.6289628800,14.7740914800,14.5805866800,16976291,257485409.2300
2023-10-16,14.8031172000,14.6289628800,14.8031172000,14.5902619200,13578177,205815514.3700
2023-10-17,14.6870143200,14.5805866800,14.6870143200,14.5418857200,11614063,175246341.4300
2023-10-18,14.5612362000,14.6870143200,14.7837667200,14.5515609600,18701873,284105184.8800
2023-10-19,14.5418857200,14.2613037600,14.6096124000,14.2613037600,24157316,359457644.1600
2023-10-20,14.2226028000,14.1258504000,14.3193552000,14.1064999200,18025429,264494595.1100
2023-10-23,14.1935770800,14.0774742000,14.5128600000,13.9710465600,21313900,313728143.9000
2023-10-24,14.0387732400,14.0290980000,14.1452008800,13.8839694000,18663857,270795951.7000
2023-10-25,14.1064999200,14.3387056800,14.4161076000,14.0581237200,17042713,251474675.8000
2023-10-26,14.2226028000,14.5128600000,14.5515609600,14.2226028000,19645681,293512755.8800
2023-10-27,14.4257828400,14.6773390800,14.8224676800,14.4257828400,23961447,363914690.3300
2023-10-30,14.6192876400,14.3193552000,14.6579886000,14.3096799600,23970586,356758822.9100
2023-10-31,14.2613037600,14.0484484800,14.3483809200,13.9323456000,33861959,491546220.6100
2023-11-01,14.0484484800,14.0484484800,14.1355256400,13.8549436800,24349331,352708771.5800
2023-11-02,14.0290980000,14.3000047200,14.4064323600,14.0290980000,25487572,376212096.7900
2023-11-03,14.2806542400,14.3483809200,14.3870818800,14.2226028000,15831971,234409489.3500
2023-11-06,14.3967571200,14.5225352400,14.5902619200,14.3387056800,23631819,353302926.6000
2023-11-07,14.4741590400,14.4354580800,14.7353905200,14.4161076000,22587477,339992865.5000
2023-11-08,14.4161076000,14.4257828400,14.5031847600,14.2129275600,23822897,352859757.4300
2023-11-09,14.3870818800,14.3870818800,14.4935095200,14.2613037600,14921332,221974963.3100
2023-11-10,14.3580561600,14.1258504000,14.4451333200,14.1064999200,15920240,233566205.9300
2023-11-13,14.1258504000,13.9710465600,14.1742266000,13.9226703600,19938400,288379958.0000
2023-11-14,14.0194227600,13.9323456000,14.0484484800,13.9129951200,19464600,280945010.0000
2023-11-15,13.9903970400,14.0097475200,14.0194227600,13.9226703600,15809390,228194362.0000
2023-11-16,13.9710465600,13.8549436800,13.9903970400,13.8549436800,17440880,250495087.0000
2023-11-17,13.8452684400,14.0097475200,14.0290980000,13.7968922400,20405791,293395494.8500
2023-11-20,13.9710465600,13.9710465600,14.0677989600,13.9420208400,16639830,240629952.4300
2023-11-21,13.9807218000,13.9613713200,14.1161751600,13.9516960800,19706913,285879512.0200
2023-11-22,13.9420208400,13.9033198800,14.0097475200,13.8549436800,13997865,201686320.1700
2023-11-23,13.9129951200,14.2129275600,14.2419532800,13.8936446400,28675432,417797515.7100
2023-11-24,14.2129275600,14.1064999200,14.3000047200,14.0871494400,20115746,294902939.7300
2023-11-27,14.4644838000,14.9869467600,15.1127248800,14.2709790000,94795391,1442679869.6000
2023-11-28,14.8127924400,14.8708438800,14.9482458000,14.4257828400,62497031,950860690.1700
2023-11-29,14.8611686400,14.5612362000,14.8708438800,14.4741590400,37337878,562588843.8100
2023-11-30,14.5128600000,14.3967571200,14.5902619200,14.3193552000,24312755,362470513.9800
2023-12-01,14.3677314000,14.3774066400,14.4064323600,14.1742266000,26717481,395574639.5600
2023-12-04,14.3774066400,14.2322780400,14.4741590400,14.2129275600,18803877,278008310.0300
2023-12-05,14.2226028000,13.9710465600,14.2516285200,13.9516960800,19334241,281636386.6500
2023-12-06,13.9613713200,13.6324131600,14.0000722800,13.6227379200,39039828,553757365.2100
2023-12-07,13.6324131600,13.5840369600,13.6324131600,13.2937797600,30771157,428211199.9100
2023-12-08,13.5259855200,13.6614388800,13.7291655600,13.4969598000,32166015,453921257.3700
2023-12-11,13.6033874400,13.5356607600,13.6130626800,13.3518312000,32235415,448171719.4900
2023-12-12,13.4679340800,13.5453360000,13.5937122000,13.3808569200,17072025,238271601.6900
2023-12-13,13.4872845600,13.3228054800,13.5743617200,13.3131302400,17967732,249176447.5200
2023-12-14,13.3711816800,13.1680016400,13.4389083600,13.1486511600,16898939,231609665.7700
2023-12-15,13.1873521200,13.0518987600,13.2163778400,13.0228730400,18136731,245555267.9900
2023-12-18,12.9938473200,13.0325482800,13.0809244800,12.8680692000,14633147,196671630.5300
2023-12-19,13.0228730400,13.0131978000,13.0809244800,12.9164454000,14732702,197757488.0200
2023-12-20,12.9938473200,12.8487187200,13.0615740000,12.8487187200,15801914,211537928.6500
2023-12-21,12.8196930000,12.9164454000,12.9357958800,12.7713168000,17150144,228101168.1300
2023-12-22,12.9164454000,12.9648216000,13.0518987600,12.8196930000,15542354,207758173.0400
2023-12-25,12.9261206400,12.9454711200,13.0422235200,12.8777444400,12411972,165955941.9800
2023-12-26,12.9454711200,12.8583939600,12.9454711200,12.8293682400,10887341,144900646.4500
2023-12-27,12.8777444400,12.8680692000,12.9551463600,12.7229406000,14995706,198526963.5200
2023-12-28,12.7809920400,13.0809244800,13.0809244800,12.7713168000,19838701,266158472.4800
2023-12-29,13.0518987600,13.0905997200,13.1873521200,12.9938473200,28187108,381200994.5900
2024-01-02,13.1196254400,12.9841720800,13.3034550000,12.9744968400,18821008,255226320.2100
2024-01-03,12.9648216000,13.0615740000,13.0905997200,12.9357958800,12174675,163927159.7700
2024-01-04,13.0712492400,12.9841720800,13.1196254400,12.8777444400,16882051,226007226.3300
2024-01-05,12.9841720800,12.9067701600,13.0905997200,12.8390434800,17574801,236069404.9900
2024-01-08,12.8680692000,12.6939148800,12.9454711200,12.6552139200,21877681,288580859.3900
2024-01-09,12.7035901200,12.7906672800,12.8003425200,12.6648891600,18259482,240191333.2400
2024-01-10,12.7616415600,12.7906672800,12.8390434800,12.7229406000,12375447,163670113.5200
2024-01-11,12.7906672800,12.9454711200,12.9648216000,12.7326158400,13831578,183974325.3300
2024-01-12,12.9067701600,12.8874196800,12.9841720800,12.8680692000,9496027,126871692.4000
2024-01-15,12.8680692000,12.8874196800,13.0131978000,12.8196930000,10485185,139954305.5400
2024-01-16,12.8777444400,13.0228730400,13.0422235200,12.8680692000,17749141,237895454.3500
2024-01-17,13.0422235200,12.8196930000,13.0615740000,12.8196930000,16634695,222901678.9000
2024-01-18,12.8196930000,12.9357958800,13.0228730400,12.5004100800,35340902,465786112.3000
2024-01-19,12.9261206400,12.9744968400,13.0712492400,12.8196930000,22390884,300083634.4200
2024-01-22,12.9938473200,12.8100177600,13.0422235200,12.6842396400,31746593,423714417.2000
2024-01-23,12.7906672800,12.7713168000,12.8680692000,12.6842396400,17480310,230805260.4200
2024-01-24,12.8293682400,13.0712492400,13.1196254400,12.7906672800,22954111,307296655.3200
2024-01-25,13.1196254400,13.3131302400,13.3421559600,13.0712492400,29315920,401056647.5800
2024-01-26,13.1873521200,13.4389083600,13.5066350400,13.1776768800,26781312,370363211.9500
2024-01-29,13.4776093200,13.4582588400,13.6324131600,13.3905321600,22208721,309365936.7700
2024-01-30,13.4002074000,13.2647540400,13.5066350400,13.2647540400,18267196,252730847.8400
2024-01-31,13.2744292800,13.2260530800,13.3518312000,13.1002749600,25793412,352768849.3100
2024-02-01,13.1970273600,13.2647540400,13.4389083600,13.1776768800,23748167,326828596.9700
2024-02-02,13.2937797600,13.3034550000,13.4292331200,12.7519663200,36711380,499348627.8900
2024-02-05,13.3421559600,13.3324807200,13.4292331200,12.9357958800,35155601,481046374.0700
2024-02-06,13.3324807200,13.6904646000,13.7388408000,13.2550788000,34883086,488130570.6200
2024-02-07,13.7291655600,13.9420208400,13.9420208400,13.5066350400,38572940,549438422.3100
2024-02-08,13.9420208400,14.1064999200,14.1161751600,13.8452684400,34774454,501860440.5400
2024-02-19,14.1258504000,14.0774742000,14.2129275600,14.0000722800,25238358,368444539.0100
2024-02-20,14.0774742000,14.1548761200,14.1935770800,13.9613713200,20869101,304330364.4800
2024-02-21,14.1064999200,14.2516285200,14.4257828400,14.0774742000,21458102,317140038.5100
2024-02-22,14.2516285200,14.3677314000,14.3967571200,14.2226028000,14900255,220870517.5200
2024-02-23,14.3774066400,14.4161076000,14.4548085600,14.3096799600,14218577,211405487.1900
2024-02-26,14.4451333200,14.3000047200,14.5031847600,14.2806542400,22312587,332210867.6000
2024-02-27,14.3000047200,14.4064323600,14.4644838000,14.2613037600,14628244,217758266.3100
2024-02-28,14.4161076000,14.2806542400,14.4451333200,14.2419532800,22965065,340607418.8200
2024-02-29,14.2226028000,14.4741590400,14.4741590400,14.2129275600,22712765,338652311.6400
2024-03-01,14.5031847600,14.4935095200,14.5612362000,14.4161076000,16063057,240672110.0100
2024-03-04,14.5225352400,14.4838342800,14.6289628800,14.3870818800,18193527,272566253.1100
2024-03-05,14.4257828400,14.6870143200,14.7353905200,14.3870818800,29287938,441656209.4800
2024-03-06,14.6870143200,14.5225352400,14.7063648000,14.5225352400,16124021,243725080.5600
2024-03-07,14.5612362000,14.5128600000,14.6579886000,14.4838342800,16196605,243836104.3300
2024-03-08,14.5322104800,14.5128600000,14.6096124000,14.4451333200,12980461,195083751.6000
2024-03-11,14.4548085600,14.4935095200,14.5515609600,14.4257828400,15174531,227283795.9800
2024-03-12,14.4935095200,14.4257828400,14.5225352400,14.3677314000,18250065,272427616.8400
2024-03-13,14.4257828400,14.3483809200,14.5418857200,14.3290304400,16628090,247328990.3600
2024-03-14,14.3677314000,14.1935770800,14.4064323600,14.1452008800,15372695,226456441.0200
2024-03-15,14.1355256400,14.1548761200,14.2129275600,14.0677989600,22180917,324464338.4100
2024-03-18,14.1839018400,14.3580561600,14.4548085600,14.1839018400,20335381,301893466.2800
2024-03-19,14.3677314000,14.2613037600,14.4161076000,14.2322780400,12594050,186223357.2000
2024-03-20,14.3000047200,14.4161076000,14.4354580800,14.3000047200,13536141,201360891.2700
2024-03-21,14.3967571200,14.4161076000,14.5225352400,14.3483809200,14966500,223576370.2600
2024-03-22,14.4935095200,14.3677314000,14.4935095200,14.2419532800,14872381,220786531.4300
2024-03-25,14.3580561600,14.2516285200,14.4354580800,14.2516285200,14130090,209540923.3300
2024-03-26,14.2419532800,14.5225352400,14.5515609600,14.2322780400,21626072,322453438.9300
2024-03-27,14.5322104800,14.4838342800,14.6096124000,14.4451333200,20979021,315470368.3100
2024-03-28,14.4838342800,14.4644838000,14.6676638400,14.4354580800,28793695,432766407.8000
2024-03-29,14.4644838000,14.5805866800,14.6192876400,14.4451333200,15578999,234165480.4700
2024-04-01,14.5902619200,14.7740914800,14.8611686400,14.5225352400,25363548,386254706.4500
2024-04-02,14.8514934000,14.7934419600,14.9095448400,14.7450657600,20488008,313307084.5000
2024-04-03,14.8805191200,14.8514934000,14.8901943600,14.7353905200,20677525,317098321.3900
2024-04-08,14.9192200800,14.8127924400,15.2578534800,14.7740914800,28601027,442251049.8100
2024-04-09,14.8514934000,14.8031172000,14.8805191200,14.6870143200,25806834,394196353.8800
2024-04-10,14.8224676800,14.7837667200,14.9675962800,14.6676638400,20563738,315216920.9600
2024-04-11,14.7450657600,14.7740914800,14.8708438800,14.5418857200,21065266,320551662.6800
2024-04-12,14.7740914800,14.5322104800,14.8031172000,14.5225352400,17958580,271445687.6000
2024-04-15,14.5128600000,14.7160400400,14.7837667200,14.4548085600,24380335,369433831.0400
2024-04-16,14.7063648000,14.7353905200,14.8224676800,14.5805866800,26810757,408204571.3600
2024-04-17,14.6773390800,14.6966895600,14.7353905200,14.5322104800,25181918,380440878.1700
2024-04-18,14.6386381200,14.8611686400,14.9095448400,14.6096124000,24492346,375584536.0400
2024-04-19,14.8031172000,14.7353905200,14.8998696000,14.6870143200,16190877,247011684.7700
2024-04-22,14.7063648000,14.5999371600,14.8418181600,14.5709114400,17463678,264277995.4800
2024-04-23,14.5612362000,14.5225352400,14.6579886000,14.4935095200,16571455,249109768.5800
2024-04-24,14.5225352400,14.4548085600,14.5805866800,14.3483809200,14470390,215550989.1400
2024-04-25,14.4548085600,14.6483133600,14.6966895600,14.3677314000,20036044,301635964.5700
2024-04-26,14.6579886000,14.7063648000,14.7934419600,14.5902619200,19890608,301968341.3600
2024-04-29,14.7837667200,14.7837667200,14.8418181600,14.5709114400,25750119,392490433.9200
2024-04-30,14.7353905200,14.3774066400,14.7837667200,14.3677314000,35089018,525009120.8800
2024-05-06,14.4548085600,14.3193552000,14.6966895600,14.3000047200,37863959,565744966.8200
2024-05-07,14.3193552000,14.0871494400,14.3193552000,14.0581237200,27720797,404604861.6500
2024-05-08,14.0387732400,14.0774742000,14.1258504000,13.9807218000,18876702,274481139.3500
2024-05-09,14.0968246800,14.0968246800,14.1355256400,14.0484484800,17479548,254509056.5800
2024-05-10,14.1064999200,14.1355256400,14.1452008800,13.9807218000,18415667,267712941.7700
2024-05-13,14.0968246800,14.1258504000,14.1452008800,13.9323456000,18190586,264302265.6600
2024-05-14,14.1452008800,14.1258504000,14.2419532800,14.0774742000,18653766,272869198.0400
2024-05-15,14.1161751600,13.9903970400,14.1161751600,13.9516960800,13691715,198153994.6600
2024-05-16,14.0097475200,13.9323456000,14.0484484800,13.8936446400,20142252,290284506.5100
2024-05-17,13.9323456000,14.0484484800,14.0484484800,13.9033198800,19506034,281472444.4100
2024-05-20,14.0290980000,13.9516960800,14.0677989600,13.9420208400,18615109,269055315.6900
2024-05-21,13.9613713200,14.0000722800,14.0194227600,13.8742941600,14662111,211394849.5500
2024-05-22,13.9807218000,13.9613713200,14.0000722800,13.9420208400,13275917,191656081.2900
2024-05-23,13.9807218000,13.7194903200,13.9807218000,13.6227379200,27601041,391949752.1800
2024-05-24,13.7001398400,13.7291655600,13.7872170000,13.6711141200,15336166,217809990.3100
2024-05-27,13.8259179600,13.9129951200,14.0000722800,13.7872170000,20435966,293809288.5600
2024-05-28,13.8742941600,13.6324131600,13.9033198800,13.6227379200,18863489,267088775.0300
2024-05-29,13.6130626800,13.6711141200,13.7098150800,13.6130626800,11990881,169346791.9100
2024-05-30,13.7098150800,13.7678665200,13.8839694000,13.7001398400,16339594,232830693.8200
2024-05-31,13.7678665200,13.6130626800,13.8646189200,13.6130626800,20154358,285595230.0600
2024-06-03,13.7001398400,13.9323456000,13.9710465600,13.6904646000,35992308,516409260.6600
2024-06-04,13.8549436800,13.7968922400,13.9226703600,13.7291655600,20738906,295965937.8600
2024-06-05,13.8162427200,13.7098150800,13.8936446400,13.6904646000,16067302,229005576.4400
2024-06-06,13.7098150800,13.6807893600,13.7485160400,13.6033874400,14557795,205871659.0500
2024-06-07,13.7098150800,13.6517636400,13.7388408000,13.6130626800,13137740,185567370.1900
2024-06-11,13.6420884000,13.6420884000,13.7001398400,13.4195578800,24193313,338968399.1600
2024-06-12,13.6420884000,13.7291655600,13.7581912800,13.6033874400,17072103,241568904.2800
2024-06-13,13.5937122000,13.5163102800,13.6130626800,13.3034550000,25774253,358394868.7800
2024-06-14,13.4485836000,13.8355932000,13.8936446400,13.4098826400,28177548,400091412.9300
2024-06-17,13.7872170000,13.8549436800,14.1258504000,13.7485160400,26423734,380771248.6900
2024-06-18,13.8839694000,13.8936446400,13.9710465600,13.7872170000,18886488,270987648.1200
2024-06-19,13.8742941600,13.7001398400,13.9033198800,13.7001398400,12680261,180329042.3000
2024-06-20,13.7001398400,13.5646864800,13.7291655600,13.5163102800,11632229,163668172.0600
2024-06-21,13.5356607600,13.5937122000,13.6807893600,13.5259855200,13625690,191535897.7100
2024-06-24,13.6420884000,13.5453360000,13.6517636400,13.4582588400,15276850,214096087.2200
2024-06-25,13.5937122000,13.5066350400,13.7001398400,13.4485836000,15171884,213045886.4000
2024-06-26,13.5066350400,13.4872845600,13.5356607600,13.3711816800,12385978,172101472.4700
2024-06-27,13.4485836000,13.3421559600,13.4485836000,13.2937797600,12789901,176594219.7700
2024-06-28,13.3615064400,13.4098826400,13.5259855200,13.3421559600,12504201,173837367.9300
2024-07-01,13.3808569200,13.4098826400,13.4679340800,13.2841045200,10623130,146872006.6100
2024-07-02,13.4002074000,13.3034550000,13.4679340800,13.2841045200,11938041,164893362.2500
2024-07-03,13.3034550000,13.3228054800,13.3808569200,13.2937797600,9111590,125541833.2100
2024-07-04,13.3324807200,13.2550788000,13.4389083600,13.1970273600,11689817,160691759.7100
2024-07-05,13.2260530800,13.1776768800,13.2647540400,13.1389759200,13008354,177205689.1900
2024-07-08,13.1293006800,12.9454711200,13.1583264000,12.9261206400,15543202,208893599.7000
2024-07-09,12.9357958800,13.0615740000,13.0615740000,12.7713168000,13699669,182889362.0200
2024-07-10,12.9648216000,13.3711816800,13.3905321600,12.9648216000,17456235,239495175.8100
2024-07-11,13.4195578800,13.5646864800,13.6130626800,13.4195578800,15784191,220808064.9100
2024-07-12,13.5646864800,13.7388408000,13.7775417600,13.5356607600,16048743,226980433.2300
2024-07-15,13.7194903200,13.7678665200,13.8936446400,13.7001398400,16168528,230821087.6500
2024-07-16,13.8355932000,14.0484484800,14.0871494400,13.7194903200,24047117,347045551.2700
2024-07-17,14.4064323600,14.3290304400,14.4644838000,13.9033198800,51953001,762529102.9000
2024-07-18,14.2709790000,14.2903294800,14.3580561600,14.1548761200,32215188,474631894.4700
2024-07-19,14.3193552000,14.3870818800,14.4644838000,14.2226028000,30877907,458819733.7300
2024-07-22,14.3483809200,14.4257828400,14.4548085600,14.2516285200,26502356,393079116.8900
2024-07-23,14.3677314000,14.2129275600,14.4935095200,14.2129275600,24571469,364992604.9500
2024-07-24,14.1548761200,14.0194227600,14.2226028000,13.9807218000,19035516,277169253.0500
2024-07-25,14.0290980000,14.0290980000,14.1064999200,13.9710465600,14174583,205650329.6300
2024-07-26,14.0968246800,13.9613713200,14.1548761200,13.9033198800,16843363,243545776.5400
2024-07-29,14.0194227600,14.1258504000,14.2709790000,13.9710465600,15159963,221969663.8700
2024-07-30,14.2226028000,13.9807218000,14.2226028000,13.8839694000,17682002,255342305.2200
2024-07-31,13.9807218000,14.2032523200,14.2709790000,13.9129951200,19729903,288955579.2500
2024-08-01,14.2032523200,14.2516285200,14.3193552000,14.1355256400,14706888,216503250.4800
2024-08-02,14.1742266000,14.0774742000,14.2419532800,14.0290980000,12945335,188860409.2800
2024-08-05,14.1258504000,14.0484484800,14.2613037600,14.0387732400,17649960,257841399.3800
2024-08-06,14.0774742000,13.7872170000,14.1839018400,13.7001398400,20007392,286206252.1300
2024-08-07,13.8742941600,13.7194903200,13.8742941600,13.7194903200,10472790,149259011.5700
2024-08-08,13.6904646000,13.6227379200,13.7775417600,13.6227379200,10613500,150146860.0000
2024-08-09,13.6614388800,13.4098826400,13.7485160400,13.4098826400,13641071,190777018.2400
2024-08-12,13.4002074000,13.2937797600,13.4389083600,13.1776768800,10781384,148010411.6600
2024-08-13,13.2841045200,13.2067026000,13.3324807200,13.1099502000,12577887,171435830.8200
2024-08-14,13.1776768800,12.8970949200,13.1873521200,12.8970949200,19171032,257551719.5600
2024-08-15,12.8970949200,13.0228730400,13.0809244800,12.8487187200,19279301,258742446.7100
2024-08-16,13.1124129600,13.0129257600,13.2317976000,12.9830796000,20630845,271214013.8400
2024-08-19,13.0726180800,13.0228744800,13.3014386400,13.0129257600,22586229,297759459.4500
2024-08-20,13.0427719200,12.8139513600,13.0726180800,12.7841052000,19572867,252731948.9700
2024-08-21,12.7642077600,12.7741564800,12.8239000800,12.6846180000,14286023,183169052.8800
2024-08-22,12.7343616000,12.6050282400,12.7642077600,12.5950795200,17397828,221081118.4000
2024-08-23,12.6149769600,12.9333360000,12.9731308800,12.6050282400,16639102,214669261.6900
2024-08-26,12.9532334400,12.8139513600,13.0228744800,12.7443103200,14843500,191870842.9900
2024-08-27,12.7841052000,12.6945667200,12.8636949600,12.6448231200,10292850,131500570.5000
2024-08-28,12.7244128800,12.4856436000,12.7542590400,12.4359000000,15112790,190254239.9000
2024-08-29,12.5254384800,12.4856436000,12.5751820800,12.4756948800,13347641,167829627.2300
2024-08-30,12.4259512800,12.4955923200,12.7144641600,12.1374384000,29042115,364107841.1500
2024-09-02,12.4160025600,12.1075922400,12.4756948800,12.1075922400,24264236,298041086.6700
2024-09-03,12.0677973600,12.1672845600,12.1672845600,12.0081050400,17434531,211956580.2700
2024-09-04,12.0578486400,12.0280024800,12.1672845600,12.0180537600,13992450,169551009.3400
2024-09-05,12.0280024800,12.0876948000,12.1473871200,12.0180537600,15653677,189891121.2600
2024-09-06,12.0976435200,12.2170281600,12.4359000000,12.0976435200,20286281,250686372.6500
2024-09-09,12.2070794400,12.0777460800,12.2767204800,12.0280024800,14838900,180609862.0000
2024-09-10,12.0876948000,11.7295408800,12.0976435200,11.6897460000,22961502,272515245.4600
2024-09-11,11.7394896000,11.7593870400,11.8887204000,11.6400024000,17006758,201000477.9500
2024-09-12,11.7593870400,11.6101562400,11.7792844800,11.6002075200,16280074,190897010.1300
2024-09-13,11.6101562400,11.4907716000,11.6499511200,11.4310792800,17780015,205999814.3200
2024-09-18,11.4907716000,11.7195921600,11.7892332000,11.4609254400,16165619,188861368.6100
2024-09-19,11.7394896000,11.7693357600,11.8389768000,11.6101562400,15827496,186886812.7800
2024-09-20,11.7792844800,11.7991819200,11.8787716800,11.6201049600,22415368,265240060.6400
2024-09-23,11.7394896000,11.8290280800,11.8887204000,11.7096434400,10120612,120232914.1600
2024-09-24,11.9086178400,12.1672845600,12.1871820000,11.7693357600,27100584,326557108.0400
2024-09-25,12.3861564000,12.4955923200,12.7940539200,12.3463615200,35291760,446779551.4000
2024-09-26,12.4856436000,13.1522078400,13.1621565600,12.4557974400,36219119,467513969.4100
2024-09-27,13.3014386400,13.5004130400,13.5203104800,13.1920027200,24306730,326658887.8200
2024-09-30,13.8287208000,14.5549773600,14.6146696800,13.8287208000,78191866,1121581313.2700
2024-10-08,15.9179520000,14.8335415200,15.9875930400,14.4853363200,101611980,1543913527.8700
2024-10-09,14.6246184000,13.5203104800,14.6246184000,13.5203104800,69300393,977140945.2900
2024-10-10,13.5501566400,13.8486182400,14.0973362400,13.4506694400,54663906,760665616.1100
2024-10-11,13.8386695200,13.5999002400,14.0177464800,13.4208232800,29933464,412297732.1600
2024-10-14,13.5999002400,13.5601053600,13.7093361600,13.4307720000,34868201,475061699.2100
2024-10-15,13.5103617600,13.1323104000,13.5103617600,13.1223616800,30858755,413021785.5600
2024-10-16,13.0129257600,13.0029770400,13.1522078400,12.9034898400,27607313,360968713.8000
2024-10-17,13.0129257600,12.7343616000,13.1323104000,12.7244128800,26755392,346834159.0000
2024-10-18,12.7343616000,13.0427719200,13.2317976000,12.5950795200,41972962,543832017.9200
2024-10-21,13.1124129600,12.8736436800,13.1323104000,12.7841052000,42688582,552786804.7600
2024-10-22,12.8338488000,13.0527206400,13.1820540000,12.8338488000,37643225,493866931.8900
2024-10-23,13.1323104000,13.3810284000,13.4108745600,13.0328232000,39536178,527874950.6100
2024-10-24,13.3810284000,13.1124129600,13.3810284000,13.0726180800,28770632,380662604.3700
2024-10-25,13.1223616800,13.2815412000,13.3113873600,13.1024642400,25856767,343838525.7800
2024-10-28,13.2815412000,13.3810284000,13.4009258400,13.2119001600,29340939,393112919.7800
2024-10-29,13.4208232800,13.2317976000,13.4407207200,13.1920027200,28092946,375623528.9700
2024-10-30,13.1124129600,13.1124129600,13.2616437600,13.0328232000,22218782,293320924.4900
2024-10-31,12.9432847200,12.8040026400,13.0129257600,12.6647205600,44980575,578958970.3500
2024-11-01,12.7841052000,12.8239000800,12.9233872800,12.7045154400,30198765,388700619.3700
2024-11-04,12.7940539200,13.1024642400,13.1024642400,12.7940539200,35886462,466632877.4500
2024-11-05,13.0328232000,13.2019514400,13.2218488800,12.8935411200,42644052,562856066.0200
2024-11-06,13.2019514400,13.2119001600,13.3611309600,13.1522078400,40659434,541364117.0000
2024-11-07,13.0825668000,13.4904643200,13.5004130400,13.0825668000,41589826,557546033.9600
2024-11-08,13.6098489600,13.3611309600,13.6794900000,13.2914899200,49075769,664013945.4600
2024-11-11,13.2516950400,13.7590797600,13.7690284800,13.2317976000,58658899,796287124.3500
2024-11-12,14.1172336800,15.1320031200,15.1320031200,14.0774388000,202762763,3024438338.7900
2024-11-13,15.7587724800,16.6442085600,16.6442085600,15.7289263200,142180481,2347295916.3500
2024-11-14,16.9028752800,16.6342598400,17.5097472000,15.2215416000,345733624,5592655755.8900
2024-11-15,16.1169264000,17.1814394400,17.8977472800,15.7687212000,285097372,4773901138.2800
2024-11-18,18.9025680000,18.2559012000,18.9025680000,17.9076960000,287884695,5429579525.3600
2024-11-19,17.0322086400,16.4352854400,17.3207215200,16.4352854400,267626764,4502089381.7700
2024-11-20,16.2164136000,17.0620548000,17.2311830400,16.2164136000,233213040,3912620287.6800
2024-11-21,16.7934393600,18.1862601600,18.7632859200,16.7834906400,212750856,3859044606.0500
2024-11-22,17.9574396000,17.8877985600,19.0418500800,17.5893369600,240354284,4455456489.5300
2024-11-25,18.8030808000,19.4000040000,19.6785681600,18.2061576000,307510875,5893120780.5000
2024-11-26,18.6637987200,18.2757986400,19.0418500800,18.2161063200,173697315,3244546741.2400
2024-11-27,18.0768242400,17.8380549600,18.5344653600,17.0123112000,219235969,3903123028.8300
2024-11-28,17.6888241600,17.3406189600,17.8082088000,16.8531316800,142629306,2484762759.6000
2024-11-29,17.1316958400,17.4898497600,17.9474908800,17.1117984000,112892474,1997437435.1800
2024-12-02,16.8630804000,18.9025680000,19.2408244800,16.8431829600,223583714,4091618352.8000
2024-12-03,18.8130295200,18.8329269600,19.3005168000,18.4349781600,158561320,3007290682.1900
2024-12-04,18.6041064000,17.7584652000,19.2607219200,17.6589780000,142225194,2618701316.8600
2024-12-05,17.6191831200,18.1862601600,18.3553884000,17.4898497600,101182023,1822057134.6300
2024-12-06,18.1066704000,17.6689267200,18.3056448000,17.6191831200,79746690,1429053862.7100
2024-12-09,17.7385677600,17.9773370400,18.6637987200,17.7385677600,93570895,1717997489.5200
2024-12-10,18.3553884000,17.8778498400,18.8030808000,17.8281062400,103571222,1906041821.9600
2024-12-11,17.8679011200,17.6291318400,18.7035936000,17.4401061600,126049564,2280166823.7500
2024-12-12,17.7286190400,17.3306702400,17.7584652000,17.0919009600,112793312,1952617682.7600
2024-12-13,17.2112856000,18.6439012800,19.0617475200,17.0919009600,310795206,5716047137.3300
2024-12-16,18.2757986400,18.1365165600,18.7433884800,18.0569268000,154266767,2839803056.0900
2024-12-17,18.1962088800,18.1763114400,18.7533372000,18.0867729600,124822939,2313105400.3400
2024-12-18,18.5444140800,18.8826705600,19.3303629600,18.2658499200,154321097,2905702147.0500
2024-12-19,18.5742602400,18.2360037600,18.8826705600,17.7286190400,125708149,2306397254.6200
2024-12-20,18.1066704000,18.0967216800,18.4548756000,17.9076960000,75367400,1375913420.4000
2024-12-23,18.0668755200,18.0370293600,18.5245166400,17.7883113600,80651920,1471971783.9400
2024-12-24,18.0370293600,18.5245166400,18.7035936000,17.8380549600,84834334,1564780077.6400
2024-12-25,18.5145679200,18.7533372000,19.3005168000,18.4449268800,119824831,2283769232.3500
2024-12-26,18.7831833600,18.7433884800,19.1811321600,18.6041064000,95376058,1809529481.2100
2024-12-27,18.6637987200,19.7084143200,20.1163118400,18.2857473600,172346869,3342922927.5900
2024-12-30,19.7084143200,20.9321068800,21.1907736000,19.3104655200,182909044,3725861722.5000
2024-12-31,20.6535427200,20.6535427200,21.1907736000,20.3948760000,121839805,2542318941.8600
2025-01-02,20.3948760000,18.9324141600,20.4645170400,18.7135423200,142480698,2794923974.5500
2025-01-03,18.7632859200,17.9176447200,18.9622603200,17.9076960000,108053446,1991768793.5000
2025-01-06,17.8082088000,17.7783626400,18.5145679200,17.6490292800,78238658,1419052069.6900
2025-01-07,17.8579524000,18.4946704800,18.5145679200,17.7186703200,62482898,1142427802.8900
2025-01-08,18.2061576000,17.7982600800,18.2857473600,16.9028752800,139189412,2439827665.0900
2025-01-09,17.7087216000,17.3207215200,17.8977472800,16.8232855200,134117397,2326278296.3900
2025-01-10,17.2908753600,17.5395933600,18.0867729600,17.2908753600,117028650,2086103489.5900
2025-01-13,17.0123112000,16.1865674400,17.2709779200,16.0970289600,135152468,2246990679.1600
2025-01-14,16.1965161600,16.9625676000,17.2908753600,16.1169264000,118605907,1986203255.8700
2025-01-15,16.7138496000,16.2164136000,16.7635932000,16.1069776800,90167765,1476843052.5900
2025-01-16,16.2164136000,16.7934393600,17.0322086400,16.2164136000,109677651,1833632947.3400
2025-01-17,16.6840034400,16.7138496000,16.8232855200,16.4352854400,61248364,1023887190.7000
2025-01-20,16.7934393600,17.0023624800,17.3704651200,16.7934393600,73257149,1263511704.4100
2025-01-21,17.1117984000,16.8232855200,17.2311830400,16.7337470400,49628869,840807273.9000
2025-01-22,16.5845162400,16.1865674400,16.6342598400,16.0472853600,73363413,1196990015.1900
2025-01-23,16.3656444000,16.1865674400,16.6442085600,16.1766187200,61237693,1007430588.4600
2025-01-24,16.1766187200,16.8531316800,16.9824650400,16.1169264000,91187249,1529590447.7800
2025-01-27,17.2212343200,17.0720035200,17.7982600800,17.0222599200,74809161,1300160793.1400
2025-02-05,17.2112856000,16.9625676000,17.2112856000,16.8431829600,61927966,1058622016.6300
2025-02-06,16.9128240000,16.8929265600,16.9327214400,16.4452341600,73223197,1228558688.8600
2025-02-07,17.0123112000,17.9574396000,18.3454396800,16.9625676000,157098464,2810974587.0600
2025-02-10,18.4051320000,18.0867729600,19.1512860000,17.9872857600,110357788,2033510695.0400
2025-02-11,18.1066704000,18.9125167200,19.6885168800,17.5395933600,171853575,3191712840.5400
2025-02-12,18.5046192000,18.3056448000,18.6637987200,17.9076960000,134717992,2468807611.3800
2025-02-13,18.3056448000,18.4349781600,18.8528244000,18.1166191200,103002866,1912087057.6300
2025-02-14,18.3056448000,18.2360037600,18.6041064000,17.9872857600,76201740,1398105273.7900
2025-02-17,18.3255422400,18.3553884000,18.8428756800,17.9076960000,86317455,1585605925.3600
2025-02-18,18.2956960800,17.4898497600,18.2956960800,17.4102600000,86410556,1551117876.4800
2025-02-19,17.4898497600,17.5694395200,17.6390805600,17.3505676800,54714160,962589556.0500
2025-02-20,17.5694395200,17.5992856800,18.0469780800,17.4997984800,52547189,933543315.2300
2025-02-21,17.5992856800,17.2112856000,17.6092344000,16.8133368000,108126174,1855381180.3400
2025-02-24,17.4997984800,17.2908753600,17.9076960000,17.2510804800,127685265,2243359476.7400
2025-02-25,17.1117984000,16.9327214400,17.1416445600,16.8630804000,78352708,1336941528.4600
2025-02-26,17.0023624800,16.7934393600,17.0023624800,16.6143624000,72560374,1219721788.3300
2025-02-27,16.8033880800,16.8929265600,16.9824650400,16.6541572800,57230605,968304806.3400
2025-02-28,16.7337470400,16.3656444000,16.8929265600,16.3258495200,59707813,992947071.5000
2025-03-03,16.5447213600,16.5049264800,16.6342598400,16.3457469600,43572431,721954972.8700
2025-03-04,16.4153880000,16.4750803200,16.4949777600,16.2064648800,34971041,574857457.0900
2025-03-05,16.4750803200,16.3357982400,16.4750803200,16.1865674400,36562268,598844785.1500
2025-03-06,16.3457469600,16.5646188000,16.6143624000,16.2661572000,58926960,976751811.5600
2025-03-07,16.4949777600,16.3159008000,16.4949777600,16.2263623200,47831624,784919727.9400
2025-03-10,16.3059520800,16.1567212800,16.3059520800,16.0970289600,39952756,648386528.2600
2025-03-11,15.9577468800,15.6493365600,15.9577468800,15.4006185600,101863805,1594527639.0300
2025-03-12,15.6692340000,15.5697468000,15.7786699200,15.5697468000,53063557,834815486.4700
2025-03-13,15.5200032000,15.2414390400,15.5697468000,15.2115928800,57744815,890440632.2600
2025-03-14,15.2414390400,15.5200032000,15.5995929600,15.2215416000,51705817,802712679.9200
2025-03-17,15.5299519200,15.4901570400,15.6194904000,15.4006185600,35326158,550131359.5000
2025-03-18,15.5200032000,15.6194904000,15.7189776000,15.4205160000,42614119,667148742.9200
2025-03-19,15.6194904000,15.5299519200,15.7587724800,15.5001057600,40895809,642394660.1100
2025-03-20,15.5299519200,15.5100544800,15.6095416800,15.4702596000,28762103,449054381.2000
2025-03-21,15.4702596000,15.2414390400,15.5299519200,15.2314903200,37616499,580088800.8100
2025-03-24,15.1916954400,15.2115928800,15.4702596000,15.0126184800,56938725,867014179.7900
2025-03-25,15.2314903200,15.1717980000,15.3011313600,15.1320031200,31838022,486913951.9900
2025-03-26,15.1419518400,15.3210288000,15.3409262400,15.0922082400,31331727,480153791.9400
2025-03-27,15.2215416000,15.4105672800,15.4603108800,15.1817467200,33444262,516797371.2600
2025-03-28,15.4105672800,15.3608236800,15.4802083200,15.2513877600,29287630,452080968.3500
2025-03-31,15.4205160000,15.7090288800,15.9875930400,15.4205160000,91903763,1453040882.8400
2025-04-01,15.6891314400,15.6393878400,15.8184648000,15.4603108800,40341840,635170517.6300
2025-04-02,15.6692340000,15.5796955200,15.7090288800,15.4304647200,30502634,477401433.2000
2025-04-03,15.4205160000,15.3906698400,15.5995929600,15.2911826400,32234912,500002397.7500
2025-04-07,14.5251312000,13.8486182400,14.6743620000,13.8486182400,90024367,1273515628.4900
2025-04-08,13.9282080000,14.5450286400,14.6047209600,13.9282080000,94815810,1364778327.8000
2025-04-09,14.4156952800,15.1220544000,15.1220544000,14.1271824000,72163992,1057589804.5600
2025-04-10,15.4205160000,14.9728236000,15.4205160000,14.8534389600,63735664,962477108.1900
2025-04-11,14.9927210400,15.0822595200,15.2215416000,14.8832851200,47590612,722417979.5200
2025-04-14,15.4105672800,15.4205160000,15.5995929600,15.2414390400,49716056,772051743.8100
2025-04-15,15.4304647200,15.3409262400,15.4802083200,15.2513877600,29201296,450503139.8200
2025-04-16,15.7090288800,15.6692340000,15.7189776000,15.2215416000,63620053,992821343.1300
2025-04-17,15.6592852800,15.4304647200,15.7687212000,15.3110800800,45284014,704424840.2500
2025-04-18,15.3210288000,15.2712852000,15.3608236800,15.1320031200,25308209,387394421.3300
2025-04-21,15.2712852000,15.2812339200,15.3011313600,15.1519005600,17581459,269348932.5400
2025-04-22,15.2712852000,15.2016441600,15.3210288000,15.1817467200,20872048,319785903.4600
2025-04-23,15.2712852000,15.3309775200,15.5597980800,15.2513877600,35990738,556814882.6300
2025-04-24,15.3508749600,15.4503621600,15.5001057600,15.2215416000,30094818,464930914.7000
2025-04-25,15.4404134400,15.6393878400,15.8184648000,15.3807211200,43121113,677825910.0100
2025-04-28,15.5597980800,15.4105672800,15.5896442400,15.3807211200,25486171,395736435.7300
2025-04-29,15.3508749600,15.5100544800,15.5697468000,15.3210288000,20849806,324391489.3600
2025-04-30,15.5299519200,16.1567212800,16.2064648800,15.5200032000,74694706,1202133364.5200
2025-05-06,16.1965161600,16.2960033600,16.3059520800,16.0870802400,54950122,894394571.4000
2025-05-07,16.5944649600,16.3855418400,16.5944649600,16.2562084800,48576878,800875167.9600
2025-05-08,16.2462597600,16.4551828800,16.5944649600,16.2164136000,28797503,476779248.7700
2025-05-09,16.4651316000,16.4651316000,16.5248239200,16.1865674400,31443083,517810561.9300
2025-05-12,16.5148752000,16.3656444000,16.6044136800,16.2860546400,33859400,559025450.0000
2025-05-13,16.5248239200,16.5447213600,16.7735419200,16.3755931200,39567062,659220064.4000
2025-05-14,16.5049264800,16.5944649600,16.6143624000,16.4054392800,29346901,487784139.6200
2025-05-15,16.5944649600,16.6342598400,16.7337470400,16.4850290400,32144892,536983936.3000
2025-05-16,16.6143624000,16.8033880800,16.8133368000,16.4153880000,34881436,584568673.6300
2025-05-19,16.7337470400,16.5944649600,16.7735419200,16.5646188000,21667404,362127728.0800
2025-05-20,16.5745675200,16.7237983200,16.7635932000,16.5148752000,25608913,428532621.3600
2025-05-21,16.7237983200,16.7735419200,16.9227727200,16.6740547200,31663894,535747917.7400
2025-05-22,16.7934393600,17.0521060800,17.1714907200,16.7138496000,46398611,792423406.4200
2025-05-23,17.0123112000,16.7834906400,17.2311830400,16.7834906400,52504213,898340824.6800
2025-05-26,16.6641060000,16.3656444000,16.7436957600,16.2661572000,40889694,676467366.3000
2025-05-27,16.3656444000,16.2164136000,16.4651316000,16.1169264000,28824560,470650639.9800
2025-05-28,16.3059520800,16.0970289600,16.3755931200,16.0174392000,21767973,353584138.2200
2025-05-29,16.0771315200,16.1467725600,16.2960033600,16.0771315200,28725174,467274741.9600
2025-05-30,16.0870802400,16.1268751200,16.2263623200,16.0174392000,22570709,365307692.8200
2025-06-03,15.7289263200,15.1817467200,15.7388750400,14.8832851200,100226083,1530994516.6100
2025-06-04,15.3210288000,15.3110800800,15.4105672800,15.2314903200,38611963,594613625.7200
2025-06-05,15.3608236800,15.3409262400,15.4603108800,15.2712852000,29467259,454171768.8900
2025-06-06,15.3210288000,15.2513877600,15.3409262400,15.0424646400,38934495,593674922.0500
2025-06-09,15.2115928800,15.6095416800,15.6493365600,15.2115928800,47857900,745904221.1300
2025-06-10,15.6393878400,15.5100544800,15.8383622400,15.4304647200,34985080,549985714.6500
2025-06-11,15.5299519200,15.9577468800,16.1069776800,15.5299519200,53361578,852596451.8200
2025-06-12,15.9279007200,16.0671828000,16.0970289600,15.8284135200,29074025,467482109.5100
2025-06-13,15.9875930400,16.0373366400,16.0771315200,15.8284135200,40238740,645226130.2500
2025-06-16,15.9080032800,15.8881058400,16.0472853600,15.7587724800,27198988,434237858.0000
2025-06-17,15.8881058400,15.8881058400,16.0572340800,15.7985673600,16927322,270971983.2100
2025-06-18,15.8682084000,15.6891314400,15.8980545600,15.6592852800,20581301,325850681.6200
2025-06-19,15.6194904000,15.5100544800,15.6791827200,15.4702596000,17789981,278183858.7500
2025-06-20,15.4702596000,15.4503621600,15.5796955200,15.3906698400,21566563,336016213.5100
2025-06-23,15.4404134400,15.5001057600,15.5796955200,15.4205160000,14132552,220170492.1100
2025-06-24,15.5995929600,15.9975417600,15.9975417600,15.5896442400,30756077,489717749.2800
2025-06-25,15.9975417600,16.1169264000,16.1567212800,15.8682084000,26470488,426757925.4300
2025-06-26,16.0174392000,15.9676956000,16.1567212800,15.9279007200,25205496,405605781.0100
2025-06-27,15.9577468800,15.9577468800,16.0671828000,15.8980545600,19075734,306247192.7000
2025-06-30,15.9179520000,15.9676956000,16.0174392000,15.8284135200,18810064,301094661.0500
2025-07-01,15.9279007200,15.8781571200,16.0273879200,15.8781571200,16942679,271096211.7200
2025-07-02,15.9179520000,16.0174392000,16.0572340800,15.7488237600,27244920,435952284.1600
2025-07-03,15.9179520000,16.1965161600,16.2064648800,15.9179520000,24143036,391285805.5900
2025-07-04,16.2164136000,16.9725163200,17.1117984000,16.1965161600,87181714,1479961434.3200
2025-07-07,16.9725163200,17.2510804800,17.4102600000,16.8829778400,58921999,1023192167.8600
2025-07-08,17.1913881600,17.3804138400,17.4500548800,17.0720035200,43385123,756261831.8800
2025-07-09,17.3505676800,17.1416445600,17.4997984800,17.1217471200,35121264,609478600.2600
2025-07-10,17.1416445600,17.0222599200,17.3008240800,16.9028752800,42793007,733862897.4400
2025-07-11,17.1117984000,16.9426701600,17.3903625600,16.9426701600,51860355,894709147.6400
2025-07-14,17.0222599200,17.6589780000,18.0867729600,17.0222599200,91967530,1629541015.7500
2025-07-15,17.7584652000,18.1166191200,18.4051320000,17.7087216000,84386718,1539555866.4800
2025-07-16,18.1166191200,17.8480036800,18.1564140000,17.7883113600,49771869,896326918.5700
2025-07-17,17.9673883200,17.8281062400,18.0569268000,17.7883113600,46995903,844673115.1900
2025-07-18,17.9176447200,17.7684139200,18.0071832000,17.6291318400,39531127,707795589.5500
2025-07-21,17.7684139200,17.5893369600,17.8281062400,17.4401061600,57188323,1010403982.8200
2025-07-22,17.5594908000,17.4699523200,17.6888241600,17.4699523200,53503021,944617015.2600
2025-07-23,17.4202087200,17.7087216000,17.9076960000,17.3704651200,81758244,1454726962.8600
2025-07-24,17.6888241600,17.5097472000,17.8977472800,17.4401061600,62058801,1100161329.6800
2025-07-25,17.5594908000,17.3804138400,17.6092344000,17.3406189600,50757094,889330729.0400
2025-07-28,17.5594908000,17.4997984800,17.7783626400,17.4799010400,56415215,999197619.1300
2025-07-29,17.5097472000,17.5893369600,17.7385677600,17.3306702400,65882089,1158449350.5300
2025-07-30,17.5893369600,17.4600036000,17.8977472800,17.3903625600,64380921,1137616508.2400
2025-07-31,17.5000000000,17.1800000000,17.5700000000,17.1100000000,42188471,729533379.0500
2025-08-01,17.1900000000,17.2300000000,17.3600000000,17.1100000000,39541127,681154535.9700
2025-08-04,17.2200000000,17.3700000000,17.4500000000,17.1200000000,53006229,916106438.2500
2025-08-05,17.3800000000,17.9300000000,18.3700000000,17.3200000000,112490671,2013254270.4200
2025-08-06,17.9600000000,17.5300000000,17.9700000000,17.5200000000,70857087,1251078367.8900
2025-08-07,17.6000000000,17.4100000000,17.7600000000,17.2400000000,56887030,990409295.2700
2025-08-08,17.3500000000,17.3800000000,17.5100000000,17.2700000000,31233586,543634671.2800
2025-08-11,17.3900000000,17.6000000000,17.8700000000,17.3800000000,56067806,988011856.1300
2025-08-12,17.6600000000,18.0100000000,18.2500000000,17.6000000000,85876613,1544095016.1200
2025-08-13,18.0600000000,17.9900000000,18.2500000000,17.8700000000,73356028,1325081989.4300
2025-08-14,18.0500000000,18.0600000000,18.2200000000,17.9000000000,66114952,1194902415.7000
2025-08-15,18.1700000000,18.4000000000,18.7800000000,18.1700000000,97763451,1817051822.0200
2025-08-18,18.6700000000,18.2500000000,18.7500000000,18.2500000000,85363734,1574577535.8600
2025-08-19,18.3300000000,18.0000000000,18.3400000000,17.9000000000,68151417,1229606244.0600
2025-08-20,18.0300000000,19.8000000000,19.8000000000,17.9800000000,206880097,3965074120.5300
2025-08-21,20.1500000000,19.8000000000,20.1500000000,19.6000000000,141430990,2805687558.6300
2025-08-22,19.8900000000,20.2100000000,20.2700000000,19.7400000000,98461011,1975755066.9000
2025-08-25,20.4900000000,20.5300000000,20.6300000000,19.9500000000,138164169,2800016575.6100
2025-08-26,20.5000000000,19.6500000000,20.5000000000,19.2600000000,166656608,3285106391.6800
2025-08-27,19.6000000000,18.9100000000,19.8800000000,18.9000000000,123045380,2380909487.7500
2025-08-28,18.7100000000,18.9300000000,19.0500000000,18.4400000000,89731826,1684483662.5500
2025-08-29,19.0900000000,18.7900000000,19.3600000000,18.7500000000,115968342,2212218041.6200
2025-09-01,18.7900000000,19.0400000000,19.5400000000,18.7900000000,124719363,2395244250.2200
2025-09-02,19.1600000000,18.9500000000,19.3800000000,18.8000000000,73937746,1406806549.7800
2025-09-03,19.0600000000,19.0500000000,19.2500000000,18.7600000000,79634206,1515869409.2700
2025-09-04,19.0100000000,18.7000000000,19.1700000000,18.4700000000,92072736,1730352341.4200
2025-09-05,18.7200000000,19.0200000000,19.0500000000,18.5100000000,59374346,1117633211.2700
2025-09-08,19.0300000000,18.9500000000,19.3300000000,18.9200000000,62817305,1195205613.2100
2025-09-09,18.9600000000,18.9900000000,19.1200000000,18.8200000000,59140957,1121592489.1600
2025-09-10,18.9300000000,18.8500000000,19.0200000000,18.7200000000,40083209,755302956.8600
2025-09-11,18.9000000000,18.9700000000,18.9700000000,18.6400000000,48355836,908306725.8900
2025-09-12,18.9100000000,18.5500000000,19.0100000000,18.5000000000,63028104,1181234374.5400
2025-09-15,18.4700000000,18.7600000000,18.9000000000,18.4500000000,60009052,1123956105.5500
2025-09-16,18.8000000000,18.6800000000,19.2600000000,18.5600000000,74604514,1404687932.4300
2025-09-17,18.6800000000,18.9000000000,19.2200000000,18.5600000000,75309291,1419843806.0900
2025-09-18,18.9000000000,18.8100000000,19.2500000000,18.6100000000,77042096,1461034179.7700
2025-09-19,18.8000000000,19.2500000000,19.2900000000,18.5500000000,96133546,1823066227.4400
2025-09-22,19.2500000000,19.0600000000,19.3400000000,18.8100000000,72752756,1384460831.8000
2025-09-23,19.0200000000,18.7000000000,19.0400000000,18.4800000000,67595512,1264384765.1900
2025-09-24,18.2500000000,17.6600000000,18.2500000000,17.2600000000,163292653,2865139564.7200
2025-09-25,17.4600000000,17.1600000000,17.5700000000,17.1000000000,112657025,1949912585.7900
2025-09-26,17.0900000000,17.0400000000,17.5000000000,17.0000000000,79478944,1365816753.9600
2025-09-29,17.0400000000,16.9000000000,17.0700000000,16.6800000000,82775483,1393669491.5700
2025-09-30,16.9300000000,17.1200000000,17.1200000000,16.8700000000,51663364,877638948.7100
2025-10-09,17.3800000000,17.5200000000,17.5700000000,17.1600000000,86503759,1505300159.4300
2025-10-10,17.4500000000,17.1300000000,17.4900000000,17.1100000000,54402528,941108416.4500
2025-10-13,16.6800000000,16.7900000000,16.8400000000,16.4900000000,56754282,947796768.4900
2025-10-14,16.8500000000,16.5200000000,16.9600000000,16.5000000000,56902084,950335623.4800
2025-10-15,16.5500000000,16.8200000000,16.8300000000,16.5200000000,46774718,781486822.6300
2025-10-16,16.7900000000,16.7900000000,17.0500000000,16.7100000000,39135748,658919591.0000
2025-10-17,16.7200000000,16.3500000000,16.8400000000,16.3500000000,48226690,796841305.5800
2025-10-20,16.5000000000,16.4400000000,16.5800000000,16.3500000000,27864408,458286387.4500
2025-10-21,16.4500000000,16.5100000000,16.5400000000,16.4200000000,30576608,504247350.9600
2025-10-22,16.4800000000,16.4600000000,16.5300000000,16.4300000000,21658885,356821701.1200
2025-10-23,16.4700000000,16.5300000000,16.5400000000,16.3200000000,25989008,426802335.3800
2025-10-24,16.5700000000,16.6800000000,16.7700000000,16.5000000000,32431474,538947066.2100
2025-10-27,16.7800000000,16.6800000000,16.7800000000,16.6200000000,34644568,578412974.5200
2025-10-28,16.6900000000,16.5600000000,16.7000000000,16.4700000000,31038944,513446452.3900
2025-10-29,16.5700000000,16.6900000000,16.7100000000,16.4800000000,29916218,496503111.3900
2025-10-30,16.6500000000,16.7500000000,16.9000000000,16.6100000000,41617161,698093302.9200
2025-10-31,16.9800000000,16.6300000000,17.0500000000,16.6300000000,70753121,1191475070.0600
2025-11-03,16.6300000000,16.2200000000,16.6900000000,16.0700000000,88008015,1428926751.2200
2025-11-04,16.2000000000,15.9700000000,16.2600000000,15.9500000000,55662750,893520382.5000
2025-11-05,15.9000000000,15.9000000000,15.9600000000,15.7300000000,54162372,858304034.2400
2025-11-06,15.8700000000,15.8800000000,15.9700000000,15.8700000000,41201176,655385822.3800
2025-11-07,15.8500000000,15.9700000000,16.0600000000,15.7900000000,37721261,602002358.4000
2025-11-10,15.9700000000,16.0800000000,16.1700000000,15.9100000000,42371754,680394905.1300
2025-11-11,16.0800000000,15.9000000000,16.0900000000,15.8800000000,38736317,618089837.3500
2025-11-12,15.9100000000,15.6600000000,15.9100000000,15.6000000000,57178188,899326364.3800
2025-11-13,15.6700000000,15.9200000000,15.9700000000,15.6600000000,43210706,685333230.9200
2025-11-14,15.8700000000,15.8100000000,15.9700000000,15.8100000000,27116817,430827773.8200
2025-11-17,15.7700000000,15.6600000000,15.8300000000,15.6500000000,29945932,470276980.8000
2025-11-18,15.6300000000,15.3800000000,15.6800000000,15.3500000000,61525387,951088208.4900
2025-11-19,15.3800000000,15.3000000000,15.4500000000,15.2000000000,44737877,685013325.0900
2025-11-20,15.3100000000,15.0200000000,15.3800000000,15.0100000000,58276352,881447862.4700
2025-11-21,14.9000000000,14.7000000000,14.9800000000,14.7000000000,55714434,824826194.2800
2025-11-24,14.9000000000,14.7900000000,14.9100000000,14.7300000000,41258481,611761898.3500
2025-11-25,14.8700000000,14.9200000000,15.0000000000,14.7800000000,41040199,612130583.0100
2025-11-26,14.9300000000,14.8600000000,15.0100000000,14.8200000000,31400688,468398626.5400
2025-11-27,14.8700000000,14.8600000000,15.0200000000,14.8000000000,29798826,444528834.3400
2025-11-28,14.8600000000,14.9700000000,15.0000000000,14.8100000000,45610471,680259555.6700
2025-12-01,15.4200000000,15.4700000000,15.7500000000,15.2800000000,178346904,2766260507.5000
2025-12-02,15.4600000000,15.5200000000,15.8700000000,15.4000000000,100434831,1566278597.7900
2025-12-03,15.4400000000,15.3800000000,15.5800000000,15.3100000000,50823440,782375655.3200
2025-12-04,15.4000000000,15.3500000000,15.5400000000,15.1000000000,64618437,991724163.8000
2025-12-05,15.3800000000,15.4500000000,15.4800000000,15.3300000000,49506430,762247805.8200
2025-12-08,15.5100000000,15.2400000000,15.5200000000,15.2200000000,76618193,1174135412.3700
2025-12-09,15.2100000000,15.1500000000,15.3900000000,15.1300000000,53008970,809054120.8900
2025-12-10,15.1100000000,15.3500000000,15.3600000000,15.0100000000,48447140,737738125.7300
2025-12-11,15.2800000000,15.4800000000,15.5400000000,15.2300000000,72656445,1123179757.6100
2025-12-12,15.4400000000,15.7200000000,15.8200000000,15.2200000000,151190710,2352512390.2400
2025-12-15,15.6000000000,15.8000000000,15.8700000000,15.4600000000,100237987,1573286580.2600
2025-12-16,15.8100000000,15.6600000000,15.9200000000,15.6100000000,70830500,1116292738.4300
2025-12-17,15.6100000000,15.6500000000,15.7200000000,15.5300000000,45657021,712943255.7500
2025-12-18,15.6100000000,15.4800000000,15.6100000000,15.4700000000,39258113,609643619.2400
2025-12-19,15.4800000000,15.7100000000,15.7400000000,15.4600000000,47179680,738087056.0500
2025-12-22,15.7200000000,15.5900000000,15.8400000000,15.5800000000,50996244,799208134.7200
2025-12-23,15.5800000000,15.4900000000,15.5900000000,15.4500000000,32821285,508494035.4600
2025-12-24,15.4600000000,15.4400000000,15.4900000000,15.3500000000,34909265,537959181.1500
2025-12-25,15.4300000000,15.4400000000,15.5100000000,15.3700000000,26091430,403111719.9700
2025-12-26,15.4100000000,15.4900000000,15.6400000000,15.4000000000,39319571,611192668.6100
2025-12-29,15.5000000000,15.3700000000,15.5200000000,15.3500000000,37078878,571992100.2700
2025-12-30,15.3400000000,15.3500000000,15.3900000000,15.2400000000,31057867,475621660.5600
2025-12-31,15.3600000000,15.2200000000,15.4900000000,15.2200000000,34461763,527406617.9700
2026-01-05,15.2500000000,15.2600000000,15.2900000000,15.1500000000,51579730,784597716.5900
2026-01-06,15.2300000000,15.5400000000,15.5500000000,15.2100000000,68291641,1053591347.0900
2026-01-07,15.5100000000,15.3000000000,15.5100000000,15.2800000000,57651778,885263985.6900
2026-01-08,15.4000000000,15.3700000000,15.4700000000,15.3400000000,45346975,698074506.1200
2026-01-09,15.4100000000,15.4000000000,15.6600000000,15.3400000000,71233616,1101693825.4400
2026-01-12,15.4000000000,15.4200000000,15.4500000000,15.3200000000,61720364,949286096.7900
2026-01-13,15.5900000000,15.4900000000,15.9700000000,15.4400000000,105797368,1657583962.7700
2026-01-14,15.4900000000,15.0800000000,15.5700000000,15.0200000000,128576416,1970581105.9100
2026-01-15,15.0200000000,14.8700000000,15.1400000000,14.8400000000,85184400,1273333511.3900
2026-01-16,15.3000000000,14.9900000000,15.4600000000,14.7500000000,200679227,3033415889.1600
2026-01-19,15.0400000000,15.2500000000,15.3400000000,15.0100000000,110304483,1678467599.6900
2026-01-20,15.2800000000,15.2800000000,15.4000000000,15.2200000000,78491576,1200119602.9000
2026-01-21,15.2400000000,15.1200000000,15.2500000000,15.1000000000,75391386,1142664575.5800
2026-01-22,15.1100000000,14.9600000000,15.1700000000,14.9300000000,103293522,1550387680.8100
2026-01-23,14.9600000000,14.8200000000,15.1200000000,14.7800000000,185296105,2757793989.1700
2026-01-26,14.8600000000,14.6100000000,14.8800000000,14.5600000000,111643009,1635348596.9500
2026-01-27,14.5800000000,14.3800000000,14.6200000000,14.3400000000,82714529,1193303207.0900
2026-01-28,14.3900000000,14.2000000000,14.4200000000,14.1800000000,95182533,1354819044.7700
2026-01-29,14.1500000000,14.3700000000,14.3700000000,14.0200000000,121377404,1719388539.7300
2026-01-30,14.3500000000,14.1400000000,14.3500000000,14.0600000000,71864539,1020737061.8100
2026-02-02,14.1300000000,14.0500000000,14.2700000000,14.0400000000,66099985,936240783.6800
2026-02-03,14.1500000000,14.2600000000,14.2800000000,14.1000000000,55251011,784352984.5700
2026-02-04,14.2100000000,14.4300000000,14.4400000000,14.1900000000,65650910,941455664.5000
2026-02-05,14.4300000000,14.4800000000,14.5300000000,14.3800000000,55067108,797086406.6900
2026-02-06,14.4200000000,14.4500000000,14.5300000000,14.3300000000,40258565,581821043.5300
2026-02-09,14.5300000000,14.5000000000,14.5400000000,14.4500000000,40931649,593103439.9300
2026-02-10,14.5100000000,14.4800000000,14.5800000000,14.4500000000,40433390,585893823.1600
2026-02-11,14.4700000000,14.5100000000,14.5500000000,14.4600000000,33577489,487279677.1700
2026-02-12,14.4900000000,14.4000000000,14.5200000000,14.3800000000,36430853,525219889.7600
2026-02-13,14.3800000000,14.3200000000,14.4400000000,14.3100000000,39131161,562565727.9900
2026-02-24,14.4000000000,14.4200000000,14.4300000000,14.3100000000,35460892,510050439.3900
2026-02-25,14.4200000000,14.4100000000,14.6000000000,14.3800000000,74177250,1073973348.6000
2026-02-26,14.4200000000,14.3000000000,14.4300000000,14.2600000000,46873277,670902940.9800
2026-02-27,14.2600000000,14.3300000000,14.3600000000,14.2600000000,39716757,568668793.6600
2026-03-02,14.1900000000,14.2800000000,14.3500000000,14.1100000000,60589668,862551185.7900
2026-03-03,14.2600000000,14.0800000000,14.3900000000,14.0800000000,62359877,885768523.6600
2026-03-04,13.9900000000,13.7400000000,13.9900000000,13.7400000000,74812883,1035201158.7000
2026-03-05,13.8800000000,14.1400000000,14.2200000000,13.8700000000,66568602,935906319.0500
2026-03-06,14.1000000000,14.1600000000,14.1700000000,14.0500000000,35586150,501912106.0700
2026-03-09,14.0000000000,13.9500000000,14.0200000000,13.8800000000,59699435,832246908.2000
2026-03-10,14.0000000000,14.0500000000,14.0600000000,13.9500000000,44144226,618406539.7600
2026-03-11,14.0500000000,14.2900000000,14.3200000000,14.0400000000,63234324,899619428.9900
2026-03-12,14.2700000000,14.4000000000,14.4200000000,14.2300000000,54155282,776610010.7800
2026-03-13,14.3600000000,14.6300000000,14.7000000000,14.3100000000,109303656,1595607499.1800
2026-03-16,14.6200000000,14.6400000000,14.8200000000,14.5300000000,69484171,1020672762.0200
2026-03-17,14.6200000000,14.6300000000,14.8000000000,14.6100000000,52852542,778139124.7100
2026-03-18,14.6800000000,14.4000000000,14.7000000000,14.3300000000,62710615,904855316.1700
2026-03-19,14.3000000000,14.2800000000,14.4900000000,14.2400000000,45176083,648316780.3700
2026-03-20,14.2800000000,14.2800000000,14.4500000000,14.2000000000,55876501,800936065.3200
2026-03-23,14.1700000000,13.9300000000,14.3300000000,13.8800000000,63087719,887062576.4600
2026-03-24,14.0500000000,14.0800000000,14.1100000000,13.7300000000,56418909,785863724.2300
2026-03-25,14.0900000000,14.5000000000,14.5400000000,14.0200000000,64741288,930535466.0300
2026-03-26,14.4700000000,14.3500000000,14.6200000000,14.3300000000,47370929,685887959.5100
2026-03-27,14.2800000000,14.4000000000,14.4600000000,14.2600000000,40385239,580836997.7100
2026-03-30,14.2600000000,14.3800000000,14.4300000000,14.1000000000,43446398,620537250.2600
2026-03-31,14.3800000000,14.5900000000,14.7900000000,14.3700000000,65880334,965828933.8100
2026-04-01,14.7600000000,14.8200000000,14.8400000000,14.6200000000,71431154,1054221739.8100
2026-04-02,14.8300000000,14.3100000000,14.8300000000,14.2600000000,107388373,1544171800.2000
2026-04-03,14.3200000000,14.0800000000,14.3300000000,14.0600000000,43957144,622049104.6200
2026-04-07,14.0700000000,13.9400000000,14.1100000000,13.8900000000,44219243,617677215.2100
2026-04-08,14.1000000000,14.2300000000,14.2400000000,14.0300000000,55953552,791907675.4400
2026-04-09,14.1300000000,14.0200000000,14.1500000000,13.9500000000,44195565,620348153.7400
2026-04-10,14.0900000000,14.1500000000,14.2100000000,14.0400000000,43345147,613864734.3200
2026-04-13,14.0600000000,14.1500000000,14.1800000000,14.0100000000,31486447,444357111.0800
2026-04-14,14.1400000000,14.1100000000,14.1900000000,14.0200000000,43974782,619022955.2200
2026-04-15,14.1400000000,14.0400000000,14.1600000000,14.0300000000,36945493,520288522.9600
2026-04-16,14.0400000000,14.0500000000,14.1200000000,14.0200000000,42962516,603621698.8500
2026-04-17,14.0500000000,13.9200000000,14.0500000000,13.9000000000,52516991,731829169.2500
2026-04-20,13.9400000000,13.9000000000,13.9500000000,13.8600000000,38658127,537445853.5400
2026-04-21,13.9100000000,13.8400000000,13.9100000000,13.7800000000,37850524,523109548.5300
2026-04-22,13.8500000000,13.8300000000,13.8500000000,13.7500000000,35403083,488463635.0300
2026-04-23,13.8500000000,13.8900000000,13.9900000000,13.8300000000,41175749,572547534.8500
2026-04-24,13.8600000000,13.7100000000,13.8700000000,13.6700000000,40294006,552621378.4600
2026-04-27,13.6800000000,13.7000000000,13.7500000000,13.6000000000,31009192,424304383.7400
2026-04-28,13.6900000000,13.6000000000,13.6900000000,13.5700000000,35322556,480732042.1600
2026-04-29,13.5700000000,13.6900000000,13.7000000000,13.5500000000,34019553,464735450.3900
2026-04-30,13.9400000000,13.7800000000,13.9700000000,13.7500000000,40555913,560171844.1700
2026-05-06,13.7700000000,13.6700000000,13.7800000000,13.6100000000,50499313,690695849.9400
2026-05-07,13.6800000000,13.5900000000,13.7000000000,13.5700000000,36237026,493082950.2900
2026-05-08,13.5700000000,13.6400000000,13.7100000000,13.5100000000,41332073,562341867.0600
2026-05-11,13.6200000000,13.5600000000,13.6200000000,13.5300000000,37990091,514815967.4200
2026-05-12,13.5400000000,13.4000000000,13.5500000000,13.3900000000,41251920,555119302.9600
2026-05-13,13.4000000000,13.3000000000,13.4400000000,13.2800000000,39272222,523274278.1700
2026-05-14,13.2900000000,13.0700000000,13.3100000000,13.0300000000,46805196,614099811.2900
2026-05-15,13.0800000000,12.9400000000,13.1300000000,12.9200000000,41253117,536616882.0700
2026-05-18,12.9200000000,12.6500000000,12.9200000000,12.6100000000,49356567,626602663.1200
2026-05-19,12.6700000000,12.6400000000,12.7900000000,12.5700000000,33005693,417967357.7200
2026-05-20,12.6400000000,12.3900000000,12.6400000000,12.3500000000,39838686,494708327.4600
2026-05-21,12.4100000000,12.4000000000,12.6300000000,12.3800000000,43728113,546738796.3500
2026-05-22,12.4100000000,12.4800000000,12.5000000000,12.2200000000,37408252,463724850.0500
