日期,开盘,收盘,最高,最低,成交量,成交额
2020-01-02,14.9873232600,14.9954420700,15.1009866000,14.9304915900,19128492,353770322.0000
2020-01-03,15.0197985000,15.0766301700,15.1415806500,14.9792044500,15438377,286562117.0000
2020-01-06,15.0522737400,14.7762342000,15.1091054100,14.6544520500,41550582,757921841.0000
2020-01-07,14.7924718200,14.7681153900,14.8249470600,14.6950461000,23210668,421457432.0000
2020-01-08,14.6788084800,14.6544520500,14.7518777700,14.6057391900,26440991,476879600.0000
2020-01-09,14.7112837200,14.6869272900,14.7194025300,14.5895015700,22783272,410739697.0000
2020-01-10,14.6706896700,14.6138580000,14.7112837200,14.5976203800,21789472,392420935.0000
2020-01-13,14.6463332400,14.6706896700,14.7275213400,14.6057391900,22600048,407709430.0000
2020-01-14,14.7031649100,14.7599965800,14.7843530100,14.6625708600,24428843,443161695.0000
2020-01-15,14.7275213400,14.6219768100,14.7924718200,14.5976203800,21077296,380964670.0000
2020-01-16,14.6300956200,14.6300956200,14.6788084800,14.5732639500,14824270,266911505.0000
2020-01-17,14.5326699000,14.4027689400,14.6219768100,14.3621748900,38758259,688835469.0000
2020-01-20,14.4433629900,14.5083134700,14.5651451400,14.3134620300,24809048,441190182.0000
2020-01-21,14.4190065600,14.4433629900,14.5001946600,14.3784125100,16378934,291027072.0000
2020-01-22,14.4352441800,14.2891056000,14.4352441800,14.2160363100,23808493,419236233.0000
2020-01-23,14.1997986900,13.9237591500,14.2647491700,13.8750462900,35236838,611103970.0000
2020-02-03,13.3148484000,13.9075215300,13.9399967700,12.9982148100,71860611,1204779054.0000
2020-02-04,13.7938581900,14.0536601100,14.4514818000,13.7045512800,31544099,546552865.0000
2020-02-05,14.0130660600,14.0536601100,14.1673234500,13.9237591500,23123122,399598997.0000
2020-02-06,14.1673234500,14.1592046400,14.1673234500,13.9887096300,19288954,334597543.0000
2020-02-07,13.9643532000,14.5245510900,14.5732639500,13.9643532000,23702762,417417116.0000
2020-02-10,14.3540560800,14.3134620300,14.4758382300,14.2809867900,15774796,278841675.0000
2020-02-11,14.3378184600,14.2891056000,14.4758382300,14.2647491700,13079044,231213180.0000
2020-02-12,14.2728679800,14.2728679800,14.2809867900,14.1186105900,15671592,273942278.0000
2020-02-13,14.2160363100,14.2891056000,14.3215808400,14.1673234500,12350031,216722523.0000
2020-02-14,14.2241551200,14.3053432200,14.3215808400,14.1754422600,9857564,173155130.0000
2020-02-17,14.2891056000,14.3621748900,14.3784125100,14.2485115500,14494830,255799598.0000
2020-02-18,14.3053432200,14.2241551200,14.3459372700,14.2160363100,12598724,221489390.0000
2020-02-19,14.2160363100,14.2241551200,14.2809867900,14.1754422600,13894298,243225363.0000
2020-02-20,14.2079175000,14.3053432200,14.3378184600,14.1673234500,14517585,254753101.0000
2020-02-21,14.2566303600,14.2322739300,14.2972244100,14.1673234500,18204342,318976991.0000
2020-02-24,14.1997986900,14.1348482100,14.2322739300,14.1104917800,17173530,299429208.0000
2020-02-25,14.0780165400,13.9481155800,14.1754422600,13.9481155800,19210566,331920840.0000
2020-02-26,13.8425710500,13.8019770000,13.9156403400,13.7938581900,32040301,546935808.0000
2020-02-27,13.8100958100,13.9887096300,14.0049472500,13.7613829500,18545172,318034810.0000
2020-02-28,13.8669274800,13.8263334300,13.9968284400,13.7207889000,27402279,467105945.0000
2020-03-02,13.8425710500,14.0130660600,14.1348482100,13.8425710500,29042657,502793093.0000
2020-03-03,14.0617789200,14.2647491700,14.3540560800,14.0617789200,23409959,410037190.0000
2020-03-04,14.3296996500,14.2809867900,14.4108877500,14.2403927400,24047129,424131217.0000
2020-03-05,14.3215808400,14.3865313200,14.4108877500,14.2728679800,26793047,473604140.0000
2020-03-06,14.2891056000,14.1916798800,14.3865313200,14.1510858300,20378053,357191719.0000
2020-03-09,13.9643532000,14.1673234500,14.3053432200,13.8182146200,36880969,638503906.0000
2020-03-10,14.0211848700,14.3215808400,14.4190065600,14.0211848700,42178924,743701852.0000
2020-03-11,14.4190065600,14.2809867900,14.4352441800,14.2241551200,17664235,311176861.0000
2020-03-12,14.2160363100,14.1673234500,14.2809867900,14.0536601100,24377800,425631021.0000
2020-03-13,13.8506898600,13.8019770000,14.0455413000,13.7695017600,46350510,790908999.0000
2020-03-16,13.8588086700,13.7370265200,13.9156403400,13.7045512800,32306636,549543352.0000
2020-03-17,13.6883136600,13.7451453300,14.0049472500,13.6883136600,35655016,608143555.0000
2020-03-18,13.7045512800,13.5746503200,13.7938581900,13.5584127000,39957888,673846066.0000
2020-03-19,13.5178186500,13.2823731600,13.6233631800,13.1443533900,37504843,614925413.0000
2020-03-20,13.4122741200,13.3879176900,13.5665315100,13.2336603000,25714034,423399258.0000
2020-03-23,13.1281157700,13.4122741200,13.5178186500,13.0388088600,23149127,381578652.0000
2020-03-24,13.5096998400,13.7289077100,13.7938581900,13.4772246000,39793537,672333067.0000
2020-03-25,13.8831651000,13.8263334300,13.9156403400,13.6720760400,25514128,433878663.0000
2020-03-26,13.7126700900,13.6639572300,13.8100958100,13.5827691300,22871426,384597099.0000
2020-03-27,13.7207889000,13.7289077100,13.7776205700,13.6233631800,19258533,324981137.0000
2020-03-30,13.6883136600,13.8831651000,13.8912839100,13.6314819900,21155104,359224814.0000
2020-03-31,13.8831651000,14.0374224900,14.1023729700,13.8588086700,14925355,257923557.0000
2020-04-01,14.0374224900,13.8263334300,14.0861353500,13.7695017600,15777981,269929010.0000
2020-04-02,13.7695017600,14.0130660600,14.0942541600,13.7695017600,10826519,186250121.0000
2020-04-03,14.0130660600,13.9805908200,14.0698977300,13.8994027200,9093944,156552736.0000
2020-04-07,14.1592046400,14.0049472500,14.1592046400,13.9724720100,12646615,218913553.0000
2020-04-08,14.0049472500,13.9724720100,14.0211848700,13.8182146200,13834081,237241639.0000
2020-04-09,13.9724720100,13.8506898600,13.9724720100,13.8182146200,7143370,122088484.0000
2020-04-10,13.8506898600,13.8425710500,13.8994027200,13.8019770000,12450939,212410655.0000
2020-04-13,13.8100958100,13.8912839100,13.9075215300,13.8100958100,7554491,128883315.0000
2020-04-14,13.9399967700,13.9887096300,14.0211848700,13.8750462900,15833357,271919524.0000
2020-04-15,13.9481155800,13.8588086700,14.0617789200,13.8344522400,10667206,182894055.0000
2020-04-16,13.8182146200,13.9237591500,13.9887096300,13.8182146200,10597496,181431738.0000
2020-04-17,13.9237591500,13.8994027200,13.9481155800,13.8425710500,15844150,270879925.0000
2020-04-20,13.8912839100,13.8019770000,13.9156403400,13.8019770000,15790009,269024911.0000
2020-04-21,13.7776205700,13.8750462900,13.8831651000,13.7695017600,11237909,191375853.0000
2020-04-22,13.8669274800,13.9805908200,13.9805908200,13.8182146200,12213824,209633271.0000
2020-04-23,14.0374224900,14.0455413000,14.1104917800,13.9399967700,15129946,261579065.0000
2020-04-24,14.0455413000,14.2322739300,14.2485115500,14.0211848700,13959846,243745234.0000
2020-04-27,14.2647491700,14.2972244100,14.5651451400,14.2566303600,17453354,309629065.0000
2020-04-28,14.2809867900,14.4108877500,14.5001946600,14.1754422600,14354178,253825987.0000
2020-04-29,14.4352441800,14.2972244100,14.4433629900,14.1186105900,10922115,191651259.0000
2020-04-30,14.2079175000,14.1673234500,14.3296996500,14.1104917800,16404315,286979495.0000
2020-05-06,14.0536601100,13.9968284400,14.2079175000,13.9318779600,25305238,436425773.0000
2020-05-07,13.9481155800,13.8263334300,13.9481155800,13.8019770000,31859442,542687563.0000
2020-05-08,13.8831651000,13.8750462900,13.9399967700,13.8506898600,16272496,278424599.0000
2020-05-11,13.8994027200,13.9318779600,13.9887096300,13.8425710500,19485934,334358057.0000
2020-05-12,13.9887096300,13.9805908200,14.0861353500,13.9318779600,16408449,282727244.0000
2020-05-13,13.9724720100,13.9481155800,13.9968284400,13.8750462900,14783972,254033784.0000
2020-05-14,14.0130660600,13.9237591500,14.0130660600,13.8588086700,13664117,234065427.0000
2020-05-15,13.9237591500,13.9318779600,13.9481155800,13.8669274800,14899432,255213495.0000
2020-05-18,13.8912839100,13.8344522400,13.9075215300,13.7938581900,17083155,291436460.0000
2020-05-19,13.9075215300,13.8182146200,13.9075215300,13.8182146200,16911153,288305204.0000
2020-05-20,13.8263334300,13.8344522400,13.8506898600,13.7938581900,15499009,263716360.0000
2020-05-21,13.8588086700,13.8182146200,13.8669274800,13.7695017600,17408396,296217843.0000
2020-05-22,13.7857393800,13.6152443700,13.8019770000,13.6152443700,20304126,342636197.0000
2020-05-25,13.7451453300,13.8588086700,13.8750462900,13.5584127000,16468327,279434556.0000
2020-05-26,13.9399967700,13.8506898600,13.9481155800,13.7857393800,16366072,278841236.0000
2020-05-27,13.8019770000,13.7857393800,13.8506898600,13.7695017600,13344837,226861653.0000
2020-05-28,13.8831651000,14.1673234500,14.1673234500,13.8669274800,33264493,575707326.0000
2020-05-29,14.1673234500,14.1186105900,14.1673234500,13.9805908200,27617430,478044940.0000
2020-06-01,14.1510858300,14.4514818000,14.5489075200,14.1267294000,35636033,631372191.0000
2020-06-02,14.3702937000,14.6138580000,14.6138580000,14.3215808400,26802222,477731436.0000
2020-06-03,14.6625708600,14.7437589600,14.8411846800,14.5732639500,23115908,419732585.0000
2020-06-04,14.7437589600,14.4514818000,14.7924718200,14.4514818000,21446062,384633406.0000
2020-06-05,14.5245510900,14.4108877500,14.5732639500,14.3378184600,14609741,259506531.0000
2020-06-08,14.4514818000,14.5245510900,14.6544520500,14.2403927400,24252763,430814866.0000
2020-06-09,14.4920758500,14.6300956200,14.6706896700,14.4271253700,14341134,257627180.0000
2020-06-10,14.6463332400,14.5083134700,14.6463332400,14.4271253700,15471059,276804780.0000
2020-06-11,14.5164322800,14.2891056000,14.5570263300,14.2891056000,16938731,300095617.0000
2020-06-12,13.9968284400,14.2322739300,14.2728679800,13.9643532000,28964813,504748262.0000
2020-06-15,14.0861353500,13.9887096300,14.1592046400,13.9805908200,18774946,325104795.0000
2020-06-16,14.1104917800,14.3215808400,14.3784125100,14.0942541600,15780638,277195211.0000
2020-06-17,14.2809867900,14.5489075200,14.7031649100,14.2241551200,24628444,440551375.0000
2020-06-18,14.5651451400,14.7681153900,14.8574223000,14.5651451400,22714582,413255593.0000
2020-06-19,14.8249470600,14.7518777700,14.9386104000,14.6788084800,26659884,485691320.0000
2020-06-22,14.8087094400,14.7843530100,14.9061351600,14.6138580000,17608368,320894920.0000
2020-06-23,14.6706896700,15.2227687500,15.3445509000,14.5245510900,35929713,666761747.0000
2020-06-24,15.3445509000,15.4988082900,15.7910854500,15.3445509000,31514677,605084501.0000
2020-06-29,15.4906894800,15.4095013800,15.6530656800,15.3770261400,23172359,441421885.0000
2020-06-30,15.4988082900,15.3770261400,15.6774221100,15.3364320900,20943431,399355767.0000
2020-07-01,15.4663330500,15.7910854500,15.7910854500,15.3526697100,23263361,445764241.0000
2020-07-02,15.7667290200,15.5475211500,15.8235606900,15.4744518600,37449143,719134679.0000
2020-07-03,15.5475211500,15.4988082900,15.6774221100,15.3526697100,30354461,578963247.0000
2020-07-06,15.5475211500,15.6774221100,15.8885111700,15.5312835300,45461251,882185709.0000
2020-07-07,15.7910854500,15.6855409200,15.9778180800,15.6855409200,48896406,952891315.0000
2020-07-08,15.7017785400,15.5718775800,15.8316795000,15.5475211500,34453713,664800508.0000
2020-07-09,15.5881152000,15.4500954300,15.6530656800,15.3526697100,37718983,717971670.0000
2020-07-10,15.4500954300,15.3364320900,15.6936597300,15.3283132800,35662426,680407526.0000
2020-07-13,15.4257390000,15.5556399600,15.7342537800,15.4257390000,38983454,747944786.0000
2020-07-14,15.5069271000,15.7586102100,15.9534616500,15.5069271000,50222078,971444478.0000
2020-07-15,15.8316795000,16.2051447600,16.2295011900,15.7748478300,49864886,988302452.0000
2020-07-16,16.2295011900,15.5312835300,16.2376200000,15.5231647200,54179778,1051765083.0000
2020-07-17,15.5817920400,15.6659724400,15.7838250000,15.5060296800,30812474,572105278.0000
2020-07-20,15.6575544000,15.6912265600,15.8259152000,15.5060296800,37164043,691938575.0000
2020-07-21,15.7417348000,15.7164806800,15.9606038400,15.6575544000,31920722,596831281.3400
2020-07-22,15.6659724400,15.7164806800,15.8932595200,15.5060296800,31740082,592736275.5400
2020-07-23,15.5986281200,15.7080626400,15.7838250000,15.5565379200,22894996,425938355.8300
2020-07-24,15.6491363600,15.3208328000,15.7080626400,15.1693080800,35287281,646851761.5100
2020-07-27,15.4134312400,15.5986281200,15.6407183200,15.3376688800,22644097,416736492.9200
2020-07-28,15.6575544000,15.7080626400,15.8595873600,15.5733740000,18751576,350020336.4500
2020-07-29,15.6238822400,15.6323002800,15.6912265600,15.3629230000,17578816,325074356.6800
2020-07-30,15.6323002800,15.4302673200,15.7754069600,15.3629230000,23398314,430679285.8600
2020-07-31,15.5312838000,15.4639394800,15.6912265600,15.3460869200,22591310,416914965.0900
2020-08-03,15.4302673200,15.4302673200,15.6323002800,15.3629230000,24453322,448836803.5100
2020-08-04,15.4976116400,15.4471034000,15.5060296800,15.3797590800,22932052,420886367.3200
2020-08-05,15.4471034000,15.2955786800,15.5228657600,15.2450704400,16104170,293173671.7200
2020-08-06,15.3208328000,15.2113982800,15.3460869200,15.1945622000,17398451,314831970.2300
2020-08-07,15.2703245600,15.2198163200,15.2871606400,15.1524720000,16762567,302787762.4400
2020-08-10,15.2366524000,15.2029802400,15.3460869200,15.1440539600,18684562,338262174.3500
2020-08-11,15.2703245600,15.2113982800,15.2871606400,15.1440539600,23022136,415690479.3700
2020-08-12,15.1608900400,15.1693080800,15.2113982800,14.9925292400,23410031,420262528.3000
2020-08-13,15.1777261200,15.1693080800,15.2871606400,15.0935457200,20007179,360904965.5800
2020-08-14,15.2366524000,15.3292508400,15.3376688800,15.1693080800,22803992,413543942.2600
2020-08-17,15.4134312400,15.4639394800,15.5060296800,15.3881771200,25113577,461278764.0200
2020-08-18,15.4723575200,15.3545049600,15.5060296800,15.3292508400,15758837,288878628.4500
2020-08-19,15.3965951600,15.5986281200,15.7922430400,15.2703245600,33466139,619323787.6500
2020-08-20,15.5817920400,15.9774399200,15.9774399200,15.4302673200,51829187,972890406.2700
2020-08-21,16.0784564000,15.9858579600,16.1794728800,15.8259152000,34279594,652690146.7900
2020-08-24,15.9858579600,15.9185136400,16.1205466000,15.7417348000,23161144,436548497.6600
2020-08-25,15.8680054000,15.6154642000,15.9269316800,15.5902100800,23162001,432180804.7000
2020-08-26,15.7333167600,15.7585708800,15.8343332400,15.6238822400,22500603,420845207.1000
2020-08-27,15.8343332400,15.7164806800,15.8343332400,15.6154642000,13996844,261271294.9900
2020-08-28,15.7417348000,15.9858579600,16.0195301200,15.6407183200,22526529,425637966.7500
2020-08-31,15.9521858000,16.2468172000,16.4656862400,15.9185136400,33687575,652342038.2000
2020-09-01,16.2468172000,16.4404321200,16.4572682000,16.1289646400,21978518,426370513.9500
2020-09-02,16.4993584000,16.5414486000,16.6340470400,16.2468172000,27213336,533390900.8100
2020-09-03,16.6256290000,16.8529160800,17.1391294400,16.5919568400,37817305,760179235.2700
2020-09-04,16.7518996000,16.8444980400,17.0633670800,16.6761372400,22773356,455929403.1000
2020-09-07,16.8276619600,16.9034243200,17.2569820000,16.7687356800,35390961,716012970.5500
2020-09-08,17.0128588400,16.8360800000,17.2148918000,16.8360800000,28269108,570167395.9500
2020-09-09,16.7518996000,16.8276619600,16.9960227600,16.5919568400,22893141,457725092.8100
2020-09-10,16.8108258800,16.8950062800,16.9960227600,16.6256290000,24355097,487020788.4300
2020-09-11,16.8360800000,17.1391294400,17.2148918000,16.8024078400,29648233,600596379.3800
2020-09-14,17.1728016000,17.5937036000,17.6610479200,17.0296949200,33140236,686414632.7900
2020-09-15,17.6778840000,17.3327443600,17.6778840000,17.2654000400,26966260,556931726.4800
2020-09-16,17.4253428000,17.3495804400,17.4758510400,17.1559655200,20250734,416788148.4700
2020-09-17,17.3495804400,17.1896376800,17.4674330000,17.1138753200,15724740,321494074.8200
2020-09-18,17.3579984800,17.4337608400,17.5263592800,17.2148918000,25885267,534018610.3900
2020-09-21,17.3495804400,17.1054572800,17.4253428000,17.0970392400,20830388,425514719.1300
2020-09-22,17.1054572800,16.8781702000,17.2822361200,16.8613341200,26062193,528692853.6300
2020-09-23,17.0128588400,16.8444980400,17.0549490400,16.8276619600,26953488,541688370.5600
2020-09-24,16.7013913600,16.3309976000,16.7013913600,16.2720713200,54987007,1075237676.8600
2020-09-25,16.4151780000,15.8764234400,16.4151780000,15.6743904800,76887414,1450554876.1400
2020-09-28,15.9100956000,16.0363662000,16.2299811200,15.8427512800,56440782,1074571235.4400
2020-09-29,16.1542187600,16.0279481600,16.1878909200,15.9269316800,37740519,719566388.6700
2020-09-30,16.0868744400,16.1037105200,16.1458007200,15.9100956000,27013654,514379005.2600
2020-10-09,16.1205466000,15.9606038400,16.1878909200,15.9100956000,32284542,614777008.7700
2020-10-12,15.8511693200,16.2047270000,16.3309976000,15.8427512800,44437934,851015978.6900
2020-10-13,16.2047270000,16.2720713200,16.3562517200,15.9774399200,17099831,328263736.2100
2020-10-14,16.2889074000,16.0952924800,16.3309976000,16.0616203200,29041545,557534570.2100
2020-10-15,16.0447842400,16.0195301200,16.1289646400,15.8259152000,33201437,629756522.8400
2020-10-16,16.0195301200,15.9185136400,16.1121285600,15.9185136400,24393287,463339287.6100
2020-10-19,15.9774399200,15.8427512800,16.0868744400,15.8259152000,26737170,505899634.3000
2020-10-20,15.8259152000,15.8595873600,15.9016775600,15.7922430400,18628842,350820675.9400
2020-10-21,15.8427512800,15.9942760000,16.0363662000,15.7417348000,24895246,470301792.9900
2020-10-22,15.9942760000,15.9942760000,16.0532022800,15.8511693200,21483131,407163733.5500
2020-10-23,15.9942760000,15.7669889200,15.9942760000,15.7669889200,16603901,312408996.6700
2020-10-26,15.7501528400,15.9858579600,16.0195301200,15.7417348000,15553629,293856698.1700
2020-10-27,15.9185136400,16.0700383600,16.1626368000,15.8764234400,23753433,452210201.7300
2020-10-28,16.0700383600,16.1037105200,16.2299811200,16.0447842400,24608450,471658496.8600
2020-10-29,15.9774399200,15.9100956000,16.0700383600,15.8595873600,20243843,383600588.2900
2020-10-30,15.9100956000,15.9606038400,16.1289646400,15.9100956000,23855636,454238113.4700
2020-11-02,16.0279481600,16.6593011600,16.7098094000,16.0279481600,56606293,1108540969.5000
2020-11-03,16.7434815600,16.8360800000,16.9791866800,16.6003748800,35107845,701900832.1200
2020-11-04,16.7518996000,16.7939898000,16.8781702000,16.6003748800,22494322,447328302.5400
2020-11-05,16.8360800000,17.1307114000,17.2485639600,16.7771537200,28630928,581040227.7200
2020-11-06,17.0802031600,17.1391294400,17.1896376800,16.8865882400,20149454,407971531.4200
2020-11-09,17.0212768800,17.1391294400,17.2990722000,16.9455145200,26274804,533947491.1700
2020-11-10,17.0465310000,17.0212768800,17.3916706400,16.8781702000,32449595,656780726.4100
2020-11-11,17.0212768800,17.2906541600,17.4505969200,16.8697521600,32962102,676117884.3900
2020-11-12,17.4169247600,17.3495804400,17.5347773200,17.1896376800,30257624,623226014.9400
2020-11-13,17.3579984800,17.1391294400,17.3579984800,16.9707686400,26749588,543991357.9000
2020-11-16,17.2233098400,16.8192439200,17.2485639600,16.7350635200,34346706,689469703.2700
2020-11-17,16.8360800000,16.4572682000,16.8360800000,16.3983419200,39550723,777909462.0900
2020-11-18,16.4572682000,16.6424650800,16.7855717600,16.4151780000,33951140,671184931.5900
2020-11-19,16.7098094000,16.7013913600,16.8024078400,16.5414486000,24802005,492611535.2200
2020-11-20,16.7350635200,16.6761372400,16.7434815600,16.5077764400,26249519,518618064.8600
2020-11-23,16.7350635200,16.7518996000,16.7939898000,16.5077764400,26988980,535187356.4800
2020-11-24,16.6761372400,16.5919568400,16.7687356800,16.5751207600,20574027,406720502.5900
2020-11-25,16.6172109600,16.3815058400,16.6508831200,16.3730878000,25165075,493225604.5000
2020-11-26,16.4235960400,17.0296949200,17.0465310000,16.3899238800,48835159,971436914.1600
2020-11-27,16.9623506000,17.0970392400,17.0970392400,16.7266454800,28095563,565072794.7300
2020-11-30,17.0128588400,16.9286784400,17.4253428000,16.8950062800,44332912,900066349.9100
2020-12-01,16.9539325600,17.0886212000,17.1643835600,16.8529160800,28801981,581562106.1200
2020-12-02,17.2317278800,17.0044408000,17.2317278800,16.9623506000,22263373,451344078.5700
2020-12-03,17.0044408000,17.0381129600,17.0717851200,16.8865882400,16141358,325280050.1500
2020-12-04,17.0381129600,16.9370964800,17.0717851200,16.8192439200,23919151,480614334.6400
2020-12-07,16.8865882400,16.6677192000,16.9286784400,16.6593011600,20664207,410200513.4500
2020-12-08,16.7434815600,16.6929733200,16.7518996000,16.5919568400,15628928,309984926.1400
2020-12-09,16.7013913600,16.9118423600,16.9623506000,16.6845552800,21621771,433248874.1400
2020-12-10,16.8192439200,16.7939898000,16.9202604000,16.7434815600,19335150,386019841.5800
2020-12-11,16.8360800000,16.8444980400,17.0886212000,16.5667027200,36804495,735592989.6300
2020-12-14,16.8108258800,16.6424650800,16.8613341200,16.6424650800,25462431,505354302.9800
2020-12-15,16.5835388000,16.4404321200,16.6677192000,16.4235960400,27371849,536312202.8100
2020-12-16,16.4993584000,16.6340470400,16.7098094000,16.4572682000,23667993,466567262.2700
2020-12-17,16.6677192000,16.6845552800,16.9202604000,16.5246125200,39596175,786764510.7500
2020-12-18,16.7603176400,16.6256290000,16.8529160800,16.5582846800,33052905,655356423.3300
2020-12-21,16.6424650800,16.4825223200,16.7013913600,16.4320140800,38493686,755509637.9400
2020-12-22,16.4993584000,16.1205466000,16.5077764400,16.1037105200,39091915,756197774.1200
2020-12-23,16.1542187600,16.0363662000,16.1794728800,15.9100956000,34774279,661512019.5600
2020-12-24,16.0700383600,15.9774399200,16.1205466000,15.9185136400,19792380,375708930.6300
2020-12-25,15.9269316800,16.2636532800,16.3899238800,15.9269316800,26097835,503631326.1000
2020-12-28,16.3394156400,16.1037105200,16.3983419200,16.0279481600,32232480,619374934.7300
2020-12-29,16.1626368000,15.9774399200,16.1963089600,15.9269316800,25488052,485212988.4300
2020-12-30,15.9858579600,16.0195301200,16.1458007200,15.9185136400,35889131,683185198.9100
2020-12-31,16.0616203200,16.1289646400,16.1626368000,15.9269316800,32605128,622071239.9700
2021-01-04,16.0868744400,15.9100956000,16.1037105200,15.8343332400,55780608,1055731664.0000
2021-01-05,15.8680054000,15.9016775600,15.9100956000,15.7501528400,48757746,914606872.6800
2021-01-06,15.8090791200,16.1710548400,16.1710548400,15.7669889200,52294118,993820923.5100
2021-01-07,16.2552352400,16.1878909200,16.4741042800,16.0195301200,62097458,1194728669.7300
2021-01-08,16.2468172000,16.2804893600,16.3730878000,16.0784564000,57476307,1106810220.0000
2021-01-11,16.2889074000,16.0784564000,16.3478336800,16.0363662000,56735041,1090970655.6400
2021-01-12,16.0784564000,16.1289646400,16.1289646400,15.8511693200,48818342,926016751.3900
2021-01-13,16.1289646400,16.3478336800,16.3730878000,15.9521858000,56515430,1089220875.6800
2021-01-14,16.2889074000,16.1458007200,16.5077764400,16.1205466000,44384843,858276871.9500
2021-01-15,16.0784564000,16.1626368000,16.2636532800,16.0195301200,35074136,672641250.6900
2021-01-18,16.1626368000,16.0784564000,16.2047270000,15.9774399200,39875611,761753611.4300
2021-01-19,16.1205466000,16.3309976000,16.3983419200,16.0952924800,49734502,960033769.0000
2021-01-20,16.3141615200,16.0784564000,16.3141615200,16.0363662000,36650589,701133990.1500
2021-01-21,16.0363662000,16.1037105200,16.1542187600,16.0026940400,37561108,716129860.5600
2021-01-22,16.0363662000,15.9185136400,16.0700383600,15.9100956000,28348939,536911777.4900
2021-01-25,15.9016775600,15.9100956000,16.0111120800,15.5733740000,46984145,879646788.4700
2021-01-26,15.8006610800,15.9858579600,16.0363662000,15.7248987200,34066460,643811561.4500
2021-01-27,16.0026940400,16.1289646400,16.1963089600,15.9774399200,39582942,758079606.9000
2021-01-28,16.4572682000,16.8360800000,17.0549490400,16.2973254400,109097282,2164578640.2700
2021-01-29,16.6677192000,16.5667027200,16.9623506000,16.3309976000,70772821,1399077903.9200
2021-02-01,16.6677192000,16.3562517200,16.6677192000,16.2636532800,132064711,2579449452.7900
2021-02-02,16.5667027200,16.4235960400,16.6424650800,16.2552352400,134633414,2629777852.6800
2021-02-03,16.4993584000,16.3983419200,16.6003748800,16.2720713200,92892049,1810742297.7400
2021-02-04,16.2889074000,16.4320140800,16.4825223200,16.2468172000,96214207,1873001385.0400
2021-02-05,16.4404321200,16.3562517200,16.5498666400,16.2804893600,54269017,1056400601.3200
2021-02-08,16.3815058400,16.4151780000,16.8613341200,16.3562517200,76477062,1499130384.3000
2021-02-09,16.4404321200,16.2299811200,16.5161944800,16.0195301200,68625730,1321462132.7800
2021-02-10,16.2383991600,16.5751207600,16.6593011600,16.1878909200,72887266,1428002523.3200
2021-02-18,16.6929733200,16.5246125200,16.7939898000,16.4320140800,70000872,1376318408.3300
2021-02-19,16.5414486000,16.8192439200,16.9202604000,16.4825223200,90788463,1802875273.8000
2021-02-22,16.8024078400,16.4656862400,16.8024078400,16.4151780000,84434854,1658999349.0500
2021-02-23,16.4993584000,16.6087929200,16.7603176400,16.4656862400,68130716,1347067305.2400
2021-02-24,16.7182274400,16.5077764400,16.7266454800,16.4151780000,60547590,1190786921.1800
2021-02-25,16.5498666400,16.6677192000,16.7687356800,16.4993584000,65349837,1292211903.2800
2021-02-26,16.5414486000,16.6256290000,16.8276619600,16.5077764400,68862551,1365331969.5800
2021-03-01,16.6677192000,16.5582846800,16.6929733200,16.4572682000,47855230,941857564.3000
2021-03-02,16.5835388000,16.6256290000,16.9034243200,16.5161944800,57678248,1142046336.8700
2021-03-03,16.6087929200,16.8613341200,16.8781702000,16.5751207600,56249843,1119455966.7500
2021-03-04,16.7687356800,17.0633670800,17.3243263200,16.7687356800,92043597,1858368671.3100
2021-03-05,16.9623506000,17.0044408000,17.1054572800,16.6172109600,64137470,1287399214.0200
2021-03-08,16.9455145200,17.0044408000,17.2738180800,16.8613341200,78175468,1581226502.4000
2021-03-09,17.0802031600,17.0465310000,17.7452283200,16.9202604000,126622763,2593858919.1400
2021-03-10,16.8444980400,16.7518996000,17.0633670800,16.6761372400,89849617,1798799277.3800
2021-03-11,16.7939898000,17.0044408000,17.1307114000,16.7603176400,78544497,1585833255.6500
2021-03-12,17.0549490400,17.9472612800,18.4944338800,17.0128588400,207504593,4388789599.8100
2021-03-15,17.9472612800,17.6273757600,18.2839828800,17.4674330000,122706239,2601761557.4200
2021-03-16,17.6273757600,17.6021216400,17.7620644000,17.3916706400,76341021,1591292086.9500
2021-03-17,17.6526298800,17.1896376800,17.6778840000,17.1307114000,80167137,1646898536.9400
2021-03-18,17.1812196400,17.1980557200,17.3664165200,17.0296949200,70928273,1448606332.6700
2021-03-19,17.0633670800,17.2317278800,17.4085067200,16.9707686400,67477930,1380768948.6200
2021-03-22,17.2233098400,17.8546628400,17.9640973600,17.2148918000,101953321,2144527176.9600
2021-03-23,17.8041546000,17.6526298800,18.0482777600,17.5011051600,88793104,1873830704.6400
2021-03-24,17.6357938000,17.4926871200,17.7031381200,17.3243263200,65449875,1359899581.4000
2021-03-25,17.5095232000,17.7283922400,17.7368102800,17.3748345600,50522985,1057457890.9400
2021-03-26,17.5937036000,17.5347773200,17.8125726400,17.4758510400,61999526,1298506381.6900
2021-03-29,17.4674330000,17.8967530400,17.9725154000,17.4253428000,70832609,1499457974.9800
2021-03-30,17.8714989200,18.0482777600,18.0735318800,17.7368102800,49654596,1058424549.4100
2021-03-31,18.0482777600,18.0482777600,18.0987860000,17.8883350000,35827789,766359211.0200
2021-04-01,18.0230236400,18.2082205200,18.2924009200,17.9556793200,30377733,654937001.5500
2021-04-02,18.1829664000,17.7789004800,18.1829664000,17.7283922400,54592043,1157306786.2800
2021-04-06,17.7789004800,17.6357938000,17.8546628400,17.5431953600,41859407,877026055.1300
2021-04-07,17.7704824400,17.7873185200,17.8378267600,17.6357938000,38701526,816513652.9300
2021-04-08,17.6863020400,17.5600314400,17.7620644000,17.4590149600,34768000,725466056.4900
2021-04-09,17.5600314400,17.5516134000,17.6694659600,17.4674330000,23521115,491286408.5300
2021-04-12,17.5095232000,17.8378267600,17.9725154000,17.5011051600,65645637,1390041467.4700
2021-04-13,17.7704824400,17.6947200800,17.8799169600,17.5516134000,37492201,786451475.0800
2021-04-14,17.7199742000,17.4758510400,17.7452283200,17.4337608400,53201843,1107905889.7600
2021-04-15,17.4758510400,17.1054572800,17.5347773200,17.0717851200,57600278,1176856408.7400
2021-04-16,17.1728016000,17.2317278800,17.3495804400,17.1054572800,24951468,510404034.8300
2021-04-19,17.1812196400,17.2654000400,17.3748345600,17.1728016000,32216369,660703746.2400
2021-04-20,17.2064737600,17.3495804400,17.3664165200,17.1812196400,23126559,475301796.9300
2021-04-21,17.2990722000,17.3411624000,17.3832526000,17.2317278800,23863841,490001631.1800
2021-04-22,17.3411624000,17.1728016000,17.3832526000,17.1054572800,37710976,770042881.5600
2021-04-23,17.1643835600,17.1559655200,17.1728016000,16.8529160800,49810967,1007769320.1600
2021-04-26,17.1391294400,16.9707686400,17.2148918000,16.9707686400,31879803,646011942.3900
2021-04-27,16.9286784400,16.9370964800,17.0549490400,16.8950062800,22683243,456809084.2200
2021-04-28,16.9623506000,16.9370964800,17.0044408000,16.8108258800,28506691,573097979.3000
2021-04-29,16.9118423600,16.9455145200,16.9960227600,16.8108258800,34505740,693006080.8600
2021-04-30,16.9455145200,16.8108258800,16.9623506000,16.6677192000,48161564,961349743.0900
2021-05-06,16.7518996000,16.7434815600,16.8950062800,16.7266454800,51696523,1030697493.5200
2021-05-07,16.7518996000,16.6340470400,16.8108258800,16.5751207600,43386527,858407470.2900
2021-05-10,16.6256290000,16.5582846800,16.7013913600,16.4656862400,38721977,761289495.4700
2021-05-11,16.5330305600,16.7434815600,16.7939898000,16.4320140800,34332839,679428902.8400
2021-05-12,16.7098094000,16.6424650800,16.8108258800,16.5835388000,24864161,492445884.9100
2021-05-13,16.5835388000,16.6340470400,16.7350635200,16.5246125200,29963882,591903722.9100
2021-05-14,16.6256290000,16.5414486000,16.6424650800,16.4572682000,42437336,832625097.0600
2021-05-17,16.5498666400,16.6340470400,16.7518996000,16.5161944800,62956889,1242243111.6400
2021-05-18,16.6256290000,16.6593011600,16.6593011600,16.5498666400,27127892,535115713.7700
2021-05-19,16.6593011600,16.5077764400,16.6677192000,16.4909403600,28453636,559034640.0400
2021-05-20,16.4825223200,16.3562517200,16.5161944800,16.2552352400,60053208,1167625531.2200
2021-05-21,16.3815058400,16.4993584000,16.5330305600,16.3478336800,33774281,660609127.3800
2021-05-24,16.5077764400,16.3141615200,16.5414486000,16.2804893600,35296840,685356082.1300
2021-05-25,16.2804893600,16.6761372400,16.7013913600,16.1458007200,62591307,1224321659.1300
2021-05-26,16.6256290000,16.3478336800,16.6340470400,16.3394156400,79505692,1549587797.4700
2021-05-27,16.3646697600,16.3646697600,16.4320140800,16.3225795600,55929770,1086850622.5300
2021-05-28,16.3730878000,16.5582846800,16.5751207600,16.3141615200,50076336,978866825.4300
2021-05-31,16.6172109600,16.7182274400,16.7182274400,16.4572682000,47957240,945549633.1500
2021-06-01,16.7182274400,16.7771537200,16.8950062800,16.6003748800,44219888,880173690.7700
2021-06-02,16.8192439200,16.6845552800,16.8781702000,16.5919568400,37983807,752333963.5600
2021-06-03,16.6845552800,16.7518996000,16.8613341200,16.6087929200,35400694,703988296.1500
2021-06-04,16.7518996000,16.7266454800,16.8529160800,16.6424650800,31669907,629828241.1400
2021-06-07,16.7266454800,16.6172109600,16.7266454800,16.5498666400,34970285,690822244.6800
2021-06-08,16.6424650800,16.6845552800,16.7518996000,16.5919568400,37369707,739978707.3700
2021-06-09,16.7266454800,17.1054572800,17.1138753200,16.6929733200,71481128,1441167849.6300
2021-06-10,17.1138753200,17.1054572800,17.3411624000,17.0549490400,57558070,1173651152.6300
2021-06-11,17.1307114000,17.4169247600,17.5347773200,17.1054572800,71395916,1477074209.5600
2021-06-15,17.4169247600,17.1980557200,17.4674330000,17.1391294400,42807518,877522200.1400
2021-06-16,17.1980557200,17.1728016000,17.3327443600,17.0212768800,41239615,841933300.2400
2021-06-17,17.2064737600,17.1728016000,17.4421788800,17.1222933600,42176995,866536325.5500
2021-06-18,17.2317278800,16.9034243200,17.2738180800,16.8865882400,51320376,1037095299.1600
2021-06-21,16.9370964800,16.7855717600,16.9539325600,16.6677192000,50894810,1013084620.9100
2021-06-22,16.7687356800,16.9623506000,17.1054572800,16.7687356800,35805943,721434072.3700
2021-06-23,17.0465310000,17.0633670800,17.1559655200,16.8781702000,40278201,814425613.8000
2021-06-24,17.0886212000,17.1728016000,17.2148918000,17.0296949200,25744638,524439375.6100
2021-06-25,17.2064737600,17.3748345600,17.4421788800,17.0886212000,49038854,1005552903.5300
2021-06-28,17.5263592800,17.6526298800,18.0566958000,17.4926871200,65612385,1380408737.2700
2021-06-29,17.6526298800,17.2569820000,17.6526298800,17.1391294400,43255849,890229543.8600
2021-06-30,17.2654000400,17.3748345600,17.4337608400,17.1643835600,22981375,472168762.7800
2021-07-01,17.3832526000,17.5852855600,17.6357938000,17.1812196400,28521680,589083446.6400
2021-07-02,17.4505969200,17.0886212000,17.4674330000,17.0465310000,41188859,839403593.0200
2021-07-05,17.0886212000,16.9455145200,17.1728016000,16.8697521600,36482454,734636852.7200
2021-07-06,16.9202604000,17.0633670800,17.4421788800,16.7939898000,39685027,806203341.0200
2021-07-07,17.0802031600,17.0970392400,17.1980557200,16.9286784400,30192904,611213219.7800
2021-07-08,17.1643835600,17.0970392400,17.2148918000,16.8697521600,35703604,721024624.3400
2021-07-09,17.0549490400,17.0970392400,17.1728016000,16.9960227600,27799423,564245147.0600
2021-07-12,17.1559655200,16.8024078400,17.1896376800,16.7603176400,55671169,1117592302.8300
2021-07-13,16.7603176400,16.9960227600,17.0128588400,16.6845552800,33766332,678015683.8400
2021-07-14,17.0128588400,17.0128588400,17.0549490400,16.7771537200,37805654,759761127.2700
2021-07-15,16.9286784400,17.0717851200,17.1222933600,16.8108258800,33177823,670717009.0300
2021-07-16,17.0979393900,16.8189317100,17.0979393900,16.7230228200,53981418,1041371768.3100
2021-07-19,16.8014937300,16.9148406000,16.9409975700,16.6968658500,30581683,590447562.6800
2021-07-20,16.9061216100,16.8189317100,16.9497165600,16.7404608000,25392895,489774868.0200
2021-07-21,16.7578987800,16.5747999900,16.8189317100,16.5660810000,56025125,1070155640.0100
2021-07-22,16.5573620100,16.4265771600,16.6358329200,16.3829822100,52133231,983832823.2100
2021-07-23,16.4788911000,16.3829822100,16.5312050400,16.2434783700,41983289,786854236.8600
2021-07-26,16.2957923100,16.4265771600,16.4963290800,16.2783543300,42187908,792312227.6400
2021-07-27,16.4265771600,15.9819086700,16.4352961500,15.8598428100,54495540,1005885408.7400
2021-07-28,15.8685618000,16.3568252400,16.4091391800,15.8685618000,57849096,1072439198.8100
2021-07-29,16.2957923100,16.2086024100,16.4527341300,16.1737264500,38512311,720265455.6000
2021-07-30,16.2173214000,16.5660810000,16.5660810000,16.1126935200,44409713,835918989.4200
2021-08-02,16.5399240300,16.4788911000,16.6009569600,16.1998834200,55085576,1036065012.6100
2021-08-03,16.4004201900,16.4614531200,16.5573620100,16.3219492800,36380490,685191257.7100
2021-08-04,16.4265771600,16.6183949400,16.8014937300,16.2870733200,42254412,804162881.1100
2021-08-05,16.5835189800,16.6968658500,16.7404608000,16.4788911000,34706394,662322044.0100
2021-08-06,16.6532709000,16.6096759500,16.6707088800,16.4614531200,34953841,663441129.7600
2021-08-09,16.5835189800,16.8712456500,16.9148406000,16.5660810000,41614432,802532176.6800
2021-08-10,16.8712456500,17.0456254500,17.0630634300,16.7666177700,37597080,731686852.5400
2021-08-11,17.0020305000,17.0630634300,17.1328153500,16.9584355500,26019006,509335834.1100
2021-08-12,17.0369064600,17.1676913100,17.3159141400,17.0020305000,32114698,632905707.3700
2021-08-13,17.1676913100,17.0892204000,17.2461622200,17.0369064600,20331596,398551123.6200
2021-08-16,17.1240963600,17.2374432300,17.2374432300,17.0456254500,21945635,432308081.7000
2021-08-17,17.2723191900,17.1153773700,17.3943850500,16.9497165600,29365833,576858210.6100
2021-08-18,17.0020305000,17.1676913100,17.2548812100,16.9933115100,29307686,577040643.9500
2021-08-19,17.0717824200,17.3682280800,17.3943850500,17.0543444400,35463186,702289342.2200
2021-08-20,17.4118230300,17.3071951500,17.4990129300,17.0543444400,41924218,828815655.3000
2021-08-23,17.3246331300,17.4379800000,17.6821117200,17.3071951500,47135688,944274263.9900
2021-08-24,17.4990129300,17.3071951500,17.5687648500,17.2636002000,35559914,708214783.6900
2021-08-25,17.3682280800,17.2025672700,17.3769470700,17.1502533300,29716902,587420941.4800
2021-08-26,17.2025672700,17.0020305000,17.2548812100,16.9933115100,21795879,427488966.2000
2021-08-27,17.0281874700,17.0281874700,17.2200052500,16.9322785800,20067554,393217017.6100
2021-08-30,16.9322785800,16.6445519100,16.9845925200,16.5486430200,38315539,734091762.3200
2021-08-31,16.6271139300,16.8625266600,16.9322785800,16.4788911000,37974541,727303524.8300
2021-09-01,16.9148406000,17.2810381800,17.4292610100,16.8625266600,53595980,1058053507.0000
2021-09-02,17.1938482800,17.4205420200,17.4379800000,17.1153773700,36644236,726517388.0700
2021-09-03,17.4379800000,17.4902939400,17.5687648500,17.2984761600,43772080,876481828.7800
2021-09-06,17.4990129300,17.4554179800,17.6733927300,17.4118230300,34986498,701932303.1400
2021-09-07,17.4728559600,17.4641369700,17.5774838400,17.3333521200,35907515,719153801.6800
2021-09-08,17.4815749500,17.7257066700,17.8303345500,17.4815749500,55497445,1125412682.8300
2021-09-09,17.8739295000,17.7780206100,17.8826484900,17.3682280800,57850588,1172316002.2500
2021-09-10,17.7780206100,17.7867396000,17.9000864700,17.6385167700,41591535,848735039.4700
2021-09-13,17.7605826300,17.7693016200,18.0047143500,17.6733927300,36884240,753583317.8900
2021-09-14,17.7780206100,17.5164509100,17.8216155600,17.4466989900,37538216,758706003.9500
2021-09-15,17.4379800000,17.1851292900,17.5077319200,17.1328153500,38454156,760573318.6500
2021-09-16,17.1851292900,17.2287242400,17.6297977800,17.1153773700,38912370,772533276.3900
2021-09-17,17.2374432300,17.7082686900,17.8564915200,17.2374432300,56124933,1137932763.6600
2021-09-22,17.6733927300,18.6237626400,18.9114893100,17.6559547500,114253703,2428239221.8900
2021-09-23,18.7022335500,18.5104157700,19.1207450700,18.3534739500,101364862,2170815422.5000
2021-09-24,18.7719854700,18.3883499100,18.7894234500,18.1790941500,73281349,1553563540.8600
2021-09-27,18.7109525400,18.8155804200,18.8853323400,18.4057878900,101965330,2187010649.2400
2021-09-28,18.7371095100,18.9986792100,19.2340919400,18.4145068800,90481725,1956084850.1100
2021-09-29,18.8591753700,19.2864058800,19.3735957800,18.6150436500,112240070,2451746777.2500
2021-09-30,19.3561578000,19.1817780000,19.4259097200,18.6847955700,98750701,2160433402.2100
2021-10-08,19.6177275000,19.1381830500,19.6264464900,18.9114893100,79536810,1743026209.3400
2021-10-11,19.2689679000,18.8504563800,19.3300008300,18.6586386000,58759102,1273105644.9500
2021-10-12,18.6673575900,18.5976056700,18.8155804200,18.3796309200,60442307,1284896697.1400
2021-10-13,18.5278537500,18.1790941500,18.5278537500,18.0483093000,39810551,831380845.8900
2021-10-14,18.1790941500,18.0308713200,18.2662840500,17.9175244500,34687929,717000065.3600
2021-10-15,17.9872763700,18.1790941500,18.2314080900,17.8739295000,40582444,843059694.1500
2021-10-18,18.1790941500,18.3621929400,18.5191347600,18.0831852600,44454572,934824267.1000
2021-10-19,18.2226891000,18.5801676900,18.6586386000,18.1006232400,41116416,868148245.2500
2021-10-20,18.5714487000,18.3011600100,18.6412006200,18.2226891000,66022066,1389055748.9800
2021-10-21,18.3098790000,18.3709119300,18.3796309200,18.1442181900,33962198,711438910.2400
2021-10-22,18.3534739500,18.3098790000,18.4145068800,18.1703751600,29844048,625398970.6500
2021-10-25,18.2575650600,18.3360359700,18.6150436500,18.2052511200,46293766,977047208.6200
2021-10-26,18.3621929400,18.4493828400,18.5278537500,18.2924410200,32898560,694633945.5600
2021-10-27,18.4319448600,18.5452917300,18.5452917300,18.2924410200,36028733,762583902.2500
2021-10-28,18.4493828400,18.4232258700,18.5278537500,18.3011600100,42075088,887563937.8600
2021-10-29,18.3970689000,18.5278537500,18.5278537500,18.1878131400,40708901,857456580.1700
2021-11-01,18.4057878900,18.6412006200,18.6760765800,18.3621929400,38304468,814916265.8100
2021-11-02,18.6499196100,18.2662840500,18.6847955700,18.0134333400,56946001,1192929048.8800
2021-11-03,18.1616561700,18.4581018300,18.5627297100,18.1093422300,40879018,863704541.3700
2021-11-04,18.4493828400,18.3621929400,18.5452917300,18.3273169800,28026835,591659882.0700
2021-11-05,18.3360359700,18.0134333400,18.4232258700,18.0047143500,37251180,773594815.4200
2021-11-08,18.0744662700,17.7431446500,18.0831852600,17.7082686900,34285318,700885822.1000
2021-11-09,17.9175244500,17.7344256600,17.9524004100,17.5426078800,36674196,745503353.6800
2021-11-10,17.7867396000,17.5687648500,17.7867396000,17.3595090900,39771645,797936087.8700
2021-11-11,17.5251699000,17.5513268700,17.6472357600,17.4031040400,40208209,807567356.9100
2021-11-12,17.5600458600,17.4118230300,17.6036408100,17.2636002000,41982477,838673958.8600
2021-11-15,17.4990129300,17.5862028300,17.6733927300,17.3682280800,44991245,903602410.2900
2021-11-16,17.5251699000,17.4379800000,17.6385167700,17.3769470700,32493739,650158879.3600
2021-11-17,17.4466989900,17.4902939400,17.6036408100,17.4031040400,28935528,580528188.5300
2021-11-18,17.4379800000,17.4728559600,17.5513268700,17.4031040400,25736457,516122719.7800
2021-11-19,17.4554179800,17.6210787900,17.6733927300,17.4205420200,30307444,610516284.3300
2021-11-22,17.6297977800,17.4292610100,17.6821117200,17.4292610100,29310350,587633008.1100
2021-11-23,17.4118230300,17.4205420200,17.4554179800,17.3507901000,32949381,657547993.3100
2021-11-24,17.4728559600,17.2548812100,17.4728559600,17.1938482800,38276235,759832603.2300
2021-11-25,17.2636002000,17.2548812100,17.3595090900,17.1589723200,36655019,726031849.5700
2021-11-26,17.2200052500,17.0281874700,17.2200052500,16.9933115100,45569503,891323167.7500
2021-11-29,17.0281874700,17.0281874700,17.0281874700,17.0281874700,,
2021-11-30,17.0281874700,17.0281874700,17.0281874700,17.0281874700,,
2021-12-01,17.0281874700,17.0281874700,17.0281874700,17.0281874700,,
2021-12-02,17.0281874700,17.0281874700,17.0281874700,17.0281874700,,
2021-12-03,17.0281874700,17.0281874700,17.0281874700,17.0281874700,,
2021-12-06,17.0281874700,17.0281874700,17.0281874700,17.0281874700,,
2021-12-07,17.0281874700,17.0281874700,17.0281874700,17.0281874700,,
2021-12-08,17.0281874700,17.0281874700,17.0281874700,17.0281874700,,
2021-12-09,17.0281874700,17.0281874700,17.0281874700,17.0281874700,,
2021-12-10,17.0281874700,17.0281874700,17.0281874700,17.0281874700,,
2021-12-13,18.7196715300,18.1878131400,18.7283905200,17.8913674800,240466334,5079887858.1300
2021-12-14,17.9175244500,18.9027703200,18.9812412300,17.7431446500,152816972,3254785752.8900
2021-12-15,18.7719854700,19.0335551700,19.0771501200,18.7458285000,81044609,1759463805.2900
2021-12-16,18.9899602200,19.1992159800,19.1992159800,18.8766133500,58378768,1278107373.3800
2021-12-17,19.1556210300,19.1033070900,19.3387198200,19.0248361800,56888435,1251931828.3700
2021-12-20,18.9550842600,18.9638032500,19.2079349700,18.7371095100,48784938,1060548556.4600
2021-12-21,19.0335551700,19.1643400200,19.3038438600,18.9463652700,36284002,797472799.7400
2021-12-22,19.1730590100,19.1904969900,19.3387198200,19.1207450700,30735728,678650605.7600
2021-12-23,19.1992159800,19.3561578000,19.4084717400,19.1033070900,32436286,718751458.0700
2021-12-24,19.3300008300,19.5043806300,20.0798339700,19.2428109300,50644778,1140593252.6900
2021-12-27,19.4869426500,19.4869426500,19.8008262900,19.2340919400,33915757,757945269.5700
2021-12-28,19.5654135600,19.5043806300,19.6613224500,19.2864058800,39586585,884930114.7400
2021-12-29,19.5043806300,19.3997527500,19.5392565900,19.2951248700,29148289,648559083.2100
2021-12-30,19.3300008300,19.6438844700,19.7049174000,19.2689679000,33339376,748600905.6000
2021-12-31,19.5915705300,19.7921073000,19.8967351800,19.5915705300,31889449,723342723.3400
2022-01-04,19.8705782100,19.9141731600,19.9664871000,19.6613224500,47207944,1074028149.5100
2022-01-05,19.8357022500,19.8705782100,19.9926440700,19.6613224500,44243779,1006812981.4400
2022-01-06,19.7572313400,19.1904969900,19.8618592200,19.1469020400,62904384,1401497026.0500
2022-01-07,19.3212818400,19.3212818400,19.5130996200,19.0858691100,35547313,787488346.0900
2022-01-10,19.2864058800,19.5305376000,19.6090085100,19.2864058800,32650652,729809860.6300
2022-01-11,19.5741325500,19.6177275000,20.0449580100,19.5130996200,45618790,1036164683.9200
2022-01-12,19.5915705300,19.4171907300,19.7223553800,19.1992159800,35022982,778462494.6700
2022-01-13,19.4433477000,19.4956616400,19.6177275000,19.2689679000,34248577,765999881.3700
2022-01-14,19.5479755800,19.5741325500,19.7572313400,19.2079349700,40524229,908136975.2000
2022-01-17,19.5741325500,19.7223553800,20.0013630600,19.5654135600,42897062,976518429.1900
2022-01-18,19.7572313400,19.9316111400,20.0362390200,19.6264464900,36599162,835034315.4900
2022-01-19,19.9141731600,20.0100820500,20.0885529600,19.8357022500,34865674,798901463.6600
2022-01-20,20.0275200300,20.1234289200,20.5070644800,19.9403301300,59563610,1380512578.8500
2022-01-21,20.1147099300,20.0362390200,20.2542137700,19.8880161900,35471714,815250634.1600
2022-01-24,20.0362390200,19.9228921500,20.2106188200,19.8008262900,26991917,617396024.6500
2022-01-25,19.7746693200,19.5654135600,19.9228921500,19.5654135600,30261535,683725558.5100
2022-01-26,19.5828515400,19.6787604300,19.8531402300,19.5218186100,22026011,497368292.6900
2022-01-27,19.6874794200,19.5130996200,19.7049174000,19.2951248700,32410924,723901429.4700
2022-01-28,19.6002895200,19.1120260800,19.7049174000,19.0945881000,35244949,784593956.0700
2022-02-07,19.2689679000,19.5218186100,19.6874794200,19.1730590100,31043747,691945044.8800
2022-02-08,19.5741325500,20.2454947800,20.2454947800,19.5218186100,38321462,878778498.6800
2022-02-09,20.2716517500,20.3414036700,20.4373125600,20.0188010400,38855076,903796252.6300
2022-02-10,20.4460315500,20.7337582200,20.7424772100,20.2193378100,34539084,812299578.8100
2022-02-11,20.7250392300,20.6988822600,20.8732620600,20.5942543800,28605749,679411806.8500
2022-02-14,20.6988822600,20.3937176100,20.6988822600,20.2018998300,31333357,732261975.4400
2022-02-15,20.3849986200,20.1408669000,20.4634695300,20.0536770000,24917520,576783737.9800
2022-02-16,20.1931808400,20.1321479100,20.3937176100,20.1147099300,22036550,511097850.5700
2022-02-17,20.1321479100,20.2629327600,20.4111555900,20.0885529600,31402561,730170473.7300
2022-02-18,20.2629327600,20.2542137700,20.3239656900,20.0623959900,18501627,429026949.8300
2022-02-21,20.1408669000,20.0972719500,20.2280568000,19.9752060900,18515111,426069144.8200
2022-02-22,20.0100820500,19.9141731600,20.0536770000,19.7921073000,23565507,537423470.8800
2022-02-23,19.9664871000,19.8792972000,20.0362390200,19.7746693200,26258735,598602569.8300
2022-02-24,19.9141731600,19.7572313400,20.0798339700,19.6526034600,41480293,942142039.2800
2022-02-25,19.8008262900,19.8357022500,19.9664871000,19.7397933600,38662399,880033176.9600
2022-02-28,19.8880161900,20.2106188200,20.2454947800,19.8008262900,39821079,915878496.0000
2022-03-01,20.2280568000,20.2890897300,20.3849986200,20.1059909400,27721136,644305696.0000
2022-03-02,20.2890897300,20.5506594300,20.6291303400,20.2106188200,33156974,779747184.0000
2022-03-03,20.6640063000,20.8819810500,20.9517329700,20.5855353900,38573408,919428960.0000
2022-03-04,20.8383861000,20.8819810500,20.9691709500,20.4896265000,40590487,966816624.0000
2022-03-07,20.8122291300,20.7686341800,21.0563608500,20.6901632700,56662099,1354854720.0000
2022-03-08,20.7599151900,20.2280568000,20.8035101400,20.1147099300,68797615,1615154144.0000
2022-03-09,20.2716517500,20.0362390200,20.5419404400,19.5392565900,72997469,1683503104.0000
2022-03-10,20.2716517500,19.8008262900,20.3152467000,19.7746693200,46414984,1060693712.0000
2022-03-11,19.7049174000,19.7049174000,19.7572313400,19.2689679000,44014302,984247232.0000
2022-03-14,19.5479755800,19.6177275000,19.9664871000,19.4695046700,45009506,1019666288.0000
2022-03-15,19.5218186100,18.4406638500,19.5305376000,18.3360359700,76119235,1642719200.0000
2022-03-16,18.6586386000,19.5130996200,19.6526034600,18.3883499100,75780925,1649350672.0000
2022-03-17,19.7049174000,19.0945881000,19.7310743700,19.0335551700,61437709,1354231088.0000
2022-03-18,19.0771501200,18.9899602200,19.3474388100,18.9376462800,99662949,2183347956.3100
2022-03-21,19.1817780000,18.8766133500,19.1817780000,18.7371095100,41267879,893225103.8000
2022-03-22,18.9202083000,19.2166539600,19.3125628500,18.8591753700,31552597,690836882.3300
2022-03-23,19.2689679000,19.0858691100,19.3823147700,19.0073982000,32225242,708039609.0400
2022-03-24,18.9289272900,18.8068614300,19.0684311300,18.7894234500,34064522,738660797.7600
2022-03-25,18.7632664800,18.5801676900,18.9202083000,18.5627297100,25319503,543075813.7400
2022-03-28,18.4842588000,18.9638032500,19.0509931500,18.2314080900,45018266,964906592.3200
2022-03-29,18.9027703200,19.0161171900,19.1120260800,18.8417373900,29555632,644342585.9900
2022-03-30,19.0771501200,19.0945881000,19.1817780000,18.8853323400,40088137,874407533.4500
2022-03-31,19.0945881000,19.1817780000,19.2951248700,18.9463652700,29652360,650706635.0500
2022-04-01,19.1294640600,19.3735957800,19.4346287100,19.0248361800,29641444,654261214.7800
2022-04-06,19.1992159800,19.4956616400,19.5915705300,19.1992159800,36117220,805189561.8200
2022-04-07,19.5218186100,19.7659503300,19.8357022500,19.4084717400,36059049,814140019.1100
2022-04-08,19.7921073000,20.2280568000,20.2629327600,19.7397933600,41276598,949759893.1100
2022-04-11,20.2978087200,20.0013630600,20.3414036700,19.8705782100,45370869,1042026843.6000
2022-04-12,20.2018998300,20.0885529600,20.3152467000,19.8705782100,41289587,951523127.7800
2022-04-13,20.0188010400,20.1321479100,20.2890897300,19.9664871000,28301179,655504955.9400
2022-04-14,20.1321479100,20.2629327600,20.4896265000,20.0798339700,26045020,607067325.8200
2022-04-15,20.2542137700,20.4024366000,20.5419404400,20.2280568000,21012568,491931412.5900
2022-04-18,20.2542137700,20.0100820500,20.4111555900,19.9228921500,25614560,590552825.5400
2022-04-19,20.0798339700,20.2193378100,20.4634695300,20.0623959900,44550874,1034299868.3700
2022-04-20,20.2978087200,20.3588416500,20.5070644800,20.0885529600,41543383,969137984.1400
2022-04-21,20.2803707400,20.5245024600,20.6378493300,20.2454947800,57129450,1343779498.8100
2022-04-22,20.4111555900,20.6552873100,20.6552873100,20.0798339700,95057064,2230523337.5300
2022-04-25,20.4809075100,19.9839250800,20.6901632700,19.9752060900,77673245,1817450076.1200
2022-04-26,19.9839250800,20.2193378100,20.3937176100,19.9316111400,43810129,1014242481.2800
2022-04-27,20.2978087200,19.9490491200,20.3501226600,19.7659503300,61346691,1407071104.3800
2022-04-28,19.7746693200,20.0623959900,20.1059909400,19.5828515400,49160008,1119211053.5100
2022-04-29,20.0449580100,19.8095452800,20.1321479100,19.6613224500,59442955,1351410873.9200
2022-05-05,19.9228921500,20.1234289200,20.2542137700,19.8095452800,45670665,1049526250.7200
2022-05-06,20.0362390200,19.8095452800,20.2716517500,19.7049174000,34163073,779396293.7700
2022-05-09,19.8182642700,19.4782236600,19.8531402300,19.4171907300,28366766,637206321.3800
2022-05-10,19.4782236600,19.9141731600,19.9228921500,19.2776868900,46298689,1046185504.1800
2022-05-11,19.8357022500,19.6613224500,19.9664871000,19.5915705300,55381648,1250596623.6400
2022-05-12,19.6961984100,19.4520666900,19.8618592200,19.2776868900,40474973,906321892.8300
2022-05-13,19.5305376000,20.2542137700,20.2542137700,19.4259097200,56449983,1294700561.0900
2022-05-16,20.2803707400,20.0449580100,20.3152467000,19.9926440700,33705730,776115124.0400
2022-05-17,20.1844618500,20.0536770000,20.2890897300,19.9664871000,34034819,784681017.2800
2022-05-18,20.1234289200,19.8618592200,20.1234289200,19.7136363900,38373622,874167815.8600
2022-05-19,19.8095452800,20.2978087200,20.3152467000,19.7833883100,48520217,1118633565.4100
2022-05-20,20.4024366000,20.3152467000,20.7424772100,20.2280568000,56244260,1319819786.9500
2022-05-23,20.4896265000,19.9664871000,20.4896265000,19.8095452800,52352823,1202355717.1500
2022-05-24,19.8880161900,19.9577681100,20.1670238700,19.8357022500,37889562,870083402.2000
2022-05-25,20.0885529600,20.2367757900,20.3065277100,20.0013630600,40391345,936020565.1200
2022-05-26,20.3588416500,20.7511962000,20.7860721600,20.2367757900,58599755,1385233168.4500
2022-05-27,20.9168570100,20.6814442800,20.9430139800,20.6465683200,45612956,1086339537.9500
2022-05-30,20.8209481200,20.6988822600,20.9517329700,20.5419404400,40461216,963872346.8500
2022-05-31,20.6640063000,20.9430139800,20.9604519600,20.5855353900,44294751,1060754784.7300
2022-06-01,20.9430139800,21.1261127700,21.2133026700,20.7947911500,47790683,1150865752.5400
2022-06-02,20.9691709500,20.8558240800,21.0999558000,20.7860721600,39928315,956304255.0300
2022-06-06,20.9342949900,21.0389228700,21.1435507500,20.5332214500,54285780,1298820991.9800
2022-06-07,20.9430139800,20.6378493300,20.9604519600,20.5855353900,51553384,1222791129.0600
2022-06-08,20.7511962000,20.7250392300,20.7860721600,20.5506594300,38133672,904531662.0400
2022-06-09,20.6552873100,20.6727252900,20.9604519600,20.6029733700,49443257,1178575794.2800
2022-06-10,20.6465683200,20.9430139800,20.9778899400,20.6291303400,85995632,2049245232.2100
2022-06-13,20.6988822600,20.2978087200,20.8471050900,20.2193378100,91321874,2135334164.1000
2022-06-14,20.2018998300,20.9255760000,20.9430139800,20.2018998300,76571228,1818362041.2800
2022-06-15,20.9081380200,20.6378493300,20.9953279200,20.6116923600,52500243,1250077871.2500
2022-06-16,20.6988822600,20.2542137700,20.7250392300,20.2542137700,60401944,1415526531.1800
2022-06-17,20.3501226600,20.5768164000,20.6291303400,20.3065277100,51834727,1220639213.3700
2022-06-20,20.4896265000,20.1670238700,20.5070644800,20.1234289200,63154059,1465669026.4900
2022-06-21,20.1670238700,20.1844618500,20.2716517500,20.0536770000,42543068,984851870.6500
2022-06-22,20.2193378100,20.2280568000,20.3065277100,20.1147099300,48432642,1122313501.5500
2022-06-23,20.2280568000,20.1408669000,20.2542137700,20.0798339700,49104658,1134360491.8800
2022-06-24,20.1495858900,20.3762796300,20.3937176100,20.0798339700,57315889,1328146878.7600
2022-06-27,20.3588416500,20.3239656900,20.4809075100,20.2367757900,49160797,1148943188.2500
2022-06-28,20.3152467000,20.1495858900,20.3152467000,20.1147099300,57584123,1331818855.3100
2022-06-29,20.1408669000,20.1844618500,20.2193378100,19.9926440700,59053459,1361406897.9100
2022-06-30,20.1583048800,20.1583048800,20.2193378100,20.0100820500,39114256,902706789.8400
2022-07-01,20.9255760000,21.2045836800,21.3789634800,20.8122291300,129709278,3147234416.8300
2022-07-04,21.2307406500,21.2307406500,21.4225584300,20.9691709500,66012991,1609051870.2000
2022-07-05,21.2133026700,21.1348317600,21.3702444900,20.9691709500,53458761,1294855469.2500
2022-07-06,21.1697077200,20.9778899400,21.1871457000,20.9081380200,38844812,934573742.8800
2022-07-07,21.0650798400,21.0127659000,21.3179305500,21.0127659000,39257808,952172862.0300
2022-07-08,21.0127659000,21.0999558000,21.1871457000,20.8296671100,41570046,1000142145.7600
2022-07-11,21.3440875200,21.5271863100,21.7887560100,21.3440875200,67338550,1669501393.1700
2022-07-12,21.5271863100,21.7102851000,21.8672269200,21.5097483300,52240262,1303281650.4900
2022-07-13,21.7974750000,21.7713180300,21.9544168200,21.6230952000,46203331,1154859590.7700
2022-07-14,21.7974750000,21.6754091400,21.8149129800,21.5010293400,58877214,1462094434.5400
2022-07-15,21.5446242900,21.1871457000,21.6492521700,21.1871457000,62175737,1527141902.4600
2022-07-18,21.2481786300,21.7538800500,21.9108218700,21.2481786300,60676110,1510508794.8800
2022-07-19,21.9108218700,21.8410699500,21.9282598500,21.6056572200,45416380,1134520518.6400
2022-07-20,21.9718548000,21.7451610600,22.0328877300,21.6754091400,37060174,926024154.1400
2022-07-21,22.0607082700,21.6459994100,22.0607082700,21.5919069500,34386825,829377173.0800
2022-07-22,21.6550148200,21.7541843300,21.9074463000,21.5197836700,32832204,792861776.0100
2022-07-25,21.7902459700,21.7271381000,21.8533538400,21.6009223600,24171943,582926532.2100
2022-07-26,21.7091072800,21.7271381000,21.8623692500,21.6459994100,26651307,643709842.6500
2022-07-27,21.7271381000,21.5648607200,21.7812305600,21.5468299000,25884416,620286865.5500
2022-07-28,21.5919069500,21.5468299000,21.8172922000,21.4566758000,29332577,703987732.2900
2022-07-29,21.6279685900,21.5287990800,21.8443384300,21.4837220300,35680122,856238729.0600
2022-08-01,21.5287990800,21.4386449800,21.6369840000,21.2943984200,36812879,876446084.4800
2022-08-02,21.3214446500,21.2943984200,21.4747066200,21.1862135000,39520497,933631963.8300
2022-08-03,21.3394754700,21.1321210400,21.4747066200,21.1050748100,32041251,754669430.6900
2022-08-04,21.2312905500,21.5017528500,21.5468299000,21.1050748100,31461870,746067094.0000
2022-08-05,21.5648607200,21.7091072800,21.7271381000,21.4566758000,24037130,575872426.0000
2022-08-08,21.7000918700,21.7631997400,21.9074463000,21.6459994100,18678932,451867468.0000
2022-08-09,21.7631997400,21.6640302300,21.8894154800,21.6369840000,21361122,515212128.0000
2022-08-10,21.7271381000,21.5378144900,21.7541843300,21.4566758000,17513592,418198565.0000
2022-08-11,21.5558453100,21.6369840000,21.7271381000,21.4296295700,25841078,619819484.0000
2022-08-12,21.6369840000,21.8443384300,21.8533538400,21.5828915400,21329101,515031097.0000
2022-08-15,21.7451689200,21.6459994100,21.9074463000,21.5919069500,28233868,679612777.8000
2022-08-16,21.6640302300,21.5468299000,21.8623692500,21.4927374400,33441208,803935984.6900
2022-08-17,21.5197836700,21.2403059600,21.5197836700,21.0780285800,56331823,1326891730.8200
2022-08-18,21.1681826800,21.0960594000,21.3124292400,21.0780285800,28085193,659127491.2600
2022-08-19,20.9518128400,21.2673521900,21.2943984200,20.8526433300,38374597,898727157.7500
2022-08-22,21.1501518600,21.1681826800,21.4476603900,21.1231056300,30810909,725668332.4100
2022-08-23,21.1411364500,20.9427974300,21.1681826800,20.9247666100,37674728,877908158.4300
2022-08-24,20.9427974300,20.8796895600,21.1140902200,20.8706741500,27668510,644171870.2700
2022-08-25,20.9247666100,21.2673521900,21.3214446500,20.9247666100,28182405,660126995.6700
2022-08-26,21.2583367800,21.0870439900,21.2583367800,20.9788590700,27953268,652863133.9800
2022-08-29,20.9608282500,21.0059053000,21.1411364500,20.8706741500,26674263,620661332.4200
2022-08-30,21.0059053000,20.9878744800,21.0690131700,20.8436279200,23044041,534621258.8500
2022-08-31,21.0329515300,21.6189531800,21.6189531800,20.9878744800,81005310,1924117531.9100
2022-09-01,21.3935679300,21.5558453100,21.7091072800,21.2943984200,37780591,901719922.0900
2022-09-02,21.5468299000,21.4747066200,21.7902459700,21.3935679300,29159665,697272183.9500
2022-09-05,21.3755371100,21.4747066200,21.5468299000,21.1952289100,31153878,738489719.9000
2022-09-06,21.5017528500,21.4115987500,21.6189531800,21.3935679300,34337064,818020673.7600
2022-09-07,21.2763676000,21.2493213700,21.3124292400,21.1140902200,42395172,996783593.1500
2022-09-08,21.2943984200,21.3214446500,21.5017528500,21.2132597300,25944649,614593750.1300
2022-09-09,21.4115987500,21.5558453100,21.6910764600,21.3304600600,35435266,847909591.1100
2022-09-13,21.5017528500,21.4476603900,21.5558453100,21.3304600600,27334621,650135092.2100
2022-09-14,21.3665217000,21.3665217000,21.5738761300,21.3124292400,21875898,519309098.7200
2022-09-15,21.3845525200,21.3845525200,21.6189531800,21.2853830100,40583136,966015201.8200
2022-09-16,21.3935679300,21.1501518600,21.4927374400,21.1501518600,39881492,942339844.7300
2022-09-19,21.2132597300,21.1681826800,21.3034138300,21.1050748100,28128675,660326163.1200
2022-09-20,21.1681826800,21.1140902200,21.2222751400,21.0960594000,23548580,552233619.4600
2022-09-21,21.1140902200,21.1231056300,21.2583367800,21.0239361200,24972842,585925064.5000
2022-09-22,21.0690131700,21.1140902200,21.1862135000,20.9698436600,23391977,546354236.3700
2022-09-23,20.9968898900,21.0329515300,21.1952289100,20.9968898900,27506334,644002162.8300
2022-09-26,20.9878744800,20.7805200500,21.1140902200,20.7805200500,40268596,933964148.0000
2022-09-27,20.7534738200,20.4649807000,20.7895354600,20.3117187300,60400730,1373464917.8500
2022-09-28,20.4469498800,20.2486108600,20.4559652900,20.1764875800,62473767,1403694512.4200
2022-09-29,20.2215646300,20.1945184000,20.4469498800,20.0051947900,55438353,1246883272.9200
2022-09-30,20.1945184000,20.5010423400,20.6002118500,20.0863334800,42332479,957926715.1800
2022-10-10,20.7264275900,21.0599977600,21.1321210400,20.6452889000,64409084,1499883162.7800
2022-10-11,21.0239361200,21.1140902200,21.1591672700,20.9337820200,37252236,871477554.1200
2022-10-12,21.0960594000,20.9247666100,21.1771980900,20.7354430000,44907495,1040346258.5300
2022-10-13,20.6633197200,20.7715046400,20.9518128400,20.3387649600,56502513,1291255561.3600
2022-10-14,20.7624892300,20.6993813600,20.9157512000,20.6002118500,36385221,838991892.1700
2022-10-17,20.7715046400,20.5190731600,20.7715046400,20.5190731600,29153462,665764533.9000
2022-10-18,20.5190731600,20.3297495500,20.6543043100,20.2936879100,41531945,939448013.7500
2022-10-19,20.3027033200,20.1674721700,20.4199036500,20.1404259400,33876956,760855853.4400
2022-10-20,20.1314105300,20.1404259400,20.2756570900,20.0502718400,36815463,822733366.5500
2022-10-21,20.0953488900,20.2035338100,20.3748266000,20.0232256100,61041603,1368536926.9300
2022-10-24,20.1855029900,19.6806400300,20.3658111900,19.5724551100,71872808,1586119858.2600
2022-10-25,19.8339020000,19.8429174100,20.1043643000,19.7527633100,51341475,1134410506.8400
2022-10-26,19.8429174100,19.8429174100,19.8429174100,19.8429174100,,
2022-10-27,19.8519328200,18.9233455900,20.0051947900,18.8241760800,107502338,2284666747.6600
2022-10-28,18.9233455900,18.6438678800,19.1577462500,18.5627291900,99698686,2083046933.6300
2022-10-31,18.2922668900,18.2652206600,18.6618987000,18.0398354100,98338956,2000824789.1300
2022-11-01,18.2562052500,18.3193131200,18.4004518100,17.9947583600,96142880,1943323943.5100
2022-11-02,18.3012823000,18.4455288600,18.4996213200,18.0758970500,76192004,1545827645.0400
2022-11-03,18.3463593500,18.0127891800,18.3643901700,17.9316504900,74645183,1497487443.7400
2022-11-04,17.9046042600,18.1570357400,18.2742360700,17.8054347500,84883320,1706198645.5900
2022-11-07,18.0758970500,18.1570357400,18.2381744300,18.0037737700,69465783,1396309691.0200
2022-11-08,18.1840819700,18.0758970500,18.3373439400,17.9857429500,78815126,1586942815.2800
2022-11-09,18.0939278700,18.1390049200,18.2111282000,18.0758970500,48328720,972886760.8600
2022-11-10,18.1480203300,18.0308200000,18.1660511500,17.9316504900,42333812,846173866.2900
2022-11-11,18.2562052500,18.4365134500,18.5266675500,18.0578662300,97716231,1982385191.9800
2022-11-14,18.5176521400,18.1840819700,18.5717446000,18.1209741000,73575498,1494753284.6200
2022-11-15,18.1840819700,18.9413764100,19.1216846100,18.0849124600,101353082,2098340195.6900
2022-11-16,18.8422069000,18.9774380500,19.0856229700,18.7610682100,55194522,1157747680.1900
2022-11-17,18.9143301800,19.1667616600,19.1847924800,18.8422069000,50039275,1055850059.9700
2022-11-18,19.1847924800,18.9774380500,19.2749465800,18.8962993600,31691846,669815145.0000
2022-11-21,18.9143301800,19.0134996900,19.0675921500,18.6709141100,24479450,513349951.4600
2022-11-22,19.0134996900,19.2479003500,19.2929774000,18.8692531300,39772057,842836850.8800
2022-11-23,19.2028233000,19.2569157600,19.5544242900,19.1847924800,42562401,914509165.1200
2022-11-24,19.3831315000,19.2749465800,19.5454088800,19.2569157600,24066726,517180772.9100
2022-11-25,19.2388849400,19.6626092100,19.6896554400,19.2118387100,32868081,713311958.4300
2022-11-28,19.4282085500,19.3831315000,19.5634397000,19.1307000200,42766501,914572296.1300
2022-11-29,19.4732856000,19.2659311700,19.4732856000,19.1577462500,63394494,1355177080.2300
2022-11-30,19.2028233000,19.1307000200,19.3380544500,19.1307000200,54158729,1153443629.5200
2022-12-01,19.2208541200,19.1216846100,19.3200236300,19.1036537900,49977367,1063404624.6100
2022-12-02,19.0766075600,19.2659311700,19.3110082200,19.0766075600,36981589,787190585.2100
2022-12-05,19.3110082200,19.4282085500,19.5183626500,19.2208541200,49875326,1072855801.5500
2022-12-06,19.3380544500,19.1757770700,19.3831315000,19.1577462500,36275370,773743881.1200
2022-12-07,19.2208541200,18.8602377200,19.2479003500,18.7700836200,62281175,1311436759.1300
2022-12-08,18.8151606700,18.8422069000,18.9774380500,18.6618987000,43771186,913144256.4600
2022-12-09,18.8331914900,18.8602377200,18.9323610000,18.7610682100,44792004,937350500.9800
2022-12-12,18.8061452600,18.6438678800,18.9323610000,18.5627291900,34592179,716020108.3100
2022-12-13,18.6438678800,18.6078062400,18.7069757500,18.4274980400,33409532,687959141.9300
2022-12-14,18.5987908300,18.6168216500,18.6889449300,18.4455288600,34451088,710646709.1100
2022-12-15,18.5356829600,18.4996213200,18.6709141100,18.4365134500,38225567,783882557.1800
2022-12-16,18.4906059100,18.8061452600,18.8061452600,18.4545442700,39903558,826979528.3500
2022-12-19,18.7159911600,18.4365134500,18.8422069000,18.3463593500,46247419,950569221.0200
2022-12-20,18.4365134500,18.3734055800,18.5717446000,18.3102977100,31332782,640851444.8100
2022-12-21,18.4094672200,18.4455288600,18.5176521400,18.3012823000,27517508,562397206.7800
2022-12-22,18.5446983700,18.3553747600,18.6438678800,18.2652206600,36090866,738528912.5700
2022-12-23,18.3102977100,18.4004518100,18.4455288600,18.2381744300,35590613,724538450.0200
2022-12-26,18.4094672200,18.3643901700,18.4815905000,18.3283285300,29202135,595661411.3500
2022-12-27,18.4545442700,18.5176521400,18.5717446000,18.3914364000,38336910,786570161.1600
2022-12-28,18.4635596800,18.6348524700,18.6799295200,18.4455288600,50317228,1038576445.2000
2022-12-29,18.8422069000,18.7520528000,18.9954688700,18.5086367300,53996393,1120294873.4800
2022-12-30,18.7340219800,18.9323610000,18.9774380500,18.6709141100,45920545,961405511.7300
2023-01-03,18.8872839500,18.8512223100,18.9954688700,18.7520528000,36799242,770293236.6300
2023-01-04,18.9143301800,18.7790990300,18.9143301800,18.7159911600,27346567,570385801.3500
2023-01-05,18.8422069000,18.7250065700,18.9053147700,18.6709141100,43991625,915497781.5700
2023-01-06,18.7159911600,18.8331914900,18.8512223100,18.5446983700,48849112,1015151028.9300
2023-01-09,18.8782685400,18.7340219800,18.8872839500,18.6618987000,35134351,730318635.4500
2023-01-10,18.6799295200,18.5987908300,18.7971298500,18.5717446000,40813046,844469850.1900
2023-01-11,18.7340219800,18.7700836200,19.0405459200,18.7250065700,64529304,1351084313.6700
2023-01-12,18.7971298500,18.6438678800,18.8422069000,18.6258370600,47777789,990527687.2700
2023-01-13,18.6618987000,18.8692531300,18.9233455900,18.6168216500,51529502,1071596096.4100
2023-01-16,18.8602377200,18.9053147700,19.0225151000,18.7971298500,60545144,1269330967.7800
2023-01-17,18.8602377200,18.6438678800,18.9774380500,18.6348524700,67700842,1404220055.3700
2023-01-18,18.6889449300,18.6618987000,18.7700836200,18.6258370600,42253375,874530801.7900
2023-01-19,18.6618987000,18.4094672200,18.6618987000,18.3824209900,80667736,1653783584.7300
2023-01-20,18.5086367300,18.9594072300,18.9594072300,18.4365134500,123271384,2566913737.1900
2023-01-30,19.0405459200,18.8512223100,19.0766075600,18.8422069000,65850507,1381522393.8300
2023-01-31,18.5356829600,18.7430373900,18.8422069000,18.5356829600,67178890,1396078213.6200
2023-02-01,18.7971298500,18.7430373900,18.8241760800,18.5807600100,51426955,1064625777.8700
2023-02-02,18.7520528000,18.8872839500,18.9503918200,18.6168216500,58870814,1228163500.8500
2023-02-03,18.8061452600,18.8602377200,18.9053147700,18.7340219800,45238723,943903105.6400
2023-02-06,18.7700836200,18.9143301800,18.9413764100,18.6979603400,38557113,806174839.1900
2023-02-07,18.9413764100,19.2028233000,19.2749465800,18.9233455900,62851237,1335553559.9600
2023-02-08,19.2028233000,19.2659311700,19.3560852700,19.1757770700,38867157,830831104.3300
2023-02-09,19.2659311700,19.1938078900,19.3741160900,19.1667616600,36975075,790488194.7800
2023-02-10,19.2028233000,19.1216846100,19.2298695300,19.0134996900,28584682,605544998.6300
2023-02-13,19.0585767400,19.0315305100,19.1307000200,18.9684226400,33515674,707471937.8100
2023-02-14,19.0405459200,19.0766075600,19.1126692000,18.9774380500,25568128,540340173.6600
2023-02-15,19.0675921500,18.9774380500,19.1216846100,18.8962993600,34634852,729291387.9400
2023-02-16,18.9503918200,18.8872839500,19.0675921500,18.7700836200,49790837,1047936871.1000
2023-02-17,18.8782685400,18.7159911600,18.9864534600,18.6889449300,44943465,938642115.7800
2023-02-20,18.6889449300,19.0946383800,19.1487308400,18.6889449300,51260603,1076507180.4400
2023-02-21,19.0946383800,19.1757770700,19.2208541200,19.0405459200,36978759,785891394.6200
2023-02-22,19.1757770700,19.0585767400,19.2298695300,19.0585767400,24314623,515667750.4400
2023-02-23,19.0766075600,19.0134996900,19.1307000200,18.9774380500,35605674,751510663.9700
2023-02-24,18.9684226400,18.9503918200,19.0495613300,18.9323610000,41600147,875457032.0200
2023-02-27,18.9053147700,18.8872839500,19.0495613300,18.8422069000,30654965,643213642.4300
2023-02-28,18.9323610000,19.0766075600,19.1126692000,18.8782685400,37009183,779944088.7600
2023-03-01,19.0675921500,19.1577462500,19.3380544500,19.0405459200,70093378,1492960544.6600
2023-03-02,19.0766075600,19.1487308400,19.1757770700,18.9774380500,56860764,1203374710.9100
2023-03-03,19.1577462500,19.2298695300,19.3019928100,19.1126692000,62429629,1330143930.8700
2023-03-06,19.2749465800,19.1667616600,19.3560852700,19.1126692000,62327407,1326448400.0200
2023-03-07,19.1757770700,19.0495613300,19.2749465800,19.0225151000,64587484,1373064411.9800
2023-03-08,18.9864534600,18.8962993600,19.0405459200,18.7971298500,68185012,1429048557.5400
2023-03-09,18.9143301800,18.7520528000,18.9143301800,18.7430373900,53323480,1111298762.0100
2023-03-10,18.6709141100,18.7069757500,18.7971298500,18.6709141100,48071143,998811119.1900
2023-03-13,18.7069757500,18.8782685400,18.9233455900,18.6709141100,57281864,1194351400.9100
2023-03-14,18.8602377200,18.9954688700,19.0675921500,18.8241760800,72088673,1519584362.9100
2023-03-15,19.0225151000,18.9413764100,19.0766075600,18.8331914900,54304126,1140999143.5000
2023-03-16,18.8962993600,19.1216846100,19.2028233000,18.8512223100,81140240,1721364626.6900
2023-03-17,19.2028233000,19.1126692000,19.3831315000,19.1126692000,63824085,1363129579.2800
2023-03-20,19.0946383800,18.8872839500,19.2569157600,18.8602377200,49795580,1050676177.1400
2023-03-21,18.9053147700,18.8782685400,19.0225151000,18.8602377200,38445197,806307994.6100
2023-03-22,19.0675921500,18.9053147700,19.1307000200,18.8602377200,49053426,1031522057.4900
2023-03-23,18.8872839500,18.8602377200,18.9143301800,18.7610682100,53213263,1111345958.2400
2023-03-24,18.8602377200,18.7340219800,18.9233455900,18.6889449300,62181759,1294541244.3600
2023-03-27,18.7430373900,18.3193131200,18.7700836200,18.2832514800,123232225,2518121682.8900
2023-03-28,18.3734055800,18.1930973800,18.3734055800,18.0488508200,129854130,2614061927.6000
2023-03-29,18.2832514800,18.6799295200,18.7430373900,18.2291590200,176296890,3615626887.7300
2023-03-30,18.6168216500,19.1307000200,19.1667616600,18.6168216500,159621891,3368059525.9300
2023-03-31,19.1307000200,19.1577462500,19.2388849400,19.0585767400,72290018,1535877529.8000
2023-04-03,19.1126692000,19.0225151000,19.1577462500,19.0044842800,41684038,880780419.2600
2023-04-04,19.0134996900,19.1757770700,19.2028233000,18.9864534600,52356977,1110287681.6100
2023-04-06,19.1487308400,19.1126692000,19.1847924800,19.0315305100,24502746,519189824.4400
2023-04-07,19.1216846100,19.0044842800,19.1667616600,18.9413764100,29018013,612089298.5100
2023-04-10,19.0946383800,19.1487308400,19.1938078900,19.0134996900,32278514,684943515.6700
2023-04-11,19.1938078900,19.1847924800,19.2208541200,19.0225151000,40730152,864131766.4300
2023-04-12,19.2028233000,19.2929774000,19.3741160900,19.1307000200,41829940,895041803.0800
2023-04-13,19.2659311700,19.0675921500,19.3380544500,19.0225151000,46973874,996035682.7000
2023-04-14,19.1216846100,19.1216846100,19.2659311700,19.0946383800,38191401,812423384.0600
2023-04-17,19.1126692000,19.2028233000,19.2028233000,19.0495613300,42052138,892428994.7700
2023-04-18,19.2028233000,19.1667616600,19.2569157600,19.0856229700,41355933,877948029.9600
2023-04-19,19.1847924800,19.0044842800,19.2388849400,18.9774380500,72376937,1532220042.6200
2023-04-20,19.0134996900,19.0495613300,19.0856229700,18.9143301800,47577894,1002741154.2500
2023-04-21,19.0585767400,18.9864534600,19.3200236300,18.9684226400,70033486,1488286839.0300
2023-04-24,19.0675921500,18.9594072300,19.1487308400,18.9233455900,47108007,993415267.4100
2023-04-25,18.9413764100,19.0856229700,19.1307000200,18.9143301800,48418881,1023228677.7500
2023-04-26,19.0946383800,19.0946383800,19.2749465800,19.0585767400,45345100,963342480.4800
2023-04-27,19.1938078900,19.7347324900,19.7617787200,19.1307000200,94561177,2047798382.6100
2023-04-28,19.6716246200,19.7257170800,19.7978403600,19.4913164200,66015641,1439296570.6500
2023-05-04,19.7257170800,20.3387649600,20.3387649600,19.5814705200,85629994,1906221120.9000
2023-05-05,20.2125492200,19.9240561000,20.2125492200,19.8879944600,61381674,1361763406.6500
2023-05-08,19.9240561000,20.1404259400,20.2035338100,19.8429174100,68970395,1532070560.0000
2023-05-09,20.0773180700,20.5100577500,20.8165816900,20.0322410200,97493818,2223384548.9300
2023-05-10,20.5100577500,20.1855029900,20.9247666100,20.1855029900,68545226,1558869165.1200
2023-05-11,20.3117187300,20.5551348000,20.7624892300,20.2125492200,53842282,1227855357.6100
2023-05-12,20.5911964400,20.6543043100,20.8706741500,20.4649807000,68203507,1563876902.4300
2023-05-15,20.5551348000,20.7354430000,20.7444584100,20.4739961100,53032288,1214174617.0800
2023-05-16,20.7354430000,20.6993813600,20.8526433300,20.4739961100,56416956,1294922458.8000
2023-05-17,20.7174121800,20.6272580800,20.8526433300,20.5641502100,45011722,1032793261.6700
2023-05-18,20.6633197200,20.8075662800,20.9788590700,20.6543043100,46870802,1083068418.2300
2023-05-19,20.7444584100,20.5731656200,20.8075662800,20.5641502100,36188627,828257693.2800
2023-05-22,20.6813505400,20.9427974300,21.0239361200,20.6092272600,58294305,1351315372.4400
2023-05-23,20.9518128400,20.7715046400,21.0329515300,20.7715046400,33097802,766352239.2300
2023-05-24,20.7715046400,20.4018728300,20.8075662800,20.4018728300,47676819,1085587503.9200
2023-05-25,20.3928574200,20.4649807000,20.5551348000,20.3027033200,36926960,836120624.2500
2023-05-26,20.4830115200,20.3387649600,20.5821810300,20.3207341400,27560741,624126105.9300
2023-05-29,20.3928574200,20.6362734900,20.6723351300,20.3838420100,40164380,916101394.3900
2023-05-30,20.6272580800,20.5100577500,20.6813505400,20.2666416800,45108675,1022565166.7400
2023-05-31,20.3838420100,20.2936879100,20.4108882400,19.9601177400,72571854,1621345192.6300
2023-06-01,20.2305800400,20.1764875800,20.3748266000,20.1223951200,38815383,871584835.9100
2023-06-02,20.2666416800,20.1314105300,20.2756570900,20.0683026600,39196216,876639361.5700
2023-06-05,20.1855029900,20.2395954500,20.3748266000,20.1494413500,31618493,711047272.3800
2023-06-06,20.2395954500,20.1223951200,20.3477803700,20.0773180700,28642997,642179556.3100
2023-06-07,20.1945184000,20.1404259400,20.2846725000,20.0953488900,32193766,721404037.7200
2023-06-08,20.1855029900,20.4289190600,20.4469498800,20.1494413500,28975656,653582569.6700
2023-06-09,20.4199036500,20.6092272600,20.6633197200,20.4018728300,37542101,856273671.3500
2023-06-12,20.5911964400,20.1764875800,20.6272580800,20.1674721700,48973114,1103359535.2100
2023-06-13,20.1855029900,20.1043643000,20.2666416800,20.0232256100,41725257,931606454.0100
2023-06-14,20.1764875800,20.0592872500,20.3027033200,20.0592872500,36401569,815059929.6100
2023-06-15,20.1223951200,20.0863334800,20.1764875800,19.8699636400,44324254,984149826.6400
2023-06-16,20.1043643000,20.0142102000,20.2756570900,19.8970098700,58476997,1298503261.6400
2023-06-19,19.9420869200,19.9961793800,20.0232256100,19.7347324900,47313924,1043945366.9800
2023-06-20,19.9420869200,19.9150406900,20.0773180700,19.9060252800,31614674,700793489.9000
2023-06-21,20.0142102000,19.9240561000,20.1945184000,19.9150406900,40552640,902651863.9700
2023-06-26,19.9240561000,20.0502718400,20.0683026600,19.7437479000,56234619,1244813410.9500
2023-06-27,20.0502718400,19.9420869200,20.0773180700,19.7527633100,38132365,842098819.8300
2023-06-28,19.9601177400,20.2666416800,20.2846725000,19.9240561000,56781300,1269911538.2200
2023-06-29,20.2666416800,19.9511023300,20.2756570900,19.9150406900,49900268,1108293282.6400
2023-06-30,19.9511023300,19.8879944600,20.0412564300,19.8519328200,41402656,914645575.4800
2023-07-03,19.9150406900,19.9420869200,20.0412564300,19.9060252800,37126695,821483880.2300
2023-07-04,19.9420869200,19.8789790500,20.0322410200,19.8248865900,34503954,760654322.4000
2023-07-05,19.9060252800,19.8970098700,20.0412564300,19.8519328200,30686839,678071651.2100
2023-07-06,19.8970098700,19.8339020000,19.9781485600,19.7798095400,34855630,767718379.9000
2023-07-07,19.7978403600,19.8339020000,19.9060252800,19.7798095400,50686848,1115163636.9600
2023-07-10,19.8789790500,19.8339020000,19.9420869200,19.7888249500,33673155,740929327.2700
2023-07-11,19.8789790500,19.8339020000,19.8789790500,19.7076862600,48549340,1066315664.3000
2023-07-12,19.7888249500,19.9601177400,19.9961793800,19.7347324900,50524580,1115293241.5100
2023-07-13,19.9601177400,20.2125492200,20.3297495500,19.9060252800,64738173,1449384126.4600
2023-07-14,20.1764875800,20.2576262700,20.3297495500,20.1133797100,38716992,869178833.3500
2023-07-17,20.2666416800,20.2305800400,20.3207341400,20.1223951200,19692852,441213585.6800
2023-07-18,20.2576262700,20.2035338100,20.3117187300,20.1764875800,26852118,602593952.9100
2023-07-19,20.1223951200,20.2846725000,20.3027033200,20.1223951200,33067242,743226348.1500
2023-07-20,20.3567957800,20.1945184000,20.3838420100,20.1945184000,43441048,978367221.5400
2023-07-21,20.2132368000,20.2132368000,20.4471863000,20.1758048800,55037050,1192718568.0000
2023-07-24,20.1196570000,20.1758048800,20.2881006400,20.0915830600,27695910,596740189.8600
2023-07-25,20.2506687200,19.9605713400,20.2506687200,19.8857075000,76403811,1631583707.9200
2023-07-26,19.9605713400,20.0167192200,20.0260772000,19.8576335600,48259584,1028987379.2100
2023-07-27,19.9980032600,19.8669915400,20.1102990200,19.8389176000,41365168,882205138.1800
2023-07-28,19.8576335600,19.9699293200,20.0167192200,19.7827697200,58936112,1253797045.0800
2023-07-31,19.9605713400,20.0822250800,20.2600267000,19.9605713400,66832972,1436470248.9800
2023-08-01,20.1196570000,20.3255325600,20.3255325600,20.0728671000,48913543,1055453761.4300
2023-08-02,20.3068166000,20.2038788200,20.3255325600,20.1383729600,32253850,696646435.1000
2023-08-03,20.2506687200,20.2693846800,20.3068166000,20.1570889200,34163438,739362661.3500
2023-08-04,20.2693846800,20.1570889200,20.4191123600,20.1009410400,40381332,871899355.6200
2023-08-07,20.1664469000,20.5126921600,20.5407661000,20.1383729600,55382078,1208238982.4700
2023-08-08,20.4378283200,20.6811358000,20.6904937800,20.4378283200,38844748,855559360.7800
2023-08-09,20.6717778200,20.6904937800,20.7372836800,20.4097543800,41577714,915613750.7900
2023-08-10,20.6904937800,20.6717778200,20.7372836800,20.5594820600,23060030,509011350.1600
2023-08-11,20.6624198400,20.3536065000,20.6904937800,20.3536065000,32019540,700996135.5300
2023-08-14,20.3068166000,20.4097543800,20.5407661000,20.1664469000,55076635,1197466595.0900
2023-08-15,20.4003964000,20.6062719600,20.6624198400,20.3629644800,45695084,1005038903.6600
2023-08-16,20.6156299400,20.4659022600,20.6530618600,20.4097543800,25178833,551426663.1500
2023-08-17,20.4191123600,20.6998517600,20.7185677200,20.3723224600,37276997,819974851.9000
2023-08-18,20.6437038800,20.6437038800,20.8402214600,20.6343459000,28602655,633082568.4200
2023-08-21,20.6437038800,20.4471863000,20.7279257000,20.4471863000,31102219,684516265.0900
2023-08-22,20.5314081200,20.5875560000,20.6811358000,20.3910384200,41603369,914974618.6400
2023-08-23,20.6156299400,20.5407661000,20.7653576200,20.5033341800,33748678,744363122.5000
2023-08-24,20.5126921600,20.3723224600,20.5781980200,20.3536065000,38803475,847106667.3500
2023-08-25,20.3536065000,20.7372836800,20.7747156000,20.3255325600,46090226,1016855128.2400
2023-08-28,21.0554550000,20.6998517600,21.1022449000,20.5781980200,74975981,1662876022.7700
2023-08-29,20.6998517600,20.5126921600,20.8495794400,20.4846182200,53386187,1179054888.6400
2023-08-30,20.5875560000,20.5594820600,20.7185677200,20.5033341800,33400727,734543740.4700
2023-08-31,20.5407661000,20.6437038800,20.7372836800,20.4939762000,47313602,1041852818.2200
2023-09-01,20.5969139800,20.4097543800,20.6437038800,20.3536065000,53041577,1159084272.3200
2023-09-04,20.4939762000,20.2787426600,20.5033341800,20.1945208400,74823274,1623177807.3500
2023-09-05,20.2787426600,20.4846182200,20.5126921600,20.2319527600,58410844,1273652535.8000
2023-09-06,20.4191123600,20.4097543800,20.5407661000,20.4003964000,24971636,545903539.7700
2023-09-07,20.4471863000,20.4471863000,20.5220501400,20.2881006400,43893255,958542910.8500
2023-09-08,20.4191123600,20.4378283200,20.4846182200,20.3161745800,28667854,625457628.9100
2023-09-11,20.4284703400,20.5781980200,20.6437038800,20.4284703400,38344647,842758160.6900
2023-09-12,20.5501240800,20.6530618600,20.6624198400,20.4846182200,31843404,700757181.7400
2023-09-13,20.6811358000,20.8215055000,20.8963693400,20.5969139800,63334136,1407844211.6100
2023-09-14,20.9338012600,21.2332566200,21.3361944000,20.8308634800,79022797,1786148691.6800
2023-09-15,21.2332566200,21.0741709600,21.3268364200,20.9618752000,49541759,1117513229.8600
2023-09-18,21.0180230800,20.9712331800,21.1116028800,20.8870113600,39691537,889442040.6800
2023-09-19,20.9431592400,21.0835289400,21.1209608600,20.8682954000,29739454,668334198.0400
2023-09-20,21.0741709600,21.1116028800,21.1677507600,20.9712331800,28007733,631401655.3000
2023-09-21,21.1209608600,20.9431592400,21.1864667200,20.9338012600,36365479,817129755.1100
2023-09-22,20.9993071200,21.0367390400,21.1022449000,20.8870113600,44917825,1007774659.9100
2023-09-25,21.1396768200,21.0460970200,21.2051826800,20.9431592400,34086051,768741207.4000
2023-09-26,21.0928869200,20.9712331800,21.0928869200,20.8963693400,25716599,576492678.8800
2023-09-27,21.0180230800,20.7840735800,21.0273810600,20.7559996400,39799705,886397527.2000
2023-09-28,20.8308634800,20.8121475200,20.9431592400,20.8027895400,34407402,767155322.6600
2023-10-09,20.8215055000,21.1116028800,21.2613305600,20.8215055000,54393412,1226702849.9000
2023-10-10,21.2426146000,21.1583927800,21.2426146000,20.9993071200,36118046,816386873.6100
2023-10-11,21.2145406600,21.1771087400,21.4204162200,21.1490348000,40765737,927786041.7500
2023-10-12,21.4204162200,21.1677507600,21.4204162200,21.0928869200,29530565,668632578.0900
2023-10-13,21.1022449000,21.2800465200,21.3174784400,21.1022449000,35919404,814939456.6800
2023-10-16,21.3174784400,21.3174784400,21.5233540000,21.2332566200,47498027,1083315950.0600
2023-10-17,21.3455523800,21.4859220800,21.5139960200,21.2706885400,41697326,955017603.6900
2023-10-18,21.5701439000,21.4765641000,21.6917976400,21.3923422800,49801308,1145979163.4900
2023-10-19,21.3923422800,21.1022449000,21.5139960200,21.0835289400,48766564,1106303692.8300
2023-10-20,21.1022449000,20.9150853000,21.2238986400,20.9150853000,62885148,1414564176.7200
2023-10-23,20.9150853000,20.8589374200,21.1771087400,20.7747156000,53843591,1206621186.8200
2023-10-24,20.9244432800,21.1490348000,21.2145406600,20.7559996400,53307701,1196660147.5200
2023-10-25,21.1490348000,20.5033341800,21.1677507600,20.4939762000,100522854,2220073377.1500
2023-10-26,20.4471863000,20.8963693400,20.9150853000,20.4191123600,66648935,1479450089.7300
2023-10-27,20.8870113600,20.8121475200,21.0273810600,20.7840735800,54844060,1225705131.1500
2023-10-30,20.8308634800,21.0086651000,21.1303188400,20.8121475200,72835649,1635519654.7400
2023-10-31,20.9431592400,21.1209608600,21.1958247000,20.8402214600,63752699,1434746126.3100
2023-11-01,21.1303188400,21.2051826800,21.2800465200,20.9618752000,59046355,1335207792.5400
2023-11-02,21.3081204600,21.2987624800,21.3829843000,21.1771087400,43439733,989336982.1900
2023-11-03,21.2987624800,21.2519725800,21.4952800600,21.2145406600,54743002,1249401662.8300
2023-11-06,21.2800465200,20.8121475200,21.3081204600,20.7559996400,100246599,2237002523.9500
2023-11-07,20.8121475200,20.8402214600,20.9057273200,20.7466416600,35299090,786444777.5200
2023-11-08,20.8589374200,20.9338012600,21.0086651000,20.8589374200,32313709,722886393.5900
2023-11-09,20.9338012600,21.1209608600,21.1958247000,20.8870113600,52544027,1183677944.8400
2023-11-10,21.1209608600,21.1209608600,21.2051826800,20.9244432800,43730248,984512100.7500
2023-11-13,21.0648129800,21.0835289400,21.1022449000,20.9057273200,32429337,728031455.1000
2023-11-14,21.0835289400,20.9338012600,21.1677507600,20.9244432800,47746930,1071647633.1500
2023-11-15,20.9338012600,21.1490348000,21.1677507600,20.9338012600,48039581,1082387589.5600
2023-11-16,21.1116028800,21.2519725800,21.2706885400,21.0741709600,71263004,1615397745.7700
2023-11-17,21.1958247000,21.1677507600,21.3081204600,21.0460970200,40668574,918639537.3500
2023-11-20,21.2051826800,21.1958247000,21.2800465200,21.1396768200,34358561,778524092.9900
2023-11-21,21.1677507600,21.2426146000,21.3268364200,21.1583927800,47189784,1071485394.5600
2023-11-22,21.2426146000,21.2426146000,21.3174784400,21.1490348000,33804688,767433989.8300
2023-11-23,21.2145406600,21.1677507600,21.2706885400,21.0273810600,40390383,911195957.0800
2023-11-24,21.1303188400,21.2238986400,21.3829843000,21.1116028800,55393394,1259538809.0000
2023-11-27,21.2238986400,21.1583927800,21.2613305600,21.0460970200,52688942,1188192065.7400
2023-11-28,21.1583927800,21.0554550000,21.1677507600,21.0086651000,38065817,856426256.2800
2023-11-29,21.0928869200,21.0180230800,21.0928869200,20.9618752000,53049106,1191811825.4000
2023-11-30,21.0835289400,21.3642683400,21.3642683400,21.0273810600,93251429,2120302510.7400
2023-12-01,21.4110582400,21.2706885400,21.4204162200,21.1677507600,57668131,1310247988.8700
2023-12-04,21.2706885400,21.2426146000,21.2987624800,21.1677507600,36736002,833531568.7700
2023-12-05,21.2332566200,21.1303188400,21.3549103600,21.0835289400,65955134,1497277646.8100
2023-12-06,21.1022449000,21.0554550000,21.1303188400,20.9525172200,60731004,1365199238.9500
2023-12-07,21.0180230800,21.1490348000,21.1958247000,20.9899491400,46134177,1041893357.1500
2023-12-08,21.1022449000,21.1677507600,21.1958247000,21.0086651000,65214067,1471195059.5600
2023-12-11,21.0741709600,21.3549103600,21.3923422800,20.9150853000,91325635,2066586429.9300
2023-12-12,21.2706885400,21.5046380400,21.5327119800,21.2613305600,54746391,1253897530.4100
2023-12-13,21.4952800600,21.5139960200,21.5701439000,21.4391321800,45780951,1052460093.7000
2023-12-14,21.5139960200,21.5327119800,21.5982178400,21.3455523800,46382391,1066767038.9600
2023-12-15,21.5233540000,21.3174784400,21.6637237000,21.3081204600,66077881,1514697782.2500
2023-12-18,21.3174784400,21.5888598600,21.5888598600,21.3174784400,46320284,1064746656.7500
2023-12-19,21.5888598600,21.5701439000,21.6450077400,21.4952800600,56328793,1297691998.6900
2023-12-20,21.5795018800,21.8040934000,21.9725370400,21.5607859200,70038502,1632153548.9100
2023-12-21,21.7853774400,21.6637237000,21.8602412800,21.6075758200,69287699,1606989366.6300
2023-12-22,21.6730816800,21.6917976400,21.8040934000,21.6262917800,55368791,1285336172.1800
2023-12-25,21.6917976400,21.8976732000,21.9163891600,21.6262917800,44247999,1031041465.6900
2023-12-26,21.8976732000,22.0193269400,22.1784126000,21.8789572400,61519717,1449802230.6900
2023-12-27,21.9818950200,22.0193269400,22.0754748200,21.8415253200,56278543,1321553821.7000
2023-12-28,22.0380429000,21.7853774400,22.2626344200,21.6917976400,90728328,2121260476.5700
2023-12-29,21.8040934000,21.8415253200,21.8602412800,21.6262917800,62846850,1462118982.1300
2024-01-02,21.8415253200,22.1596966400,22.2439184600,21.8228093600,68880298,1627813605.4400
2024-01-03,22.1503386600,22.2345604800,22.2719924000,22.0848328000,60752512,1439625326.5600
2024-01-04,22.2719924000,22.2719924000,22.4404360400,22.0941907800,61342335,1458263731.8500
2024-01-05,22.2532764400,22.2158445200,22.4123621000,22.1409806800,70563121,1680566822.7000
2024-01-08,22.2158445200,22.0848328000,22.2907083600,22.0193269400,65439403,1546139933.6600
2024-01-09,22.0848328000,22.0286849200,22.1596966400,21.8040934000,80150503,1884034535.3600
2024-01-10,22.0006109800,21.8415253200,22.1222647200,21.7198715800,67243039,1569818928.7100
2024-01-11,21.8789572400,21.6917976400,21.8883152200,21.6262917800,60919882,1415166912.9700
2024-01-12,21.6075758200,22.0193269400,22.0754748200,21.6075758200,62005621,1452655347.7700
2024-01-15,21.9725370400,21.9912530000,22.1316227000,21.8976732000,40987662,964175881.4700
2024-01-16,21.9163891600,22.0380429000,22.0567588600,21.8040934000,57834255,1355366874.2400
2024-01-17,22.0380429000,21.8228093600,22.0848328000,21.8228093600,66509131,1559265043.5500
2024-01-18,21.8040934000,21.8228093600,21.9163891600,21.4110582400,122738921,2841916739.6400
2024-01-19,21.8040934000,21.9912530000,22.0099689600,21.6356497600,94494749,2208441096.5200
2024-01-22,21.6730816800,21.7385875400,21.9725370400,21.5888598600,110790646,2581327055.8100
2024-01-23,21.6730816800,21.7573035000,21.8508833000,21.4578481400,85306405,1971733021.7700
2024-01-24,21.8134513800,22.3187823000,22.3374982600,21.7853774400,108649042,2566320794.8600
2024-01-25,22.3281402800,22.4030041200,22.5527318000,22.1877705800,82891286,1978742267.0900
2024-01-26,22.3187823000,22.5808057400,22.6369536200,22.2813503800,71370324,1712379230.7500
2024-01-29,22.5433738200,22.7118174600,22.9270510000,22.5152998800,69416961,1691010353.3700
2024-01-30,22.7024594800,22.5527318000,22.7960392800,22.4685099800,79784398,1927743954.0700
2024-01-31,22.5340158400,22.8334712000,22.8896190800,22.4872259400,88550152,2155156152.1500
2024-02-01,22.7398914000,22.5995217000,22.8709031200,22.5995217000,66074108,1601356833.3900
2024-02-02,22.6650275600,22.7211754400,22.9457669600,22.5995217000,101817510,2482060134.9100
2024-02-05,22.7866813000,23.1703584800,23.2826542400,22.7305334200,114937132,2832953857.7300
2024-02-06,23.1142106000,23.1329265600,23.6382574800,23.0019148400,126603040,3150676352.8800
2024-02-07,23.1984324200,23.1142106000,23.2077904000,22.6837435200,135642238,3325417287.0400
2024-02-08,23.0299887800,23.0580627200,23.1516425200,22.8334712000,87497217,2150797174.4700
2024-02-19,23.0019148400,23.5821096000,23.6663314200,22.9270510000,87245684,2183694503.9500
2024-02-20,23.5633936400,23.9002809200,24.0687245600,23.4978877800,68608378,1750801469.0200
2024-02-21,23.8815649600,23.7599112200,24.0500086000,23.7599112200,79877592,2040015336.5400
2024-02-22,23.8628490000,23.9096389000,24.0312926400,23.7318372800,66689215,1701564034.6700
2024-02-23,23.8628490000,24.0406506200,24.0874405200,23.6944053600,61030579,1558028569.4900
2024-02-26,23.8534910200,23.3481601000,23.9002809200,23.3294441400,80588451,2031771859.9300
2024-02-27,23.3107281800,23.3294441400,23.4323819200,23.2265063600,54655099,1361112174.7200
2024-02-28,23.2265063600,23.6756894000,23.8067011200,23.0112728200,120223309,3011572334.4300
2024-02-29,23.5821096000,23.4417399000,23.6944053600,23.3949500000,76228710,1914111615.9900
2024-03-01,23.4417399000,23.3949500000,23.5353197000,23.3013702000,57112914,1427971156.8700
2024-03-04,23.3668760600,23.8160591000,23.8347750600,23.2732962600,86329895,2180343415.4800
2024-03-05,23.7224793000,24.2746001200,24.3307480000,23.7037633400,98844338,2550840672.7400
2024-03-06,24.2371682000,24.1997362800,24.6114874000,24.1529463800,87775400,2284641772.8400
2024-03-07,24.1903783000,24.2371682000,24.4430437600,24.1435884000,76693945,1987481631.6200
2024-03-08,24.2558841600,24.1716623400,24.4149698200,24.1061564800,61448903,1589578908.8300
2024-03-11,24.1155144600,24.1061564800,24.3213900200,23.9283548600,76887209,1980534434.0900
2024-03-12,24.0500086000,23.2358643400,24.0967985000,23.1703584800,159072692,3993859960.8800
2024-03-13,23.2358643400,23.2920122200,23.3294441400,22.9364089800,129403361,3201049099.6900
2024-03-14,23.1703584800,23.1048526200,23.2826542400,23.0112728200,99913194,2471465579.6400
2024-03-15,23.1048526200,23.1235685800,23.3294441400,23.0767786800,73946991,1831479868.5600
2024-03-18,23.1048526200,23.0861366600,23.2732962600,23.0299887800,80008345,1976509114.8300
2024-03-19,23.0861366600,23.1329265600,23.3762340400,23.0206308000,79130509,1963356129.3000
2024-03-20,23.1329265600,23.3949500000,23.6008255600,23.0767786800,104635892,2615165511.0300
2024-03-21,23.4417399000,23.3388021200,23.4885298000,23.3200861600,66811218,1670493181.8700
2024-03-22,23.3294441400,23.4043079800,23.4791718200,23.1797164600,77408692,1932584781.7800
2024-03-25,23.4791718200,23.3762340400,23.4885298000,23.3388021200,67464484,1687444453.5700
2024-03-26,23.3949500000,23.2452223200,23.4136659600,23.1142106000,76837709,1909598642.8100
2024-03-27,23.1984324200,23.2358643400,23.4136659600,23.1797164600,72631540,1809850536.7300
2024-03-28,23.2639382800,23.2545803000,23.4136659600,23.0674207000,81593841,2025213171.9000
2024-03-29,23.2358643400,23.3294441400,23.3762340400,23.2265063600,59329136,1477764574.2900
2024-04-01,23.3481601000,23.1422845400,23.3855920200,23.0861366600,87831553,2177047529.7300
2024-04-02,23.1329265600,23.0580627200,23.2452223200,22.9738409000,92854480,2291658202.6700
2024-04-03,23.0206308000,22.8709031200,23.0393467600,22.7024594800,115308126,2811178604.0200
2024-04-08,22.8428291800,23.7318372800,23.7786271800,22.8241132200,179639804,4495191837.2900
2024-04-09,23.5821096000,23.5353197000,23.7411952600,23.3855920200,104343345,2623607287.1500
2024-04-10,23.5353197000,23.9845027400,24.0780825400,23.5259617200,112399910,2870415142.8900
2024-04-11,23.9377128400,23.9657867800,24.0125766800,23.6476154600,68916555,1760367866.2700
2024-04-12,23.9096389000,23.7879851600,23.9938607200,23.7224793000,62788587,1599125048.9100
2024-04-15,23.7973431400,24.2278102200,24.2652421400,23.7879851600,78534769,2026912643.6900
2024-04-16,24.1529463800,24.2652421400,24.4804756800,24.0312926400,83440594,2163792039.3400
2024-04-17,24.1903783000,24.3120320400,24.4243278000,23.8909229400,81773935,2111578176.9400
2024-04-18,24.2558841600,24.2839581000,24.5085496200,24.1435884000,84898080,2205476996.7100
2024-04-19,24.2371682000,24.3307480000,24.4149698200,24.0780825400,77485367,2007554174.2800
2024-04-22,24.2652421400,24.1997362800,24.5085496200,24.1529463800,64125192,1664599639.2700
2024-04-23,24.1810203200,24.1155144600,24.3775379000,23.9564288000,57550366,1485631129.4000
2024-04-24,24.2371682000,24.1155144600,24.2746001200,24.0219346600,56309187,1450080312.2300
2024-04-25,24.0967985000,24.0312926400,24.1903783000,23.9189968800,42847022,1098347570.9000
2024-04-26,23.9657867800,23.9283548600,24.1997362800,23.9096389000,69028833,1770684733.3500
2024-04-29,23.9283548600,23.8441330400,24.0125766800,23.6756894000,77653000,1978050452.7300
2024-04-30,23.7692692000,24.1342304200,24.3494639600,23.7318372800,88274253,2280869806.7000
2024-05-06,24.1342304200,23.8347750600,24.1342304200,23.7973431400,110588987,2821688352.8000
2024-05-07,23.8347750600,23.7224793000,23.8722069800,23.6944053600,63482761,1609969167.5100
2024-05-08,23.7224793000,23.6850473800,23.9096389000,23.6850473800,60627239,1538925484.0600
2024-05-09,23.7224793000,23.7318372800,23.7692692000,23.5446776800,68681549,1736820747.0400
2024-05-10,23.7318372800,23.8441330400,23.8815649600,23.6382574800,79808793,2029155628.3000
2024-05-13,23.8628490000,23.9751447600,24.0500086000,23.7318372800,92647353,2368887117.5700
2024-05-14,23.9751447600,23.9377128400,23.9751447600,23.7505532400,60506173,1543748110.6100
2024-05-15,23.9096389000,23.8441330400,24.0406506200,23.8160591000,44384153,1133848524.4500
2024-05-16,23.8534910200,23.7879851600,23.9002809200,23.7692692000,57841400,1471765904.1700
2024-05-17,23.8160591000,24.1248724400,24.1903783000,23.8067011200,94950720,2438122010.4200
2024-05-20,24.0874405200,24.3213900200,24.4804756800,24.0125766800,91014753,2362152895.0200
2024-05-21,24.3775379000,24.4243278000,24.5646975000,24.3120320400,64932506,1693481734.9900
2024-05-22,24.4804756800,24.3120320400,24.5272655800,24.2652421400,56950230,1482943442.1900
2024-05-23,24.3775379000,24.4711177000,24.6489193200,24.2933160800,77312597,2023279728.0500
2024-05-24,24.5272655800,24.6114874000,24.8454369000,24.4524017400,77715134,2051397914.5400
2024-05-27,24.6208453800,24.8080049800,24.9858066000,24.6208453800,78000895,2069505133.2500
2024-05-28,24.8173629600,24.9951645800,25.1074603400,24.7799310400,67259257,1793773705.1600
2024-05-29,24.9858066000,24.9764486200,25.0513124600,24.7144251800,62051985,1651090911.2100
2024-05-30,24.9483746800,24.9858066000,25.2197561000,24.8922268000,53980515,1444639486.0400
2024-05-31,25.0419544800,24.9015847800,25.2852619600,24.8735108400,70818931,1894832555.2300
2024-06-03,25.1636082200,25.6689391400,25.7344450000,25.0325965000,114876331,3129895699.3700
2024-06-04,25.6689391400,25.7157290400,25.9216046000,25.5472854000,79276175,2178484627.9700
2024-06-05,25.7718769200,26.1649120800,26.2772078400,25.7250870200,88722153,2474874592.8900
2024-06-06,26.1087642000,26.2304179400,26.5579472400,25.9777524800,106120323,2979916127.8500
2024-06-07,26.2023440000,26.4924413800,26.5485892600,26.1087642000,86811639,2447258985.2500
2024-06-11,26.5017993600,26.3707876400,26.6608850200,26.1274801600,87333796,2460615259.7800
2024-06-12,26.2772078400,26.5579472400,26.6702430000,26.2023440000,75624228,2141399387.6000
2024-06-13,26.5673052200,26.8574026000,26.9509824000,26.5017993600,89282721,2555029900.5600
2024-06-14,26.8106127000,26.1087642000,26.9229084600,25.9496785400,242643011,6814644666.8800
2024-06-17,25.9683945000,26.0994062200,26.2584918800,25.8186668200,106730295,2976152808.1900
2024-06-18,26.0994062200,26.0151844000,26.1461961200,25.8186668200,65893578,1828330860.9400
2024-06-19,25.9964684400,26.2397759200,26.2678498600,25.9403205600,53659074,1497817306.2100
2024-06-20,26.2678498600,26.5205153200,26.5766632000,26.2117019800,65568919,1851949137.5400
2024-06-21,26.5205153200,26.5111573400,26.6889589600,26.2304179400,74296501,2104127430.0800
2024-06-24,26.5766632000,27.0352042200,27.1381420000,26.5298733000,106929642,3075272500.2400
2024-06-25,27.0164882600,26.8106127000,27.0632781600,26.4830834000,88021088,2521524043.3000
2024-06-26,26.8480446200,26.8106127000,27.0164882600,26.5579472400,51424125,1469826193.0100
2024-06-27,26.7638228000,26.9696983600,27.0913521000,26.7451068400,66550911,1917338400.7000
2024-06-28,26.9696983600,27.0632781600,27.1662159400,26.7451068400,72366983,2089609595.4600
2024-07-01,27.0632781600,27.5873250400,27.7464107000,27.0632781600,72351910,2123942476.9100
2024-07-02,27.5779670600,27.5873250400,27.6621888800,27.3627335200,58289049,1714526663.7000
2024-07-03,27.5218191800,27.4188814000,27.6247569600,27.1381420000,73251987,2136621632.1100
2024-07-04,27.3440175600,27.5031032200,27.6528309000,27.3253016000,66193048,1945477857.4100
2024-07-05,27.6715468600,27.4375973600,27.6715468600,26.9977723000,100763142,2934921575.0800
2024-07-08,27.3440175600,27.9990761600,28.1207299000,27.3253016000,100897073,3002371354.1300
2024-07-09,27.9897181800,28.3640373800,28.3827533400,27.8961383800,85724564,2582804863.2500
2024-07-10,28.3359634400,28.1675198000,28.4669751600,27.9522862600,76596809,2303742130.3000
2024-07-11,28.1955937400,28.2517416200,28.2610996000,27.7932006000,74713995,2236982847.0900
2024-07-12,28.2236676800,27.9616442400,28.3546794000,27.8867804000,68112730,2040744551.1200
2024-07-15,27.8774224200,28.4763331400,28.5418390000,27.7557686800,78795504,2382355824.2700
2024-07-16,28.5418390000,28.8225784000,28.8880842600,28.3078895000,68924858,2109134625.6700
2024-07-17,28.7757885000,28.8225784000,28.9629481000,28.5979868800,74056856,2281313173.2500
2024-07-18,28.7757885000,29.3466252800,29.4214891200,28.7477145600,99995624,3111871551.4700
2024-07-19,29.3081820000,29.3850559200,29.5195852800,29.0967787200,112417521,3424215893.9500
2024-07-22,29.3850559200,29.1928711200,29.4042744000,28.5394428000,97427649,2935254009.2300
2024-07-23,29.2120896000,29.4715390800,29.5964592000,29.0967787200,90144787,2759644838.7200
2024-07-24,29.4715390800,29.8270809600,29.9712195600,29.3466189600,88281095,2734065269.3600
2024-07-25,29.8559086800,29.6252869200,30.0577027200,29.1832618800,97736868,3005729069.2200
2024-07-26,29.5099760400,28.9718586000,29.5099760400,28.5682705200,114955273,3451737425.5200
2024-07-29,28.7892830400,29.0199048000,29.2120896000,28.3568672400,75162251,2258829165.8800
2024-07-30,28.9910770800,28.9334216400,29.2697450400,28.7124091200,60682304,1828272498.1200
2024-07-31,28.8757662000,28.6931906400,28.8949846800,28.3280395200,94433185,2812743116.2700
2024-08-01,28.4913966000,28.9430308800,29.1544341600,28.4433504000,68485869,2057753552.4200
2024-08-02,28.8277200000,29.0583417600,29.1352156800,28.6355352000,57775048,1740593156.3700
2024-08-05,28.9142031600,28.7316276000,29.0199048000,28.6835814000,63103071,1894210458.1200
2024-08-06,28.7316276000,28.3088210400,28.9142031600,28.1550732000,93657365,2766826003.3000
2024-08-07,28.2223378800,28.5874890000,28.8757662000,28.2223378800,67641078,2018243318.1000
2024-08-08,28.5874890000,28.6163167200,28.8373292400,28.4625688800,46760473,1394043160.2200
2024-08-09,28.5490520400,28.3856949600,28.6259259600,28.2223378800,59690063,1763288971.4900
2024-08-12,28.4049134400,28.0397623200,28.5490520400,27.9821068800,51089121,1500108927.3600
2024-08-13,28.1358547200,28.1166362400,28.2319471200,27.9244514400,46163028,1349026966.6900
2024-08-14,28.1454639600,28.3953042000,28.6835814000,27.8956237200,67862636,2004395676.0500
2024-08-15,28.3856949600,28.6355352000,28.7988922800,28.2511656000,59889587,1783081178.6900
2024-08-16,28.6547536800,28.4625688800,28.7124091200,28.3760857200,50949931,1509091295.2200
2024-08-19,28.4337411600,28.5682705200,28.6931906400,28.4145226800,42798248,1272877013.8700
2024-08-20,28.5970982400,28.4913966000,28.6739721600,28.2799933200,46130402,1364741833.5100
2024-08-21,28.5010058400,28.5874890000,28.6259259600,28.0878085200,47190994,1395813810.6100
2024-08-22,28.5394428000,29.0583417600,29.1159972000,28.5298335600,77938021,2341186875.2900
2024-08-23,29.0871694800,28.7412368400,29.1352156800,28.6355352000,54611188,1639163832.9800
2024-08-26,28.7412368400,28.6547536800,28.8757662000,28.3280395200,49639581,1474548431.6100
2024-08-27,28.5970982400,28.6355352000,28.7316276000,28.4241319200,35060495,1043728923.1500
2024-08-28,28.6259259600,28.6547536800,28.9238124000,28.5394428000,49690215,1485759125.0500
2024-08-29,28.6739721600,28.2127286400,28.7027998800,28.1166362400,67603577,1991001428.3200
2024-08-30,28.1070270000,28.2319471200,28.4241319200,27.5881280400,89849336,2626216879.2200
2024-09-02,27.8956237200,28.5490520400,28.6451444400,27.8860144800,73329606,2171845327.9300
2024-09-03,28.4913966000,27.9724976400,28.6259259600,27.9148422000,66710788,1952057304.4400
2024-09-04,27.9724976400,28.0109346000,28.1935101600,27.7803128400,40153496,1170959318.4100
2024-09-05,28.0205438400,27.9821068800,28.1358547200,27.7899220800,37487408,1088725235.9500
2024-09-06,27.9628884000,27.9628884000,28.3280395200,27.9340606800,40053763,1173648850.3200
2024-09-09,28.0878085200,28.2031194000,28.2799933200,27.9244514400,63373236,1856318799.7900
2024-09-10,28.1646824400,28.0109346000,28.3376487600,27.8187498000,58004957,1692616091.5600
2024-09-11,28.0109346000,26.7136872000,28.0109346000,26.5695486000,143949737,4047995049.8700
2024-09-12,26.6175948000,26.7713426400,26.9635274400,26.5503301200,66219139,1843149365.6500
2024-09-13,26.7713426400,27.1941492000,27.3863340000,26.7329056800,80973210,2289211168.0500
2024-09-18,27.1461030000,27.2133676800,27.6169557600,27.1172752800,52623623,1500353768.2600
2024-09-19,27.2614138800,27.2229769200,27.3190693200,26.7521241600,69799705,1964300123.7200
2024-09-20,27.0788383200,27.0500106000,27.2133676800,26.7521241600,82295178,2309733075.1000
2024-09-23,27.0500106000,27.0980568000,27.3190693200,26.8866535200,47904951,1353258731.1300
2024-09-24,27.3190693200,27.6361742400,27.7514851200,26.9731366800,106478651,3033603593.9100
2024-09-25,27.7899220800,27.7995313200,28.4817873600,27.7034389200,118176242,3447719853.8700
2024-09-26,27.9052329600,27.9917161200,27.9917161200,27.5881280400,114316343,3305503263.1800
2024-09-27,28.0878085200,27.8571867600,28.0878085200,26.9635274400,188703666,5391564516.2500
2024-09-30,27.7034389200,28.8757662000,29.3081820000,27.4920356400,396078494,11687901896.9000
2024-10-08,30.7591772400,28.0781992800,31.0186267200,27.7514851200,462356540,13932515164.8600
2024-10-09,27.8475775200,27.4343802000,28.2415563600,27.1172752800,266925415,7713072332.2100
2024-10-10,27.4824264000,28.0397623200,28.6643629200,27.4728171600,262428403,7695861717.7400
2024-10-11,28.0589808000,28.0685900400,28.5874890000,27.8667960000,142589633,4191339710.5400
2024-10-14,28.0781992800,28.2031194000,28.3953042000,27.9628884000,144701436,4245091617.1800
2024-10-15,28.1550732000,27.7514851200,28.2415563600,27.7514851200,117112841,3411757959.6900
2024-10-16,27.6746112000,27.5881280400,28.1742916800,27.4920356400,127230016,3677022599.9600
2024-10-17,27.6073465200,27.1941492000,27.6650019600,27.1941492000,112093819,3190851474.3600
2024-10-18,27.2133676800,27.3190693200,27.5496910800,26.9346997200,149181606,4224020290.3600
2024-10-21,27.2518046400,26.8674350400,27.2518046400,26.7617334000,139628417,3905210023.3800
2024-10-22,26.8674350400,26.9827459200,27.2518046400,26.7425149200,104063225,2922214928.5100
2024-10-23,26.9827459200,26.9635274400,27.2229769200,26.9058720000,90280066,2538199816.1000
2024-10-24,26.9635274400,26.9058720000,27.0307921200,26.6656410000,78386191,2189138483.2700
2024-10-25,26.9058720000,26.4638469600,26.9827459200,26.3389268400,150718465,4162517848.1200
2024-10-28,26.4638469600,26.4638469600,26.4638469600,26.0986958400,117784905,3221776479.0000
2024-10-29,26.4638469600,26.6272040400,26.9346997200,26.2812714000,131188363,3635175151.3500
2024-10-30,26.6368132800,26.6272040400,26.8001703600,26.3773638000,101259892,2800095149.0300
2024-10-31,26.8866535200,26.5022839200,26.9154812400,26.3485360800,121903136,3369699699.6200
2024-11-01,26.4350192400,26.8866535200,26.9058720000,26.3197083600,121360771,3377377151.2400
2024-11-04,26.8866535200,26.8097796000,26.8962627600,26.5311116400,90600962,2514532409.2900
2024-11-05,26.7232964400,26.7713426400,26.8482165600,26.6368132800,130938756,3643039779.1400
2024-11-06,26.7425149200,26.4254100000,26.8097796000,26.3869730400,138088740,3816254671.3200
2024-11-07,26.3293176000,26.7425149200,26.7617334000,26.3197083600,133033377,3687552721.0800
2024-11-08,26.7521241600,26.5407208800,26.8674350400,26.4542377200,119023483,3295504901.7100
2024-11-11,26.3869730400,26.4061915200,26.5503301200,26.2908806400,93996202,2579507983.4100
2024-11-12,26.4061915200,25.9161202800,26.5503301200,25.8969018000,201746671,5479470998.6700
2024-11-13,25.8296371200,26.3197083600,26.4158007600,25.7335447200,155188222,4230284151.4800
2024-11-14,26.2812714000,26.3485360800,26.6079855600,26.1659605200,98646616,2714473179.3600
2024-11-15,26.3004898800,26.0410404000,26.4158007600,26.0410404000,93580893,2550153939.5700
2024-11-18,26.0986958400,26.3485360800,26.4638469600,26.0314311600,119051790,3261120178.3900
2024-11-19,26.3293176000,26.3004898800,26.4254100000,26.1083050800,95680280,2615794240.4000
2024-11-20,26.3004898800,26.5407208800,26.6656410000,26.1467420400,99804939,2747324910.9400
2024-11-21,26.4830654400,26.5887670800,26.6175948000,26.4638469600,67848491,1875901033.2800
2024-11-22,26.5887670800,26.1947882400,26.6944687200,26.1947882400,97129106,2668597371.6400
2024-11-25,26.3197083600,26.0698681200,26.5118931600,25.9737757200,101408771,2767754675.0200
2024-11-26,26.0410404000,25.9449480000,26.1275235600,25.8584648400,88306380,2387017997.1500
2024-11-27,25.9257295200,26.3197083600,26.3773638000,25.9257295200,102469314,2795306804.1100
2024-11-28,26.3004898800,26.3581453200,26.4061915200,26.1083050800,69160630,1892727088.8000
2024-11-29,26.3677545600,26.2524436800,26.6175948000,26.2332252000,109026420,2998565910.0400
2024-12-02,26.3197083600,26.5311116400,26.6272040400,26.2332252000,88629895,2442141195.4800
2024-12-03,26.5407208800,26.8578258000,27.0019644000,26.4638469600,134347559,3742682857.4300
2024-12-04,26.8578258000,27.3382878000,27.4151617200,26.7232964400,137225662,3874772095.5100
2024-12-05,27.2902416000,27.1941492000,27.5593003200,27.0980568000,98035433,2785865461.7100
2024-12-06,27.2133676800,27.0788383200,27.4247709600,27.0500106000,90935412,2571289496.6800
2024-12-09,27.0307921200,27.2998508400,27.3959432400,26.8386073200,80287292,2273588990.5800
2024-12-10,27.2902416000,26.9250904800,27.4632079200,26.8674350400,167887746,4740338733.2500
2024-12-11,27.0019644000,27.0692290800,27.1172752800,26.8770442800,63618426,1788397137.8800
2024-12-12,27.0500106000,27.2902416000,27.3671155200,27.0307921200,77874956,2210068868.8900
2024-12-13,27.3286785600,27.5977372800,27.7514851200,27.2325861600,154285770,4421516826.0000
2024-12-16,27.6553927200,28.1358547200,28.2415563600,27.6553927200,143463294,4191213538.1900
2024-12-17,28.1839009200,28.1262454800,28.3953042000,28.0493715600,107804406,3166685527.3700
2024-12-18,28.2319471200,28.2703840800,28.6547536800,27.9917161200,98396558,2902181336.1500
2024-12-19,28.1166362400,28.1166362400,28.5010058400,28.0685900400,91061598,2682851058.6500
2024-12-20,28.0685900400,28.0589808000,28.2799933200,27.9436699200,78725172,2300287601.0600
2024-12-23,28.0493715600,28.4145226800,28.6451444400,27.9724976400,108633632,3214208944.0300
2024-12-24,28.3184302800,28.6451444400,28.6835814000,28.2127286400,92735550,2753108462.2000
2024-12-25,28.6547536800,28.6259259600,28.7604553200,28.5106150800,68516052,2043557883.4700
2024-12-26,28.6259259600,28.1742916800,28.6643629200,28.1454639600,89884558,2645228041.1100
2024-12-27,28.1550732000,28.4529596400,28.4721781200,28.0301530800,85423709,2508819672.9500
2024-12-30,28.4529596400,28.2607748400,28.6643629200,28.1935101600,77825662,2298925152.0200
2024-12-31,28.2511656000,28.3953042000,28.6067074800,28.2127286400,96537038,2859607977.0900
2025-01-02,28.3568672400,28.0589808000,28.5682705200,27.9436699200,104122008,3057996060.1800
2025-01-03,28.0685900400,27.8667960000,28.2799933200,27.7226574000,94632286,2753136713.6200
2025-01-06,27.9628884000,27.7610943600,27.9628884000,27.3959432400,79467426,2286573074.0000
2025-01-07,27.7514851200,27.5785188000,27.7610943600,27.4247709600,65496030,1879633128.1900
2025-01-08,27.5496910800,27.8667960000,28.0205438400,27.5112541200,90630929,2624410315.4200
2025-01-09,27.8091405600,27.6650019600,27.9244514400,27.5208633600,58177058,1676501567.1600
2025-01-10,27.6650019600,27.7418758800,27.9148422000,27.3959432400,69490983,2005099922.8500
2025-01-13,27.6746112000,27.6842204400,27.7803128400,27.3190693200,90627806,2602917131.7900
2025-01-14,27.6746112000,27.7130481600,27.8475775200,27.5977372800,81985665,2362763163.7600
2025-01-15,27.6073465200,27.6746112000,27.9821068800,27.4920356400,72279278,2086198307.1800
2025-01-16,27.6073465200,27.7130481600,27.8475775200,27.5977372800,72060240,2076090814.4100
2025-01-17,27.7418758800,27.8764052400,27.8956237200,27.6361742400,59637230,1726533811.4100
2025-01-20,27.9148422000,27.8379682800,27.9244514400,27.7034389200,66542377,1927427722.3700
2025-01-21,27.8283590400,28.0205438400,28.1646824400,27.6938296800,78941328,2299694592.6000
2025-01-22,28.0205438400,27.5689095600,28.1550732000,27.4824264000,107370320,3102296596.0000
2025-01-23,27.5977372800,27.3863340000,27.6842204400,27.1749307200,103468365,2953937702.2000
2025-01-24,27.4734576600,27.2992074000,27.7348330500,27.2992074000,84000577,2388148360.9600
2025-01-27,27.3669713900,27.9768473000,28.1704587000,27.3185685400,99524449,2863650426.7600
2025-02-05,27.9381250200,27.4444159500,27.9671667300,27.3669713900,90286113,2568658665.5400
2025-02-06,27.4540965200,27.3669713900,27.5218605100,27.2314434100,67609734,1908311707.2400
2025-02-07,27.2992074000,27.2314434100,27.3379296800,27.0087903000,109147551,3059789716.3300
2025-02-10,27.1539988500,27.0184708700,27.2604851200,27.0087903000,96900076,2709703559.1000
2025-02-11,27.0862348600,27.0087903000,27.0862348600,26.8151789000,90138630,2507433419.4700
2025-02-12,26.9603874500,27.0959154300,27.1346377100,26.8829428900,71470071,1996133152.1500
2025-02-13,27.0281514400,27.2701656900,27.3282491100,26.9410263100,94001814,2643911848.9100
2025-02-14,27.2701656900,27.3088879700,27.5896245000,27.1539988500,92876377,2628490803.1300
2025-02-17,27.1636794200,27.2701656900,27.2701656900,26.7377343400,109580719,3060604828.2500
2025-02-18,27.1539988500,27.4540965200,27.6477079200,27.1539988500,108370674,3074479598.4900
2025-02-19,27.3572908200,27.1733599900,27.5024993700,27.1346377100,83243097,2344764605.7500
2025-02-20,27.1055960000,27.1443182800,27.2217628400,26.9700680200,69621175,1949177936.3500
2025-02-21,27.1443182800,26.9119846000,27.1443182800,26.8248594700,124688160,3470960409.4800
2025-02-24,26.9119846000,26.6699703500,27.0281514400,26.6312480700,129403179,3578403309.6000
2025-02-25,26.6990120600,26.4569978100,26.7667760500,26.3311504000,97322862,2669049553.9200
2025-02-26,26.4279561000,26.7474149100,26.8151789000,26.3989143900,88916962,2451236807.0700
2025-02-27,26.7570954800,26.6409286400,26.8345400400,26.4376366700,99176939,2727061264.5600
2025-02-28,26.6022063600,26.5054006600,26.8539011800,26.4763589500,117501775,3236479356.1300
2025-03-03,26.5054006600,26.2246641300,26.5538035100,26.1956224200,112763438,3060769037.1700
2025-03-04,26.2246641300,26.2827475500,26.3311504000,26.1181778600,64725189,1755054865.5900
2025-03-05,26.2730669800,26.6022063600,26.7183732000,26.1472195700,94660546,2594982596.3400
2025-03-06,26.5344423700,26.3505115400,26.6022063600,26.2827475500,98075923,2671549581.1100
2025-03-07,26.3408309700,26.3892338200,26.4957200900,26.2633864100,68383213,1864258518.5700
2025-03-10,26.3989143900,26.2343447000,26.4085949600,26.1665807100,88322350,2392990833.2700
2025-03-11,26.1762612800,26.3214698300,26.4182755300,26.1665807100,91040312,2468093094.3600
2025-03-12,26.2924281200,26.2537058400,26.3214698300,26.1472195700,78523785,2126412560.3900
2025-03-13,26.2343447000,26.3795532500,26.4763589500,26.2246641300,87409660,2380546786.7300
2025-03-14,26.4182755300,26.5731646500,26.6699703500,26.3601921100,111413990,3056432801.0100
2025-03-17,26.6312480700,26.4957200900,26.8054983300,26.4763589500,76352193,2099106674.9800
2025-03-18,26.4957200900,26.3311504000,26.5441229400,26.3021086900,77719309,2116224352.2900
2025-03-19,26.3698726800,26.7474149100,26.8151789000,26.2924281200,131859932,3633878030.9700
2025-03-20,26.8151789000,26.7570954800,26.8732623200,26.6602897800,60194152,1663702536.7900
2025-03-21,26.7861371900,26.5247618000,26.8732623200,26.4957200900,74187671,2042970840.4900
2025-03-24,26.5441229400,26.8151789000,26.9119846000,26.4957200900,99162478,2745637502.7500
2025-03-25,26.8248594700,27.0378320100,27.1055960000,26.6796509200,77255982,2152626392.6200
2025-03-26,27.0378320100,26.9410263100,27.0959154300,26.7280537700,69088342,1917234896.2700
2025-03-27,26.8635817500,26.8829428900,26.9700680200,26.7377343400,57299116,1588239086.0900
2025-03-28,26.8732623200,26.9603874500,27.0087903000,26.7570954800,57222334,1590738627.8900
2025-03-31,27.0281514400,26.9216651700,27.2120822700,26.8635817500,90484100,2528379569.6000
2025-04-01,26.9603874500,27.0087903000,27.0475125800,26.7764566200,57988638,1614469477.6500
2025-04-02,27.0087903000,26.9410263100,27.0668737200,26.8248594700,55353026,1539467923.8600
2025-04-03,26.8248594700,27.4928188000,27.5315410800,26.8248594700,143798229,4054692589.7400
2025-04-07,27.1443182800,27.4250548100,27.9381250200,26.8829428900,325872228,9247372446.4500
2025-04-08,27.3572908200,28.1220558500,28.2479032600,27.1055960000,234119048,6700167018.9900
2025-04-09,28.1220558500,28.6254454900,28.6544872000,27.8413193200,219801803,6447093992.2800
2025-04-10,28.5189592200,28.2382226900,28.5480009300,27.9284444500,138562486,4027976355.3200
2025-04-11,28.3447089600,28.2672644000,28.3447089600,28.0736530000,87332101,2542617677.5400
2025-04-14,28.0833335700,28.2188615500,28.3156672500,27.8994027400,82637532,2399272788.4600
2025-04-15,28.1510975600,28.3350283900,28.4124729500,28.0639724300,78307971,2283991241.2100
2025-04-16,28.3156672500,28.4608758000,28.4705563700,28.1220558500,100760206,2945909907.9400
2025-04-17,28.3640701000,28.2769449700,28.3834312400,28.0736530000,84085337,2448925443.5500
2025-04-18,28.1704587000,28.6351260600,28.6544872000,28.1317364200,88117388,2592643254.4700
2025-04-21,28.5576815000,28.3737506700,28.7512929000,28.3640701000,56583745,1666610557.8900
2025-04-22,28.3834312400,28.3931118100,28.8674597400,28.2963061100,76894856,2269549947.8100
2025-04-23,28.3447089600,28.2672644000,28.4415146600,28.1510975600,61610691,1800663507.5600
2025-04-24,28.2672644000,28.5189592200,28.6060843500,28.2285421200,56927325,1675349935.9700
2025-04-25,28.5383203600,28.5770426400,28.7803346100,28.3640701000,54457223,1604922451.9300
2025-04-28,28.5770426400,28.7706540400,28.9642654400,28.4705563700,72347085,2153224044.6200
2025-04-29,28.7706540400,28.5189592200,28.8190568900,28.4124729500,72305923,2130508756.7000
2025-04-30,28.6060843500,28.5576815000,28.6254454900,28.3834312400,55350878,1630308197.0300
2025-05-06,28.7028900500,28.2479032600,28.7028900500,28.1995004100,83099000,2427460660.8600
2025-05-07,28.3447089600,28.4124729500,28.4415146600,28.1317364200,80888990,2365688066.3200
2025-05-08,28.3447089600,28.3737506700,28.5383203600,28.2866255400,46996050,1380550566.8700
2025-05-09,28.3640701000,28.6060843500,28.8190568900,28.3447089600,73292755,2165675400.4500
2025-05-12,28.5189592200,28.5964037800,28.7416123300,28.3737506700,57235498,1690208659.0000
2025-05-13,28.4802369400,28.7900151800,28.7900151800,28.4221535200,61698606,1827173097.7700
2025-05-14,28.7803346100,29.1191545600,29.1385157000,28.7222511900,74790567,2238358173.0100
2025-05-15,29.0997934200,29.3805299500,29.3902105200,29.0417100000,71543285,2161488737.7600
2025-05-16,29.3321271000,29.1385157000,29.5257385000,29.0029877200,63755987,1920478839.6200
2025-05-19,29.1385157000,29.4966967900,29.6031830600,29.1385157000,56194236,1709383591.2800
2025-05-20,29.5063773600,29.6999887600,29.9516835800,29.5063773600,60587616,1863321473.3000
2025-05-21,29.7580721800,29.8161556000,29.9613641500,29.7193499000,53549849,1650446695.9300
2025-05-22,29.8161556000,30.0388087100,30.0581698500,29.5838219200,53726373,1657926805.1000
2025-05-23,30.0000864300,29.5160579300,30.0678504200,29.4192522300,85424773,2613433481.9900
2025-05-26,29.4289328000,29.3708493800,29.5838219200,29.1578768400,62651237,1899418061.8600
2025-05-27,29.3321271000,29.2934048200,29.6128636300,29.2546825400,56798057,1726016758.6200
2025-05-28,29.3030853900,29.5547802100,29.5741413500,29.2353214000,53780908,1636711125.8800
2025-05-29,29.5063773600,29.3224465300,29.5741413500,29.1481962700,66936874,2025718727.2300
2025-05-30,29.3514882400,29.2353214000,29.5160579300,29.2353214000,64478998,1954519954.1500
2025-06-03,29.3127659600,29.1869185500,29.3805299500,28.8965014500,78322252,2350698980.3400
2025-06-04,29.1772379800,28.9352237300,29.1965991200,28.8965014500,59558198,1785117390.9200
2025-06-05,28.9352237300,28.8480986000,28.9836265800,28.7028900500,55135038,1641525833.0700
2025-06-06,28.8480986000,29.0320294300,29.0610711400,28.7996957500,54693654,1638392601.8900
2025-06-09,28.9739460100,29.0223488600,29.1288351300,28.8965014500,68059358,2040230083.8800
2025-06-10,29.0223488600,29.0707517100,29.3224465300,29.0029877200,66348841,1998903728.2500
2025-06-11,29.0417100000,29.2159602600,29.3127659600,29.0223488600,57665617,1739533416.1700
2025-06-12,29.1965991200,29.2256408300,29.3611688100,29.0610711400,63183872,1906275621.7200
2025-06-13,29.2256408300,29.6419053400,29.6806276200,29.2159602600,104423426,3184688177.4700
2025-06-16,29.5741413500,29.4870162200,29.6419053400,29.3321271000,51655391,1573740480.5700
2025-06-17,29.4773356500,29.6903081900,29.7193499000,29.0997934200,78898566,2399315251.7700
2025-06-18,29.6225442000,29.7290304700,29.8742390200,29.5935024900,62172076,1912522038.9600
2025-06-19,29.8161556000,29.7387110400,29.8548778800,29.6031830600,55930574,1716728361.0400
2025-06-20,29.7387110400,29.4289328000,29.8451973100,29.4095716600,56160340,1716057581.8100
2025-06-23,29.4095716600,29.6709470500,29.7774333200,29.3127659600,58800921,1794276498.4100
2025-06-24,29.6322247700,29.6031830600,29.8258361700,29.5547802100,78840002,2415321533.7900
2025-06-25,29.5063773600,29.8936001600,29.9613641500,29.4289328000,78370666,2407314283.0400
2025-06-26,29.8936001600,30.1162532700,30.1936978300,29.8742390200,70564856,2189373110.2800
2025-06-27,30.1646561200,29.2546825400,30.1646561200,29.2353214000,147453009,4499854721.3300
2025-06-30,29.2643631100,29.1772379800,29.4482939400,29.1385157000,75518456,2282994819.4400
2025-07-01,29.2353214000,29.3998910900,29.5450996400,29.1869185500,59476275,1806986262.1100
2025-07-02,29.4289328000,29.2837242500,29.5063773600,29.2546825400,57183495,1734049631.2900
2025-07-03,29.2934048200,29.1288351300,29.3127659600,28.8965014500,93681123,2811204130.6600
2025-07-04,29.0997934200,29.1965991200,29.3224465300,29.0513905700,67922805,2048728031.1400
2025-07-07,29.2740436800,29.2934048200,29.3127659600,29.1094739900,50827848,1534745746.8600
2025-07-08,29.3030853900,28.9642654400,29.3030853900,28.9545848700,107328601,3219638664.0400
2025-07-09,28.9933071500,29.0223488600,29.1385157000,28.8965014500,67038321,2011578385.9700
2025-07-10,29.0417100000,28.9449043000,29.1191545600,28.8480986000,94764305,2835522287.3300
2025-07-11,28.9642654400,29.4289328000,29.6128636300,28.9158625900,164215479,4984368452.6600
2025-07-14,29.4482939400,29.6322247700,29.8064750300,29.4289328000,77154717,2363137311.8600
2025-07-15,29.6322247700,29.5063773600,29.6999887600,29.3805299500,56246157,1714077282.6600
2025-07-16,29.6225442000,29.3708493800,29.6806276200,29.3611688100,38621346,1174692477.6100
2025-07-17,29.3514882400,29.1965991200,29.4289328000,29.1578768400,61465548,1855170424.5100
2025-07-18,29.3057182600,29.2660355000,29.3652424000,29.1172251500,60170190,1774601207.6900
2025-07-21,29.4644493000,29.2759561900,29.6231803400,29.1866699800,77827654,2301161414.8100
2025-07-22,29.2263527400,29.1271458400,29.2759561900,29.0477803200,94394047,2772595623.6100
2025-07-23,29.1767492900,28.9485734200,29.2164320500,28.9386527300,107354945,3142732507.1500
2025-07-24,28.9584941100,28.7104768600,28.9584941100,28.5715872000,166882768,4823718576.1000
2025-07-25,28.6311113400,28.5219837500,28.7501596200,28.5219837500,100879090,2910198553.6400
2025-07-28,28.5219837500,28.4128561600,28.6112699600,28.3731734000,84445060,2421911285.6000
2025-07-29,28.3830940900,28.4029354700,28.5120630600,28.3731734000,71772013,2057394624.9600
2025-07-30,28.4128561600,28.4723803000,28.7104768600,28.4128561600,97828042,2814742120.8900
2025-07-31,28.1946009800,27.6192009600,28.1946009800,27.4803113000,257969828,7209401327.1900
2025-08-01,27.5695975100,27.7680113100,27.8275354500,27.4604699200,98148606,2738151405.6600
2025-08-04,27.6787251000,27.9168216600,27.9465837300,27.5795182000,82320372,2311780582.4800
2025-08-05,27.9168216600,27.8771389000,27.9565044200,27.7382492400,78715270,2209870180.2600
2025-08-06,27.8672182100,27.7481699300,27.8969802800,27.6489630300,114493479,3198859437.2700
2025-08-07,27.7184078600,27.8374561400,27.9565044200,27.6192009600,105195676,2948188366.2400
2025-08-08,27.8374561400,27.6390423400,27.8572975200,27.6390423400,82497210,2304820603.5500
2025-08-11,27.6390423400,27.4703906100,27.6588837200,27.2918181900,124355056,3436843944.2600
2025-08-12,27.4703906100,27.5398354400,27.6588837200,27.4207871600,74318390,2065281068.3600
2025-08-13,27.5497561300,27.4108664700,27.6291216500,27.3910250900,93425687,2589154699.8800
2025-08-14,27.4009457800,27.4406285400,27.6688044100,27.3811044000,101758796,2824224358.1400
2025-08-15,27.4902319900,27.4108664700,27.5596768200,27.3811044000,107230233,2967736756.5500
2025-08-18,27.4207871600,27.4207871600,27.5001526800,27.3315009500,114736196,3169229160.8800
2025-08-19,27.4307078500,27.4108664700,27.5596768200,27.3910250900,114602398,3172704270.3900
2025-08-20,27.3811044000,27.4703906100,27.5199940600,27.2422147400,102225937,2820524963.3500
2025-08-21,27.4703906100,27.6291216500,27.7283285500,27.4406285400,117934754,3284359051.9200
2025-08-22,27.6588837200,27.6489630300,27.6985664800,27.4803113000,103210400,2866065220.9100
2025-08-25,27.8176147600,28.1251561500,28.3235699500,27.8076940700,218566604,6194362995.6800
2025-08-26,28.1251561500,28.0854733900,28.1747596000,27.9862664900,113061248,3198022513.9100
2025-08-27,28.0259492500,27.7382492400,28.0755527000,27.7084871700,127532414,3586735276.9300
2025-08-28,27.7283285500,27.6489630300,27.7680113100,27.4703906100,109296247,3043101973.2200
2025-08-29,27.6787251000,27.8672182100,27.9366630400,27.6291216500,106729846,2996376745.5700
2025-09-01,27.8771389000,27.5695975100,27.8771389000,27.4902319900,124608667,3468108875.1800
2025-09-02,27.4803113000,27.9862664900,28.0656320100,27.4803113000,175144601,4918052710.9700
2025-09-03,28.0259492500,27.7382492400,28.1747596000,27.6092802700,127133113,3563092889.5300
2025-09-04,27.7184078600,28.0061078700,28.0755527000,27.4902319900,175848097,4929530682.9200
2025-09-05,27.9366630400,27.8473768300,28.0854733900,27.7779320000,106951308,3006365137.7700
2025-09-08,27.7977733800,27.9267423500,27.9961871800,27.7779320000,90074039,2532976860.9900
2025-09-09,27.9366630400,27.7878526900,27.9763458000,27.7382492400,76131632,2134208193.9900
2025-09-10,27.7878526900,27.7878526900,27.8672182100,27.6787251000,59861483,1675916917.9700
2025-09-11,27.7779320000,27.7779320000,27.8870595900,27.6985664800,105396656,2946879049.3200
2025-09-12,27.7779320000,27.7084871700,27.9267423500,27.6787251000,92972812,2603224928.3900
2025-09-15,27.6787251000,27.5795182000,27.6886457900,27.5398354400,72565697,2016875299.1300
2025-09-16,27.5695975100,27.5100733700,27.5795182000,27.4307078500,57512876,1594342990.6000
2025-09-17,27.5001526800,27.4803113000,27.6092802700,27.4505492300,61492675,1704493487.5300
2025-09-18,27.4703906100,27.0934043900,27.4803113000,26.9941974900,144843297,3975030224.1300
2025-09-19,27.1033250800,26.9842768000,27.1330871500,26.9049112800,73467022,1999478366.2500
2025-09-22,26.8850699000,26.9049112800,27.0338802500,26.8057043800,69683094,1890783495.8200
2025-09-23,26.9049112800,27.1033250800,27.1727699100,26.8156250700,87247325,2375221478.0300
2025-09-24,27.0636423200,27.0338802500,27.3116595700,27.0239595600,87441299,2391918904.1500
2025-09-25,26.9941974900,27.0735630100,27.1132457700,26.8652285200,63429258,1726865387.5600
2025-09-26,27.0834837000,27.2521354300,27.3315009500,27.0239595600,79408706,2177282260.0600
2025-09-29,27.2124526700,27.0834837000,27.2818975000,26.9743561100,92703100,2532328826.5800
2025-09-30,27.1330871500,27.0338802500,27.1430078400,26.9941974900,61882774,1686097116.5200
2025-10-09,26.9941974900,27.4604699200,27.4803113000,26.9346733500,113249909,3112861218.3100
2025-10-10,27.4307078500,27.5100733700,27.5695975100,27.2918181900,71260502,1973210960.3600
2025-10-13,27.4803113000,27.5695975100,27.6787251000,27.1826906000,117498220,3255599089.8000
2025-10-14,27.5199940600,27.7680113100,27.7878526900,27.3315009500,136669904,3807496908.0700
2025-10-15,27.7580906200,27.7084871700,27.9267423500,27.5497561300,92632329,2588206846.3400
2025-10-16,27.6291216500,27.9366630400,27.9465837300,27.6192009600,93973494,2639404753.1400
2025-10-17,27.9069009700,27.8870595900,28.1549182200,27.8374561400,114702154,3235603481.5900
2025-10-20,27.8969802800,27.8275354500,27.9267423500,27.5299147500,91423076,2555513222.7700
2025-10-21,27.7779320000,27.6886457900,27.8771389000,27.6291216500,80163574,2239195693.0500
2025-10-22,27.6688044100,27.8176147600,27.8572975200,27.6291216500,61918968,1734320788.8700
2025-10-23,27.8176147600,28.0061078700,28.0457906300,27.8176147600,78558809,2215031621.1600
2025-10-24,27.9862664900,27.9664251100,28.0656320100,27.8572975200,77060006,2172735273.3000
2025-10-27,27.9168216600,28.0755527000,28.3334906400,27.7977733800,124842635,3534388258.0900
2025-10-28,28.0358699400,28.2342837400,28.3136492600,28.0358699400,73263565,2082899503.4500
2025-10-29,28.2342837400,28.0656320100,28.2342837400,28.0358699400,74054303,2097455018.1700
2025-10-30,28.0656320100,28.2442044300,28.3334906400,27.9664251100,86717376,2465019759.3400
2025-10-31,28.2342837400,27.8771389000,28.2342837400,27.7084871700,118470229,3332582342.5700
2025-11-03,27.8870595900,28.0854733900,28.1251561500,27.8870595900,61378322,1735602285.8300
2025-11-04,28.0854733900,28.3731734000,28.4624596100,28.0557113200,104942889,2995456128.7000
2025-11-05,28.4029354700,28.1946009800,28.4624596100,28.1747596000,68579115,1954741549.2500
2025-11-06,28.1648389100,28.2739665000,28.3731734000,28.1350768400,67392832,1920939278.9900
2025-11-07,28.2838871900,28.2938078800,28.4128561600,28.2045216700,55141784,1572837492.5300
2025-11-10,28.2938078800,28.3037285700,28.3632527100,28.1648389100,49334459,1406140641.9800
2025-11-11,28.3037285700,28.3930147800,28.4922216800,28.2442044300,62517578,1788389425.7300
2025-11-12,28.4723803000,28.3830940900,28.6509527200,28.3830940900,62970497,1810844125.8500
2025-11-13,28.3930147800,28.2144423600,28.5021423700,28.0358699400,101232804,2874569005.5000
2025-11-14,28.2144423600,28.1152354600,28.4823009900,28.1152354600,74762518,2134920337.4500
2025-11-17,28.1449975300,27.9366630400,28.2045216700,27.8076940700,72559643,2041952506.6700
2025-11-18,27.9366630400,27.9267423500,28.1152354600,27.8572975200,59013698,1664566130.3900
2025-11-19,27.9267423500,28.0061078700,28.1053147700,27.8870595900,48159761,1359794724.7200
2025-11-20,27.9565044200,27.9168216600,28.0953940800,27.8275354500,57611235,1624414751.9200
2025-11-21,27.9465837300,27.9366630400,28.0457906300,27.8473768300,91994150,2591450861.3700
2025-11-24,27.9565044200,27.9664251100,27.9763458000,27.6985664800,97179569,2725992366.2900
2025-11-25,27.9664251100,27.8076940700,27.9763458000,27.6092802700,92985419,2602515318.6800
2025-11-26,27.8076940700,27.7184078600,27.8969802800,27.6787251000,66273278,1854668139.6300
2025-11-27,27.7084871700,27.8672182100,27.9168216600,27.5596768200,76869286,2152113660.6600
2025-11-28,27.7878526900,27.7580906200,27.8473768300,27.7283285500,59018067,1651765722.9300
2025-12-01,27.8275354500,27.8473768300,27.9267423500,27.7680113100,58252394,1634524008.6700
2025-12-02,27.8076940700,28.0358699400,28.0457906300,27.7977733800,74877962,2111131853.3500
2025-12-03,28.0259492500,28.0457906300,28.1350768400,27.9862664900,44559966,1260442578.7700
2025-12-04,28.0755527000,28.0160285600,28.0953940800,27.9465837300,37996706,1072988579.1500
2025-12-05,28.0160285600,27.8473768300,28.0160285600,27.7977733800,54497550,1531066285.2200
2025-12-08,27.8473768300,27.6489630300,27.8771389000,27.6390423400,75426506,2109155092.9100
2025-12-09,27.7084871700,27.7481699300,27.8176147600,27.6787251000,51230207,1432281938.2800
2025-12-10,27.7084871700,27.6688044100,27.8473768300,27.6291216500,58538954,1634914946.7000
2025-12-11,27.6985664800,27.6390423400,27.7184078600,27.5299147500,69563624,1936057503.9200
2025-12-12,27.6291216500,27.8176147600,27.8275354500,27.5894388900,89870832,2509907080.3800
2025-12-15,27.7680113100,27.8176147600,27.9267423500,27.7382492400,53946613,1514955529.5700
2025-12-16,27.8374561400,27.7481699300,27.8572975200,27.5993595800,67907746,1896170504.6800
2025-12-17,27.7084871700,27.6985664800,27.7779320000,27.6192009600,59243613,1653641725.7500
2025-12-18,27.6985664800,27.8572975200,27.8672182100,27.6688044100,46419794,1300956749.1300
2025-12-19,27.8076940700,27.6291216500,27.8572975200,27.5993595800,79999314,2233930351.8500
2025-12-22,27.6192009600,27.3215802600,27.6390423400,27.2818975000,156403393,4316199315.2200
2025-12-23,27.2818975000,27.5001526800,27.5199940600,27.2620561200,70945112,1962122210.9300
2025-12-24,27.4902319900,27.4207871600,27.4902319900,27.3315009500,49994280,1381469830.9400
2025-12-25,27.4108664700,27.4207871600,27.4604699200,27.3513423300,30080576,831149450.8000
2025-12-26,27.3910250900,27.4207871600,27.4505492300,27.3017388800,48259339,1332687114.5100
2025-12-29,27.4207871600,27.3017388800,27.4207871600,27.2818975000,68903336,1897569338.5900
2025-12-30,27.2818975000,27.1033250800,27.2818975000,27.1033250800,72424700,1982353611.9200
2025-12-31,27.1330871500,26.9743561100,27.1529285300,26.9545147300,74293024,2021839640.1300
2026-01-05,26.9842768000,27.0636423200,27.0934043900,26.8850699000,76569131,2084118017.4500
2026-01-06,27.0834837000,27.2223733600,27.2223733600,27.0239595600,73843681,2020307561.3400
2026-01-07,27.2223733600,27.0140388700,27.2322940500,27.0041181800,72170195,1970227484.9400
2026-01-08,27.0140388700,27.0438009400,27.0834837000,26.9743561100,47057275,1282365974.5300
2026-01-09,27.0537216300,27.0735630100,27.0735630100,26.9644354200,62903453,1713592955.2100
2026-01-12,27.0735630100,27.1826906000,27.2322940500,27.0041181800,78435554,2145881937.9600
2026-01-13,27.2322940500,27.1430078400,27.3513423300,27.1033250800,78538492,2154672432.9000
2026-01-14,27.2322940500,26.5973698900,27.3215802600,26.5874492000,292750088,7941387445.6300
2026-01-15,26.7660216200,26.6072905800,26.7957836900,26.5576871300,125927447,3382187545.4100
2026-01-16,26.6668147200,26.3096698800,26.8156250700,26.2303043600,238854630,6368509096.4800
2026-01-19,26.3989560900,26.5874492000,26.7064974800,26.3890354000,104721813,2803299151.5900
2026-01-20,26.5874492000,26.6668147200,26.7263388600,26.5180043700,105003377,2822226858.3600
2026-01-21,26.6767354100,26.3691940200,26.6866561000,26.3394319500,116328162,3105540544.0200
2026-01-22,26.3691940200,26.1013353900,26.5080836800,26.0914147000,180784966,4779737326.6000
2026-01-23,26.1509388400,25.7937940000,26.2104629800,25.7541112400,210691513,5502988264.1900
2026-01-26,25.8433974500,25.7739526200,26.0715733200,25.6549043400,202869796,5283656765.8600
2026-01-27,25.7739526200,25.7243491700,25.9326836600,25.6549043400,131381483,3416663129.5300
2026-01-28,25.7243491700,25.4465698500,25.7342698600,25.4068870900,232649760,5985858968.8700
2026-01-29,25.4465698500,25.8235560700,25.9922078000,25.1787112200,261623032,6732321039.2400
2026-01-30,25.8334767600,26.1509388400,26.3592733300,25.8334767600,223849239,5906700028.3400
2026-02-02,26.2799078100,25.9326836600,26.3394319500,25.8830802100,124225665,3267262732.2400
2026-02-03,25.9922078000,25.7937940000,26.0219698700,25.7045077900,88543815,2302972625.4400
2026-02-04,25.7640319300,26.1707802200,26.1807009100,25.7441905500,95705181,2512165683.3000
2026-02-05,26.2104629800,26.3890354000,26.4783216100,26.1410181500,103244750,2739767939.5300
2026-02-06,26.3890354000,26.3096698800,26.5576871300,26.1707802200,72562680,1922388503.9100
2026-02-09,26.3195905700,26.2501457400,26.3592733300,26.0715733200,67829125,1792121461.7800
2026-02-10,26.2501457400,26.3592733300,26.3890354000,26.1608595300,55920101,1483185481.3400
2026-02-11,26.3691940200,26.2699871200,26.3791147100,26.2005422900,53388246,1412807446.9900
2026-02-12,26.2700000000,26.1200000000,26.3000000000,26.0500000000,73734237,1925902010.5400
2026-02-13,26.1300000000,26.0000000000,26.1800000000,25.9500000000,71554068,1863613082.0500
2026-02-24,26.1300000000,26.0500000000,26.1600000000,25.9800000000,73078939,1903435481.4900
2026-02-25,26.0800000000,25.9700000000,26.2000000000,25.9500000000,95620954,2492461852.2400
2026-02-26,25.9800000000,26.0400000000,26.0900000000,25.9300000000,61977169,1611605300.5700
2026-02-27,26.0500000000,26.0400000000,26.1800000000,26.0200000000,91903782,2396913235.7400
2026-03-02,26.1200000000,26.5700000000,26.6500000000,26.1200000000,181772888,4815661932.4500
2026-03-03,26.5700000000,26.9700000000,27.1000000000,26.5300000000,214554653,5763725302.3200
2026-03-04,26.8000000000,27.0900000000,27.1900000000,26.5200000000,175735443,4731660302.5800
2026-03-05,26.9800000000,27.0800000000,27.2400000000,26.8400000000,132914871,3600687805.4800
2026-03-06,27.0600000000,27.1400000000,27.1500000000,26.9800000000,87836924,2377351285.2500
2026-03-09,27.1600000000,27.2000000000,27.6300000000,27.0900000000,207502799,5674816794.6500
2026-03-10,27.0100000000,27.1500000000,27.2400000000,26.7300000000,119285715,3217091405.3800
2026-03-11,27.1500000000,27.3000000000,27.3100000000,26.9500000000,89744546,2439249557.3300
2026-03-12,27.3200000000,27.5000000000,27.5000000000,27.1600000000,107896209,2951508823.8400
2026-03-13,27.5000000000,27.4200000000,27.6300000000,27.3500000000,94277629,2590387279.5800
2026-03-16,27.4200000000,27.3600000000,27.5000000000,27.2400000000,87203787,2388063539.8300
2026-03-17,27.3200000000,27.4900000000,27.5700000000,27.2800000000,85028895,2338113043.6000
2026-03-18,27.4800000000,27.2900000000,27.6500000000,27.2400000000,80028992,2191462951.0400
2026-03-19,27.2700000000,27.2600000000,27.4800000000,27.2000000000,101525781,2777309817.2900
2026-03-20,27.2600000000,27.1800000000,27.3900000000,27.0200000000,84555509,2299198422.2800
2026-03-23,27.0700000000,26.7400000000,27.2600000000,26.6600000000,175727130,4727621378.3200
2026-03-24,26.9000000000,27.1000000000,27.1300000000,26.7200000000,91076718,2455035705.9500
2026-03-25,27.1500000000,27.2100000000,27.2700000000,26.9200000000,86054505,2335396505.5000
2026-03-26,27.1900000000,27.3100000000,27.4500000000,27.1000000000,84501370,2305295041.8600
2026-03-27,27.2800000000,27.2500000000,27.4000000000,27.1800000000,68551722,1869448582.0900
2026-03-30,27.2500000000,27.1400000000,27.2500000000,27.0100000000,69278060,1880990758.7900
2026-03-31,27.1400000000,27.0400000000,27.3300000000,27.0400000000,80258884,2181329247.8300
2026-04-01,27.1200000000,26.8800000000,27.1200000000,26.8400000000,90608171,2440214452.2800
2026-04-02,26.9000000000,27.0100000000,27.0200000000,26.7600000000,73984893,1988851812.5700
2026-04-03,27.0000000000,26.7000000000,27.0000000000,26.6600000000,65627680,1757122435.8700
2026-04-07,26.7100000000,26.4800000000,26.7500000000,26.4000000000,72627179,1926064162.4100
2026-04-08,26.5200000000,26.5800000000,26.5800000000,26.3900000000,80619977,2138241989.9800
2026-04-09,26.5800000000,26.3900000000,26.5800000000,26.3100000000,69128454,1824031016.5500
2026-04-10,26.4700000000,26.4000000000,26.5000000000,26.3200000000,66558904,1756489575.1100
2026-04-13,26.3900000000,26.4200000000,26.4300000000,26.2400000000,62626392,1648289578.3700
2026-04-14,26.4200000000,26.4200000000,26.5000000000,26.3200000000,70116597,1848972432.2600
2026-04-15,26.4100000000,26.5500000000,26.6700000000,26.3600000000,97056586,2576891491.9500
2026-04-16,26.5600000000,26.5500000000,26.7000000000,26.5200000000,71958595,1912488029.5900
2026-04-17,26.5500000000,26.3800000000,26.5800000000,26.3800000000,83606671,2214978372.7200
2026-04-20,26.4100000000,26.8400000000,26.8400000000,26.4100000000,95041799,2538195455.6500
2026-04-21,26.8600000000,27.1300000000,27.1500000000,26.8500000000,90443249,2446267986.9400
2026-04-22,27.1300000000,26.8600000000,27.1300000000,26.8200000000,74160924,1997674384.6700
2026-04-23,26.8600000000,26.9500000000,27.0100000000,26.6600000000,84590800,2270225989.0400
2026-04-24,26.9100000000,26.8100000000,26.9500000000,26.7500000000,56446440,1514495495.6100
2026-04-27,26.8000000000,26.6600000000,26.8500000000,26.6200000000,56259868,1504214891.1200
2026-04-28,26.6800000000,26.7300000000,26.7800000000,26.6100000000,70060777,1869479612.2300
2026-04-29,26.7100000000,26.7700000000,26.8000000000,26.6000000000,85596119,2284682165.2400
2026-04-30,27.0900000000,27.3200000000,27.4200000000,26.9400000000,191463737,5218424710.5300
2026-05-06,27.3400000000,27.2000000000,27.3400000000,27.0400000000,123774954,3359761259.4900
2026-05-07,27.1800000000,27.0500000000,27.2000000000,26.9000000000,97328307,2633218235.4900
2026-05-08,27.0600000000,27.0000000000,27.1600000000,26.9800000000,80442310,2173718078.8500
2026-05-11,27.0500000000,27.0100000000,27.2000000000,26.9500000000,103095275,2787957982.2900
2026-05-12,27.0100000000,27.0400000000,27.1700000000,26.9100000000,101176233,2738732722.8000
2026-05-13,27.0800000000,27.0000000000,27.2900000000,26.9700000000,139691941,3785965443.1800
2026-05-14,26.9800000000,26.9400000000,27.0800000000,26.8500000000,110294232,2971318672.2000
2026-05-15,26.9000000000,27.0300000000,27.1500000000,26.7200000000,118755488,3202012496.9100
2026-05-18,27.0400000000,26.8900000000,27.1800000000,26.8100000000,91589769,2465321894.1500
2026-05-19,26.8900000000,27.2500000000,27.3500000000,26.7700000000,172564585,4692289634.4200
2026-05-20,27.2500000000,26.9000000000,27.2800000000,26.8700000000,128434436,3473080686.1900
2026-05-21,26.8600000000,26.6600000000,26.9700000000,26.6300000000,116610037,3127663670.1700
2026-05-22,26.7300000000,26.5600000000,26.7600000000,26.5000000000,91588815,2436330691.7700
