日期,开盘,收盘,最高,最低,成交量,成交额
2020-01-02,4.1166910400,4.1514603900,4.1931836100,4.1097371700,234949397,1404442753.0000
2020-01-03,4.1514603900,4.1653681300,4.1862297400,4.1445065200,152213047,911951562.0000
2020-01-06,4.1445065200,4.1514603900,4.2070913500,4.1375526500,226509705,1359917424.0000
2020-01-07,4.1584142600,4.1792758700,4.2001374800,4.1584142600,116804353,701615827.0000
2020-01-08,4.1445065200,4.1097371700,4.1514603900,4.1027833000,158559090,940552725.0000
2020-01-09,4.1375526500,4.1097371700,4.1445065200,4.0888755600,137713429,813806686.0000
2020-01-10,4.1097371700,4.1097371700,4.1236449100,4.0749678200,97837773,576580178.0000
2020-01-13,4.1027833000,4.1236449100,4.1236449100,4.0819216900,108991003,642791834.0000
2020-01-14,4.1166910400,4.1305987800,4.1445065200,4.1097371700,136770059,812389848.0000
2020-01-15,4.1236449100,4.0888755600,4.1305987800,4.0819216900,128890756,759512875.0000
2020-01-16,4.0819216900,4.0332446000,4.0958294300,4.0262907300,269031344,1572007903.0000
2020-01-17,4.0401984700,4.0471523400,4.0610600800,4.0332446000,103949027,605076653.0000
2020-01-20,4.0401984700,4.0610600800,4.0749678200,4.0332446000,103339962,602786615.0000
2020-01-21,4.0471523400,4.0123829900,4.0541062100,4.0054291200,143223669,828268482.0000
2020-01-22,4.0054291200,4.0262907300,4.0262907300,3.9706597700,128370788,738870049.0000
2020-01-23,4.0054291200,3.9776136400,4.0193368600,3.9637059000,200037655,1146238550.0000
2020-02-03,3.6855511000,3.7689975400,3.8802594600,3.6855511000,468039904,2524272183.0000
2020-02-04,3.7481359300,3.8246285000,3.8454901100,3.7272743200,401385264,2178867252.0000
2020-02-05,3.8176746300,3.8176746300,3.8385362400,3.7689975400,250853805,1374458723.0000
2020-02-06,3.8246285000,3.8246285000,3.8454901100,3.7829052800,280995424,1538957671.0000
2020-02-07,3.8037668900,3.7829052800,3.8037668900,3.7550898000,237318996,1288428158.0000
2020-02-10,3.7620436700,3.7689975400,3.7759514100,3.7411820600,190238633,1027646561.0000
2020-02-11,3.7759514100,3.7968130200,3.8037668900,3.7620436700,198498450,1081002724.0000
2020-02-12,3.7968130200,3.7968130200,3.8037668900,3.7689975400,203914433,1109148701.0000
2020-02-13,3.7898591500,3.7620436700,3.7898591500,3.7550898000,199565762,1082005691.0000
2020-02-14,3.7550898000,3.7759514100,3.7829052800,3.7481359300,141576448,767126663.0000
2020-02-17,3.7689975400,3.8176746300,3.8176746300,3.7620436700,214194906,1169117310.0000
2020-02-18,3.8037668900,3.7968130200,3.8107207600,3.7829052800,184542440,1007061194.0000
2020-02-19,3.7898591500,3.8107207600,3.8246285000,3.7898591500,204052382,1115986859.0000
2020-02-20,3.8107207600,3.8315823700,3.8385362400,3.7829052800,283668096,1552477582.0000
2020-02-21,3.8176746300,3.8176746300,3.8385362400,3.8037668900,223710293,1228187059.0000
2020-02-24,3.8107207600,3.7829052800,3.8176746300,3.7759514100,193329190,1053685893.0000
2020-02-25,3.7550898000,3.7620436700,3.7689975400,3.7481359300,230133275,1243466243.0000
2020-02-26,3.7411820600,3.7620436700,3.7829052800,3.7272743200,257968813,1393315557.0000
2020-02-27,3.7550898000,3.7550898000,3.7689975400,3.7481359300,222555623,1202215361.0000
2020-02-28,3.7342281900,3.6855511000,3.7411820600,3.6716433600,422937152,2256218764.0000
2020-03-02,3.6855511000,3.7272743200,3.7272743200,3.6785972300,239902317,1279829481.0000
2020-03-03,3.7342281900,3.7411820600,3.7550898000,3.7203204500,255403193,1374004536.0000
2020-03-04,3.7342281900,3.7481359300,3.7481359300,3.7272743200,134281589,721906815.0000
2020-03-05,3.7550898000,3.7968130200,3.7968130200,3.7411820600,330539760,1794965702.0000
2020-03-06,3.7689975400,3.7620436700,3.7759514100,3.7481359300,195949873,1059304456.0000
2020-03-09,3.7133665800,3.6925049700,3.7203204500,3.6855511000,288062032,1532677429.0000
2020-03-10,3.6785972300,3.7272743200,3.7342281900,3.6785972300,250820767,1336201306.0000
2020-03-11,3.7203204500,3.6994588400,3.7342281900,3.6994588400,169406955,904475654.0000
2020-03-12,3.6855511000,3.6785972300,3.6994588400,3.6646894900,246296488,1303003586.0000
2020-03-13,3.5881969200,3.6299201400,3.6646894900,3.5673353100,299724112,1553653695.0000
2020-03-16,3.6299201400,3.5951507900,3.6785972300,3.5742891800,304466304,1586443700.0000
2020-03-17,3.5881969200,3.5951507900,3.6368740100,3.5603814400,257712932,1329255603.0000
2020-03-18,3.6021046600,3.5534275700,3.6160124000,3.5534275700,202506811,1045181428.0000
2020-03-19,3.5534275700,3.4699811300,3.5603814400,3.4282579100,289884976,1452206739.0000
2020-03-20,3.4908427400,3.5325659600,3.5534275700,3.4769350000,212513611,1073508058.0000
2020-03-23,3.4769350000,3.4699811300,3.4977966100,3.4630272600,139989311,699169083.0000
2020-03-24,3.4908427400,3.5603814400,3.5603814400,3.4908427400,230331606,1166514215.0000
2020-03-25,3.5951507900,3.6021046600,3.6021046600,3.5464737000,232178619,1195478388.0000
2020-03-26,3.5673353100,3.6021046600,3.6299201400,3.5534275700,155612848,805142973.0000
2020-03-27,3.6229662700,3.6229662700,3.6507817500,3.6021046600,172736492,901046977.0000
2020-03-30,3.6021046600,3.6299201400,3.6438278800,3.5812430500,195388477,1016609263.0000
2020-03-31,3.6299201400,3.5812430500,3.6438278800,3.5603814400,176103197,912323378.0000
2020-04-01,3.5812430500,3.5881969200,3.6090585300,3.5673353100,101858447,525623743.0000
2020-04-02,3.5742891800,3.6090585300,3.6090585300,3.5534275700,122885637,632366527.0000
2020-04-03,3.5881969200,3.5742891800,3.6021046600,3.5603814400,109604624,564119678.0000
2020-04-07,3.6021046600,3.5881969200,3.6090585300,3.5673353100,170301628,878022933.0000
2020-04-08,3.5742891800,3.5742891800,3.5812430500,3.5603814400,103474315,531023692.0000
2020-04-09,3.5742891800,3.5673353100,3.5812430500,3.5603814400,73582092,377790164.0000
2020-04-10,3.5673353100,3.5534275700,3.5742891800,3.5464737000,97806890,500477715.0000
2020-04-13,3.5464737000,3.5464737000,3.5673353100,3.5395198300,85508709,436405778.0000
2020-04-14,3.5534275700,3.5603814400,3.5673353100,3.5464737000,88321771,451932583.0000
2020-04-15,3.5534275700,3.5673353100,3.5673353100,3.5464737000,94603541,484407191.0000
2020-04-16,3.5534275700,3.5603814400,3.5673353100,3.5464737000,70063172,358394225.0000
2020-04-17,3.5673353100,3.5812430500,3.5951507900,3.5534275700,138244872,710819554.0000
2020-04-20,3.5742891800,3.5603814400,3.5812430500,3.5603814400,103808722,532094032.0000
2020-04-21,3.5534275700,3.5325659600,3.5603814400,3.5256120900,117604888,598287912.0000
2020-04-22,3.5256120900,3.5395198300,3.5464737000,3.5117043500,87658356,445105983.0000
2020-04-23,3.5395198300,3.5256120900,3.5395198300,3.5117043500,103342243,523778033.0000
2020-04-24,3.5186582200,3.5117043500,3.5256120900,3.5047504800,68795221,347600182.0000
2020-04-27,3.5117043500,3.5395198300,3.5534275700,3.5117043500,117299682,596976653.0000
2020-04-28,3.5395198300,3.5534275700,3.5603814400,3.5047504800,150513612,766309872.0000
2020-04-29,3.5464737000,3.5812430500,3.5812430500,3.5325659600,121079635,621183010.0000
2020-04-30,3.5812430500,3.5951507900,3.6021046600,3.5742891800,104063910,537925254.0000
2020-05-06,3.5603814400,3.5534275700,3.5603814400,3.5325659600,162061217,826750780.0000
2020-05-07,3.5464737000,3.5464737000,3.5534275700,3.5395198300,78898187,402339514.0000
2020-05-08,3.5464737000,3.5464737000,3.5603814400,3.5395198300,114827797,586300547.0000
2020-05-11,3.5534275700,3.5742891800,3.5742891800,3.5464737000,113051885,579421726.0000
2020-05-12,3.5673353100,3.5673353100,3.5812430500,3.5534275700,101632081,521289496.0000
2020-05-13,3.5603814400,3.5673353100,3.5673353100,3.5534275700,55628021,284796153.0000
2020-05-14,3.5603814400,3.5464737000,3.5673353100,3.5395198300,81152500,414442713.0000
2020-05-15,3.5464737000,3.5395198300,3.5603814400,3.5325659600,95906130,488458006.0000
2020-05-18,3.5395198300,3.5464737000,3.5464737000,3.5256120900,93617881,476194382.0000
2020-05-19,3.5603814400,3.5603814400,3.5673353100,3.5464737000,136180096,696256254.0000
2020-05-20,3.5534275700,3.5603814400,3.5603814400,3.5464737000,86764868,443325188.0000
2020-05-21,3.5603814400,3.5464737000,3.5673353100,3.5464737000,81003105,414491659.0000
2020-05-22,3.5464737000,3.5117043500,3.5534275700,3.5117043500,143377084,727859693.0000
2020-05-25,3.5186582200,3.5395198300,3.5464737000,3.5047504800,105506493,535413169.0000
2020-05-26,3.5464737000,3.5325659600,3.5534275700,3.5325659600,92522125,471204943.0000
2020-05-27,3.5325659600,3.5603814400,3.5673353100,3.5325659600,119594005,611685990.0000
2020-05-28,3.5603814400,3.5951507900,3.6021046600,3.5603814400,145728739,751332007.0000
2020-05-29,3.5742891800,3.5603814400,3.5812430500,3.5464737000,125761411,644333222.0000
2020-06-01,3.5673353100,3.5881969200,3.5881969200,3.5603814400,105007887,540140879.0000
2020-06-02,3.5812430500,3.6090585300,3.6090585300,3.5673353100,152829199,788749046.0000
2020-06-03,3.6160124000,3.6090585300,3.6438278800,3.6021046600,134546779,700101340.0000
2020-06-04,3.6160124000,3.6021046600,3.6229662700,3.5951507900,76394115,396059493.0000
2020-06-05,3.6090585300,3.6229662700,3.6299201400,3.5881969200,109865757,569906514.0000
2020-06-08,3.6299201400,3.6438278800,3.6577356200,3.6160124000,170929414,894672989.0000
2020-06-09,3.6438278800,3.6577356200,3.6716433600,3.6368740100,118676521,624176016.0000
2020-06-10,3.6646894900,3.6646894900,3.6716433600,3.6507817500,130116167,685774219.0000
2020-06-11,3.6646894900,3.6646894900,3.6855511000,3.6438278800,201954547,1065079808.0000
2020-06-12,3.6368740100,3.6299201400,3.6994588400,3.6160124000,379726032,2002673521.0000
2020-06-15,3.6438278800,3.6438278800,3.6925049700,3.6368740100,216077601,1137899837.0000
2020-06-16,3.6646894900,3.6855511000,3.6925049700,3.6577356200,123037983,650847977.0000
2020-06-17,3.6716433600,3.6577356200,3.6855511000,3.6507817500,87984468,463475830.0000
2020-06-18,3.6160124000,3.6090585300,3.6299201400,3.5881969200,210965506,1095065086.0000
2020-06-19,3.6021046600,3.6160124000,3.6229662700,3.5812430500,198605088,1029454851.0000
2020-06-22,3.6160124000,3.5881969200,3.6299201400,3.5881969200,156983957,814365099.0000
2020-06-23,3.5881969200,3.5742891800,3.5881969200,3.5603814400,179893542,924358314.0000
2020-06-24,3.5812430500,3.6299201400,3.6438278800,3.5742891800,194172776,1008333086.0000
2020-06-29,3.6716433600,3.6507817500,3.6925049700,3.6160124000,300096304,1574885416.0000
2020-06-30,3.6581000000,3.6434676000,3.6800486000,3.6288352000,213559908,1064429272.0000
2020-07-01,3.6434676000,3.6507838000,3.6507838000,3.5995704000,195342430,968080285.0000
2020-07-02,3.6434676000,3.7019972000,3.7093134000,3.6288352000,333639504,1672846064.0000
2020-07-03,3.7019972000,3.7751592000,3.7897916000,3.7019972000,349460784,1791281772.0000
2020-07-06,3.8044240000,4.0970720000,4.1043882000,3.7971078000,746359632,4044172401.0000
2020-07-07,4.1482854000,4.0678072000,4.2799770000,4.0678072000,622456480,3518396225.0000
2020-07-08,4.0385424000,4.0019614000,4.0897558000,3.9361156000,613051056,3357353297.0000
2020-07-09,3.9726966000,3.9361156000,3.9873290000,3.9141670000,569342048,3064469064.0000
2020-07-10,3.9214832000,3.8190564000,3.9287994000,3.8044240000,626079328,3302585366.0000
2020-07-13,3.8044240000,3.8117402000,3.8410050000,3.7751592000,608928416,3167529369.0000
2020-07-14,3.7971078000,3.7605268000,3.8044240000,3.7532106000,463922048,2397441231.0000
2020-07-15,3.7751592000,3.7166296000,3.7897916000,3.7093134000,461149408,2355023798.0000
2020-07-16,3.7166296000,3.7019972000,3.7532106000,3.6946810000,492285808,2505984420.0000
2020-07-17,3.7019972000,3.7019972000,3.7166296000,3.6800486000,297529792,1504161297.0000
2020-07-20,3.7093134000,3.7532106000,3.7605268000,3.6946810000,386592368,1974500422.0000
2020-07-21,3.7532106000,3.7312620000,3.7605268000,3.7239458000,226253759,1154453551.2900
2020-07-22,3.7312620000,3.7239458000,3.7605268000,3.7093134000,292661104,1493366737.4100
2020-07-23,3.7093134000,3.6800486000,3.7166296000,3.6727324000,375136560,1890158446.4300
2020-07-24,3.6800486000,3.6434676000,3.6800486000,3.6288352000,363761008,1817042791.3900
2020-07-27,3.6434676000,3.6361514000,3.6581000000,3.6215190000,217634490,1082016313.9100
2020-07-28,3.6507838000,3.6434676000,3.6581000000,3.6288352000,174844591,870345478.1200
2020-07-29,3.6361514000,3.6727324000,3.6727324000,3.6068866000,275856672,1375574099.2300
2020-07-30,3.6727324000,3.6434676000,3.6727324000,3.6434676000,153782861,768439793.2700
2020-07-31,3.6434676000,3.6288352000,3.6654162000,3.6215190000,254967287,1268345180.2000
2020-08-03,3.6434676000,3.6434676000,3.6581000000,3.6288352000,244686781,1217707579.5000
2020-08-04,3.6507838000,3.6946810000,3.7093134000,3.6361514000,401220464,2015491477.6400
2020-08-05,3.6727324000,3.6581000000,3.6800486000,3.6507838000,205232006,1027991586.4000
2020-08-06,3.6654162000,3.6727324000,3.6800486000,3.6434676000,209927052,1049299499.2500
2020-08-07,3.6654162000,3.6434676000,3.6654162000,3.6361514000,192143281,957716707.8600
2020-08-10,3.6361514000,3.6507838000,3.6581000000,3.6288352000,200986917,1001722874.7500
2020-08-11,3.6434676000,3.6434676000,3.6727324000,3.6361514000,276724560,1383596404.4800
2020-08-12,3.6361514000,3.6507838000,3.6507838000,3.6288352000,225612404,1121910726.6900
2020-08-13,3.6434676000,3.6434676000,3.6581000000,3.6361514000,116382932,580121566.5700
2020-08-14,3.6434676000,3.6727324000,3.6727324000,3.6361514000,208584453,1042149479.8500
2020-08-17,3.6727324000,3.7239458000,3.7385782000,3.6727324000,548693328,2783708791.1600
2020-08-18,3.7239458000,3.6946810000,3.7239458000,3.6873648000,237195504,1199875631.3700
2020-08-19,3.7019972000,3.6800486000,3.7093134000,3.6800486000,163005140,821836841.4300
2020-08-20,3.6727324000,3.6581000000,3.6800486000,3.6507838000,164245323,821731215.3500
2020-08-21,3.6654162000,3.6654162000,3.6727324000,3.6507838000,130184483,651086296.0300
2020-08-24,3.6654162000,3.6507838000,3.6727324000,3.6507838000,120078607,600551218.0400
2020-08-25,3.6581000000,3.6581000000,3.6654162000,3.6434676000,154898745,773465195.4900
2020-08-26,3.6581000000,3.6434676000,3.6581000000,3.6361514000,151462246,754742688.5400
2020-08-27,3.6434676000,3.6361514000,3.6434676000,3.6288352000,141665658,703831744.5900
2020-08-28,3.6361514000,3.6581000000,3.6654162000,3.6288352000,210367849,1048187711.3300
2020-08-31,3.6507838000,3.6288352000,3.6654162000,3.6288352000,263148438,1312043185.8700
2020-09-01,3.6288352000,3.6288352000,3.6361514000,3.6142028000,156648375,776360132.3600
2020-09-02,3.6288352000,3.5995704000,3.6288352000,3.5995704000,272900848,1345657209.6900
2020-09-03,3.5995704000,3.5922542000,3.6142028000,3.5776218000,183967179,903223967.5100
2020-09-04,3.5776218000,3.5849380000,3.5922542000,3.5703056000,140939398,689451433.4300
2020-09-07,3.5776218000,3.5849380000,3.5995704000,3.5703056000,152562738,748340492.6200
2020-09-08,3.5849380000,3.6215190000,3.6288352000,3.5776218000,199548082,984987766.6900
2020-09-09,3.6068866000,3.6142028000,3.6215190000,3.5995704000,161334069,796614938.4100
2020-09-10,3.6142028000,3.5922542000,3.6215190000,3.5849380000,144437836,710761036.2700
2020-09-11,3.5849380000,3.6068866000,3.6215190000,3.5849380000,149430213,735936770.8400
2020-09-14,3.6068866000,3.6068866000,3.6142028000,3.5922542000,102757121,505351325.9600
2020-09-15,3.5995704000,3.5995704000,3.6068866000,3.5922542000,82808103,407040417.3900
2020-09-16,3.5995704000,3.6142028000,3.6142028000,3.5849380000,107615627,530226171.8300
2020-09-17,3.6142028000,3.6142028000,3.6215190000,3.5995704000,120886368,596571628.2000
2020-09-18,3.6215190000,3.6434676000,3.6434676000,3.6068866000,260734428,1293690927.1400
2020-09-21,3.6361514000,3.6288352000,3.6507838000,3.6142028000,121766522,604081552.3900
2020-09-22,3.6215190000,3.6068866000,3.6288352000,3.5995704000,109705020,542057883.7100
2020-09-23,3.6068866000,3.5995704000,3.6142028000,3.5922542000,100583616,495260687.9500
2020-09-24,3.5922542000,3.5849380000,3.5995704000,3.5703056000,126596512,619885383.5600
2020-09-25,3.5849380000,3.5776218000,3.5922542000,3.5703056000,108001750,528791476.5300
2020-09-28,3.5849380000,3.6142028000,3.6142028000,3.5703056000,163464701,803113058.9900
2020-09-29,3.6142028000,3.5922542000,3.6215190000,3.5922542000,115613449,570003173.0700
2020-09-30,3.5995704000,3.5995704000,3.6215190000,3.5922542000,151234271,745278041.8400
2020-10-09,3.6142028000,3.5922542000,3.6142028000,3.5922542000,128998422,635218844.3500
2020-10-12,3.5995704000,3.6288352000,3.6361514000,3.5922542000,252543847,1248536339.3600
2020-10-13,3.6215190000,3.5995704000,3.6288352000,3.5922542000,167433669,825268306.2700
2020-10-14,3.5995704000,3.5995704000,3.6068866000,3.5922542000,140848926,692484410.0900
2020-10-15,3.5995704000,3.6068866000,3.6215190000,3.5849380000,201150932,992203997.1100
2020-10-16,3.5995704000,3.6507838000,3.6727324000,3.5995704000,500955760,2496968033.8700
2020-10-19,3.6507838000,3.6727324000,3.7166296000,3.6434676000,345816272,1741740680.0500
2020-10-20,3.6654162000,3.6434676000,3.6654162000,3.6215190000,240689629,1197285747.7100
2020-10-21,3.6434676000,3.6946810000,3.7093134000,3.6215190000,325876176,1637539375.1700
2020-10-22,3.6946810000,3.7019972000,3.7093134000,3.6727324000,191063454,963485740.6500
2020-10-23,3.6946810000,3.7019972000,3.7166296000,3.6800486000,235615563,1193368823.8700
2020-10-26,3.7019972000,3.6727324000,3.7093134000,3.6654162000,179783563,905802520.8900
2020-10-27,3.6654162000,3.6800486000,3.6873648000,3.6581000000,159795896,801971542.3400
2020-10-28,3.6727324000,3.6581000000,3.6800486000,3.6434676000,182063873,910381917.1200
2020-10-29,3.6434676000,3.6288352000,3.6507838000,3.6215190000,167446150,831255142.6700
2020-10-30,3.6288352000,3.5995704000,3.6434676000,3.5922542000,210764327,1040631798.7100
2020-11-02,3.5995704000,3.6142028000,3.6215190000,3.5922542000,157226709,775279271.8700
2020-11-03,3.6215190000,3.6215190000,3.6434676000,3.6142028000,135357406,671170595.7400
2020-11-04,3.6361514000,3.6215190000,3.6434676000,3.6068866000,146498496,726041150.6100
2020-11-05,3.6361514000,3.6215190000,3.6507838000,3.6142028000,163734975,811620261.6200
2020-11-06,3.6215190000,3.6288352000,3.6434676000,3.6068866000,165958743,822468060.3400
2020-11-09,3.6361514000,3.6434676000,3.6507838000,3.6288352000,225602124,1122494987.0700
2020-11-10,3.6654162000,3.6727324000,3.6946810000,3.6581000000,259168387,1300974712.9900
2020-11-11,3.6654162000,3.7093134000,3.7166296000,3.6581000000,309611504,1564938518.3900
2020-11-12,3.7019972000,3.6654162000,3.7019972000,3.6654162000,139875220,702982494.7500
2020-11-13,3.6654162000,3.6288352000,3.6654162000,3.6215190000,192265408,955481766.1000
2020-11-16,3.6361514000,3.6434676000,3.6507838000,3.6288352000,128241596,637821655.3700
2020-11-17,3.6434676000,3.6581000000,3.6581000000,3.6361514000,122033280,608551313.8600
2020-11-18,3.6581000000,3.6800486000,3.6946810000,3.6434676000,193561819,972693581.9000
2020-11-19,3.6727324000,3.6873648000,3.6946810000,3.6727324000,154569394,778151976.8200
2020-11-20,3.6946810000,3.6800486000,3.7019972000,3.6654162000,126572054,636625580.1700
2020-11-23,3.6654162000,3.7093134000,3.7166296000,3.6654162000,282580048,1428218315.6200
2020-11-24,3.7093134000,3.6946810000,3.7239458000,3.6946810000,189318043,959879196.8500
2020-11-25,3.7166296000,3.6873648000,3.7385782000,3.6873648000,200292965,1017147724.1400
2020-11-26,3.6873648000,3.7239458000,3.7312620000,3.6800486000,197392278,1002567141.7000
2020-11-27,3.7385782000,3.9434318000,3.9434318000,3.7385782000,929749520,4879296143.5800
2020-11-30,3.9946452000,3.8922184000,4.1263368000,3.8849022000,1245663648,6850764187.3600
2020-12-01,3.8849022000,4.0019614000,4.0239100000,3.8629536000,530373632,2868661472.6300
2020-12-02,3.9800128000,3.9873290000,4.0458586000,3.9141670000,351809632,1915490212.4700
2020-12-03,3.9873290000,3.9361156000,4.0092776000,3.9068508000,278801936,1502313597.8900
2020-12-04,3.9361156000,3.8849022000,3.9361156000,3.8190564000,330280496,1743943249.6900
2020-12-07,3.8702698000,3.7971078000,3.8995346000,3.7824754000,275402304,1438818983.4400
2020-12-08,3.7971078000,3.7458944000,3.8190564000,3.7385782000,266106433,1368985713.8900
2020-12-09,3.7605268000,3.7312620000,3.7751592000,3.7239458000,243722631,1248006371.9700
2020-12-10,3.7312620000,3.7019972000,3.7385782000,3.6873648000,259472652,1313829151.7200
2020-12-11,3.7019972000,3.7166296000,3.7166296000,3.6727324000,279273264,1408322766.0100
2020-12-14,3.7093134000,3.6946810000,3.7239458000,3.6800486000,272105952,1375565025.5200
2020-12-15,3.6946810000,3.6654162000,3.6946810000,3.6434676000,340751824,1703696312.7600
2020-12-16,3.6654162000,3.6581000000,3.6946810000,3.6507838000,266067496,1333083487.3600
2020-12-17,3.6581000000,3.6800486000,3.6873648000,3.6288352000,331127872,1653433805.2300
2020-12-18,3.6654162000,3.6581000000,3.6800486000,3.6434676000,219772170,1098952027.5900
2020-12-21,3.6654162000,3.6581000000,3.6727324000,3.6434676000,205828822,1029138053.1300
2020-12-22,3.6507838000,3.6142028000,3.6581000000,3.5995704000,365749392,1813673039.7900
2020-12-23,3.6142028000,3.6288352000,3.6361514000,3.6068866000,219146383,1083275738.1400
2020-12-24,3.6288352000,3.6288352000,3.6434676000,3.6142028000,122262763,606453338.2700
2020-12-25,3.6288352000,3.6361514000,3.6361514000,3.6215190000,153283872,760124136.9900
2020-12-28,3.6288352000,3.6361514000,3.6361514000,3.6068866000,231926812,1148788802.4200
2020-12-29,3.6361514000,3.6434676000,3.6434676000,3.6215190000,254202319,1262344537.8900
2020-12-30,3.6361514000,3.6288352000,3.6434676000,3.6142028000,254078489,1258737038.7000
2020-12-31,3.6215190000,3.6507838000,3.6654162000,3.6215190000,310003984,1545155692.3000
2021-01-04,3.6361514000,3.6654162000,3.6654162000,3.6215190000,353951184,1762309486.6500
2021-01-05,3.6507838000,3.6361514000,3.6507838000,3.6142028000,371010368,1839470542.4800
2021-01-06,3.6288352000,3.6361514000,3.6434676000,3.6215190000,346318352,1717383497.5100
2021-01-07,3.6361514000,3.6581000000,3.6581000000,3.6215190000,319047408,1587574807.6400
2021-01-08,3.6581000000,3.6581000000,3.6800486000,3.6434676000,342202976,1710555284.6300
2021-01-11,3.6581000000,3.6507838000,3.6873648000,3.6434676000,495651504,2483547359.5800
2021-01-12,3.6507838000,3.6727324000,3.6727324000,3.6288352000,350495696,1745570165.2100
2021-01-13,3.6800486000,3.7019972000,3.7019972000,3.6581000000,404644208,2037164962.6500
2021-01-14,3.6946810000,3.7166296000,3.7678430000,3.6873648000,388409552,1975738477.2000
2021-01-15,3.7312620000,3.7678430000,3.8483212000,3.7312620000,700663408,3629241418.7800
2021-01-18,3.7532106000,3.7605268000,3.7897916000,3.7166296000,398189792,2039374953.4800
2021-01-19,3.7605268000,3.8044240000,3.8190564000,3.7312620000,433069024,2239901451.7700
2021-01-20,3.7897916000,3.7678430000,3.8410050000,3.7532106000,314566464,1629660425.6800
2021-01-21,3.7751592000,3.7532106000,3.7824754000,3.7312620000,245677513,1259494669.7400
2021-01-22,3.7458944000,3.6873648000,3.7458944000,3.6800486000,277428656,1402382795.1500
2021-01-25,3.6800486000,3.6946810000,3.6946810000,3.6507838000,219055180,1097970398.4600
2021-01-26,3.6800486000,3.6800486000,3.7093134000,3.6654162000,210379385,1060814307.4900
2021-01-27,3.6873648000,3.7093134000,3.7678430000,3.6800486000,370986640,1891316029.8300
2021-01-28,3.6946810000,3.6800486000,3.7093134000,3.6654162000,285079488,1432841333.9400
2021-01-29,3.6800486000,3.7239458000,3.7458944000,3.6727324000,411143712,2088594441.1800
2021-02-01,3.7166296000,3.7605268000,3.7678430000,3.6946810000,381322208,1949170572.7900
2021-02-02,3.7605268000,3.7239458000,3.7897916000,3.7166296000,259998588,1334133656.6300
2021-02-03,3.7239458000,3.6873648000,3.7458944000,3.6800486000,337557920,1711432805.9600
2021-02-04,3.6873648000,3.7093134000,3.7458944000,3.6800486000,252444008,1280634530.2200
2021-02-05,3.7093134000,3.7897916000,3.8117402000,3.7019972000,593744240,3063814604.2700
2021-02-08,3.7897916000,3.7751592000,3.8044240000,3.7458944000,367126928,1896286394.7300
2021-02-09,3.7605268000,3.7678430000,3.7678430000,3.7385782000,278298848,1427909672.6800
2021-02-10,3.8336888000,3.8410050000,3.9287994000,3.8117402000,664704224,3503636814.8400
2021-02-18,3.8995346000,3.8336888000,3.8995346000,3.8190564000,328400928,1729904261.4400
2021-02-19,3.8190564000,3.8336888000,3.8775860000,3.8117402000,242413124,1272825159.7200
2021-02-22,3.8410050000,3.9287994000,3.9580642000,3.8336888000,602082016,3210856211.0800
2021-02-23,3.9141670000,3.9361156000,3.9873290000,3.8922184000,467150528,2515406549.3700
2021-02-24,3.9287994000,3.8775860000,3.9653804000,3.8336888000,385065744,2050842777.6600
2021-02-25,3.8702698000,3.9800128000,4.0092776000,3.8629536000,509700224,2755175018.0300
2021-02-26,3.9434318000,3.9287994000,4.0165938000,3.9141670000,435170128,2353185887.8300
2021-03-01,3.9214832000,3.9068508000,3.9653804000,3.8922184000,240663315,1289476168.4100
2021-03-02,3.9141670000,3.8702698000,3.9141670000,3.8336888000,250031265,1322171845.0700
2021-03-03,3.8629536000,3.9873290000,4.0092776000,3.8483212000,446911120,2420613520.8000
2021-03-04,3.9726966000,3.9873290000,4.0312262000,3.9580642000,373419248,2041014988.7000
2021-03-05,3.9726966000,4.0751234000,4.0897558000,3.9287994000,478774352,2629997848.4700
2021-03-08,4.0824396000,4.0458586000,4.1043882000,4.0312262000,429168304,2390324692.9300
2021-03-09,4.0751234000,3.9946452000,4.1190206000,3.9726966000,466395024,2577277081.5000
2021-03-10,3.9800128000,3.9507480000,3.9946452000,3.9141670000,306784320,1658235909.0700
2021-03-11,3.9873290000,4.0092776000,4.0531748000,3.9726966000,282422816,1547729634.1400
2021-03-12,4.0019614000,3.9800128000,4.0239100000,3.9726966000,184841636,1009519474.6600
2021-03-15,3.9873290000,4.0604910000,4.0824396000,3.9653804000,303797600,1680121698.0700
2021-03-16,4.0678072000,4.0970720000,4.1190206000,4.0531748000,273080000,1529009421.2300
2021-03-17,4.0824396000,4.0458586000,4.0970720000,4.0092776000,203713443,1125314257.4200
2021-03-18,4.0385424000,4.0092776000,4.0531748000,3.9946452000,224544199,1232892978.2400
2021-03-19,4.0165938000,3.9214832000,4.0239100000,3.8922184000,332530512,1790956578.4400
2021-03-22,3.8922184000,3.9653804000,3.9873290000,3.8922184000,232531340,1256741319.3100
2021-03-23,3.9507480000,3.9507480000,4.0239100000,3.9141670000,325973136,1762122171.5600
2021-03-24,3.9287994000,3.9580642000,3.9726966000,3.8995346000,189983667,1023433745.1000
2021-03-25,3.9580642000,3.9214832000,3.9946452000,3.9141670000,207394817,1119656595.7300
2021-03-26,3.9287994000,3.9141670000,3.9361156000,3.8775860000,247198368,1318532527.8100
2021-03-29,3.9287994000,3.9946452000,4.0019614000,3.8995346000,347949984,1883572374.4800
2021-03-30,3.9946452000,4.0092776000,4.0092776000,3.9726966000,193297381,1055760162.8100
2021-03-31,4.0019614000,4.0531748000,4.0604910000,3.9800128000,242434867,1333971678.8000
2021-04-01,4.0312262000,4.0239100000,4.0531748000,4.0019614000,132476154,729322830.9400
2021-04-02,4.0239100000,3.9653804000,4.0312262000,3.9507480000,184780740,1004165174.5900
2021-04-06,3.9653804000,3.9653804000,3.9726966000,3.9287994000,122894235,663506407.3700
2021-04-07,3.9653804000,3.9873290000,3.9946452000,3.9507480000,175696199,954364770.5300
2021-04-08,3.9946452000,3.9800128000,4.0019614000,3.9580642000,123971365,673843053.9000
2021-04-09,3.9800128000,3.9653804000,3.9800128000,3.9507480000,131127592,710198880.7700
2021-04-12,3.9653804000,4.0092776000,4.0239100000,3.9434318000,219634806,1197623266.5800
2021-04-13,4.0092776000,4.0312262000,4.0458586000,3.9873290000,173937109,955601023.0800
2021-04-14,4.0312262000,3.9873290000,4.0385424000,3.9726966000,153373910,838785289.9800
2021-04-15,3.9726966000,3.9873290000,3.9873290000,3.9434318000,157215797,851588447.6900
2021-04-16,3.9726966000,3.9726966000,3.9946452000,3.9580642000,110874302,602808763.1800
2021-04-19,3.9800128000,3.9800128000,3.9946452000,3.9580642000,175754330,955148031.4300
2021-04-20,3.9726966000,3.9434318000,3.9800128000,3.9361156000,177071674,956571771.3400
2021-04-21,3.9361156000,3.9287994000,3.9580642000,3.9287994000,135364763,729408437.5900
2021-04-22,3.9361156000,3.8995346000,3.9434318000,3.8849022000,211498349,1128744302.4000
2021-04-23,3.8849022000,3.8702698000,3.9068508000,3.8556374000,164898057,873476385.9200
2021-04-26,3.8849022000,3.8556374000,3.8922184000,3.8483212000,170693135,901989201.0800
2021-04-27,3.8483212000,3.8336888000,3.8556374000,3.8190564000,149123770,781815669.5900
2021-04-28,3.8336888000,3.8044240000,3.8410050000,3.7897916000,182976437,951527125.7100
2021-04-29,3.8044240000,3.8190564000,3.8336888000,3.7897916000,188987315,984719706.4100
2021-04-30,3.8117402000,3.7532106000,3.8190564000,3.7166296000,395748736,2029640681.5400
2021-05-06,3.7385782000,3.7458944000,3.7897916000,3.7312620000,216039682,1111237174.2900
2021-05-07,3.7458944000,3.8190564000,3.8263726000,3.7385782000,281997040,1463579746.8400
2021-05-10,3.8117402000,3.8410050000,3.8410050000,3.7897916000,207471144,1082434695.7200
2021-05-11,3.8336888000,3.8263726000,3.8410050000,3.8117402000,139252141,728865904.8700
2021-05-12,3.8190564000,3.8483212000,3.8629536000,3.8117402000,150046333,788520443.2300
2021-05-13,3.8410050000,3.8336888000,3.8629536000,3.8117402000,146069572,764148328.0700
2021-05-14,3.8336888000,3.8629536000,3.8629536000,3.8117402000,155000539,813767332.6700
2021-05-17,3.8483212000,3.8556374000,3.8702698000,3.8336888000,170881970,899549356.3900
2021-05-18,3.8556374000,3.8483212000,3.8556374000,3.8263726000,101639997,533290392.9900
2021-05-19,3.8410050000,3.8117402000,3.8483212000,3.8044240000,148187187,772568444.2400
2021-05-20,3.8044240000,3.8263726000,3.8263726000,3.7897916000,128233876,666829935.2400
2021-05-21,3.8117402000,3.7824754000,3.8190564000,3.7751592000,151966814,787505846.4700
2021-05-24,3.7824754000,3.7971078000,3.8044240000,3.7751592000,106540901,552108955.3100
2021-05-25,3.7971078000,3.8483212000,3.8483212000,3.7751592000,266674619,1392450021.2200
2021-05-26,3.8410050000,3.8483212000,3.8702698000,3.8263726000,205603406,1081284307.0300
2021-05-27,3.8483212000,3.8483212000,3.8629536000,3.8263726000,183117591,963010881.3600
2021-05-28,3.8483212000,3.8556374000,3.8556374000,3.8263726000,170000519,892744989.1000
2021-05-31,3.8410050000,3.8117402000,3.8483212000,3.7971078000,291960768,1520925680.5000
2021-06-01,3.8117402000,3.7897916000,3.8117402000,3.7824754000,224514102,1162897688.6300
2021-06-02,3.7897916000,3.7971078000,3.8117402000,3.7605268000,257745154,1330994608.9300
2021-06-03,3.7971078000,3.7678430000,3.8044240000,3.7678430000,193708944,1001184001.5700
2021-06-04,3.7751592000,3.7824754000,3.8044240000,3.7678430000,239708428,1240163844.3700
2021-06-07,3.7897916000,3.7824754000,3.7897916000,3.7751592000,147696207,763427211.2400
2021-06-08,3.7824754000,3.8044240000,3.8044240000,3.7751592000,196300035,1017275136.4900
2021-06-09,3.7971078000,3.7971078000,3.8190564000,3.7897916000,206147147,1071905448.8900
2021-06-10,3.7971078000,3.8044240000,3.8190564000,3.7897916000,205273227,1067542198.9300
2021-06-11,3.8044240000,3.7971078000,3.8044240000,3.7824754000,173573258,899678381.9200
2021-06-15,3.7897916000,3.7751592000,3.7971078000,3.7678430000,181207362,935309204.8000
2021-06-16,3.7751592000,3.7824754000,3.7971078000,3.7678430000,148655127,768523574.4000
2021-06-17,3.7824754000,3.7897916000,3.8044240000,3.7678430000,195878337,1015002288.6400
2021-06-18,3.7824754000,3.7897916000,3.7897916000,3.7751592000,153248858,792203510.0300
2021-06-21,3.7824754000,3.7678430000,3.7897916000,3.7678430000,199664270,1030022536.4500
2021-06-22,3.7751592000,3.7751592000,3.7897916000,3.7678430000,178934078,924193353.0600
2021-06-23,3.7751592000,3.7605268000,3.7824754000,3.7605268000,252219354,1299166846.8800
2021-06-24,3.7605268000,3.8044240000,3.8044240000,3.7605268000,246529721,1275936039.2300
2021-06-25,3.7971078000,3.8263726000,3.8410050000,3.7897916000,246059460,1286463193.5700
2021-06-28,3.8263726000,3.7897916000,3.8263726000,3.7751592000,257634469,1337751544.5000
2021-06-29,3.7897916000,3.7824754000,3.8044240000,3.7751592000,222693506,1151485062.4500
2021-06-30,3.7897916000,3.7824754000,3.7897916000,3.7751592000,154934253,800438588.4800
2021-07-01,3.7824754000,3.8483212000,3.8483212000,3.7751592000,277013744,1441176256.9400
2021-07-02,3.8117402000,3.8410050000,3.8556374000,3.7971078000,355189280,1854458892.5100
2021-07-05,3.8263726000,3.8044240000,3.8336888000,3.7897916000,276171904,1438307912.7000
2021-07-06,3.8275724800,3.8198556000,3.8275724800,3.8044218400,265763047,1314029712.4500
2021-07-07,3.8198556000,3.8121387200,3.8275724800,3.7967049600,177670765,877305342.6500
2021-07-08,3.8121387200,3.7735543200,3.8198556000,3.7658374400,288364816,1412588547.7000
2021-07-09,3.7735543200,3.7426868000,3.7889880800,3.7272530400,273742032,1330231106.5100
2021-07-12,3.7581205600,3.6809517600,3.7658374400,3.6655180000,505677360,2426435426.0000
2021-07-13,3.6809517600,3.6655180000,3.6886686400,3.6578011200,293278048,1394984362.7700
2021-07-14,3.6655180000,3.6346504800,3.6655180000,3.6114998400,302082848,1420168143.4800
2021-07-15,3.6346504800,3.6655180000,3.6809517600,3.6192167200,277590848,1316100925.6900
2021-07-16,3.6655180000,3.6578011200,3.6655180000,3.6346504800,170407398,805756076.7800
2021-07-19,3.6500842400,3.6500842400,3.6578011200,3.6269336000,168375795,793714596.3200
2021-07-20,3.6346504800,3.6346504800,3.6423673600,3.6269336000,102552924,483183662.1200
2021-07-21,3.6423673600,3.6192167200,3.6500842400,3.6192167200,164625857,773916483.7600
2021-07-22,3.6269336000,3.6346504800,3.6423673600,3.6192167200,147636965,695491004.9700
2021-07-23,3.6346504800,3.6269336000,3.6423673600,3.6192167200,139074561,653652762.3500
2021-07-26,3.6192167200,3.6037829600,3.6269336000,3.5883492000,224591633,1047502898.2500
2021-07-27,3.5960660800,3.5651985600,3.6037829600,3.5574816800,208899200,969160412.8100
2021-07-28,3.5574816800,3.6037829600,3.6114998400,3.5497648000,247993418,1154474143.5500
2021-07-29,3.6037829600,3.5651985600,3.6037829600,3.5574816800,171680634,794734065.9200
2021-07-30,3.5651985600,3.5420479200,3.5651985600,3.5266141600,184747154,847608533.4000
2021-08-02,3.5343310400,3.5497648000,3.5574816800,3.4957466400,214322262,980307726.9300
2021-08-03,3.5420479200,3.5343310400,3.5420479200,3.5111804000,135245787,617612567.0200
2021-08-04,3.5343310400,3.5111804000,3.5343310400,3.5034635200,148301902,675234462.0800
2021-08-05,3.5111804000,3.5034635200,3.5266141600,3.4957466400,109747157,499522160.7800
2021-08-06,3.5111804000,3.4957466400,3.5111804000,3.4803128800,158732842,717679983.5900
2021-08-09,3.4880297600,3.5111804000,3.5266141600,3.4803128800,192560063,876596527.1100
2021-08-10,3.5111804000,3.5188972800,3.5266141600,3.4880297600,177389103,805586221.4400
2021-08-11,3.5266141600,3.5883492000,3.5960660800,3.5266141600,330727248,1532111349.1800
2021-08-12,3.5729154400,3.5729154400,3.6037829600,3.5651985600,118278136,548759520.3700
2021-08-13,3.5729154400,3.5574816800,3.5806323200,3.5497648000,93542819,431809849.9100
2021-08-16,3.5574816800,3.5651985600,3.5806323200,3.5497648000,116109333,536195504.8700
2021-08-17,3.5574816800,3.5651985600,3.5806323200,3.5497648000,195138306,901396443.8400
2021-08-18,3.5574816800,3.6037829600,3.6114998400,3.5497648000,259846618,1206854887.4000
2021-08-19,3.5960660800,3.5806323200,3.6037829600,3.5651985600,148278726,687957237.1900
2021-08-20,3.5806323200,3.5960660800,3.6037829600,3.5651985600,190342577,884926715.7600
2021-08-23,3.5806323200,3.5729154400,3.6037829600,3.5729154400,117707675,546712339.2600
2021-08-24,3.5729154400,3.5729154400,3.5883492000,3.5729154400,95453098,442656392.9900
2021-08-25,3.5806323200,3.5729154400,3.5806323200,3.5651985600,100384789,464385844.5900
2021-08-26,3.5651985600,3.5651985600,3.5729154400,3.5497648000,117689309,542560911.2600
2021-08-27,3.5574816800,3.5806323200,3.5806323200,3.5497648000,116129716,536676654.7400
2021-08-30,3.5729154400,3.5343310400,3.5806323200,3.5188972800,203426605,933775425.8700
2021-08-31,3.5420479200,3.5651985600,3.5651985600,3.5266141600,191711450,880980368.0900
2021-09-01,3.5574816800,3.6114998400,3.6192167200,3.5497648000,268103361,1249115489.0500
2021-09-02,3.6114998400,3.6192167200,3.6192167200,3.5960660800,146790356,686983929.6100
2021-09-03,3.6192167200,3.6500842400,3.6655180000,3.5960660800,202543720,954773062.1000
2021-09-06,3.6269336000,3.6500842400,3.6655180000,3.6269336000,160536498,758568370.5400
2021-09-07,3.6500842400,3.6655180000,3.6809517600,3.6269336000,194851319,921859134.3400
2021-09-08,3.6578011200,3.6809517600,3.6886686400,3.6500842400,174780048,832426920.4500
2021-09-09,3.6732348800,3.6655180000,3.6809517600,3.6423673600,155311748,737594015.6900
2021-09-10,3.6655180000,3.6963855200,3.7272530400,3.6578011200,250359269,1200536536.9200
2021-09-13,3.6886686400,3.6809517600,3.6886686400,3.6655180000,168854899,804351060.8400
2021-09-14,3.6732348800,3.6346504800,3.6886686400,3.6269336000,185420345,877628017.6600
2021-09-15,3.6269336000,3.6114998400,3.6423673600,3.5960660800,175121628,820551878.4800
2021-09-16,3.6114998400,3.6114998400,3.6346504800,3.6037829600,167822042,787701858.4400
2021-09-17,3.6114998400,3.6269336000,3.6346504800,3.6114998400,110257170,517329960.9800
2021-09-22,3.5883492000,3.5729154400,3.5960660800,3.5651985600,217646013,1008833744.9500
2021-09-23,3.5883492000,3.5960660800,3.6114998400,3.5729154400,132515669,616352619.7300
2021-09-24,3.5806323200,3.5806323200,3.6037829600,3.5729154400,109891431,510211552.8000
2021-09-27,3.5729154400,3.5729154400,3.5883492000,3.5497648000,164468354,759535613.7700
2021-09-28,3.5651985600,3.5960660800,3.6114998400,3.5574816800,163379542,759632534.5600
2021-09-29,3.5883492000,3.6114998400,3.6269336000,3.5651985600,243813654,1138094980.3100
2021-09-30,3.6114998400,3.5960660800,3.6114998400,3.5729154400,150413152,698898764.1200
2021-10-08,3.5960660800,3.6346504800,3.6500842400,3.5883492000,185994625,872488109.0200
2021-10-11,3.6423673600,3.6578011200,3.6809517600,3.6346504800,181862463,863201212.4700
2021-10-12,3.6578011200,3.6655180000,3.6732348800,3.6346504800,144930590,686903967.8800
2021-10-13,3.6578011200,3.6423673600,3.6655180000,3.6346504800,112305696,530545725.8800
2021-10-14,3.6423673600,3.6346504800,3.6500842400,3.6346504800,71963708,339578661.3400
2021-10-15,3.6423673600,3.6655180000,3.6655180000,3.6346504800,125558856,594356221.5500
2021-10-18,3.6655180000,3.6500842400,3.6809517600,3.6346504800,117369621,555326047.3100
2021-10-19,3.6423673600,3.6423673600,3.6578011200,3.6346504800,105882612,499759094.8100
2021-10-20,3.6500842400,3.6269336000,3.6500842400,3.6114998400,107459635,504948858.1500
2021-10-21,3.6269336000,3.6578011200,3.6578011200,3.6192167200,135131627,637824658.2900
2021-10-22,3.6578011200,3.6500842400,3.6732348800,3.6346504800,93108629,440144708.2000
2021-10-25,3.6346504800,3.6423673600,3.6500842400,3.6192167200,103342397,486689967.2500
2021-10-26,3.6423673600,3.6269336000,3.6578011200,3.6192167200,118735003,559100061.5500
2021-10-27,3.6269336000,3.6269336000,3.6346504800,3.5883492000,125771216,588428869.6100
2021-10-28,3.6114998400,3.6037829600,3.6269336000,3.6037829600,78300844,366506427.8500
2021-10-29,3.6037829600,3.6037829600,3.6192167200,3.5960660800,114980798,537655505.6400
2021-11-01,3.6114998400,3.6500842400,3.6500842400,3.6037829600,187623531,881706429.4500
2021-11-02,3.6500842400,3.5883492000,3.6500842400,3.5806323200,211569300,989837390.1100
2021-11-03,3.6037829600,3.5806323200,3.6037829600,3.5729154400,146029780,678038229.3900
2021-11-04,3.5806323200,3.5883492000,3.5883492000,3.5729154400,100158090,464799864.4000
2021-11-05,3.5806323200,3.5960660800,3.6037829600,3.5729154400,111301684,517754656.7400
2021-11-08,3.5883492000,3.5729154400,3.5960660800,3.5729154400,147350723,684049047.8900
2021-11-09,3.5806323200,3.5806323200,3.5883492000,3.5729154400,86689619,402174122.5000
2021-11-10,3.5806323200,3.5651985600,3.5806323200,3.5574816800,125047530,577396260.7400
2021-11-11,3.5651985600,3.5960660800,3.5960660800,3.5574816800,113105925,525090261.9500
2021-11-12,3.5960660800,3.5883492000,3.5960660800,3.5729154400,101683794,472333219.1700
2021-11-15,3.5883492000,3.6037829600,3.6114998400,3.5806323200,90047027,419795012.3800
2021-11-16,3.5960660800,3.5883492000,3.6114998400,3.5806323200,96281473,448267808.6000
2021-11-17,3.5806323200,3.5883492000,3.5960660800,3.5806323200,91233273,423989911.4500
2021-11-18,3.5806323200,3.5806323200,3.5883492000,3.5729154400,76467398,354706417.4500
2021-11-19,3.5806323200,3.5960660800,3.6037829600,3.5729154400,100557257,467427071.2200
2021-11-22,3.5883492000,3.5729154400,3.5960660800,3.5729154400,120582921,559173673.2300
2021-11-23,3.5729154400,3.5729154400,3.5883492000,3.5651985600,87825991,406963202.3300
2021-11-24,3.5729154400,3.5806323200,3.5806323200,3.5651985600,69961234,324057980.2400
2021-11-25,3.5806323200,3.5729154400,3.5806323200,3.5729154400,59692352,276623126.7600
2021-11-26,3.5729154400,3.5574816800,3.5806323200,3.5574816800,97887739,451910174.2000
2021-11-29,3.5497648000,3.5343310400,3.5574816800,3.5188972800,182257581,836194181.9000
2021-11-30,3.5343310400,3.5343310400,3.5420479200,3.5266141600,107684186,492804574.9300
2021-12-01,3.5343310400,3.5497648000,3.5497648000,3.5266141600,111305051,511084679.0900
2021-12-02,3.5497648000,3.5574816800,3.5651985600,3.5343310400,178468219,820135167.6100
2021-12-03,3.5497648000,3.5574816800,3.5574816800,3.5343310400,112786648,518341584.5500
2021-12-06,3.5574816800,3.5729154400,3.5806323200,3.5497648000,179570677,830641840.6100
2021-12-07,3.5806323200,3.5960660800,3.6037829600,3.5651985600,205710491,956152029.8800
2021-12-08,3.5960660800,3.5806323200,3.5960660800,3.5729154400,137715679,638961848.7300
2021-12-09,3.5883492000,3.5960660800,3.6114998400,3.5729154400,195655482,911941953.6800
2021-12-10,3.5883492000,3.5960660800,3.5960660800,3.5651985600,215420340,999479301.9500
2021-12-13,3.5806323200,3.5729154400,3.5960660800,3.5729154400,134673715,625469689.7200
2021-12-14,3.5729154400,3.5651985600,3.5806323200,3.5574816800,127696943,589757693.0500
2021-12-15,3.5574816800,3.5574816800,3.5651985600,3.5497648000,104159689,479973461.9100
2021-12-16,3.5574816800,3.5651985600,3.5729154400,3.5420479200,145725514,671821104.3000
2021-12-17,3.5574816800,3.5574816800,3.5651985600,3.5497648000,124789948,575345954.2000
2021-12-20,3.5497648000,3.5574816800,3.5729154400,3.5497648000,148614561,686198264.4600
2021-12-21,3.5574816800,3.5883492000,3.5960660800,3.5497648000,202972372,942740125.6700
2021-12-22,3.5883492000,3.5806323200,3.5960660800,3.5729154400,141140040,655780550.7800
2021-12-23,3.5806323200,3.5883492000,3.5883492000,3.5729154400,98090990,455450242.3600
2021-12-24,3.5883492000,3.5883492000,3.6037829600,3.5806323200,127908797,595172745.5900
2021-12-27,3.5806323200,3.5960660800,3.5960660800,3.5806323200,90503312,421103237.5200
2021-12-28,3.5960660800,3.6114998400,3.6114998400,3.5883492000,200550469,936086065.2000
2021-12-29,3.5960660800,3.5960660800,3.6037829600,3.5806323200,97664653,454516937.1300
2021-12-30,3.5883492000,3.5806323200,3.5960660800,3.5729154400,141275058,655490356.3600
2021-12-31,3.5729154400,3.5729154400,3.5883492000,3.5729154400,95902215,444544835.4500
2022-01-04,3.5806323200,3.6037829600,3.6037829600,3.5729154400,168875635,785143329.2000
2022-01-05,3.5960660800,3.6346504800,3.6423673600,3.5883492000,283954624,1332859586.7500
2022-01-06,3.6269336000,3.6269336000,3.6500842400,3.6114998400,190314359,894943768.4600
2022-01-07,3.6192167200,3.6578011200,3.6655180000,3.6114998400,193964955,916673915.7000
2022-01-10,3.6578011200,3.6655180000,3.6732348800,3.6423673600,158329303,750737778.3500
2022-01-11,3.6500842400,3.6655180000,3.6809517600,3.6500842400,167026297,794398036.9800
2022-01-12,3.6655180000,3.6423673600,3.6655180000,3.6269336000,185731519,876687476.5500
2022-01-13,3.6346504800,3.6500842400,3.6886686400,3.6346504800,179313500,851827612.7400
2022-01-14,3.6578011200,3.6114998400,3.6578011200,3.6037829600,225197035,1057017143.7400
2022-01-17,3.6037829600,3.5883492000,3.6269336000,3.5806323200,178722662,832701574.2400
2022-01-18,3.5883492000,3.6192167200,3.6269336000,3.5729154400,216950022,1011704453.2300
2022-01-19,3.6037829600,3.6269336000,3.6346504800,3.5960660800,172913175,810536134.6600
2022-01-20,3.6269336000,3.6655180000,3.6732348800,3.6192167200,313127456,1482850093.7900
2022-01-21,3.6500842400,3.6269336000,3.6578011200,3.6192167200,173528070,816856403.4100
2022-01-24,3.6269336000,3.6269336000,3.6423673600,3.6114998400,141887130,665972926.5500
2022-01-25,3.6192167200,3.6037829600,3.6269336000,3.6037829600,170383668,798145266.8700
2022-01-26,3.5960660800,3.6192167200,3.6269336000,3.5960660800,118994814,557705782.9400
2022-01-27,3.6114998400,3.6114998400,3.6346504800,3.5960660800,143695502,672949232.5400
2022-01-28,3.6114998400,3.5960660800,3.6500842400,3.5960660800,221043880,1037472492.2000
2022-02-07,3.6192167200,3.6578011200,3.6655180000,3.6037829600,257528860,1216216070.0400
2022-02-08,3.6578011200,3.7426868000,3.7581205600,3.6500842400,491972048,2367215816.2800
2022-02-09,3.7426868000,3.7349699200,3.7812712000,3.7118192800,352209536,1710473976.7300
2022-02-10,3.7426868000,3.7504036800,3.7581205600,3.7041024000,252750988,1222399402.2200
2022-02-11,3.7349699200,3.7581205600,3.7735543200,3.7272530400,216813019,1055659517.8100
2022-02-14,3.7426868000,3.7041024000,3.7504036800,3.6809517600,263967446,1267336370.6000
2022-02-15,3.6963855200,3.6732348800,3.7195361600,3.6655180000,195749099,935314542.0700
2022-02-16,3.6809517600,3.6886686400,3.7118192800,3.6655180000,155456701,743663745.6800
2022-02-17,3.6886686400,3.6886686400,3.7118192800,3.6809517600,127575079,610866291.4400
2022-02-18,3.6809517600,3.7118192800,3.7195361600,3.6732348800,159889548,766743186.2800
2022-02-21,3.7041024000,3.7195361600,3.7195361600,3.6809517600,159403365,764397600.5200
2022-02-22,3.7041024000,3.6886686400,3.7118192800,3.6732348800,170843755,816340652.9500
2022-02-23,3.6886686400,3.6809517600,3.6886686400,3.6578011200,235801579,1121673859.1700
2022-02-24,3.6655180000,3.6269336000,3.6809517600,3.6192167200,256626628,1211414666.3200
2022-02-25,3.6269336000,3.6037829600,3.6423673600,3.5960660800,250601820,1174239875.0200
2022-02-28,3.6037829600,3.5960660800,3.6114998400,3.5806323200,194926963,908084768.0000
2022-03-01,3.6037829600,3.6114998400,3.6269336000,3.5883492000,194254562,906672528.0000
2022-03-02,3.6037829600,3.6269336000,3.6346504800,3.5960660800,152051440,712736656.0000
2022-03-03,3.6192167200,3.6578011200,3.6732348800,3.6192167200,227331198,1075452464.0000
2022-03-04,3.6500842400,3.6423673600,3.6500842400,3.6037829600,162498774,764539216.0000
2022-03-07,3.6269336000,3.5883492000,3.6500842400,3.5729154400,352940976,1647036752.0000
2022-03-08,3.5883492000,3.5651985600,3.5960660800,3.5497648000,281133552,1302919792.0000
2022-03-09,3.5574816800,3.5188972800,3.5806323200,3.4725960000,462058480,2116239856.0000
2022-03-10,3.5420479200,3.5188972800,3.5574816800,3.5111804000,230674382,1055255232.0000
2022-03-11,3.5111804000,3.5574816800,3.5574816800,3.4880297600,270787536,1233914624.0000
2022-03-14,3.5343310400,3.5420479200,3.5806323200,3.5188972800,229087259,1053445744.0000
2022-03-15,3.5266141600,3.5034635200,3.5497648000,3.4803128800,513013280,2327503088.0000
2022-03-16,3.5034635200,3.5111804000,3.5266141600,3.4494453600,421243248,1904496880.0000
2022-03-17,3.5266141600,3.4880297600,3.5266141600,3.4803128800,309820976,1403531232.0000
2022-03-18,3.4880297600,3.5111804000,3.5497648000,3.4803128800,362779728,1650775565.3400
2022-03-21,3.5188972800,3.5034635200,3.5266141600,3.4957466400,206941762,940187354.2500
2022-03-22,3.5034635200,3.5420479200,3.5497648000,3.4957466400,219305460,1003988139.0500
2022-03-23,3.5343310400,3.5266141600,3.5420479200,3.5111804000,206859015,945355931.3100
2022-03-24,3.5111804000,3.5343310400,3.5497648000,3.5034635200,150559056,689799168.0800
2022-03-25,3.5343310400,3.5651985600,3.5806323200,3.5343310400,227781541,1051862685.8600
2022-03-28,3.5651985600,3.6192167200,3.6269336000,3.5497648000,287047600,1338663837.2900
2022-03-29,3.6192167200,3.6423673600,3.6500842400,3.6037829600,193958079,912905214.7300
2022-03-30,3.6423673600,3.6346504800,3.6500842400,3.5960660800,233053021,1093920776.6600
2022-03-31,3.6269336000,3.6809517600,3.6886686400,3.6114998400,287690896,1367102535.7500
2022-04-01,3.6655180000,3.6963855200,3.7118192800,3.6578011200,264825048,1264764211.3500
2022-04-06,3.6886686400,3.7272530400,3.7426868000,3.6809517600,349300704,1680190640.3300
2022-04-07,3.7195361600,3.7195361600,3.7426868000,3.6886686400,304543328,1467777842.7900
2022-04-08,3.7195361600,3.7118192800,3.7272530400,3.6809517600,250173255,1201783975.5300
2022-04-11,3.7041024000,3.6886686400,3.7195361600,3.6732348800,272641456,1304536359.8000
2022-04-12,3.6886686400,3.6886686400,3.7118192800,3.6500842400,276116784,1319247557.9300
2022-04-13,3.6886686400,3.6963855200,3.7195361600,3.6809517600,197122360,946500714.6400
2022-04-14,3.7041024000,3.6809517600,3.7118192800,3.6732348800,148414496,708983833.3600
2022-04-15,3.6732348800,3.6732348800,3.7041024000,3.6732348800,193487775,924020571.4000
2022-04-18,3.6655180000,3.6423673600,3.6886686400,3.6346504800,182965837,866264046.6600
2022-04-19,3.6423673600,3.6500842400,3.6578011200,3.6192167200,158209354,745770595.6000
2022-04-20,3.6423673600,3.6578011200,3.6732348800,3.6346504800,145331908,688799566.4300
2022-04-21,3.6578011200,3.6886686400,3.7118192800,3.6500842400,329791136,1578338095.2200
2022-04-22,3.6732348800,3.7349699200,3.7426868000,3.6732348800,390437792,1885993943.9100
2022-04-25,3.7195361600,3.6655180000,3.7504036800,3.6655180000,471782608,2276075260.8100
2022-04-26,3.6655180000,3.7118192800,3.7272530400,3.6500842400,363670896,1741895884.1700
2022-04-27,3.7041024000,3.6346504800,3.7272530400,3.6114998400,383545168,1821850806.5200
2022-04-28,3.6346504800,3.6809517600,3.6809517600,3.6269336000,295997072,1401689369.5200
2022-04-29,3.6732348800,3.6886686400,3.7041024000,3.6423673600,263941660,1258379970.7300
2022-05-05,3.6886686400,3.6655180000,3.7041024000,3.6423673600,240204834,1143770289.3600
2022-05-06,3.6578011200,3.6578011200,3.6809517600,3.6346504800,169044734,800177341.8100
2022-05-09,3.6500842400,3.6732348800,3.6809517600,3.6346504800,161351638,766272587.1100
2022-05-10,3.6655180000,3.6500842400,3.6809517600,3.6423673600,194205706,919233037.1200
2022-05-11,3.6500842400,3.5960660800,3.6578011200,3.5960660800,353406096,1656391756.9800
2022-05-12,3.5960660800,3.5883492000,3.6037829600,3.5806323200,144694424,673675864.5000
2022-05-13,3.5960660800,3.6269336000,3.6269336000,3.5883492000,175411195,822079154.3800
2022-05-16,3.6269336000,3.6114998400,3.6269336000,3.5883492000,166826315,779376703.0500
2022-05-17,3.6192167200,3.5960660800,3.6192167200,3.5883492000,216889033,1012483464.7500
2022-05-18,3.5960660800,3.5651985600,3.6037829600,3.5574816800,226008427,1045435058.6700
2022-05-19,3.5574816800,3.5574816800,3.5651985600,3.5420479200,169155629,778801637.2600
2022-05-20,3.5651985600,3.5729154400,3.5729154400,3.5420479200,240691632,1111835552.3500
2022-05-23,3.5651985600,3.5651985600,3.5806323200,3.5651985600,173224351,801421866.3200
2022-05-24,3.5729154400,3.6037829600,3.6114998400,3.5651985600,243774864,1133742349.8900
2022-05-25,3.6037829600,3.5960660800,3.6114998400,3.5883492000,152315656,710288253.4800
2022-05-26,3.5960660800,3.5883492000,3.6037829600,3.5729154400,191767089,892015483.7900
2022-05-27,3.5960660800,3.6037829600,3.6037829600,3.5806323200,124999758,582773258.1600
2022-05-30,3.6037829600,3.5883492000,3.6192167200,3.5806323200,158827431,740859755.8700
2022-05-31,3.5806323200,3.5960660800,3.6114998400,3.5729154400,251365747,1171009192.5800
2022-06-01,3.5883492000,3.5883492000,3.6037829600,3.5729154400,140067661,651076588.4000
2022-06-02,3.5806323200,3.5729154400,3.5883492000,3.5651985600,152163807,704972366.9800
2022-06-06,3.5729154400,3.5497648000,3.5806323200,3.5343310400,295433440,1359071285.9400
2022-06-07,3.5497648000,3.5574816800,3.5729154400,3.5420479200,187312009,863790897.8200
2022-06-08,3.5651985600,3.5806323200,3.5806323200,3.5574816800,173630219,803663719.3700
2022-06-09,3.5729154400,3.5960660800,3.6037829600,3.5651985600,219361973,1020144722.0600
2022-06-10,3.5960660800,3.6192167200,3.6192167200,3.5883492000,264709044,1236607464.2900
2022-06-13,3.6114998400,3.6037829600,3.6192167200,3.5729154400,228241127,1062970281.0900
2022-06-14,3.5960660800,3.6423673600,3.6500842400,3.5883492000,227148853,1065769460.1100
2022-06-15,3.6423673600,3.6500842400,3.6809517600,3.6269336000,298135888,1413770158.1600
2022-06-16,3.6500842400,3.6269336000,3.6578011200,3.6192167200,210148840,989353106.9600
2022-06-17,3.6269336000,3.6655180000,3.6655180000,3.6192167200,181063822,857162917.5000
2022-06-20,3.6655180000,3.6269336000,3.6655180000,3.6269336000,186411517,879332783.3500
2022-06-21,3.6346504800,3.6732348800,3.6809517600,3.6269336000,209405397,992313780.8400
2022-06-22,3.6655180000,3.6655180000,3.6963855200,3.6578011200,156720149,746302086.0900
2022-06-23,3.6732348800,3.6809517600,3.6886686400,3.6655180000,175436211,836115738.9900
2022-06-24,3.6732348800,3.6578011200,3.6886686400,3.6423673600,183853897,872916586.1300
2022-06-27,3.6578011200,3.6346504800,3.6655180000,3.6269336000,231519067,1092328379.2500
2022-06-28,3.6346504800,3.6500842400,3.6578011200,3.6192167200,170737101,805395279.6200
2022-06-29,3.6500842400,3.6809517600,3.6809517600,3.6423673600,215549058,1023870244.0000
2022-06-30,3.6732348800,3.6809517600,3.6886686400,3.6578011200,178325535,849607081.0200
2022-07-01,3.6809517600,3.6809517600,3.6886686400,3.6578011200,134935817,642345556.8600
2022-07-04,3.6809517600,3.6809517600,3.6963855200,3.6655180000,130612061,622821600.8700
2022-07-05,3.6886686400,3.7041024000,3.7118192800,3.6809517600,203672006,975769265.0400
2022-07-06,3.7041024000,3.6886686400,3.7118192800,3.6732348800,176855107,844420040.6600
2022-07-07,3.6886686400,3.6732348800,3.6963855200,3.6732348800,161603898,771362415.7500
2022-07-08,3.6809517600,3.6809517600,3.6886686400,3.6578011200,162028879,771025597.8500
2022-07-11,3.6809517600,3.6963855200,3.7041024000,3.6655180000,331908902,1588548778.6000
2022-07-12,3.7128138800,3.7045996900,3.7210280700,3.6963855000,313447842,1415371773.3500
2022-07-13,3.7045996900,3.6306719800,3.7045996900,3.6224577900,339361224,1509312922.4400
2022-07-14,3.6306719800,3.5896010300,3.6306719800,3.5485300800,343023331,1493674363.0700
2022-07-15,3.5813868400,3.5567442700,3.5978152200,3.5567442700,218886260,953165920.5000
2022-07-18,3.5649584600,3.5896010300,3.5896010300,3.5649584600,177053974,771591237.4500
2022-07-19,3.5813868400,3.6060294100,3.6224577900,3.5731726500,174735865,766493792.2500
2022-07-20,3.6142436000,3.6471003600,3.6553145500,3.6060294100,162958037,721830506.6500
2022-07-21,3.6553145500,3.6060294100,3.6553145500,3.6060294100,148655038,655999434.8400
2022-07-22,3.6060294100,3.6224577900,3.6388861700,3.6060294100,143873736,634607518.3500
2022-07-25,3.6224577900,3.6471003600,3.6471003600,3.6142436000,131520370,582040206.7600
2022-07-26,3.6471003600,3.6306719800,3.6553145500,3.6306719800,138224601,612318085.1200
2022-07-27,3.6306719800,3.6060294100,3.6388861700,3.6060294100,125974061,553990998.7500
2022-07-28,3.6060294100,3.6060294100,3.6306719800,3.6060294100,119858370,527011552.5600
2022-07-29,3.6142436000,3.5978152200,3.6306719800,3.5896010300,143301779,629578815.6500
2022-08-01,3.5896010300,3.5896010300,3.6142436000,3.5813868400,133647435,585326908.9800
2022-08-02,3.5813868400,3.5731726500,3.5896010300,3.5567442700,180306667,782945384.4000
2022-08-03,3.5649584600,3.5485300800,3.5813868400,3.5485300800,141581450,614187516.5500
2022-08-04,3.5649584600,3.5896010300,3.5978152200,3.5485300800,185863244,809091671.0000
2022-08-05,3.5978152200,3.6060294100,3.6142436000,3.5813868400,122691518,537331729.0000
2022-08-08,3.6060294100,3.5731726500,3.6060294100,3.5649584600,129470948,564029561.0000
2022-08-09,3.5731726500,3.5649584600,3.5896010300,3.5649584600,82021225,356859073.0000
2022-08-10,3.5649584600,3.5567442700,3.5731726500,3.5485300800,90758527,393451050.0000
2022-08-11,3.5649584600,3.5813868400,3.5896010300,3.5567442700,152653308,664667705.0000
2022-08-12,3.5813868400,3.5813868400,3.5896010300,3.5649584600,112627134,490393040.0000
2022-08-15,3.5731726500,3.5649584600,3.5813868400,3.5567442700,119388944,518417996.4200
2022-08-16,3.5649584600,3.5567442700,3.5731726500,3.5567442700,129259534,561093998.8500
2022-08-17,3.5649584600,3.5649584600,3.5731726500,3.5485300800,173707762,752698401.7200
2022-08-18,3.5649584600,3.5485300800,3.5649584600,3.5485300800,107977056,467337829.6800
2022-08-19,3.5567442700,3.5567442700,3.5731726500,3.5485300800,106555720,462040416.4600
2022-08-22,3.5567442700,3.5567442700,3.5731726500,3.5485300800,102298346,443494666.8700
2022-08-23,3.5567442700,3.5485300800,3.5649584600,3.5485300800,106212820,459477326.3900
2022-08-24,3.5567442700,3.5485300800,3.5649584600,3.5485300800,110218503,476974352.8600
2022-08-25,3.5567442700,3.5649584600,3.5649584600,3.5485300800,116466910,504127532.8600
2022-08-26,3.5649584600,3.5731726500,3.5731726500,3.5567442700,98104572,426084962.6800
2022-08-29,3.5649584600,3.5567442700,3.5731726500,3.5485300800,102906353,445969000.9500
2022-08-30,3.5649584600,3.5813868400,3.5813868400,3.5567442700,134022525,582803338.5500
2022-08-31,3.5731726500,3.5978152200,3.5978152200,3.5649584600,259239209,1132180169.4700
2022-09-01,3.5813868400,3.5813868400,3.5896010300,3.5731726500,105691815,460792945.8700
2022-09-02,3.5731726500,3.5731726500,3.5896010300,3.5649584600,129784655,565116180.4800
2022-09-05,3.5731726500,3.5813868400,3.5813868400,3.5567442700,125909116,547119544.5100
2022-09-06,3.5813868400,3.5813868400,3.5978152200,3.5649584600,184580231,805772140.8200
2022-09-07,3.5813868400,3.5731726500,3.5813868400,3.5649584600,118912921,517187728.3000
2022-09-08,3.5813868400,3.5731726500,3.5813868400,3.5649584600,108674240,472815829.9800
2022-09-09,3.5813868400,3.5813868400,3.5978152200,3.5731726500,162795022,710715971.6200
2022-09-13,3.5896010300,3.5978152200,3.6060294100,3.5813868400,207622855,908320747.4000
2022-09-14,3.5813868400,3.5813868400,3.5978152200,3.5813868400,119521547,521881471.5300
2022-09-15,3.5896010300,3.6060294100,3.6142436000,3.5813868400,299407017,1312876134.9400
2022-09-16,3.6060294100,3.5813868400,3.6142436000,3.5813868400,242717138,1062487992.5500
2022-09-19,3.5896010300,3.5978152200,3.6060294100,3.5813868400,216720703,948114393.8200
2022-09-20,3.6060294100,3.5896010300,3.6060294100,3.5813868400,148524942,650364279.4500
2022-09-21,3.5896010300,3.5896010300,3.6060294100,3.5731726500,157848349,689565517.9900
2022-09-22,3.5813868400,3.6060294100,3.6142436000,3.5731726500,285730508,1248539894.3600
2022-09-23,3.5978152200,3.6142436000,3.6224577900,3.5896010300,281224160,1237026682.1500
2022-09-26,3.6060294100,3.5731726500,3.6142436000,3.5731726500,262698303,1147676708.6500
2022-09-27,3.5731726500,3.5649584600,3.5813868400,3.5567442700,190035823,825325571.8200
2022-09-28,3.5649584600,3.5731726500,3.5813868400,3.5567442700,180577277,784503627.6900
2022-09-29,3.5813868400,3.5567442700,3.5813868400,3.5567442700,175882532,763036787.4100
2022-09-30,3.5649584600,3.5731726500,3.5813868400,3.5567442700,157862846,686074088.9800
2022-10-10,3.5731726500,3.5813868400,3.5978152200,3.5567442700,317778153,1385758855.6300
2022-10-11,3.5813868400,3.5896010300,3.5978152200,3.5649584600,207120632,903371612.3700
2022-10-12,3.5896010300,3.6142436000,3.6142436000,3.5813868400,259239180,1135992155.0100
2022-10-13,3.6060294100,3.5731726500,3.6060294100,3.5649584600,270034847,1174850510.9800
2022-10-14,3.5731726500,3.5649584600,3.5813868400,3.5567442700,262969290,1142713536.0600
2022-10-17,3.5649584600,3.5731726500,3.5978152200,3.5567442700,256254527,1115347729.2400
2022-10-18,3.5813868400,3.5731726500,3.5813868400,3.5649584600,153338179,666628309.0000
2022-10-19,3.5649584600,3.5649584600,3.5813868400,3.5649584600,167922586,730221419.4900
2022-10-20,3.5731726500,3.5731726500,3.5813868400,3.5649584600,171289785,745032525.3000
2022-10-21,3.5731726500,3.5731726500,3.5813868400,3.5649584600,184623959,802815209.5300
2022-10-24,3.5731726500,3.5813868400,3.5813868400,3.5567442700,398276420,1731708675.7200
2022-10-25,3.5731726500,3.5649584600,3.5813868400,3.5649584600,205983443,895581872.9800
2022-10-26,3.5649584600,3.5156733200,3.5731726500,3.5156733200,430515147,1859606050.4700
2022-10-27,3.5156733200,3.4910307500,3.5238875100,3.4828165600,261456957,1114168571.8900
2022-10-28,3.4992449400,3.4910307500,3.5074591300,3.4828165600,232238617,989014764.5800
2022-10-31,3.4910307500,3.4088888500,3.4992449400,3.4006746600,313680862,1315941980.2300
2022-11-01,3.4088888500,3.3513895200,3.4171030400,3.2938901900,642844780,2617808617.2600
2022-11-02,3.3267469500,3.3431753300,3.3431753300,3.2938901900,345062679,1394694899.1000
2022-11-03,3.3267469500,3.3349611400,3.3349611400,3.3185327600,156467237,634051040.8800
2022-11-04,3.3267469500,3.3596037100,3.3842462800,3.3267469500,338099345,1382391650.4300
2022-11-07,3.3596037100,3.3513895200,3.3596037100,3.3349611400,242076334,986337816.8200
2022-11-08,3.3513895200,3.3596037100,3.3596037100,3.3431753300,126671007,517079539.7200
2022-11-09,3.3596037100,3.3678179000,3.3760320900,3.3513895200,136875257,560691180.1300
2022-11-10,3.3596037100,3.3760320900,3.3760320900,3.3513895200,142397457,582648249.2100
2022-11-11,3.3842462800,3.4088888500,3.4171030400,3.3760320900,276835288,1144895641.1000
2022-11-14,3.4171030400,3.4088888500,3.4417456100,3.4088888500,270815058,1129702478.4600
2022-11-15,3.4171030400,3.4253172300,3.4335314200,3.4088888500,156414010,651544033.8700
2022-11-16,3.4253172300,3.4171030400,3.4335314200,3.4171030400,113277031,472113066.9600
2022-11-17,3.4171030400,3.4253172300,3.4253172300,3.4006746600,168171659,698816838.0900
2022-11-18,3.4253172300,3.4253172300,3.4417456100,3.4171030400,178548149,745303162.6100
2022-11-21,3.4253172300,3.4335314200,3.4417456100,3.4088888500,180523196,753341791.6500
2022-11-22,3.4335314200,3.4746023700,3.4910307500,3.4253172300,270255318,1140835265.8700
2022-11-23,3.4746023700,3.4992449400,3.5238875100,3.4663881800,321090657,1369621339.2400
2022-11-24,3.5074591300,3.4910307500,3.5156733200,3.4828165600,141365386,602139322.7800
2022-11-25,3.4910307500,3.5485300800,3.5567442700,3.4910307500,369825416,1591516138.2000
2022-11-28,3.5238875100,3.4828165600,3.5321017000,3.4663881800,292727124,1241390938.1300
2022-11-29,3.4910307500,3.5485300800,3.5649584600,3.4828165600,411695633,1769804553.4200
2022-11-30,3.5321017000,3.5321017000,3.5567442700,3.5156733200,312182307,1342258892.8200
2022-12-01,3.5485300800,3.4910307500,3.5567442700,3.4828165600,352708371,1508271593.0900
2022-12-02,3.4910307500,3.4828165600,3.4992449400,3.4746023700,199898123,848573117.8800
2022-12-05,3.4992449400,3.5321017000,3.5485300800,3.4910307500,349731692,1499555626.8200
2022-12-06,3.5321017000,3.5403158900,3.5485300800,3.5238875100,259751549,1117747056.4200
2022-12-07,3.5403158900,3.5238875100,3.5485300800,3.5156733200,222335763,956706139.3000
2022-12-08,3.5238875100,3.5321017000,3.5403158900,3.5156733200,196600646,845283417.8900
2022-12-09,3.5321017000,3.5321017000,3.5485300800,3.5238875100,256490365,1103145219.4900
2022-12-12,3.5321017000,3.5074591300,3.5321017000,3.5074591300,196708131,843407173.3900
2022-12-13,3.5156733200,3.5321017000,3.5403158900,3.5074591300,164073577,704235151.1500
2022-12-14,3.5321017000,3.5238875100,3.5403158900,3.5074591300,197505351,845926524.8800
2022-12-15,3.5156733200,3.4992449400,3.5238875100,3.4910307500,179303937,763572928.1500
2022-12-16,3.4992449400,3.5238875100,3.5238875100,3.4828165600,198217166,846358171.2600
2022-12-19,3.5156733200,3.4992449400,3.5403158900,3.4910307500,164783722,704842464.2200
2022-12-20,3.4910307500,3.4746023700,3.5074591300,3.4746023700,176970742,751668830.8800
2022-12-21,3.4746023700,3.4910307500,3.4992449400,3.4746023700,118893037,504895105.2200
2022-12-22,3.4992449400,3.5074591300,3.5156733200,3.4910307500,129688869,553757270.6800
2022-12-23,3.5074591300,3.4910307500,3.5074591300,3.4910307500,90459786,385322878.5000
2022-12-26,3.4992449400,3.4992449400,3.5156733200,3.4828165600,147070124,626352010.9400
2022-12-27,3.5074591300,3.5321017000,3.5403158900,3.4992449400,184963329,793633877.4400
2022-12-28,3.5321017000,3.5485300800,3.5567442700,3.5238875100,175591554,757611069.2600
2022-12-29,3.5403158900,3.5321017000,3.5485300800,3.4992449400,188566553,809605996.1100
2022-12-30,3.5403158900,3.5649584600,3.5731726500,3.5321017000,298338666,1293431441.9200
2023-01-03,3.5649584600,3.5403158900,3.5649584600,3.5321017000,242880970,1047725001.9500
2023-01-04,3.5485300800,3.5813868400,3.5813868400,3.5403158900,235147735,1022070423.2400
2023-01-05,3.5813868400,3.5567442700,3.5978152200,3.5567442700,201779778,877204366.2500
2023-01-06,3.5567442700,3.5649584600,3.5731726500,3.5403158900,168713802,731034156.8100
2023-01-09,3.5731726500,3.5567442700,3.5813868400,3.5567442700,166679160,723302384.4500
2023-01-10,3.5649584600,3.5321017000,3.5649584600,3.5321017000,175125873,755033290.2900
2023-01-11,3.5321017000,3.5403158900,3.5485300800,3.5238875100,134949638,581583427.5000
2023-01-12,3.5403158900,3.5321017000,3.5485300800,3.5238875100,109553061,471371597.0300
2023-01-13,3.5321017000,3.5649584600,3.5649584600,3.5321017000,131055643,566908489.6600
2023-01-16,3.5649584600,3.5649584600,3.5813868400,3.5567442700,223950053,972719256.8100
2023-01-17,3.5649584600,3.5567442700,3.5731726500,3.5403158900,134839646,583427984.8400
2023-01-18,3.5567442700,3.5649584600,3.5731726500,3.5567442700,129040220,559746084.2600
2023-01-19,3.5567442700,3.5567442700,3.5649584600,3.5403158900,131115398,566876472.5400
2023-01-20,3.5567442700,3.5567442700,3.5649584600,3.5485300800,142323356,615310374.9200
2023-01-30,3.5649584600,3.5485300800,3.5731726500,3.5403158900,245108379,1060660579.2500
2023-01-31,3.5485300800,3.5485300800,3.5567442700,3.5403158900,168763524,729242572.8100
2023-02-01,3.5485300800,3.5403158900,3.5567442700,3.5321017000,172925259,745664750.0700
2023-02-02,3.5485300800,3.5321017000,3.5485300800,3.5321017000,202073628,870185101.7500
2023-02-03,3.5321017000,3.5321017000,3.5403158900,3.5238875100,197419101,848654204.2100
2023-02-06,3.5321017000,3.5238875100,3.5321017000,3.5156733200,216213750,926939859.0000
2023-02-07,3.5238875100,3.5238875100,3.5403158900,3.5156733200,158352142,680140869.1200
2023-02-08,3.5321017000,3.5321017000,3.5403158900,3.5238875100,129492829,556550719.6100
2023-02-09,3.5238875100,3.5321017000,3.5403158900,3.5238875100,130765909,562487646.2900
2023-02-10,3.5403158900,3.5403158900,3.5403158900,3.5238875100,120237620,517287827.6500
2023-02-13,3.5321017000,3.5238875100,3.5403158900,3.5238875100,190254036,817263325.4800
2023-02-14,3.5321017000,3.5321017000,3.5403158900,3.5238875100,106455757,457865981.3500
2023-02-15,3.5321017000,3.5238875100,3.5403158900,3.5156733200,204044617,875087610.6200
2023-02-16,3.5238875100,3.5156733200,3.5321017000,3.5156733200,189424699,812550640.3000
2023-02-17,3.5156733200,3.5156733200,3.5321017000,3.5156733200,178639516,766064990.4800
2023-02-20,3.5238875100,3.5403158900,3.5403158900,3.5156733200,233984407,1004838514.7800
2023-02-21,3.5321017000,3.5485300800,3.5485300800,3.5321017000,167893037,724398197.5500
2023-02-22,3.5485300800,3.5321017000,3.5485300800,3.5321017000,93751993,404187271.2200
2023-02-23,3.5403158900,3.5321017000,3.5485300800,3.5321017000,121562807,523722563.7100
2023-02-24,3.5403158900,3.5238875100,3.5403158900,3.5238875100,139118256,597341180.2400
2023-02-27,3.5238875100,3.5238875100,3.5321017000,3.5156733200,120180177,515168670.3000
2023-02-28,3.5238875100,3.5321017000,3.5321017000,3.5156733200,158050125,677615165.9200
2023-03-01,3.5321017000,3.5321017000,3.5403158900,3.5238875100,257556670,1107847947.0800
2023-03-02,3.5321017000,3.5485300800,3.5485300800,3.5238875100,220929425,952727207.8100
2023-03-03,3.5485300800,3.5813868400,3.5896010300,3.5485300800,322251125,1399659367.8400
2023-03-06,3.5896010300,3.5731726500,3.5978152200,3.5649584600,321861178,1401037315.2100
2023-03-07,3.5731726500,3.6060294100,3.6799571200,3.5649584600,677093404,2992988029.8700
2023-03-08,3.5896010300,3.6142436000,3.6224577900,3.5731726500,251397716,1098665504.2600
2023-03-09,3.6142436000,3.5978152200,3.6471003600,3.5978152200,241087853,1062348001.1000
2023-03-10,3.5813868400,3.5649584600,3.5978152200,3.5649584600,222125432,968749010.7600
2023-03-13,3.5649584600,3.6142436000,3.6224577900,3.5567442700,249191240,1092169163.1700
2023-03-14,3.6060294100,3.6224577900,3.6471003600,3.5978152200,254264476,1122413927.0500
2023-03-15,3.6388861700,3.6635287400,3.6717429300,3.6224577900,289683079,1288387302.9600
2023-03-16,3.6553145500,3.7128138800,3.7538848300,3.6471003600,587394744,2655044110.7800
2023-03-17,3.7210280700,3.7128138800,3.7620990200,3.6881713100,342858062,1553254966.0000
2023-03-20,3.7128138800,3.7045996900,3.7785274000,3.6963855000,338644615,1541399770.2700
2023-03-21,3.7128138800,3.6553145500,3.7374564500,3.6471003600,273510246,1222842096.6900
2023-03-22,3.6635287400,3.7128138800,3.7128138800,3.6553145500,221808782,998009990.3600
2023-03-23,3.7045996900,3.7128138800,3.7210280700,3.6799571200,189847348,855390079.2100
2023-03-24,3.7045996900,3.6799571200,3.7045996900,3.6717429300,161952887,726293379.6000
2023-03-27,3.6717429300,3.6635287400,3.6799571200,3.6224577900,212695930,944911323.7900
2023-03-28,3.6717429300,3.6881713100,3.6963855000,3.6471003600,171859069,768256377.8200
2023-03-29,3.6963855000,3.7045996900,3.7210280700,3.6635287400,215332456,969916344.7200
2023-03-30,3.7045996900,3.7128138800,3.7374564500,3.6799571200,181026632,816555471.0100
2023-03-31,3.7128138800,3.6635287400,3.7128138800,3.6553145500,234562482,1050304783.9500
2023-04-03,3.6635287400,3.6553145500,3.6717429300,3.6471003600,200518609,892555875.0700
2023-04-04,3.6553145500,3.7128138800,3.7128138800,3.6471003600,306159133,1376907553.8000
2023-04-06,3.7045996900,3.7210280700,3.7292422600,3.6881713100,195821608,884878222.8200
2023-04-07,3.7128138800,3.7210280700,3.7292422600,3.7045996900,124734768,564750744.4300
2023-04-10,3.7210280700,3.7374564500,3.7456706400,3.6963855000,240344917,1090106742.6900
2023-04-11,3.7374564500,3.7374564500,3.7538848300,3.7210280700,185217653,843163087.8200
2023-04-12,3.7456706400,3.7867415900,3.8113841600,3.7374564500,319851803,1472027339.2400
2023-04-13,3.7785274000,3.8031699700,3.8195983500,3.7620990200,218734268,1012149961.9900
2023-04-14,3.8195983500,3.8031699700,3.8195983500,3.7867415900,151496089,701396459.8200
2023-04-17,3.8031699700,3.8853118700,3.8935260600,3.7949557800,355629181,1666156218.9300
2023-04-18,3.8853118700,3.9181686300,3.9510253900,3.8770976800,395257434,1882106553.4300
2023-04-19,3.9181686300,3.9099544400,3.9428112000,3.9017402500,269921378,1288443209.2000
2023-04-20,3.9099544400,3.8935260600,3.9345970100,3.8442409200,318001341,1502667180.2100
2023-04-21,3.8935260600,3.8606693000,3.9345970100,3.8524551100,315854005,1496588900.1900
2023-04-24,3.8606693000,3.8770976800,3.9017402500,3.8442409200,306206810,1443750722.7400
2023-04-25,3.8688834900,3.9017402500,3.9263828200,3.8688834900,391567475,1857660018.5500
2023-04-26,3.8935260600,3.9017402500,3.9263828200,3.8195983500,400961115,1891851111.4900
2023-04-27,3.8935260600,3.9017402500,3.9017402500,3.8606693000,265707962,1256636713.6200
2023-04-28,3.8935260600,3.8770976800,3.9263828200,3.8606693000,250324400,1185262424.1900
2023-05-04,3.8606693000,4.0660240500,4.0742382400,3.8442409200,728970842,3541568881.8500
2023-05-05,4.0578098600,4.0988808100,4.1892369000,4.0578098600,682881000,3428249976.3200
2023-05-08,4.1235233800,4.3535207000,4.4028058400,4.1153091900,1048861302,5490372106.0000
2023-05-09,4.4110200300,4.3288781300,4.4931619300,4.2878071800,933498615,4986593624.0000
2023-05-10,4.2878071800,4.1317375700,4.3206639400,4.0988808100,751635446,3815734476.3800
2023-05-11,4.1317375700,4.1070950000,4.1974510900,4.0988808100,403736261,2028244040.2000
2023-05-12,4.0988808100,4.0906666200,4.1481659500,4.0660240500,365183927,1822660939.0300
2023-05-15,4.0988808100,4.1399517600,4.1563801400,3.9838821500,512125141,2529284812.2300
2023-05-16,4.1399517600,4.1153091900,4.2220936600,4.0906666200,323857900,1638354827.6800
2023-05-17,4.0988808100,4.0988808100,4.1399517600,4.0495956700,261539551,1303973178.5300
2023-05-18,4.1070950000,4.2056652800,4.2549504200,4.0988808100,440289321,2247012011.1800
2023-05-19,4.1974510900,4.1399517600,4.2220936600,4.1399517600,308225032,1566953441.4900
2023-05-22,4.1399517600,4.1645943300,4.2303078500,4.1235233800,257869576,1312745929.9000
2023-05-23,4.1563801400,4.0495956700,4.1974510900,4.0331672900,441179999,2195648030.9000
2023-05-24,4.0660240500,3.9099544400,4.0742382400,3.9017402500,522754145,2512302395.3800
2023-05-25,3.8853118700,3.8935260600,3.9181686300,3.8606693000,346134735,1637454759.4200
2023-05-26,3.8935260600,3.9428112000,3.9756679600,3.8770976800,234693092,1123359456.9000
2023-05-29,3.9510253900,3.9838821500,4.0085247200,3.9428112000,298055948,1441539229.7300
2023-05-30,3.9756679600,3.9592395800,4.0085247200,3.9345970100,268917549,1298717694.1300
2023-05-31,3.9510253900,3.9674537700,4.0003105300,3.9263828200,251354153,1215088902.4000
2023-06-01,3.9592395800,3.9920963400,4.0413814800,3.9428112000,270866017,1316044947.8400
2023-06-02,3.9920963400,4.0085247200,4.0249531000,3.9756679600,159486842,775899589.7800
2023-06-05,4.0085247200,4.0742382400,4.0906666200,3.9920963400,196182025,969318118.6500
2023-06-06,4.0742382400,4.0742382400,4.1481659500,4.0578098600,250176490,1251780678.6400
2023-06-07,4.0824524300,4.1153091900,4.1481659500,4.0824524300,219296442,1099411845.1600
2023-06-08,4.1153091900,4.1810227100,4.1892369000,4.0906666200,241381683,1219117767.8400
2023-06-09,4.1728085200,4.1645943300,4.2056652800,4.1563801400,211425548,1075351683.6800
2023-06-12,4.1728085200,4.0824524300,4.1810227100,4.0660240500,270665625,1353794292.2500
2023-06-13,4.0742382400,4.1070950000,4.1153091900,4.0660240500,162239381,809442490.1700
2023-06-14,4.0988808100,4.0003105300,4.1235233800,3.9920963400,350457716,1728125975.4900
2023-06-15,4.0249531000,4.0331672900,4.0742382400,4.0003105300,225251916,1105624109.0800
2023-06-16,4.0331672900,4.0085247200,4.0413814800,4.0085247200,217723833,1066214513.7300
2023-06-19,4.0085247200,3.9674537700,4.0167389100,3.9510253900,229411514,1110369621.4800
2023-06-20,3.9674537700,3.9674537700,4.0003105300,3.9428112000,175480258,847809825.3900
2023-06-21,3.9592395800,3.9838821500,4.0495956700,3.9510253900,273608767,1333802300.0300
2023-06-26,3.9838821500,3.9181686300,3.9920963400,3.9017402500,298983796,1430494630.7200
2023-06-27,3.9181686300,3.9510253900,3.9592395800,3.8853118700,212921448,1020036538.0000
2023-06-28,3.9428112000,3.9592395800,3.9756679600,3.9263828200,191402617,921642614.0900
2023-06-29,3.9510253900,3.9263828200,3.9592395800,3.9263828200,176864700,848123797.1900
2023-06-30,3.9345970100,3.9592395800,3.9756679600,3.9345970100,178939386,861972306.4600
2023-07-03,3.9756679600,4.0085247200,4.0167389100,3.9428112000,288517237,1401397652.6100
2023-07-04,4.0003105300,3.9674537700,4.0085247200,3.9592395800,223608129,1083994703.6300
2023-07-05,3.9674537700,3.9592395800,3.9838821500,3.9345970100,165050824,795131316.2600
2023-07-06,3.9428112000,3.9181686300,3.9674537700,3.9099544400,240267818,1150747048.4300
2023-07-07,3.9099544400,3.9099544400,3.9510253900,3.9017402500,220464340,1052383642.3000
2023-07-10,3.9181686300,3.9181686300,3.9345970100,3.9017402500,125939340,600869276.8200
2023-07-11,3.9345970100,3.9674537700,3.9756679600,3.9263828200,181036138,872812383.1200
2023-07-12,3.9674537700,3.9510253900,3.9920963400,3.9428112000,186267315,899237410.2600
2023-07-13,3.9592395800,4.0003105300,4.0167389100,3.9592395800,258113339,1252501955.5800
2023-07-14,4.0085247200,4.0003105300,4.0249531000,3.9756679600,305679951,1490328854.1500
2023-07-17,4.0265732000,4.0003129400,4.0353266200,3.9828061000,287292576,1313140480.2100
2023-07-18,4.0003129400,3.9740526800,4.0090663600,3.9565458400,210410278,955282785.7000
2023-07-19,3.9652992600,3.9915595200,4.0003129400,3.9565458400,145154682,659323286.7700
2023-07-20,4.0003129400,4.0090663600,4.0265732000,3.9915595200,144410538,661920422.3500
2023-07-21,4.0003129400,4.0090663600,4.0178197800,3.9915595200,130322632,596118856.4000
2023-07-24,4.0003129400,4.0003129400,4.0178197800,3.9740526800,115890583,528908859.7300
2023-07-25,4.0178197800,4.0440800400,4.0528334600,4.0090663600,192450760,887398434.7300
2023-07-26,4.0440800400,4.0528334600,4.0615868800,4.0265732000,115433768,533491432.2500
2023-07-27,4.0528334600,4.1141074000,4.1578745000,4.0528334600,240424094,1130511653.8400
2023-07-28,4.0966005600,4.1928881800,4.2016416000,4.0878471400,258504518,1229649771.2900
2023-07-31,4.2016416000,4.1753813400,4.2541621200,4.1491210800,282209705,1351064409.9500
2023-08-01,4.1753813400,4.1841347600,4.2016416000,4.1578745000,184994817,883177020.8200
2023-08-02,4.1578745000,4.0878471400,4.1666279200,4.0703403000,301643561,1414477097.9100
2023-08-03,4.0878471400,4.1316142400,4.1491210800,4.0615868800,211053335,991496642.6500
2023-08-04,4.1491210800,4.1491210800,4.1841347600,4.1141074000,235955082,1118833387.5800
2023-08-07,4.1403676600,4.1228608200,4.1403676600,4.0878471400,189989034,892038938.8700
2023-08-08,4.1141074000,4.0966005600,4.1228608200,4.0878471400,129297486,605700032.3600
2023-08-09,4.0878471400,4.1228608200,4.1228608200,4.0878471400,127589157,599028493.2800
2023-08-10,4.1141074000,4.1053539800,4.1228608200,4.0878471400,125126326,586262307.1000
2023-08-11,4.1053539800,4.0353266200,4.1053539800,4.0353266200,206555365,958427435.4100
2023-08-14,4.0178197800,3.9915595200,4.0178197800,3.9740526800,206290437,940677037.3400
2023-08-15,4.0003129400,4.0615868800,4.0790937200,3.9915595200,190195741,876696048.3600
2023-08-16,4.0440800400,4.0615868800,4.0703403000,4.0265732000,131958720,610777724.2900
2023-08-17,4.0528334600,4.0265732000,4.0528334600,4.0003129400,177738013,816332096.6400
2023-08-18,4.0178197800,4.0353266200,4.0878471400,4.0090663600,210684420,975878347.0600
2023-08-21,4.0353266200,3.9915595200,4.0528334600,3.9915595200,200805966,919967016.3600
2023-08-22,4.0003129400,4.0440800400,4.0615868800,3.9828061000,259120096,1189461330.2900
2023-08-23,4.0353266200,4.0615868800,4.0966005600,4.0178197800,251984855,1170788998.4900
2023-08-24,4.0703403000,4.0178197800,4.0790937200,4.0178197800,211778809,976867240.3300
2023-08-25,4.0090663600,4.0790937200,4.0966005600,4.0090663600,267093185,1238221614.6800
2023-08-28,4.2016416000,4.1403676600,4.2016416000,4.0966005600,433547377,2047848272.9500
2023-08-29,4.1228608200,4.0528334600,4.1316142400,4.0353266200,380580667,1766953943.6000
2023-08-30,4.0528334600,4.0178197800,4.0528334600,4.0003129400,325421081,1492263143.2900
2023-08-31,4.0090663600,4.0440800400,4.0615868800,3.9915595200,289427934,1328761083.9400
2023-09-01,4.0178197800,4.0003129400,4.0353266200,3.9828061000,296828399,1357727426.2200
2023-09-04,4.0090663600,4.0265732000,4.0353266200,3.9915595200,251176029,1153387624.7300
2023-09-05,4.0178197800,4.0178197800,4.0265732000,4.0090663600,166532913,764627604.1600
2023-09-06,4.0090663600,4.0353266200,4.0440800400,4.0090663600,156562216,721190245.6200
2023-09-07,4.0353266200,4.0440800400,4.0615868800,4.0265732000,211028480,975710529.8400
2023-09-08,4.0440800400,4.0178197800,4.0440800400,4.0090663600,122821874,563775965.3000
2023-09-11,4.0178197800,4.0178197800,4.0353266200,4.0090663600,173410368,796563541.1700
2023-09-12,4.0178197800,4.0265732000,4.0265732000,4.0090663600,126071489,578873994.0500
2023-09-13,4.0265732000,4.0440800400,4.0528334600,4.0178197800,206287857,951230236.1900
2023-09-14,4.0528334600,4.0966005600,4.0966005600,4.0440800400,351170670,1638629281.3300
2023-09-15,4.0966005600,4.0528334600,4.1141074000,4.0528334600,239732357,1116627266.8000
2023-09-18,4.0615868800,4.0615868800,4.0703403000,4.0353266200,166125786,768769281.2400
2023-09-19,4.0615868800,4.0966005600,4.0966005600,4.0528334600,206613320,963619723.3800
2023-09-20,4.0878471400,4.1053539800,4.1228608200,4.0790937200,284415941,1334624083.6300
2023-09-21,4.1053539800,4.1053539800,4.1491210800,4.0966005600,298161943,1401644983.9700
2023-09-22,4.1053539800,4.1491210800,4.1491210800,4.0878471400,309988640,1460209786.7900
2023-09-25,4.1491210800,4.1403676600,4.1666279200,4.1316142400,237222711,1124713307.2200
2023-09-26,4.1491210800,4.1141074000,4.1578745000,4.0966005600,214847545,1011746716.9900
2023-09-27,4.1141074000,4.0703403000,4.1228608200,4.0703403000,225802862,1054101376.8200
2023-09-28,4.0878471400,4.0966005600,4.1141074000,4.0790937200,156971696,734762892.0100
2023-10-09,4.0703403000,4.0878471400,4.1141074000,4.0528334600,214806559,1002756576.1300
2023-10-10,4.1053539800,4.0966005600,4.1316142400,4.0878471400,186035624,873180320.3000
2023-10-11,4.1053539800,4.1316142400,4.1403676600,4.1053539800,269205011,1269006830.5800
2023-10-12,4.2016416000,4.2366552800,4.2454087000,4.1841347600,567765757,2734640604.7200
2023-10-13,4.2103950200,4.2804223800,4.3241894800,4.2016416000,428227331,2094706163.7100
2023-10-16,4.2716689600,4.3066826400,4.3241894800,4.2454087000,282349473,1381506632.3800
2023-10-17,4.2979292200,4.3066826400,4.3154360600,4.2804223800,190043865,932409041.4500
2023-10-18,4.2979292200,4.3154360600,4.3592031600,4.2891758000,275779040,1360530617.7100
2023-10-19,4.2979292200,4.2279018600,4.3066826400,4.2103950200,363163394,1759426129.3300
2023-10-20,4.2016416000,4.1928881800,4.2366552800,4.1666279200,274782494,1317398880.8700
2023-10-23,4.1841347600,4.2191484400,4.2454087000,4.1753813400,268713543,1295265513.8900
2023-10-24,4.2191484400,4.1666279200,4.2279018600,4.1403676600,335548267,1596617823.6900
2023-10-25,4.1753813400,4.1228608200,4.1928881800,4.1228608200,348926020,1648499684.2900
2023-10-26,4.1228608200,4.1928881800,4.2016416000,4.1228608200,306531320,1460187892.6000
2023-10-27,4.2016416000,4.1753813400,4.2279018600,4.1578745000,292963333,1401153451.7400
2023-10-30,4.1578745000,4.1053539800,4.1666279200,4.0790937200,468611543,2199149845.2800
2023-10-31,4.1053539800,4.1403676600,4.1491210800,4.0878471400,241111606,1136787729.8700
2023-11-01,4.1491210800,4.1753813400,4.1841347600,4.1141074000,216678245,1029343589.4600
2023-11-02,4.1841347600,4.1841347600,4.2191484400,4.1753813400,213221716,1023208912.5100
2023-11-03,4.1841347600,4.1491210800,4.1928881800,4.1403676600,199554443,948809750.0200
2023-11-06,4.1491210800,4.1228608200,4.1666279200,4.1141074000,315553562,1487054517.1500
2023-11-07,4.1228608200,4.1316142400,4.1578745000,4.1053539800,176268114,831535432.0800
2023-11-08,4.1228608200,4.1228608200,4.1491210800,4.1053539800,230797803,1088088167.8200
2023-11-09,4.1141074000,4.1841347600,4.1928881800,4.1141074000,277464405,1319361414.1000
2023-11-10,4.1753813400,4.1841347600,4.2191484400,4.1491210800,215701907,1030812615.6200
2023-11-13,4.1841347600,4.1666279200,4.1841347600,4.1316142400,178447223,845699968.0300
2023-11-14,4.1578745000,4.1928881800,4.1928881800,4.1403676600,206539273,983406085.9300
2023-11-15,4.1841347600,4.1928881800,4.2016416000,4.1753813400,151014482,722371076.7400
2023-11-16,4.1841347600,4.2016416000,4.2191484400,4.1753813400,178304921,856430948.4500
2023-11-17,4.2016416000,4.1841347600,4.2103950200,4.1666279200,173374518,828856949.8600
2023-11-20,4.1841347600,4.2103950200,4.2191484400,4.1753813400,173724426,833340524.1100
2023-11-21,4.2103950200,4.2103950200,4.2366552800,4.2016416000,185578621,893722003.6800
2023-11-22,4.2016416000,4.2016416000,4.2279018600,4.1928881800,142623261,685928358.7000
2023-11-23,4.2103950200,4.2016416000,4.2103950200,4.1753813400,171301515,820169689.2900
2023-11-24,4.2016416000,4.2016416000,4.2191484400,4.1928881800,186232446,895099924.3400
2023-11-27,4.1928881800,4.1841347600,4.2016416000,4.1578745000,218371003,1041992127.4700
2023-11-28,4.1841347600,4.1928881800,4.2016416000,4.1753813400,133351104,638025596.7300
2023-11-29,4.1841347600,4.1753813400,4.1928881800,4.1666279200,160800736,767506442.8100
2023-11-30,4.1753813400,4.2103950200,4.2103950200,4.1666279200,214640258,1027384354.7400
2023-12-01,4.2016416000,4.2103950200,4.2279018600,4.1928881800,250046651,1202312572.7900
2023-12-04,4.2103950200,4.2016416000,4.2279018600,4.2016416000,153186134,736651081.5200
2023-12-05,4.2016416000,4.1666279200,4.2103950200,4.1666279200,198198879,948472230.7500
2023-12-06,4.1666279200,4.1141074000,4.1666279200,4.1141074000,295296499,1394679540.4900
2023-12-07,4.1141074000,4.1403676600,4.1578745000,4.0966005600,234775811,1108498603.7500
2023-12-08,4.1491210800,4.1403676600,4.1753813400,4.1316142400,198378401,940179673.8300
2023-12-11,4.1316142400,4.1403676600,4.1578745000,4.0703403000,279616194,1313136708.1200
2023-12-12,4.1316142400,4.1928881800,4.2016416000,4.1141074000,276903714,1320664344.2000
2023-12-13,4.1928881800,4.1928881800,4.2103950200,4.1753813400,249030427,1194973334.2400
2023-12-14,4.1928881800,4.1753813400,4.2103950200,4.1666279200,152173810,727096830.6400
2023-12-15,4.1753813400,4.1403676600,4.1928881800,4.1403676600,195390487,929151541.5000
2023-12-18,4.1403676600,4.1753813400,4.2016416000,4.1228608200,238076215,1134338056.8400
2023-12-19,4.1753813400,4.1928881800,4.2016416000,4.1666279200,175394013,840048361.7300
2023-12-20,4.2016416000,4.1928881800,4.2279018600,4.1753813400,221981982,1066878030.0300
2023-12-21,4.1841347600,4.1928881800,4.2016416000,4.1403676600,246534466,1174701829.0200
2023-12-22,4.1928881800,4.1841347600,4.2016416000,4.1666279200,221855554,1060976699.0200
2023-12-25,4.1753813400,4.2016416000,4.2103950200,4.1753813400,109480935,524989285.9300
2023-12-26,4.2016416000,4.2191484400,4.2191484400,4.1928881800,148737176,715555035.2000
2023-12-27,4.2191484400,4.2279018600,4.2366552800,4.1841347600,184318820,886215652.2400
2023-12-28,4.2279018600,4.1753813400,4.2454087000,4.1753813400,346516202,1664753044.2600
2023-12-29,4.1841347600,4.1841347600,4.2016416000,4.1753813400,180047763,861564197.3800
2024-01-02,4.1841347600,4.1928881800,4.2279018600,4.1753813400,207181111,995101442.2500
2024-01-03,4.1928881800,4.2366552800,4.2454087000,4.1841347600,248895427,1201719345.7100
2024-01-04,4.2366552800,4.2804223800,4.2891758000,4.2279018600,286567559,1396443521.1300
2024-01-05,4.2804223800,4.2629155400,4.3241894800,4.2541621200,286074720,1403610998.3600
2024-01-08,4.2629155400,4.2716689600,4.2979292200,4.2454087000,325225728,1588242673.1200
2024-01-09,4.2716689600,4.2716689600,4.2804223800,4.2279018600,225734456,1097994736.7600
2024-01-10,4.2629155400,4.2454087000,4.2979292200,4.2279018600,234243492,1138531555.1300
2024-01-11,4.2366552800,4.1841347600,4.2454087000,4.1753813400,330666851,1587950047.3000
2024-01-12,4.1753813400,4.2103950200,4.2279018600,4.1666279200,230066493,1105695049.2300
2024-01-15,4.2016416000,4.2541621200,4.2541621200,4.1928881800,181048290,874409886.8000
2024-01-16,4.2366552800,4.2804223800,4.2891758000,4.2366552800,248039913,1207827030.9900
2024-01-17,4.2716689600,4.2366552800,4.2891758000,4.2366552800,276631705,1349034065.5500
2024-01-18,4.2279018600,4.2454087000,4.2716689600,4.1316142400,523277295,2503424283.8300
2024-01-19,4.2279018600,4.2804223800,4.2804223800,4.1928881800,386721535,1875529373.0600
2024-01-22,4.2629155400,4.2804223800,4.3241894800,4.2541621200,442063513,2173336065.9500
2024-01-23,4.2804223800,4.2804223800,4.3066826400,4.2366552800,310748810,1515560674.0600
2024-01-24,4.2891758000,4.3504497400,4.3592031600,4.2716689600,334847464,1650534904.7800
2024-01-25,4.3592031600,4.3854634200,4.4204771000,4.3504497400,343758376,1721285076.5600
2024-01-26,4.3854634200,4.4554907800,4.4729976200,4.3679565800,389936754,1970826386.9900
2024-01-29,4.4467373600,4.5167647200,4.5517784000,4.4467373600,384404139,1981081369.2300
2024-01-30,4.4992578800,4.4905044600,4.5342715600,4.4554907800,291481662,1498554325.7800
2024-01-31,4.4817510400,4.5255181400,4.5430249800,4.4642442000,296385863,1525456799.3200
2024-02-01,4.5080113000,4.4992578800,4.5517784000,4.4905044600,299371509,1544401622.3000
2024-02-02,4.4992578800,4.5255181400,4.5517784000,4.4554907800,407597819,2103998355.7200
2024-02-05,4.5255181400,4.6305591800,4.6393126000,4.5167647200,615938832,3242203982.0000
2024-02-06,4.6305591800,4.6568194400,4.7093399600,4.6130523400,564913691,3006603607.5300
2024-02-07,4.6480660200,4.5780386600,4.6480660200,4.4467373600,775335496,4010563947.2500
2024-02-08,4.5167647200,4.5167647200,4.5255181400,4.4554907800,465369343,2383629315.5500
2024-02-19,4.5167647200,4.6130523400,4.6218057600,4.4642442000,479714386,2503180355.7200
2024-02-20,4.6130523400,4.6830797000,4.6918331200,4.5780386600,305978096,1626681256.3000
2024-02-21,4.6743262800,4.7356002200,4.7881207400,4.6655728600,346734893,1875270275.0500
2024-02-22,4.7268468000,4.7443536400,4.7531070600,4.6918331200,223127868,1204599969.4200
2024-02-23,4.7356002200,4.7968741600,4.8318878400,4.7356002200,358318546,1967299035.5900
2024-02-26,4.7968741600,4.6568194400,4.7968741600,4.6393126000,367717860,1977747711.3700
2024-02-27,4.6393126000,4.6393126000,4.6918331200,4.5955455000,294099947,1560959829.1400
2024-02-28,4.6393126000,4.6655728600,4.7005865400,4.5780386600,380609395,2021720032.5900
2024-02-29,4.6480660200,4.6655728600,4.6918331200,4.6393126000,252077765,1342717318.3600
2024-03-01,4.6568194400,4.6743262800,4.6830797000,4.6305591800,247751146,1317310135.7200
2024-03-04,4.6568194400,4.6568194400,4.6743262800,4.6218057600,255757275,1359409109.7300
2024-03-05,4.6568194400,4.7793673200,4.7968741600,4.6393126000,429846712,2323265995.5500
2024-03-06,4.7706139000,4.6830797000,4.8056275800,4.6830797000,352787155,1910626811.1200
2024-03-07,4.6830797000,4.7093399600,4.7268468000,4.6743262800,307459409,1650760689.8400
2024-03-08,4.7005865400,4.7180933800,4.7268468000,4.6743262800,247200399,1328152979.5000
2024-03-11,4.7093399600,4.7005865400,4.7180933800,4.6655728600,224302648,1200710433.1700
2024-03-12,4.6918331200,4.5517784000,4.6918331200,4.5430249800,511714772,2688688960.1900
2024-03-13,4.5430249800,4.5255181400,4.5605318200,4.4992578800,300360721,1555083540.9100
2024-03-14,4.5167647200,4.5430249800,4.5780386600,4.4992578800,241311421,1253072994.2900
2024-03-15,4.5430249800,4.5605318200,4.5867920800,4.5430249800,225861420,1177297473.7200
2024-03-18,4.5605318200,4.5342715600,4.5692852400,4.5255181400,191173451,991424880.4300
2024-03-19,4.5342715600,4.5080113000,4.5517784000,4.5080113000,202804619,1048062766.2400
2024-03-20,4.5080113000,4.5517784000,4.5692852400,4.4817510400,245397599,1270999033.0400
2024-03-21,4.5517784000,4.5692852400,4.5867920800,4.5342715600,205106253,1069468123.3300
2024-03-22,4.5780386600,4.5955455000,4.6130523400,4.5342715600,265784434,1390667474.9700
2024-03-25,4.5955455000,4.6305591800,4.6305591800,4.5867920800,237408100,1252612474.8000
2024-03-26,4.6305591800,4.6655728600,4.6655728600,4.6042989200,243359624,1289061751.0200
2024-03-27,4.6568194400,4.6918331200,4.7180933800,4.6393126000,290707855,1558334370.2500
2024-03-28,4.6743262800,4.5955455000,4.6830797000,4.5692852400,397889768,2091220999.3300
2024-03-29,4.5955455000,4.6218057600,4.6655728600,4.5780386600,229812271,1217142787.0800
2024-04-01,4.6218057600,4.6305591800,4.6568194400,4.6130523400,201919927,1069899178.4800
2024-04-02,4.6305591800,4.6743262800,4.6918331200,4.6218057600,314250134,1675629707.1700
2024-04-03,4.6743262800,4.6655728600,4.6918331200,4.6393126000,218224133,1164487633.1700
2024-04-08,4.6655728600,4.7268468000,4.7356002200,4.6480660200,307046883,1649825520.0700
2024-04-09,4.7268468000,4.6655728600,4.7618604800,4.6568194400,313915016,1683877064.0500
2024-04-10,4.6743262800,4.6743262800,4.7180933800,4.6568194400,244947247,1311190476.6300
2024-04-11,4.6568194400,4.6568194400,4.6743262800,4.6130523400,200263755,1064148839.6700
2024-04-12,4.6568194400,4.6568194400,4.6830797000,4.6305591800,248394369,1321908574.2400
2024-04-15,4.6655728600,4.7443536400,4.7531070600,4.6655728600,401243940,2162688285.8700
2024-04-16,4.7443536400,4.7881207400,4.8143810000,4.7093399600,400069253,2183179672.8600
2024-04-17,4.7706139000,4.8143810000,4.8318878400,4.7180933800,332204161,1811875417.6500
2024-04-18,4.8056275800,4.8318878400,4.9281754600,4.7968741600,387972759,2153809249.2200
2024-04-19,4.8143810000,4.8581481000,4.8931617800,4.8143810000,255940597,1421250834.2600
2024-04-22,4.8756549400,4.7968741600,4.9369288800,4.7881207400,327521249,1813431120.5600
2024-04-23,4.8056275800,4.8143810000,4.8844083600,4.7793673200,330912967,1827802629.4300
2024-04-24,4.8143810000,4.7881207400,4.8318878400,4.7793673200,236025975,1292875949.2800
2024-04-25,4.7968741600,4.8056275800,4.8143810000,4.7706139000,165074556,903595425.3400
2024-04-26,4.8056275800,4.7268468000,4.8493946800,4.7180933800,471033131,2563059301.2600
2024-04-29,4.7180933800,4.7093399600,4.7618604800,4.6743262800,349015064,1882123563.2100
2024-04-30,4.7005865400,4.7531070600,4.7706139000,4.6918331200,260174383,1410153798.7700
2024-05-06,4.7706139000,4.7005865400,4.7881207400,4.6918331200,405871400,2189241442.1900
2024-05-07,4.7005865400,4.7268468000,4.7356002200,4.6830797000,278163143,1495708239.9900
2024-05-08,4.7268468000,4.7356002200,4.7706139000,4.7093399600,296767233,1608594647.3000
2024-05-09,4.7268468000,4.7093399600,4.7356002200,4.7005865400,240195598,1293993946.3400
2024-05-10,4.7180933800,4.7268468000,4.7443536400,4.7093399600,264686114,1429642027.3900
2024-05-13,4.7268468000,4.7356002200,4.7531070600,4.6918331200,239093956,1289851740.3000
2024-05-14,4.7356002200,4.7005865400,4.7356002200,4.6918331200,257866693,1387229377.9900
2024-05-15,4.7005865400,4.7093399600,4.7180933800,4.6918331200,142708145,766846437.1500
2024-05-16,4.7005865400,4.7356002200,4.7443536400,4.6918331200,297188855,1603335345.6700
2024-05-17,4.7356002200,4.7881207400,4.7881207400,4.7180933800,383001626,2079470079.9200
2024-05-20,4.7881207400,4.7793673200,4.8406412600,4.7618604800,331820267,1817190584.8400
2024-05-21,4.7793673200,4.8143810000,4.8231344200,4.7618604800,273676042,1498524385.8800
2024-05-22,4.8143810000,4.8231344200,4.8493946800,4.8056275800,245844077,1356650239.5200
2024-05-23,4.8318878400,4.8056275800,4.8406412600,4.7881207400,224162538,1231956386.5800
2024-05-24,4.8056275800,4.7618604800,4.8231344200,4.7618604800,226186085,1238699583.9900
2024-05-27,4.7706139000,4.7968741600,4.8056275800,4.7618604800,215568186,1178996873.6500
2024-05-28,4.7968741600,4.8056275800,4.8231344200,4.7793673200,195724015,1074148916.0800
2024-05-29,4.8056275800,4.7881207400,4.8231344200,4.7706139000,227719946,1247889692.1000
2024-05-30,4.7881207400,4.7618604800,4.7968741600,4.7443536400,223985068,1219754897.4300
2024-05-31,4.7706139000,4.7531070600,4.7881207400,4.7531070600,203742314,1110323552.3300
2024-06-03,4.7531070600,4.7618604800,4.7706139000,4.7356002200,215772721,1171716313.5400
2024-06-04,4.7618604800,4.7881207400,4.7881207400,4.7618604800,175628796,958146650.7500
2024-06-05,4.7881207400,4.7793673200,4.7968741600,4.7706139000,188997545,1031778716.4100
2024-06-06,4.7793673200,4.7793673200,4.8056275800,4.7706139000,237521446,1298076591.6500
2024-06-07,4.7793673200,4.8318878400,4.8318878400,4.7706139000,297294346,1633744047.2200
2024-06-11,4.8318878400,4.7618604800,4.8493946800,4.7618604800,333761444,1829863373.3200
2024-06-12,4.7618604800,4.7268468000,4.7706139000,4.6918331200,323476183,1745522079.8000
2024-06-13,4.7268468000,4.7531070600,4.7618604800,4.7180933800,180474450,977764799.1000
2024-06-14,4.7531070600,4.8143810000,4.8318878400,4.7443536400,369814097,2027587054.7000
2024-06-17,4.8056275800,4.7531070600,4.8143810000,4.7268468000,273785828,1489815818.3700
2024-06-18,4.7443536400,4.7706139000,4.7793673200,4.7180933800,201065032,1091725781.3600
2024-06-19,4.7618604800,4.8143810000,4.8143810000,4.7618604800,247937006,1360484559.8500
2024-06-20,4.8143810000,4.8318878400,4.8318878400,4.7968741600,213376662,1175329568.9300
2024-06-21,4.8231344200,4.8231344200,4.8406412600,4.7968741600,224827378,1239151678.1600
2024-06-24,4.8231344200,4.8756549400,4.8844083600,4.8143810000,331721147,1839293338.4300
2024-06-25,4.8669015200,4.9019152000,4.9106686200,4.8581481000,292474147,1633949389.2700
2024-06-26,4.9019152000,4.9281754600,4.9544357200,4.8931617800,252470534,1420409161.6500
2024-06-27,4.9194220400,4.9894494000,4.9982028200,4.9019152000,315653580,1788966260.8000
2024-06-28,4.9806959800,4.9894494000,5.0069562400,4.9456823000,268553336,1525746419.5300
2024-07-01,4.9806959800,5.0944904400,5.1207507000,4.9719425600,320284626,1854826331.9300
2024-07-02,5.0944904400,5.2257917400,5.2345451600,5.0857370200,377040533,2234061030.0000
2024-07-03,5.2170383200,5.1557643800,5.2345451600,5.1207507000,274371879,1619018145.7600
2024-07-04,5.1557643800,5.2170383200,5.2345451600,5.1470109600,261898011,1556909212.3200
2024-07-05,5.2170383200,5.1032438600,5.2520520000,5.0857370200,399311982,2341435824.8600
2024-07-08,5.0944904400,5.1557643800,5.1995314800,5.0857370200,288364882,1699967172.1100
2024-07-09,5.1557643800,5.1995314800,5.1995314800,5.1207507000,295534319,1746477243.5800
2024-07-10,5.1995314800,5.2520520000,5.2608054200,5.1995314800,287630133,1720936653.3600
2024-07-11,5.2520520000,5.1907780600,5.2520520000,5.1295041200,376798473,2229396342.5500
2024-07-12,5.1820246400,5.3220793600,5.3395862000,5.1732712200,400967281,2418946580.6400
2024-07-15,5.3308327800,5.4271204000,5.4621340800,5.3045725200,428958260,2640918176.6400
2024-07-16,5.4547590400,5.4271166800,5.5008296400,5.3718319600,503559121,2966243649.3900
2024-07-17,5.4179025600,5.4455449200,5.4731872800,5.3810460800,321899185,1898464087.5400
2024-07-18,5.4363308000,5.4455449200,5.4547590400,5.3994743200,255386418,1505808654.5200
2024-07-19,5.4363308000,5.4455449200,5.4547590400,5.3626178400,360143972,2112440787.7500
2024-07-22,5.4179025600,5.3810460800,5.4271166800,5.3073331200,323060657,1879506551.9700
2024-07-23,5.3626178400,5.5376861200,5.5837567200,5.3534037200,508143809,3034821326.9700
2024-07-24,5.5284720000,5.5837567200,5.6298273200,5.5192578800,318449785,1929595589.6400
2024-07-25,5.5745426000,5.5837567200,5.6390414400,5.5008296400,411478668,2488088459.8400
2024-07-26,5.5745426000,5.4639731600,5.5929708400,5.3994743200,415945631,2462785200.3100
2024-07-29,5.4547590400,5.5100437600,5.5100437600,5.3810460800,261893127,1555917030.8700
2024-07-30,5.5008296400,5.5192578800,5.5561143600,5.4455449200,249533509,1490211571.2100
2024-07-31,5.5100437600,5.3902602000,5.5376861200,5.3718319600,461472959,2712777024.0600
2024-08-01,5.3718319600,5.4179025600,5.4455449200,5.2796907600,373139397,2178941279.0300
2024-08-02,5.3902602000,5.4179025600,5.4547590400,5.3718319600,281415849,1655728285.1700
2024-08-05,5.4179025600,5.4086884400,5.4824014000,5.3718319600,319544631,1883504218.1100
2024-08-06,5.4179025600,5.3441896000,5.4271166800,5.3257613600,275470037,1604677489.9500
2024-08-07,5.3626178400,5.3626178400,5.4179025600,5.3441896000,227015219,1326499664.8200
2024-08-08,5.3718319600,5.4086884400,5.4179025600,5.3534037200,187175943,1095813857.5600
2024-08-09,5.4086884400,5.4547590400,5.4639731600,5.3810460800,185078805,1091650499.0700
2024-08-12,5.4547590400,5.5192578800,5.5469002400,5.4455449200,225847836,1350053507.2700
2024-08-13,5.5192578800,5.5284720000,5.6021849600,5.4639731600,240418694,1445004522.5700
2024-08-14,5.5100437600,5.5469002400,5.5653284800,5.5008296400,188044815,1129757322.2200
2024-08-15,5.5469002400,5.5745426000,5.5837567200,5.5284720000,206740074,1247677389.8400
2024-08-16,5.5745426000,5.6574696800,5.6666838000,5.5561143600,270194042,1647386714.1100
2024-08-19,5.6574696800,5.7772532400,5.7956814800,5.6206132000,338863514,2104346757.2100
2024-08-20,5.7680391200,5.8878226800,5.8970368000,5.7588250000,399597420,2534261643.4800
2024-08-21,5.8509662000,5.8048956000,5.8601803200,5.7588250000,331588320,2088630841.8500
2024-08-22,5.7956814800,5.9154650400,5.9338932800,5.7956814800,350230155,2236501391.9100
2024-08-23,5.9154650400,5.9523215200,5.9707497600,5.8509662000,265657420,1706372379.6000
2024-08-26,5.9338932800,5.9246791600,5.9615356400,5.8509662000,267311089,1712684369.5100
2024-08-27,5.9154650400,6.0168203600,6.0352486000,5.9062509200,323249644,2103729869.8100
2024-08-28,6.0168203600,5.9799638800,6.0536768400,5.9338932800,314722513,2043853154.0000
2024-08-29,5.9707497600,5.7311826400,5.9799638800,5.7127544000,557314746,3505246233.8000
2024-08-30,5.6943261600,5.5100437600,5.7496108800,5.4916155200,880782347,5320880798.8000
2024-09-02,5.4363308000,5.4731872800,5.5284720000,5.4179025600,568240173,3379236044.2800
2024-09-03,5.4639731600,5.3073331200,5.4824014000,5.2336201600,648640129,3742967423.8400
2024-09-04,5.2704766400,5.2612625200,5.3257613600,5.2151919200,392331435,2240822276.8500
2024-09-05,5.2520484000,5.1875495600,5.2796907600,5.1599072000,383530775,2163978357.8500
2024-09-06,5.1875495600,5.1967636800,5.2796907600,5.1783354400,290696812,1651910319.4100
2024-09-09,5.1875495600,5.1691213200,5.2059778000,5.0769801200,282126704,1576623850.7500
2024-09-10,5.1691213200,5.2244060400,5.2704766400,5.1599072000,368343232,2088218471.5100
2024-09-11,5.2151919200,5.1046224800,5.2244060400,5.0677660000,359763384,1999982571.2800
2024-09-12,5.0769801200,5.1046224800,5.1230507200,5.0216954000,286853563,1582711060.5600
2024-09-13,5.1046224800,5.1230507200,5.1414789600,5.0861942400,234048696,1301691997.9200
2024-09-18,5.1322648400,5.2336201600,5.2336201600,5.1322648400,246839404,1391412406.9100
2024-09-19,5.2428342800,5.2059778000,5.2612625200,5.1414789600,280996806,1583072175.3000
2024-09-20,5.2151919200,5.2244060400,5.2428342800,5.1783354400,282832321,1602117689.0300
2024-09-23,5.2151919200,5.2704766400,5.2889048800,5.1783354400,227037687,1292978895.3600
2024-09-24,5.2981190000,5.5284720000,5.5284720000,5.2796907600,605204899,3559231106.6100
2024-09-25,5.6113990800,5.5653284800,5.7311826400,5.5008296400,629820829,3830867832.5600
2024-09-26,5.5653284800,5.7127544000,5.7219685200,5.5284720000,521674373,3190823779.2500
2024-09-27,5.7588250000,5.5376861200,5.8417520800,5.4547590400,687209271,4133669631.9600
2024-09-30,5.5376861200,5.6943261600,5.8141097200,5.3718319600,1616174183,9720369051.4900
2024-10-08,5.9891780000,5.6390414400,6.1366039200,5.5653284800,1688226172,10602986872.6500
2024-10-09,5.5837567200,5.5653284800,5.6851120400,5.5100437600,1009071781,6133595303.1000
2024-10-10,5.5745426000,5.7772532400,5.8970368000,5.5653284800,1091528147,6791738965.5500
2024-10-11,5.7588250000,5.7772532400,5.8878226800,5.7127544000,529952828,3337751103.7300
2024-10-14,5.8233238400,5.9615356400,5.9891780000,5.8233238400,789921118,5078881016.5500
2024-10-15,5.9246791600,5.7680391200,5.9431074000,5.7680391200,492769157,3131385265.1300
2024-10-16,5.7403967600,5.8601803200,5.8970368000,5.7311826400,414614580,2634359939.3800
2024-10-17,5.8509662000,5.7956814800,5.8970368000,5.7956814800,328081317,2079129206.2500
2024-10-18,5.7956814800,5.8233238400,5.8601803200,5.7219685200,514452181,3236239706.7800
2024-10-21,5.7956814800,5.6758979200,5.7956814800,5.6574696800,568464907,3510955376.4300
2024-10-22,5.6851120400,5.6574696800,5.7219685200,5.6298273200,431271479,2648200619.2700
2024-10-23,5.6574696800,5.6574696800,5.6758979200,5.6298273200,306854479,1883772583.1700
2024-10-24,5.6482555600,5.6758979200,5.7127544000,5.6390414400,288789477,1778302541.4600
2024-10-25,5.6666838000,5.6390414400,5.6851120400,5.6206132000,284528999,1742297127.5100
2024-10-28,5.6298273200,5.5929708400,5.6298273200,5.5561143600,329536371,1995022237.3600
2024-10-29,5.5929708400,5.5837567200,5.6298273200,5.5745426000,293860704,1785953206.7400
2024-10-30,5.5745426000,5.5376861200,5.6021849600,5.5284720000,305412004,1839999984.4800
2024-10-31,5.5653284800,5.5653284800,5.6206132000,5.5376861200,305287998,1844805161.1300
2024-11-01,5.5653284800,5.6666838000,5.6666838000,5.5561143600,451237925,2760339811.5000
2024-11-04,5.6666838000,5.6482555600,5.6666838000,5.5745426000,318060458,1937583730.0200
2024-11-05,5.6206132000,5.6666838000,5.6666838000,5.6113990800,312510781,1914855699.3600
2024-11-06,5.6482555600,5.6113990800,5.6666838000,5.5929708400,345023115,2106283783.0100
2024-11-07,5.6021849600,5.6666838000,5.6666838000,5.5837567200,379448763,2318559913.1700
2024-11-08,5.6666838000,5.6298273200,5.6851120400,5.6206132000,330042436,2021389761.1200
2024-11-11,5.6021849600,5.5653284800,5.6113990800,5.5469002400,398730171,2410772376.9900
2024-11-12,5.5653284800,5.5284720000,5.5929708400,5.5284720000,329274155,1984275396.3800
2024-11-13,5.5284720000,5.5653284800,5.5929708400,5.5100437600,343885792,2075207458.3800
2024-11-14,5.5561143600,5.5929708400,5.6206132000,5.5376861200,373526484,2271181110.0900
2024-11-15,5.5837567200,5.5745426000,5.6298273200,5.5561143600,384523275,2337086118.7300
2024-11-18,5.6021849600,5.7035402800,5.7496108800,5.5929708400,693242480,4282442406.2000
2024-11-19,5.6943261600,5.6666838000,5.7311826400,5.5929708400,429498710,2648795350.7700
2024-11-20,5.6482555600,5.6574696800,5.6943261600,5.6390414400,268242057,1649596255.5300
2024-11-21,5.6482555600,5.6482555600,5.6666838000,5.6298273200,180910703,1107466761.4600
2024-11-22,5.6574696800,5.5745426000,5.6666838000,5.5745426000,297820281,1814510785.7700
2024-11-25,5.5837567200,5.5929708400,5.6482555600,5.5745426000,290372207,1770698664.2300
2024-11-26,5.5929708400,5.6758979200,5.6943261600,5.5745426000,330004149,2021400612.9400
2024-11-27,5.6666838000,5.7127544000,5.7311826400,5.6574696800,288317376,1783808193.7300
2024-11-28,5.7035402800,5.7035402800,5.7311826400,5.6666838000,201840011,1248696414.7200
2024-11-29,5.7035402800,5.6666838000,5.7403967600,5.6574696800,290646513,1796519083.8400
2024-12-02,5.6758979200,5.6482555600,5.6758979200,5.6206132000,241747989,1480654066.8100
2024-12-03,5.6482555600,5.7219685200,5.7219685200,5.6390414400,338517203,2090169389.6200
2024-12-04,5.7219685200,5.7680391200,5.7864673600,5.6851120400,357231531,2228037036.9800
2024-12-05,5.7588250000,5.7680391200,5.8325379600,5.7403967600,264528322,1659231377.5800
2024-12-06,5.7680391200,5.8233238400,5.8417520800,5.7588250000,311963037,1968098516.4200
2024-12-09,5.8048956000,5.8233238400,5.8693944400,5.7864673600,312743296,1982868640.4400
2024-12-10,5.8509662000,5.9154650400,5.9431074000,5.8325379600,437294605,2792561331.8800
2024-12-11,5.8970368000,5.8141097200,5.9431074000,5.8048956000,387000336,2461585209.9300
2024-12-12,5.8233238400,5.9154650400,5.9154650400,5.8141097200,290184474,1851706027.9200
2024-12-13,5.8970368000,5.8878226800,5.9431074000,5.8601803200,389098441,2494595253.5100
2024-12-16,5.8878226800,6.0168203600,6.0628909600,5.8786085600,471572594,3074595962.6900
2024-12-17,6.0076062400,5.9983921200,6.0721050800,5.9983921200,313847722,2053036753.2600
2024-12-18,6.0260344800,6.0721050800,6.1273898000,6.0168203600,348942453,2301576368.5300
2024-12-19,6.0536768400,5.9799638800,6.0905333200,5.9707497600,361528511,2360581313.1000
2024-12-20,5.9891780000,6.0168203600,6.0905333200,5.9891780000,376548842,2467195131.3900
2024-12-23,6.0168203600,6.1734604000,6.2287451200,6.0168203600,487110027,3253676275.0400
2024-12-24,6.1826745200,6.2471733600,6.2563874800,6.1273898000,464147368,3126875531.6200
2024-12-25,6.2379592400,6.3945992800,6.4867404800,6.2287451200,636090132,4411842457.1600
2024-12-26,6.3945992800,6.3853851600,6.3945992800,6.2563874800,487252264,3343500771.6500
2024-12-27,6.3485286800,6.3761710400,6.3945992800,6.2287451200,510704060,3503590981.7800
2024-12-30,6.3393145600,6.4038134000,6.4498840000,6.3301004400,482330317,3342787448.9800
2024-12-31,6.3945992800,6.3761710400,6.4775263600,6.3577428000,520980174,3632600717.6200
2025-01-02,6.3669569200,6.2656016000,6.4314557600,6.2287451200,531482465,3636887199.5500
2025-01-03,6.2748157200,6.1826745200,6.2932439600,6.0997474400,521073986,3493034296.6400
2025-01-06,6.1826745200,6.2195310000,6.2471733600,6.0721050800,474224652,3180308148.2000
2025-01-07,6.2195340800,6.2948083200,6.3136268800,6.1724876800,382021777,2534162278.8400
2025-01-08,6.2948083200,6.3606732800,6.4359475200,6.2759897600,399684284,2703647491.2400
2025-01-09,6.3606732800,6.3136268800,6.3700825600,6.2665804800,236723419,1589593952.1000
2025-01-10,6.3230361600,6.2759897600,6.3418547200,6.2101248000,262025788,1748468962.7400
2025-01-13,6.2665804800,6.2101248000,6.2759897600,6.1066227200,330603282,2177310840.1000
2025-01-14,6.2007155200,6.2195340800,6.2571712000,6.1724876800,341885264,2259932309.0200
2025-01-15,6.2101248000,6.2383526400,6.3324454400,6.1913062400,307598274,2046662180.9100
2025-01-16,6.2477619200,6.2853990400,6.2948083200,6.1818969600,267468138,1778119564.6000
2025-01-17,6.2759897600,6.2195340800,6.3042176000,6.2101248000,278134635,1846159115.8900
2025-01-20,6.2289433600,6.1818969600,6.2383526400,6.1724876800,227362256,1498234582.4700
2025-01-21,6.1913062400,6.1630784000,6.2195340800,6.1348505600,215743537,1417436127.2000
2025-01-22,6.1536691200,6.0595763200,6.1724876800,6.0219392000,411169363,2658494737.8600
2025-01-23,6.0972134400,6.2665804800,6.2948083200,6.0972134400,544682003,3602828422.6800
2025-01-24,6.2759897600,6.2759897600,6.3230361600,6.1818969600,328205211,2189475262.2300
2025-01-27,6.2853990400,6.4171289600,6.4453568000,6.2853990400,371866219,2529075691.1200
2025-02-05,6.4171289600,6.2948083200,6.4359475200,6.2853990400,330540617,2222211105.1900
2025-02-06,6.3042176000,6.2948083200,6.3606732800,6.2571712000,264423725,1768795001.4100
2025-02-07,6.2759897600,6.2948083200,6.2948083200,6.2195340800,367643900,2445156829.7900
2025-02-10,6.2665804800,6.2759897600,6.3418547200,6.2477619200,311926833,2088870492.3400
2025-02-11,6.2853990400,6.4171289600,6.4171289600,6.2853990400,394195410,2664073221.9800
2025-02-12,6.4077196800,6.4924032000,6.5112217600,6.3324454400,325781148,2231545258.0300
2025-02-13,6.4829939200,6.5488588800,6.5770867200,6.4641753600,294524426,2045526566.3200
2025-02-14,6.5488588800,6.5770867200,6.5864960000,6.4924032000,253157791,1759162065.1200
2025-02-17,6.5676774400,6.5488588800,6.5864960000,6.5018124800,271346003,1885698489.4900
2025-02-18,6.5394496000,6.6711795200,6.7182259200,6.5300403200,397512135,2808344232.1100
2025-02-19,6.6617702400,6.6335424000,6.6994073600,6.6147238400,322072343,2274371586.2400
2025-02-20,6.6241331200,6.6617702400,6.6711795200,6.5864960000,251326656,1772394388.1900
2025-02-21,6.6429516800,6.5206310400,6.6523609600,6.5018124800,577209800,4021172959.4200
2025-02-24,6.4924032000,6.4829939200,6.5300403200,6.4171289600,437330985,3008552846.0600
2025-02-25,6.4829939200,6.4547660800,6.5206310400,6.4265382400,313984475,2159709476.8500
2025-02-26,6.4547660800,6.4735846400,6.5300403200,6.4359475200,329370010,2269557031.1200
2025-02-27,6.4547660800,6.5206310400,6.5394496000,6.3606732800,439190234,3015352620.5100
2025-02-28,6.4924032000,6.4641753600,6.5676774400,6.4641753600,431589620,2985870128.8400
2025-03-03,6.4641753600,6.4453568000,6.4829939200,6.3794918400,396401925,2705652927.0300
2025-03-04,6.4171289600,6.3794918400,6.4359475200,6.3794918400,343656171,2336781174.8700
2025-03-05,6.3700825600,6.4641753600,6.4924032000,6.3324454400,459912360,3147082337.2800
2025-03-06,6.4453568000,6.4265382400,6.4547660800,6.3889011200,365671205,2495349516.8200
2025-03-07,6.4265382400,6.3983104000,6.4453568000,6.3889011200,322375578,2195284348.4100
2025-03-10,6.3889011200,6.3418547200,6.3983104000,6.3230361600,324211647,2186689994.9300
2025-03-11,6.3230361600,6.3794918400,6.3794918400,6.3230361600,268000241,1809114542.5400
2025-03-12,6.3606732800,6.3230361600,6.3700825600,6.3042176000,317770218,2135384159.2900
2025-03-13,6.3230361600,6.3324454400,6.3700825600,6.3042176000,257295017,1734795847.0500
2025-03-14,6.3230361600,6.3512640000,6.4077196800,6.3230361600,489072129,3311312295.1400
2025-03-17,6.3512640000,6.4077196800,6.4265382400,6.3418547200,358619828,2436756611.0800
2025-03-18,6.4265382400,6.3983104000,6.4359475200,6.3700825600,236952810,1611444863.3500
2025-03-19,6.4077196800,6.4641753600,6.4735846400,6.3983104000,303269420,2077764026.4600
2025-03-20,6.4641753600,6.4359475200,6.5112217600,6.4077196800,300845241,2058985286.2000
2025-03-21,6.4171289600,6.3606732800,6.4453568000,6.3512640000,308799123,2096634446.2400
2025-03-24,6.3606732800,6.4171289600,6.4453568000,6.3606732800,306040169,2084392843.2500
2025-03-25,6.4265382400,6.4453568000,6.4641753600,6.4077196800,231805672,1587419427.9500
2025-03-26,6.4547660800,6.4265382400,6.4735846400,6.4077196800,233780088,1598912189.6200
2025-03-27,6.4171289600,6.4641753600,6.4829939200,6.4171289600,258027810,1771784347.7400
2025-03-28,6.4547660800,6.4735846400,6.4735846400,6.4265382400,212838148,1458086736.8600
2025-03-31,6.4735846400,6.4829939200,6.5300403200,6.3983104000,407133779,2804461038.7000
2025-04-01,6.4641753600,6.3983104000,6.4924032000,6.3794918400,428429119,2917602553.0500
2025-04-02,6.3889011200,6.4453568000,6.4547660800,6.3794918400,309974434,2116421299.5800
2025-04-03,6.4171289600,6.4829939200,6.4924032000,6.4171289600,306166881,2102242323.5700
2025-04-07,6.3983104000,6.3606732800,6.4171289600,6.2101248000,849156726,5702039105.5000
2025-04-08,6.3042176000,6.4171289600,6.4359475200,6.2853990400,671267831,4544166472.3000
2025-04-09,6.3889011200,6.3983104000,6.4829939200,6.3418547200,566168770,3844424813.4400
2025-04-10,6.3983104000,6.3512640000,6.3983104000,6.3324454400,401337508,2710599654.9400
2025-04-11,6.3606732800,6.3983104000,6.3983104000,6.3230361600,347554477,2348002468.4500
2025-04-14,6.3794918400,6.4641753600,6.4924032000,6.3700825600,439404222,3007411465.0600
2025-04-15,6.4641753600,6.5488588800,6.5582681600,6.4547660800,384179013,2662998736.3300
2025-04-16,6.5488588800,6.6429516800,6.6429516800,6.5206310400,413240227,2892689929.5700
2025-04-17,6.6335424000,6.6335424000,6.6617702400,6.5488588800,263918835,1851782418.7600
2025-04-18,6.6241331200,6.7182259200,6.7464537600,6.6147238400,388434530,2766835231.8700
2025-04-21,6.7088166400,6.6335424000,6.8217280000,6.6335424000,374298383,2668689810.1800
2025-04-22,6.6335424000,6.7276352000,6.7370444800,6.6241331200,299787096,2134511556.7600
2025-04-23,6.7182259200,6.6899980800,6.7464537600,6.6523609600,256977281,1828680837.8700
2025-04-24,6.6711795200,6.8123187200,6.8593651200,6.6711795200,357610870,2578423054.4800
2025-04-25,6.8217280000,6.7840908800,6.8781836800,6.7464537600,232601976,1680542606.3500
2025-04-28,6.7935001600,6.8593651200,6.9064115200,6.7935001600,285376580,2081021042.1800
2025-04-29,6.8687744000,6.8405465600,6.8970022400,6.8123187200,217973789,1585106864.9000
2025-04-30,6.7935001600,6.5959052800,6.8029094400,6.5582681600,644997131,4547350160.2800
2025-05-06,6.5959052800,6.5676774400,6.6147238400,6.5206310400,366374062,2553328289.2900
2025-05-07,6.5959052800,6.6899980800,6.6899980800,6.5582681600,433645624,3063562853.2200
2025-05-08,6.6711795200,6.6899980800,6.7464537600,6.6617702400,283712076,2017330424.4400
2025-05-09,6.6805888000,6.7464537600,6.8029094400,6.6805888000,312196548,2237795766.4600
2025-05-12,6.7276352000,6.7370444800,6.7558630400,6.6899980800,270276988,1932351707.7400
2025-05-13,6.7370444800,6.8029094400,6.8217280000,6.6994073600,276745946,1994786847.0500
2025-05-14,6.8029094400,6.8029094400,6.8499558400,6.7746816000,286869706,2076209237.4200
2025-05-15,6.8029094400,6.8405465600,6.8593651200,6.7935001600,270262063,1961219203.7500
2025-05-16,6.8311372800,6.7370444800,6.8687744000,6.6994073600,393514131,2821005777.4300
2025-05-19,6.7370444800,6.6994073600,6.7746816000,6.6899980800,256669058,1835179445.2800
2025-05-20,6.7182259200,6.7088166400,6.7370444800,6.6805888000,197691246,1409121066.9000
2025-05-21,6.7088166400,6.7182259200,6.7652723200,6.6899980800,254071278,1817575022.7600
2025-05-22,6.7276352000,6.6994073600,6.7370444800,6.6805888000,294075911,2095825510.7400
2025-05-23,6.6994073600,6.6617702400,6.7276352000,6.6523609600,316918822,2250187441.4100
2025-05-26,6.6617702400,6.6335424000,6.6805888000,6.6147238400,287644999,2031163197.3400
2025-05-27,6.6335424000,6.6429516800,6.6711795200,6.6241331200,182520233,1290694507.2100
2025-05-28,6.6429516800,6.6335424000,6.6617702400,6.6053145600,171017546,1204153101.9400
2025-05-29,6.6335424000,6.6241331200,6.6523609600,6.6053145600,193469856,1361048215.2200
2025-05-30,6.6335424000,6.6523609600,6.6994073600,6.6053145600,346759935,2453474444.6700
2025-06-03,6.6335424000,6.6899980800,6.7088166400,6.6241331200,272811811,1935871377.4800
2025-06-04,6.6899980800,6.6617702400,6.6994073600,6.6429516800,211897550,1501300431.0400
2025-06-05,6.6617702400,6.6711795200,6.6994073600,6.6523609600,225574217,1598752218.1300
2025-06-06,6.6805888000,6.6805888000,6.6994073600,6.6523609600,187029962,1326482211.9000
2025-06-09,6.6805888000,6.6617702400,6.6899980800,6.6241331200,291368455,2060159019.1800
2025-06-10,6.6617702400,6.6805888000,6.7652723200,6.6523609600,416132202,2968939275.5300
2025-06-11,6.6805888000,6.6994073600,6.7276352000,6.6711795200,224773372,1600489311.0800
2025-06-12,6.6994073600,6.6899980800,6.7088166400,6.6711795200,231833635,1647893540.8200
2025-06-13,6.6899980800,6.6711795200,6.7088166400,6.6617702400,280894807,1993391253.1500
2025-06-16,6.6617702400,6.7182259200,6.7182259200,6.6053145600,278603977,1973414702.3000
2025-06-17,6.7088166400,6.7464537600,6.7464537600,6.6994073600,227938264,1631206054.3500
2025-06-18,6.7464537600,6.8217280000,6.8217280000,6.7370444800,332132252,2399282240.4800
2025-06-19,6.8123187200,6.8687744000,6.8687744000,6.7746816000,284177966,2063441901.2400
2025-06-20,6.8593651200,6.9346393600,6.9440486400,6.8499558400,310692774,2278784785.6900
2025-06-23,6.9252300800,7.0757785600,7.1134156800,6.8970022400,389737815,2904803935.2200
2025-06-24,7.0663692800,7.1792806400,7.1886899200,7.0569600000,356019900,2697370669.5200
2025-06-25,7.1604620800,7.2169177600,7.2545548800,7.0757785600,349545155,2670562941.2100
2025-06-26,7.2075084800,7.2639641600,7.2921920000,7.1698713600,293189014,2256598292.1600
2025-06-27,7.2639641600,7.0569600000,7.3016012800,7.0381414400,482051141,3654638053.1100
2025-06-30,7.0381414400,7.1416435200,7.1604620800,6.9816857600,306147245,2307954197.1700
2025-07-01,7.1416435200,7.2075084800,7.2827827200,7.1322342400,268331921,2061516556.2700
2025-07-02,7.2263270400,7.2263270400,7.2545548800,7.1980992000,206829092,1588904789.7100
2025-07-03,7.2263270400,7.1886899200,7.2639641600,7.1510528000,225654126,1727134626.9600
2025-07-04,7.1886899200,7.2921920000,7.3204198400,7.1792806400,289057141,2231478827.1900
2025-07-07,7.2827827200,7.2733734400,7.3110105600,7.2451456000,194883425,1507334339.0900
2025-07-08,7.2733734400,7.3016012800,7.3204198400,7.2451456000,198342024,1536668535.1600
2025-07-09,7.3016012800,7.3862848000,7.4615590400,7.2921920000,289827566,2281970067.3700
2025-07-10,7.4051033600,7.6026982400,7.6497446400,7.4051033600,587046649,4723382453.7300
2025-07-11,7.6403353600,7.5368332800,7.8661580800,7.5368332800,888595567,7287115483.3800
2025-07-14,7.5848374000,7.5272310400,7.6616458800,7.5272310400,470693507,3718881120.6700
2025-07-15,7.5464331600,7.4888268000,7.5656352800,7.4504225600,318688110,2491230675.8700
2025-07-16,7.4600236200,7.4888268000,7.4888268000,7.3928162000,352498773,2727111480.5200
2025-07-17,7.4792257400,7.4408215000,7.4984278600,7.4120183200,279321672,2165167688.4100
2025-07-18,7.4312204400,7.4600236200,7.5080289200,7.3928162000,272785006,2118707043.3900
2025-07-21,7.4504225600,7.3928162000,7.4600236200,7.3640130200,313546593,2416554043.1800
2025-07-22,7.3640130200,7.2968056000,7.3736140800,7.2584013600,477834517,3631140814.3700
2025-07-23,7.2872045400,7.3448109000,7.4216193800,7.2584013600,489105637,3743744906.3400
2025-07-24,7.3448109000,7.2488003000,7.3640130200,7.2295981800,462394830,3497603345.3600
2025-07-25,7.2295981800,7.1911939400,7.2776034800,7.1815928800,330891747,2491086129.2000
2025-07-28,7.1911939400,7.1911939400,7.2391992400,7.1623907600,273422683,2051369273.2300
2025-07-29,7.1911939400,7.1335875800,7.2199971200,7.1335875800,292271928,2182949358.9100
2025-07-30,7.1335875800,7.1911939400,7.2488003000,7.1047844000,390727111,2927215141.1200
2025-07-31,7.1911939400,7.2584013600,7.2872045400,7.1239865200,480969617,3614613286.7800
2025-08-01,7.2584013600,7.3160077200,7.3640130200,7.1815928800,514589960,3907516133.8200
2025-08-04,7.3256087800,7.3736140800,7.4696246800,7.3160077200,448275076,3454575647.0800
2025-08-05,7.3736140800,7.4504225600,7.4504225600,7.3256087800,340318210,2621498586.8200
2025-08-06,7.4408215000,7.4504225600,7.4888268000,7.4024172600,296778213,2301147116.0900
2025-08-07,7.4408215000,7.5272310400,7.5560342200,7.3928162000,378982097,2960611114.3600
2025-08-08,7.5272310400,7.4792257400,7.5848374000,7.4600236200,273925773,2144008142.2300
2025-08-11,7.4696246800,7.3928162000,7.4888268000,7.3736140800,336839216,2599658649.8500
2025-08-12,7.3832151400,7.4696246800,7.4984278600,7.3640130200,318398082,2474883100.4400
2025-08-13,7.4600236200,7.3928162000,7.5080289200,7.3928162000,336019675,2601354456.2800
2025-08-14,7.3928162000,7.3832151400,7.4504225600,7.3640130200,283487282,2187318595.7000
2025-08-15,7.3928162000,7.2488003000,7.4120183200,7.1815928800,648005787,4882339779.3200
2025-08-18,7.2103960600,7.2295981800,7.2391992400,7.1623907600,407237249,3054805756.9500
2025-08-19,7.2295981800,7.2680024200,7.2968056000,7.2103960600,338524703,2560802995.0500
2025-08-20,7.2776034800,7.2680024200,7.3160077200,7.2584013600,331520586,2515293334.1500
2025-08-21,7.2680024200,7.2968056000,7.3160077200,7.2103960600,344302753,2609843959.5200
2025-08-22,7.2968056000,7.3256087800,7.3256087800,7.2295981800,383772789,2908481745.1700
2025-08-25,7.2968056000,7.2872045400,7.3064066600,7.2488003000,413159805,3129154376.4000
2025-08-26,7.2776034800,7.2488003000,7.3160077200,7.2391992400,299832827,2268338335.9400
2025-08-27,7.2391992400,7.1143854600,7.2391992400,7.1143854600,515724751,3852879694.0600
2025-08-28,7.1143854600,7.0855822800,7.1431886400,7.0279759200,465468887,3436054968.8000
2025-08-29,7.0855822800,7.1335875800,7.2295981800,7.0855822800,519615100,3876595172.6000
2025-09-01,7.1335875800,7.0855822800,7.1527897000,7.0663801600,384543584,2842147961.1200
2025-09-02,7.0759812200,7.2680024200,7.2680024200,7.0567791000,769065213,5756720401.4400
2025-09-03,7.2680024200,7.1431886400,7.2776034800,7.1239865200,491977133,3687104655.9800
2025-09-04,7.1047844000,7.2391992400,7.2968056000,6.9703695600,876005936,6522723401.1600
2025-09-05,7.2199971200,7.1431886400,7.2391992400,7.1047844000,441709309,3294733879.8900
2025-09-08,7.1143854600,7.1047844000,7.1431886400,7.0759812200,354276019,2623331823.4100
2025-09-09,7.0951833400,7.1335875800,7.1623907600,7.0855822800,266279392,1977586299.1100
2025-09-10,7.1431886400,7.1719918200,7.1815928800,7.0855822800,288656044,2148056692.8800
2025-09-11,7.1623907600,7.2103960600,7.2776034800,7.0951833400,541515855,4047763814.4200
2025-09-12,7.1911939400,7.1815928800,7.2391992400,7.1527897000,299282463,2242324705.0100
2025-09-15,7.1527897000,7.1335875800,7.2103960600,7.1047844000,329581921,2450259696.0200
2025-09-16,7.1143854600,7.1527897000,7.1911939400,7.1143854600,289347614,2156214466.1500
2025-09-17,7.1239865200,7.1623907600,7.1623907600,7.1047844000,247584186,1840577292.7700
2025-09-18,7.1527897000,6.9991727400,7.1623907600,6.9895716800,529780717,3898308493.6600
2025-09-19,6.9895716800,6.9127632000,6.9895716800,6.8359547200,480709754,3461205357.9200
2025-09-22,6.9127632000,6.8935610800,6.9607685000,6.8647579000,275089120,1981415046.8700
2025-09-23,6.8743589600,7.1047844000,7.1143854600,6.8455557800,628825604,4616426035.8900
2025-09-24,7.0951833400,7.1719918200,7.2295981800,7.0759812200,514206919,3831987700.9600
2025-09-25,7.1431886400,7.0855822800,7.1623907600,7.0183748600,323722840,2381142339.7400
2025-09-26,7.0567791000,7.1143854600,7.1335875800,7.0087738000,273359298,2015436917.7800
2025-09-29,7.0855822800,7.0375769800,7.1047844000,6.9703695600,405003933,2967071848.7500
2025-09-30,7.0183748600,7.0087738000,7.0375769800,6.9703695600,244567627,1784123669.3000
2025-10-09,6.9607685000,7.0183748600,7.0279759200,6.9127632000,297741076,2160546979.4700
2025-10-10,6.9991727400,7.0183748600,7.0663801600,6.9895716800,304869689,2232583779.3200
2025-10-13,7.0279759200,6.9799706200,7.0663801600,6.9415663800,395738605,2882595178.3900
2025-10-14,6.9703695600,7.2007950000,7.2007950000,6.9319653200,693878140,5134528487.8200
2025-10-15,7.1719918200,7.1623907600,7.2391992400,7.1239865200,407599319,3046378593.6000
2025-10-16,7.1335875800,7.3256087800,7.3448109000,7.1335875800,495623345,3749953456.0800
2025-10-17,7.3256087800,7.3160077200,7.4120183200,7.2680024200,408700246,3125404222.2600
2025-10-20,7.2872045400,7.3064066600,7.3448109000,7.1719918200,391978593,2960246448.1300
2025-10-21,7.2776034800,7.3352098400,7.3448109000,7.2391992400,344113924,2616075702.8400
2025-10-22,7.3256087800,7.4504225600,7.4792257400,7.3160077200,381586556,2942641848.6000
2025-10-23,7.4504225600,7.5272310400,7.5752363400,7.4024172600,432661432,3378223695.5700
2025-10-24,7.4888268000,7.5272310400,7.5752363400,7.4504225600,326362333,2556166917.0200
2025-10-27,7.4888268000,7.5944384600,7.6232416400,7.4312204400,391994677,3079616600.0100
2025-10-28,7.5848374000,7.6712469400,7.7000501200,7.5368321000,332040817,2640150337.2000
2025-10-29,7.6616458800,7.5176299800,7.6712469400,7.4888268000,368304439,2902412946.6400
2025-10-30,7.5176299800,7.5272310400,7.5848374000,7.4696246800,278716126,2186887579.7600
2025-10-31,7.5560342200,7.4696246800,7.5560342200,7.3640130200,369325324,2861703073.9500
2025-11-03,7.4792257400,7.5848374000,7.6232416400,7.4696246800,342073424,2696886642.5500
2025-11-04,7.5752363400,7.8056617800,7.8152628400,7.5752363400,441097605,3556070089.2200
2025-11-05,7.8440660200,7.8152628400,7.8824702600,7.7672575400,394153630,3216874937.6900
2025-11-06,7.7960607200,7.7672575400,7.8248639000,7.7384543600,300975800,2437052280.6100
2025-11-07,7.7672575400,7.7288533000,7.8344649600,7.7000501200,280161358,2259074574.1300
2025-11-10,7.7000501200,7.7960607200,7.8056617800,7.6616458800,223291315,1801106445.9600
2025-11-11,7.7768586000,7.8344649600,7.8440660200,7.7480554200,191740104,1558044146.0900
2025-11-12,7.8344649600,7.8632681400,7.9880819200,7.8248639000,359289795,2963066407.2800
2025-11-13,7.8824702600,7.8824702600,7.9112734400,7.7576564800,290137915,2369679710.5400
2025-11-14,7.9016723800,7.9208745000,8.0456882800,7.8920713200,306335129,2542717457.3900
2025-11-17,7.9208745000,7.8440660200,7.9304755600,7.7864596600,258276810,2109115126.5000
2025-11-18,7.8152628400,7.8728692000,7.9208745000,7.7864596600,217595965,1780723631.2500
2025-11-19,7.8728692000,7.9016723800,7.9880819200,7.8440660200,234428313,1935987517.4200
2025-11-20,7.8824702600,7.9400766200,8.0648904000,7.8536670800,359487746,2984350151.4900
2025-11-21,7.9496776800,7.9208745000,8.0456882800,7.8920713200,464444666,3850244345.9000
2025-11-24,7.8728692000,7.8728692000,7.9304755600,7.7960607200,348919016,2859936699.6000
2025-11-25,7.8536670800,7.9784808600,7.9880819200,7.8056617800,305542994,2518475879.2600
2025-11-26,7.9784808600,7.8344649600,8.0456882800,7.8248639000,331041956,2718206391.3200
2025-11-27,7.8248639000,7.8344649600,7.8632681400,7.7384543600,234412223,1906028129.9900
2025-11-28,7.8248639000,7.7864596600,7.8440660200,7.7576564800,208401567,1692569484.2200
2025-12-01,7.7288533000,7.7672575400,7.7864596600,7.7000501200,265260863,2138449352.4800
2025-12-02,7.7672575400,7.7672575400,7.7960607200,7.7000501200,214518991,1731677085.2100
2025-12-03,7.7384543600,7.7288533000,7.8248639000,7.7096511800,221258490,1789483342.8400
2025-12-04,7.7480554200,7.7288533000,7.7672575400,7.7000501200,149101162,1200193245.4800
2025-12-05,7.7192522400,7.6712469400,7.7768586000,7.6328427000,246147254,1971460421.3900
2025-12-08,7.6712469400,7.6712469400,7.7192522400,7.6328427000,213082015,1705238074.2300
2025-12-09,7.6904490600,7.7768586000,7.8248639000,7.6616458800,265490103,2142465662.3900
2025-12-10,7.7672575400,7.6232416400,7.7960607200,7.6040395200,308417560,2463322810.7500
2025-12-11,7.6328427000,7.6808480000,7.6808480000,7.5848374000,262175952,2082812280.6100
2025-12-12,7.6520448200,7.6520448200,7.6616458800,7.5272310400,519110533,4108578951.0900
2025-12-15,7.6422748600,7.6325021300,7.6813657800,7.5934112100,250971265,1963049712.8900
2025-12-16,7.6325021300,7.6129566700,7.6520475900,7.5543202900,193438893,1505170840.8100
2025-12-17,7.6031839400,7.6325021300,7.6911385100,7.5738657500,220686117,1727882118.0100
2025-12-18,7.6325021300,7.8084112700,7.8181840000,7.6129566700,241748413,1913173479.1800
2025-12-19,7.7790930800,7.7009112400,7.7986385400,7.6813657800,235588226,1863589555.1700
2025-12-22,7.6813657800,7.7106839700,7.7302294300,7.6520475900,166891534,1312853939.2800
2025-12-23,7.7106839700,7.7400021600,7.7693203500,7.6911385100,200056954,1583859587.2200
2025-12-24,7.7400021600,7.7302294300,7.7790930800,7.7009112400,173667076,1375070939.0600
2025-12-25,7.7204567000,7.6813657800,7.7302294300,7.6520475900,165519023,1301798780.6500
2025-12-26,7.6618203200,7.6325021300,7.6813657800,7.6129566700,150069730,1173341228.1000
2025-12-29,7.6325021300,7.6911385100,7.7204567000,7.5934112100,270638611,2123332196.8900
2025-12-30,7.6618203200,7.6715930500,7.6911385100,7.6129566700,208754643,1634489989.0800
2025-12-31,7.6520475900,7.7497748900,7.7790930800,7.6520475900,286652775,2264103769.8800
2026-01-05,7.7302294300,7.6422748600,7.7595476200,7.5836384800,425414468,3323770772.1400
2026-01-06,7.6325021300,7.6227294000,7.6325021300,7.5836384800,259577011,2020831026.6300
2026-01-07,7.6031839400,7.5738657500,7.6129566700,7.5250021000,329789579,2553204798.3300
2026-01-08,7.5640930200,7.5152293700,7.5640930200,7.4761384500,291913967,2241434646.1500
2026-01-09,7.5152293700,7.5347748300,7.5445475600,7.4663657200,241092986,1852121115.6700
2026-01-12,7.5250021000,7.5640930200,7.5934112100,7.4761384500,292385221,2254589840.0800
2026-01-13,7.5738657500,7.6325021300,7.6715930500,7.5640930200,365192509,2852104727.9000
2026-01-14,7.6129566700,7.5152293700,7.6129566700,7.5054566400,390138294,3012753360.0300
2026-01-15,7.5054566400,7.5054566400,7.5640930200,7.4859111800,287026679,2210237335.9400
2026-01-16,7.4956839100,7.4370475300,7.5054566400,7.4077293400,340670636,2599011573.6200
2026-01-19,7.4272748000,7.3588656900,7.4565929900,7.3295475000,329064004,2487942467.8900
2026-01-20,7.3490929600,7.3686384200,7.3979566100,7.3295475000,302886281,2282239426.4800
2026-01-21,7.3588656900,7.1829565500,7.3881838800,7.1731838200,474520755,3522309900.1600
2026-01-22,7.1829565500,7.1047747100,7.2122747400,7.0852292500,388067394,2834236296.6300
2026-01-23,7.1047747100,7.0461383300,7.1243201700,7.0070474100,377013409,2724246963.5400
2026-01-26,7.0265928700,7.0754565200,7.1536383600,6.9875019500,455056572,3299949683.6700
2026-01-27,7.0754565200,7.0656837900,7.2025020100,7.0461383300,469808053,3430365917.4300
2026-01-28,7.0461383300,7.0363656000,7.1243201700,6.9972746800,456456322,3298588943.3700
2026-01-29,7.0265928700,7.0950019800,7.1340929000,6.9972746800,438099607,3165642865.1800
2026-01-30,7.1047747100,7.0852292500,7.2220474700,7.0559110600,460741381,3371970034.3300
2026-02-02,7.0950019800,7.1536383600,7.2220474700,7.0852292500,541179108,3969793199.7300
2026-02-03,7.1340929000,7.0168201400,7.1438656300,6.9875019500,449210785,3234033720.0600
2026-02-04,7.0168201400,7.0754565200,7.1243201700,7.0070474100,308484394,2229422895.5900
2026-02-05,7.0852292500,7.1340929000,7.1536383600,7.0656837900,310157513,2259528657.6000
2026-02-06,7.1438656300,7.0950019800,7.1829565500,7.0559110600,251460124,1827005073.8800
2026-02-09,7.0852292500,7.1145474400,7.1243201700,7.0461383300,203253025,1475435013.9600
2026-02-10,7.1145474400,7.1340929000,7.1731838200,7.0950019800,194804763,1423437347.8800
2026-02-11,7.1536383600,7.1243201700,7.1536383600,7.1047747100,138803118,1012219596.1300
2026-02-12,7.1243201700,7.0168201400,7.1340929000,7.0070474100,353083680,2542533950.1700
2026-02-13,7.0265928700,6.9484110300,7.0363656000,6.9484110300,317392508,2267176686.0600
2026-02-24,6.9679564900,6.8995473800,6.9875019500,6.8897746500,296628020,2101275787.3100
2026-02-25,6.8995473800,6.8897746500,6.9093201100,6.8702291900,219289428,1546795849.5000
2026-02-26,6.8995473800,6.8018200800,6.9093201100,6.7725018900,367815271,2568485975.9300
2026-02-27,6.7822746200,6.7627291600,6.7920473500,6.7529564300,243931526,1688509137.3600
2026-03-02,6.7431837000,6.8018200800,6.8311382700,6.6943200500,373808728,2593479400.1100
2026-03-03,6.7920473500,6.9581837600,6.9875019500,6.7529564300,570711679,4038809572.9600
2026-03-04,6.9386383000,6.9190928400,6.9581837600,6.8506837300,378868061,2676759814.1900
2026-03-05,6.8800019200,6.9484110300,6.9777292200,6.8702291900,264204918,1876835995.4500
2026-03-06,6.9484110300,6.9484110300,7.0168201400,6.9093201100,216279734,1539913740.5400
2026-03-09,6.9190928400,6.9386383000,7.0168201400,6.9093201100,334048067,2380737355.3600
2026-03-10,6.9190928400,6.8800019200,6.9288655700,6.8604564600,271375199,1911897926.8300
2026-03-11,6.8800019200,6.9581837600,6.9581837600,6.8604564600,237694618,1682787743.3000
2026-03-12,6.9581837600,6.9972746800,7.0070474100,6.9288655700,252339748,1801009650.3100
2026-03-13,6.9972746800,7.0363656000,7.0559110600,6.9484110300,303350193,2176854052.3300
2026-03-16,7.0363656000,7.0852292500,7.1340929000,7.0168201400,306828268,2223009072.2600
2026-03-17,7.0852292500,7.2220474700,7.2318202000,7.0754565200,364457286,2680605162.3600
2026-03-18,7.2220474700,7.2220474700,7.2904565800,7.1634110900,379473038,2805537752.1000
2026-03-19,7.1927292800,7.3588656900,7.3784111500,7.1829565500,560676394,4202515704.5600
2026-03-20,7.3588656900,7.3295475000,7.4370475300,7.3100020400,391245436,2951969563.7500
2026-03-23,7.3100020400,7.0852292500,7.3100020400,7.0363656000,502322937,3666480862.4300
2026-03-24,7.0950019800,7.1536383600,7.2220474700,7.0852292500,376772907,2753885367.6400
2026-03-25,7.1634110900,7.1731838200,7.1829565500,7.0265928700,337594544,2456869162.8500
2026-03-26,7.1438656300,7.2513656600,7.2709111200,7.1340929000,263470756,1944436803.1300
2026-03-27,7.2415929300,7.2318202000,7.3002293100,7.2025020100,279067565,2068413454.7600
2026-03-30,7.2025020100,7.3979566100,7.4077293400,7.1927292800,371587575,2788815657.1000
2026-03-31,7.3979566100,7.4663657200,7.5152293700,7.3784111500,391473536,2988015499.3300
2026-04-01,7.4272748000,7.4077293400,7.5347748300,7.3686384200,330870374,2520186946.6500
2026-04-02,7.3979566100,7.4565929900,7.5152293700,7.3881838800,275748282,2103575351.8400
2026-04-03,7.4468202600,7.3295475000,7.4663657200,7.3100020400,245299029,1845798121.8000
2026-04-07,7.3393202300,7.2318202000,7.3490929600,7.1927292800,241550420,1791682941.4200
2026-04-08,7.2025020100,7.1536383600,7.2122747400,7.0363656000,453272819,3302757146.9700
2026-04-09,7.1536383600,7.1634110900,7.1829565500,7.0950019800,253052541,1847689324.8900
2026-04-10,7.1438656300,7.1438656300,7.1731838200,7.1145474400,199244899,1456347538.2300
2026-04-13,7.1438656300,7.2025020100,7.2220474700,7.1047747100,229280948,1682915591.2600
2026-04-14,7.1829565500,7.2904565800,7.3100020400,7.1634110900,222502681,1649575629.5400
2026-04-15,7.2806838500,7.3295475000,7.3490929600,7.2513656600,223997632,1678471122.4600
2026-04-16,7.3295475000,7.2904565800,7.3686384200,7.2611383900,227614243,1701959507.9200
2026-04-17,7.2806838500,7.2709111200,7.3197747700,7.2611383900,162113554,1208485741.8300
2026-04-20,7.2709111200,7.3979566100,7.3979566100,7.2513656600,239402442,1802054168.7800
2026-04-21,7.3979566100,7.4468202600,7.5054566400,7.3979566100,248922962,1899023494.7500
2026-04-22,7.4468202600,7.3490929600,7.4663657200,7.3197747700,220844527,1665652318.7500
2026-04-23,7.3490929600,7.4077293400,7.4175020700,7.3100020400,233254885,1762261994.2900
2026-04-24,7.4077293400,7.4077293400,7.4370475300,7.3295475000,204753387,1550383930.2300
2026-04-27,7.3784111500,7.3393202300,7.4468202600,7.3197747700,214982736,1620897758.2400
2026-04-28,7.3197747700,7.3588656900,7.3686384200,7.3002293100,167894472,1260582537.5000
2026-04-29,7.3393202300,7.3002293100,7.3686384200,7.2709111200,267138558,1996449253.9200
2026-04-30,7.2904565800,7.2806838500,7.3393202300,7.2513656600,302237113,2253745161.2800
2026-05-06,7.2806838500,7.1927292800,7.2806838500,7.1438656300,382681585,2810776900.0100
2026-05-07,7.1927292800,7.2220474700,7.2904565800,7.1536383600,337154766,2495456739.8500
2026-05-08,7.2415929300,7.2904565800,7.3197747700,7.2415929300,243690484,1815302004.7600
2026-05-11,7.2904565800,7.3002293100,7.3197747700,7.2318202000,287090006,2137209417.0200
2026-05-12,7.3100020400,7.3100020400,7.3686384200,7.2904565800,279322238,2094509569.8700
2026-05-13,7.3400000000,7.2300000000,7.3400000000,7.2200000000,363536568,2639766595.2700
2026-05-14,7.2300000000,7.3000000000,7.3500000000,7.1900000000,361545124,2635897325.1500
2026-05-15,7.2900000000,7.2400000000,7.3400000000,7.2300000000,275804926,2004133105.9600
2026-05-18,7.2400000000,7.1900000000,7.2500000000,7.1600000000,234390344,1687451140.4400
2026-05-19,7.1900000000,7.2600000000,7.3000000000,7.1800000000,264358359,1919242516.2600
2026-05-20,7.2600000000,7.1300000000,7.2700000000,7.1300000000,272783722,1958110701.4800
2026-05-21,7.1300000000,7.1500000000,7.2000000000,7.0800000000,271386940,1939493899.7900
2026-05-22,7.1300000000,7.1800000000,7.2200000000,7.1200000000,231500099,1660299733.8500
