,000002,000858,002594,600036,600048,600104,600519,600900,601088,601398,000300,000905,cpi_yoy,m2_yoy
0,26.59432424,111.86238232,15.58236879,29.43297648,12.60270324,20.2128876,979.04556,14.99544207,11.61051463,4.15146039,4152.24,5366.137,0.0,8.4
1,26.17776695,110.56658095,15.54031548,29.8266274,12.3624303,20.154348,934.47732672,15.07663017,11.59177792,4.16536813,4144.964,5380.637,0.0,8.4
2,25.73670629,109.4232268,15.61795236,29.70550404,12.15316032,19.5355008,933.98347188,14.7762342,11.72918046,4.15146039,4129.295,5434.85,0.0,8.4
3,25.94090104,109.56720473,15.54355035,29.63737215,12.23841846,19.6776684,948.31392636,14.76811539,11.75416274,4.17927587,4160.227,5499.839,0.0,8.4
4,25.87555872,109.16067881,15.29446536,29.07717661,12.02914848,19.9787292,942.77755368,14.65445205,11.46062095,4.10973717,4112.317,5423.796,0.0,8.4
5,26.3002838,110.75290533,15.41415555,29.4481169,12.61820472,20.865186,955.3925124,14.68692729,11.4918488,4.10973717,4164.369,5497.542,0.0,8.4
6,25.69586734,113.16665298,15.17801004,29.55409984,12.41668548,20.948814,963.88335,14.613858,11.34195512,4.10973717,4163.184,5480.227,0.0,8.4
7,25.87555872,118.28210414,16.69516407,29.5995211,12.77321952,21.157884,974.08101924,14.67068967,11.36069183,4.12364491,4203.988,5559.627,0.0,8.4
8,25.63869281,117.35048224,17.28714528,29.37998501,12.6724599,20.8819116,959.4646488,14.75999658,11.33570955,4.13059878,4189.886,5542.331,0.0,8.4
9,24.90359171,119.2476032,17.24509197,28.85764052,12.50194362,20.5390368,963.56277756,14.62197681,11.13585131,4.08887556,4166.734,5530.026,0.0,8.4
10,24.93626287,119.12903314,17.49741183,28.73651716,12.42443622,20.739744,959.118084,14.63009562,11.1171146,4.0332446,4149.043,5527.667,0.0,8.4
11,24.87908834,117.34201295,18.74607165,28.71380653,12.49419288,20.6895672,959.55129,14.40276894,11.1795703,4.04715234,4154.853,5510.045,0.0,8.4
12,24.39718873,116.50355324,19.00809612,29.00147451,12.38568252,20.196162,945.255492,14.50831347,11.0546589,4.06106008,4185.83,5587.535,0.0,8.4
13,23.85811459,112.31972398,18.34818264,28.60782359,11.9748933,19.318068,931.6528236,14.44336299,10.94223864,4.01238299,4114.308,5523.941,0.0,8.4
14,24.59321569,111.5405493,19.17307449,28.63053422,12.30042438,19.4100588,931.83477012,14.2891056,11.0546589,4.02629073,4131.931,5575.512,0.0,8.4
15,23.67025542,106.84856264,19.35422721,27.86594301,11.88188442,18.9082908,912.1585536,13.92375915,10.79234496,3.97761364,4003.901,5377.741,0.0,8.4
16,21.75082477,96.16031866,17.41977495,26.51844563,10.83553452,17.14374,869.80833504,13.90752153,9.98042086,3.76899754,3688.357,4910.901,1.4,8.8
17,22.55943598,96.9733705,18.23172732,26.76069235,11.09130894,17.060112,899.34432012,14.05366011,10.14905125,3.8246285,3785.637,4996.474,1.4,8.8
18,22.57577156,99.52262679,19.67124447,26.76826256,11.22307152,17.4698892,909.72393588,14.05366011,10.14280568,3.81767463,3828.527,5123.961,1.4,8.8
19,22.7881341,100.91159035,19.65183525,27.06350075,11.2773267,17.5702428,927.927252,14.15920464,10.16154239,3.8246285,3899.775,5282.892,1.4,8.8
20,22.4614225,102.12269882,18.7298973,26.81368382,11.1610656,17.77095,932.259312,14.52455109,10.10533226,3.78290528,3899.869,5327.036,1.4,8.8
21,23.41705393,102.58850977,19.71006291,26.5714371,11.49434742,17.896392,924.01973388,14.31346203,10.21150695,3.76899754,3916.005,5388.434,1.4,8.8
22,23.75193332,105.68826991,19.09867248,26.92723697,11.60285778,17.8378524,951.320376,14.2891056,10.39887405,3.79681302,3952.464,5361.276,1.4,8.8
23,23.75193332,105.43419121,19.14719553,26.9499476,11.55635334,18.105462,950.68789524,14.27286798,10.39887405,3.79681302,3984.432,5459.946,1.4,8.8
24,24.46253105,105.13776606,18.61667685,26.70013067,11.92838886,18.0301968,945.255492,14.2891056,10.35515506,3.76204367,3959.918,5412.841,1.4,8.8
25,25.1567932,104.53644647,18.4064103,26.98022844,12.3236766,17.9716572,942.656256,14.30534322,10.44259304,3.77595141,3987.734,5420.802,1.4,8.8
26,24.84641718,105.2732747,18.91751976,27.38144957,12.19966476,19.0170072,947.69877384,14.36217489,10.54876773,3.81767463,4077.424,5594.436,1.4,8.8
27,24.2583363,104.50256931,19.23777189,27.0256497,12.013647,18.8832024,939.190608,14.22415512,10.44883861,3.79681302,4057.51,5660.814,1.4,8.8
28,24.21749735,106.713054,20.02708017,26.89695613,11.99814552,19.02537,950.020758,14.22415512,10.3676462,3.81072076,4051.31,5603.262,1.4,8.8
29,24.38085315,110.22780935,22.0294647,27.23761558,12.12215736,19.23444,968.648616,14.30534322,10.46757532,3.83158237,4144.656,5706.712,1.4,8.8
30,23.89078575,110.10077,21.8353725,26.98022844,11.88188442,19.945278,964.21258656,14.23227393,10.45508418,3.81767463,4149.49,5784.032,1.4,8.8
31,23.6049131,107.6446759,21.4148394,26.53358605,11.69586666,19.819836,941.94579816,14.13484821,10.32392721,3.78290528,4132.838,5865.466,1.4,8.8
32,23.95612807,106.1202037,22.91905395,26.21563723,11.82762924,19.8031104,931.22828172,13.94811558,10.14280568,3.76204367,4123.854,5897.721,1.4,8.8
33,24.59321569,105.1038889,23.1940179,26.36704143,12.39343326,19.6609428,930.2665644,13.801977,10.27396265,3.76204367,4073.015,5743.392,1.4,8.8
34,24.23383293,106.9671327,22.66026435,26.66227962,12.26942142,19.527138,942.12774468,13.98870963,10.24898037,3.7550898,4084.875,5753.727,1.4,8.8
35,24.16849061,102.1396374,21.14634519,25.8901182,12.54844806,18.5737788,915.797484,13.82633343,9.992912,3.6855511,3940.048,5451.289,1.4,8.8
36,25.42633027,103.87584185,21.62510595,26.30647975,12.93598506,19.401696,940.93209612,14.01306606,10.37389177,3.72727432,4069.666,5656.419,0.8,10.1
37,25.4018269,105.33255973,21.95506269,26.20806702,12.87397914,19.65258,964.316556,14.26474917,10.47382089,3.74118206,4091.361,5710.023,0.8,10.1
38,26.34929054,106.09479583,21.53776446,26.32919038,13.02899394,19.8031104,978.10983504,14.28098679,10.44259304,3.74813593,4115.052,5716.511,0.8,10.1
39,26.3819617,112.8109428,21.61216647,27.42687083,13.20726096,19.7445708,1014.568452,14.38653132,10.64869685,3.79681302,4206.725,5801.119,0.8,10.1
40,25.42633027,110.16005503,21.14311032,26.80611361,12.78097026,19.1675376,1001.139066,14.19167988,10.47382089,3.76204367,4138.507,5763.86,0.8,10.1
41,24.95259845,106.9671327,19.23130215,25.87497778,12.53294658,18.6155928,965.19163212,14.16732345,10.16778796,3.69250497,3997.1325,5525.8167,0.8,10.1
42,25.1567932,110.71055888,19.46421279,26.25348828,12.70346286,19.485324,1001.572272,14.32158084,10.33641835,3.72727432,4082.7315,5675.1113,0.8,10.1
43,24.81374602,110.0160771,19.00486125,26.07937345,12.5949525,19.150812,1003.75563024,14.28098679,10.25522594,3.69945884,4028.4289,5589.5311,0.8,10.1
44,24.46253105,106.74693116,18.44846361,25.85983736,12.70346286,18.9584676,986.410062,14.16732345,10.15529682,3.67859723,3950.9111,5493.8838,0.8,10.1
45,24.05414155,103.8334954,18.00528642,25.29207161,12.48644214,18.5319648,963.47613636,13.801977,10.01164871,3.62992014,3895.3128,5457.2006,0.8,10.1
46,23.31087266,97.8202995,17.42947956,23.97485507,11.85088146,17.4448008,924.461604,13.73702652,9.94919301,3.59515079,3727.8398,5200.1142,0.8,10.1
47,22.95965769,95.16094244,17.15775048,24.02027633,11.69586666,17.3193588,905.4871812,13.74514533,9.8055449,3.59515079,3709.6822,5212.0619,0.8,10.1
48,21.4812877,91.12109111,16.85043783,23.33138722,11.17656708,16.809228,873.33463188,13.57465032,9.69312464,3.55342757,3636.2565,5119.4716,0.8,10.1
49,20.60733417,86.47992019,16.61429232,22.18828551,10.851036,15.9060456,862.946352,13.28237316,9.23095246,3.46998113,3589.0926,5157.8235,0.8,10.1
50,21.0728982,91.90026579,16.98953724,23.49793184,11.23082226,15.931134,896.97901536,13.38791769,9.29965373,3.53256596,3653.2239,5219.2809,0.8,10.1
51,20.05192445,88.51254979,15.57589905,22.83175336,10.91304192,14.802156,882.873828,13.41227412,9.23095246,3.46998113,3530.3058,4998.9095,0.8,10.1
52,20.3377971,92.35760745,16.08700851,23.85373171,11.25407448,15.88932,914.931072,13.72890771,9.73059806,3.56038144,3625.1146,5096.0408,0.8,10.1
53,21.6446435,96.549906,16.90219575,24.59561229,11.75787258,17.1688284,935.8116012,13.82633343,9.79305376,3.60210466,3722.5181,5217.4237,0.8,10.1
54,21.3996098,96.45674381,17.55563949,24.76972712,11.71911888,16.8008652,922.65946704,13.66395723,9.95543858,3.60210466,3698.0472,5166.1091,0.8,10.1
55,21.70181803,98.08284749,17.72061786,24.76972712,11.8198785,17.1688284,931.826106,13.72890771,10.16154239,3.62296627,3710.0605,5137.3371,0.8,10.1
56,21.26892516,95.89777067,18.18967401,24.71673565,11.7811248,17.6287824,928.793664,13.8831651,10.35515506,3.62992014,3674.1108,5027.4856,0.8,10.1
57,20.95038135,97.5662208,19.39951539,24.43663788,11.52535038,17.14374,962.583732,14.03742249,10.14280568,3.58124305,3686.1551,5041.4534,0.8,10.1
58,21.75082477,97.396835,18.47757744,24.32308473,11.60285778,16.4914416,955.652436,13.82633343,9.992912,3.58819692,3675.0758,5019.2187,-1.2,11.1
59,21.95501952,99.25160951,18.30612933,24.48205914,11.69586666,16.265646,992.04174,14.01306606,10.14905125,3.60905853,3734.5306,5147.2019,-1.2,11.1
60,21.86517383,99.53109608,17.791785,24.33822515,11.64936222,16.1652924,987.52773348,13.98059082,10.06785884,3.57428918,3713.2183,5107.0393,-1.2,11.1
61,22.11020753,105.13776606,18.21555297,24.61832292,11.75012184,16.2405576,1004.9945994,14.00494725,10.08034998,3.58819692,3798.0214,5267.073,-1.2,11.1
62,22.02036184,106.10326512,17.89530084,24.39121662,11.75787258,16.1318412,1004.82998112,13.97247201,10.08034998,3.57428918,3780.3445,5271.7961,-1.2,11.1
63,21.79983151,105.84918642,18.00205155,24.4517783,11.57960556,16.2823716,1003.738302,13.85068986,9.992912,3.56733531,3792.8105,5322.4614,-1.2,11.1
64,21.95501952,107.15345708,17.65268559,24.3003741,11.38583706,15.8224176,1009.36998,13.84257105,9.92421073,3.55342757,3769.1782,5208.5102,-1.2,11.1
65,22.08570416,105.866125,18.0505746,24.17168053,11.68036518,15.6217104,1007.0306676,13.89128391,9.89922845,3.5464737,3753.2566,5169.1757,-1.2,11.1
66,22.33890565,108.78803005,18.73636704,24.76215691,12.08340366,15.847506,1026.7848612,13.98870963,10.09908669,3.56038144,3825.6991,5288.593,-1.2,11.1
67,21.8079993,108.33068839,19.45450818,24.54262082,11.8586322,15.5464452,1030.6837152,13.85880867,9.94919301,3.56733531,3797.3623,5268.7497,-1.2,11.1
68,21.70998582,106.7977469,19.41245487,24.3003741,12.21516624,15.8642316,1037.1818052,13.92375915,9.992912,3.56038144,3802.3806,5316.9707,-1.2,11.1
69,21.82433488,109.10139378,19.0210356,24.87571006,12.26167068,15.88932,1062.221112,13.89940272,10.01164871,3.58124305,3839.4871,5318.4547,-1.2,11.1
70,21.70998582,109.51638899,19.04044482,24.9059909,12.30817512,15.722064,1063.3474476,13.801977,9.94294744,3.56038144,3853.4551,5381.7857,-1.2,11.1
71,21.25258958,107.11111063,19.20542319,24.71673565,12.34692882,15.5631708,1039.6944,13.87504629,9.59944109,3.53256596,3808.0474,5343.8806,-1.2,11.1
72,21.34243527,110.3548487,19.22483241,24.77729733,12.3624303,15.512994,1078.249734,13.98059082,9.60568666,3.53951983,3839.3834,5387.6233,-1.2,11.1
73,21.236254,111.02392261,18.84311775,24.74701649,12.31592586,15.3624636,1084.97309112,14.0455413,9.5557221,3.52561209,3829.7525,5357.7904,-1.2,11.1
74,20.97488472,111.2864706,18.99839151,24.61075271,12.27717216,15.2704728,1083.50019072,14.23227393,9.46828412,3.51170435,3796.9721,5273.5474,-1.2,11.1
75,21.13824052,112.3874783,18.43228926,25.42076518,12.33142734,15.0446772,1105.541712,14.29722441,9.56821324,3.53951983,3822.769,5265.7248,-1.2,11.1
76,21.55479781,117.723131,18.43228926,25.63273106,12.5174451,14.9359608,1108.25358156,14.41088775,9.59944109,3.55342757,3849.1465,5227.846,-1.2,11.1
77,21.93868394,114.7588795,18.762246,26.51087542,12.79647174,15.1283052,1104.5886588,14.29722441,9.77431705,3.58124305,3867.032,5226.8116,-1.2,11.1
78,21.8896772,114.98755033,19.39628052,26.56386689,12.58720176,15.805692,1096.6176684,14.16732345,9.94919301,3.59515079,3912.5772,5353.8595,-1.2,11.1
79,21.44861654,117.05405709,20.11442166,26.21563723,12.30042438,16.4078136,1126.3356,13.99682844,9.84926389,3.55342757,3936.2539,5451.3159,-0.9,11.1
80,21.21175063,120.18769439,19.43833383,26.07937345,12.18416328,16.432902,1136.732544,13.82633343,9.84926389,3.5464737,3924.8946,5445.7519,-0.9,11.1
81,21.44861654,121.0261541,19.33805286,26.47302437,12.31592586,16.9681212,1138.99387932,13.87504629,9.90547402,3.5464737,3963.6217,5507.6965,-0.9,11.1
82,21.57113339,120.13687865,19.04691456,26.46545416,12.2074155,16.809228,1146.27174012,13.93187796,9.92421073,3.57428918,3960.1803,5496.192,-0.9,11.1
83,21.17907947,121.0261541,19.12778631,26.18535639,12.19966476,16.5499812,1154.927196,13.98059082,9.97417529,3.56733531,3960.2378,5512.464,-0.9,11.1
84,21.17907947,123.651634,19.08249813,26.14750534,12.16091106,16.3241856,1157.4831114,13.94811558,9.9304563,3.56733531,3968.2529,5536.2802,-0.9,11.1
85,20.81969671,123.9057127,18.66196503,25.68572253,11.8973859,15.8391432,1149.37349508,13.92375915,9.91171959,3.5464737,3925.2177,5487.107,-0.9,11.1
86,20.81969671,122.99102938,18.74930652,25.62516085,11.82762924,15.554808,1137.598956,13.93187796,10.01164871,3.53951983,3912.8159,5507.9336,-0.9,11.1
87,21.40777759,128.04719551,18.49698666,25.5873098,11.98264404,15.4544544,1166.37249852,13.83445224,10.01789428,3.5464737,3922.9117,5478.8218,-0.9,11.1
88,21.34243527,128.24198918,18.83341314,25.94310967,11.8973859,15.6467988,1166.28585732,13.81821462,10.29894493,3.56038144,3956.2495,5547.8759,-0.9,11.1
89,20.91771019,127.75923965,19.08896787,26.25348828,11.83537998,15.5631708,1170.522612,13.83445224,10.22399809,3.56038144,3935.222,5489.7024,-0.9,11.1
90,20.89320682,128.46219072,18.48728205,26.29133933,11.6648637,15.4795428,1183.6054332,13.81821462,10.12406897,3.5464737,3913.7949,5426.1745,-0.9,11.1
91,20.55015964,122.16950825,18.12497661,25.45861623,11.4323415,15.3541008,1150.7684184,13.61524437,9.93670187,3.51170435,3824.064,5328.2268,-0.9,11.1
92,20.79519334,124.52397087,18.28348524,25.04982489,11.8198785,15.68025,1180.8329148,13.85880867,10.0553677,3.53951983,3829.3245,5316.6036,-0.9,11.1
93,21.09740157,125.18457549,18.8592921,25.30721203,11.86638294,15.7137012,1176.587496,13.85068986,10.0553677,3.53256596,3872.7701,5420.2126,-0.9,11.1
94,21.1545761,123.78714264,18.5358051,25.30721203,11.92838886,15.2453844,1159.259256,13.78573938,10.27396265,3.56038144,3845.6135,5369.4992,-0.9,11.1
95,21.35060306,123.78714264,18.59403276,25.90525862,12.00589626,15.2035704,1164.457728,14.16732345,10.26771708,3.59515079,3856.6324,5361.167,-0.9,11.1
96,20.9912203,125.5148778,18.57138867,25.60245022,11.75219528,14.9861376,1184.0386392,14.11861059,10.23024366,3.56038144,3867.0232,5406.3403,-0.9,11.1
97,21.5629656,134.31447011,19.19248371,26.35947122,12.1122904,15.303924,1229.871834,14.4514818,10.34266392,3.58819692,3971.3402,5569.48,-0.8,11.1
98,22.24905996,134.46691733,19.732707,26.52601584,12.44783358,15.2453844,1222.25607252,14.613858,10.33017278,3.60905853,3983.5677,5566.4438,-0.8,11.1
99,21.92234836,134.01804496,19.38657591,26.66227962,12.4805695,15.8391432,1212.3703116,14.74375896,10.41136519,3.60905853,3983.6477,5572.3125,-0.8,11.1
100,21.83250267,134.53467165,19.44480357,26.60928815,12.34962582,15.2453844,1219.89943188,14.4514818,10.23648923,3.60210466,3982.1851,5576.7535,-0.8,11.1
101,21.57113339,135.58486361,20.4443784,26.67742004,12.16139428,15.2453844,1234.6371,14.41088775,10.23024366,3.62296627,4001.2509,5585.4231,-0.8,11.1
102,21.7263214,136.02526669,20.31174873,27.00293907,12.20231418,15.303924,1218.2619132,14.52455109,10.39887405,3.64382788,4021.9549,5575.3036,-0.8,11.1
103,21.59563676,137.71912469,20.04972426,26.89695613,12.2350501,15.303924,1227.3159186,14.63009562,10.59248672,3.65773562,4047.0293,5610.3774,-0.8,11.1
104,21.38327422,137.65983966,19.74888135,26.75312214,11.97316274,15.1450308,1233.47610792,14.50831347,10.44883861,3.66468949,4039.7051,5615.2417,-0.8,11.1
105,21.1545761,135.56792503,20.32792308,26.09451387,11.7440113,15.094854,1213.37534952,14.2891056,10.2427348,3.66468949,3995.8846,5589.1019,-0.8,11.1
106,20.99938809,136.7790335,19.88798076,26.1172245,11.7849312,15.0446772,1227.15996444,14.23227393,10.16778796,3.62992014,4003.0829,5591.4871,-0.8,11.1
107,20.9095424,132.967853,20.2179375,25.41319497,11.73582732,14.8188816,1198.247796,13.98870963,9.8902395,3.64382788,3954.9883,5590.6435,-0.8,11.1
108,21.08923378,133.54376472,20.7355167,25.84469694,11.89132294,14.885784,1216.33847856,14.32158084,9.9173175,3.6855511,4014.5702,5695.3007,-0.8,11.1
109,20.97488472,132.01929252,20.73875157,25.8901182,11.75219528,14.9443236,1217.30886,14.54890752,9.991782,3.65773562,4017.5941,5735.4183,-0.8,11.1
110,21.14640831,134.11967644,21.58952238,25.65544169,11.95679478,14.9192352,1224.240156,14.76811539,10.127172,3.60905853,4044.3842,5734.403,-0.8,11.1
111,21.19541505,140.22603453,21.67039413,25.63273106,11.91587488,15.26211,1247.49465408,14.75187777,10.127172,3.6160124,4098.7095,5787.1482,-0.8,11.1
112,20.98305251,139.908442,21.997116,25.3602035,11.81766712,15.1533936,1246.766868,14.78435301,10.005321,3.58819692,4102.0459,5784.0269,-0.8,11.1
113,20.86870345,144.18294532,22.97728161,25.24665035,11.71127538,15.0279516,1277.524494,15.22276875,9.9173175,3.57428918,4121.7944,5804.343,-0.8,11.1
114,21.5629656,144.72369574,23.1940179,25.6630119,12.06318652,15.2119332,1279.7425653,15.49880829,9.937626,3.62992014,4138.9895,5789.0893,-0.8,11.1
115,21.17091168,143.770945,22.8381822,25.46618644,11.89132294,15.0363144,1282.5124001,15.40950138,9.7413105,3.65078175,4109.7164,5762.4378,-0.8,11.1
116,21.35060306,146.87811408,23.2263666,25.52674812,12.09592244,14.93959583,1282.2582064,15.37702614,9.721002,3.6434676,4163.9637,5864.4164,-0.8,11.1
117,22.94332211,156.19962132,23.44310289,26.33676059,13.0125282,15.16821825,1309.7724831,15.79108545,9.978243,3.6507838,4247.7835,5881.8875,-0.1,10.7
118,23.18835581,162.64570966,23.33635218,26.7228413,13.39717526,15.70460162,1353.36232,15.54752115,10.2287145,3.7019972,4335.8445,5975.2794,-0.1,10.7
119,23.40071835,161.98479248,25.66869345,27.81295154,13.3808073,16.39926205,1351.4251887,15.49880829,10.749966,3.7751592,4419.5955,6051.5099,-0.1,10.7
120,25.33648458,165.50396188,26.1700983,30.59121861,14.72298002,17.37530392,1402.448,15.67742211,11.440455,4.097072,4670.0949,6299.8551,-0.1,10.7
121,24.7484037,173.28905126,26.849421,31.08328226,14.45290868,16.8828864,1479.58264,15.68554092,11.467533,4.0678072,4698.1264,6380.0276,-0.1,10.7
122,24.8300816,174.55080224,26.76854925,30.6593505,14.55930042,16.86530006,1473.7449502,15.57187758,11.4066075,4.0019614,4774.0042,6535.4151,-0.1,10.7
123,25.01794077,174.85980248,27.32171202,30.21270811,14.83755574,16.98840444,1495.36018,15.45009543,11.535228,3.9361156,4840.7712,6693.7452,-0.1,10.7
124,23.82544343,177.675138,28.790343,29.073178,14.27286112,16.64547081,1502.2409405,15.33643209,11.142597,3.8190564,4753.1333,6676.4373,-0.1,10.7
125,23.8499468,187.2884788,31.6693773,29.1122024,14.16646938,16.91805908,1561.9676947,15.55563996,11.2441395,3.8117402,4852.9612,6899.5175,-0.1,10.7
126,23.63758426,189.6059806,31.23266985,28.49561688,13.85547814,17.72703072,1544.44586,15.75861021,11.156136,3.7605268,4806.6902,6807.727,-0.1,10.7
127,23.09851012,192.2238993,30.5695215,27.98829968,13.4626471,16.89167957,1536.1451209,16.20514476,10.939512,3.7166296,4744.4687,6638.8384,-0.1,10.7
128,22.49409366,173.00580104,27.51256935,27.7853728,13.20894372,16.25857133,1414.71942,15.53128353,10.6348845,3.7019972,4516.2532,6319.9981,-0.1,10.7
129,22.24089217,176.29322026,26.39330433,28.16000704,13.15165586,16.32012352,1444.5652665,15.66597244,10.546881,3.7019972,4544.7007,6344.5912,-0.1,10.7
130,23.1148457,173.10880112,28.19836179,29.08878776,13.80637426,16.77736836,1434.8445488,15.69122656,11.007207,3.7532106,4680.3046,6526.8325,-0.1,10.7
131,22.87797979,176.45630372,28.49596983,28.75317792,13.59359078,16.64547081,1462.05204,15.71648068,10.953051,3.731262,4691.0425,6563.3239,-0.1,10.7
132,22.77179852,179.3059726,28.20483153,28.44098272,13.53630292,16.65426398,1470.8874624,15.71648068,10.817661,3.7239458,4714.4454,6620.6893,-0.1,10.7
133,22.47775808,180.31022338,28.78710813,27.7853728,13.2989675,16.34650303,1469.06428,15.70806264,10.668732,3.6800486,4712.4357,6620.0859,-0.1,10.7
134,22.07753637,172.85988426,26.849421,27.0048848,12.98797626,15.79253332,1398.328309,15.3208328,10.479186,3.6434676,4505.5906,6283.9831,-0.1,10.7
135,21.79166372,175.1859694,27.01763424,26.731714,12.70153696,15.89805136,1422.2137515,15.59862812,10.519803,3.6361514,4528.45,6298.7351,-0.1,10.7
136,21.94685173,183.683476,27.14379417,26.98927504,12.8488486,15.83649917,1463.8051,15.70806264,10.5536505,3.6434676,4568.2576,6359.6637,-0.1,10.7
137,22.14287869,184.52464332,28.12072491,27.37171416,12.9306884,16.14426012,1465.55816,15.63230028,10.601037,3.6727324,4679.008,6530.2712,-0.1,10.7
138,21.95501952,185.67481088,27.496395,26.97366528,12.70153696,15.93322404,1472.5704,15.43026732,10.4588775,3.6434676,4656.1506,6511.436,-0.1,10.7
139,21.92234836,186.687645,27.62255493,27.1609824,12.7670088,15.98598306,1470.9751154,15.46393948,10.3776435,3.6288352,4695.0462,6579.6696,-0.1,10.7
140,22.28173112,186.87647848,27.87487479,27.31708,12.99616024,16.16184646,1462.05204,15.43026732,10.5536505,3.6434676,4771.3108,6739.8085,0.6,10.4
141,22.65744946,185.2284772,28.790343,28.62829984,13.28259954,16.1794328,1463.7963347,15.4471034,10.587498,3.694681,4775.8024,6697.7071,0.6,10.4
142,22.33890565,186.67047832,28.51537905,28.3317144,12.92250442,15.99477623,1462.05204,15.29557868,10.506264,3.6581,4777.1089,6772.8422,0.6,10.4
143,22.36340902,181.12564068,28.70300151,28.89366576,13.0125282,16.06512159,1435.7210788,15.21139828,10.465647,3.6727324,4762.7642,6770.3016,0.6,10.4
144,22.07753637,177.89830484,27.61932006,28.57366568,12.90613646,15.9156377,1429.62043,15.21981632,10.397952,3.6434676,4707.9262,6688.8822,0.6,10.4
145,22.71462399,176.76530396,26.51946426,28.878056,13.31533546,16.0915011,1432.2412547,15.20298024,10.465647,3.6507838,4724.8697,6725.2956,0.6,10.4
146,22.77179852,179.391806,26.202447,29.29951952,13.2989675,16.12667378,1439.7092903,15.21139828,10.4047215,3.6434676,4681.7837,6600.8472,0.6,10.4
147,23.44972509,177.22022098,26.51946426,29.49464152,13.5444869,16.10908744,1426.0704835,15.16930808,10.5265725,3.6507838,4647.6446,6528.3999,0.6,10.4
148,23.3598794,177.5893046,26.4612366,29.13561704,13.51993496,16.16184646,1433.12655,15.16930808,10.5130335,3.6434676,4635.7126,6552.6567,0.6,10.4
149,23.44460016,182.7393086,26.50328991,29.658544,13.92913396,16.22339865,1455.91633,15.32925084,10.5807285,3.6727324,4704.6288,6623.5633,0.6,10.4
150,23.89350327,188.82489666,26.82354204,30.4780564,14.24830918,16.59271179,1481.3357,15.46393948,10.8379695,3.7239458,4815.2261,6744.5468,0.6,10.4
151,23.4615399,189.32273038,26.60347396,30.3219588,13.88003008,16.50478009,1494.48365,15.35450496,10.871817,3.694681,4812.7564,6789.3979,0.6,10.4
152,23.24132328,190.7218148,25.7844573,29.9317148,13.68361456,16.18822597,1478.70611,15.59862812,10.8312,3.6800486,4740.6784,6666.274,0.6,10.4
153,23.27520276,185.77781096,25.4283631,29.28390976,13.6263267,15.96839672,1458.54592,15.97743992,10.736427,3.6581,4679.1544,6593.785,0.6,10.4
154,23.17356432,187.4601456,25.76179676,29.47903176,13.55267088,16.06512159,1469.06428,15.98585796,10.709349,3.6654162,4718.8431,6643.9444,0.6,10.4
155,22.97875731,193.12515,26.36391968,29.2683,13.48719904,16.39046888,1486.9016655,15.91851364,10.7838135,3.6507838,4755.8491,6688.9647,0.6,10.4
156,23.02957653,202.2234904,26.29917528,29.33073904,13.53630292,16.43443473,1513.76731,15.6154642,10.69581,3.6581,4761.9507,6652.5478,0.6,10.4
157,22.93640796,203.1247411,27.00488924,29.05756824,13.61814272,16.0915011,1513.76731,15.75857088,10.533342,3.6434676,4706.1302,6525.8786,0.6,10.4
158,22.82629965,204.35215872,27.65233324,28.8000072,13.2580476,16.8828864,1517.27343,15.71648068,10.519803,3.6361514,4731.3451,6578.7912,0.6,10.4
159,23.35143159,206.429327,27.64262158,30.0097636,13.47901506,16.65426398,1540.06321,15.98585796,10.7296575,3.6581,4844.2652,6691.2096,0.6,10.4
160,23.09733549,206.00016,27.51637,29.41659272,13.1762078,16.40805522,1565.920845,16.2468172,10.939512,3.6288352,4816.2153,6668.4331,0.6,10.4
161,23.05498614,202.77282416,30.268007,29.20586096,13.26623158,16.72460934,1579.4895294,16.44043212,10.9327425,3.6288352,4842.1223,6710.4599,0.4,10.9
162,23.30908224,201.70849,30.5269846,29.0341536,13.31533546,16.62788447,1573.37135,16.5414486,10.804122,3.5995704,4843.887,6717.5579,0.4,10.9
163,23.55470847,204.83282576,29.97341998,28.86244624,13.4217272,16.89167957,1571.61829,16.85291608,10.898895,3.5922542,4817.0952,6662.2515,0.4,10.9
164,23.77492509,197.60565348,29.13498,28.7219584,13.47901506,16.93564542,1551.4581,16.84449804,10.9462815,3.584938,4770.219,6618.5762,0.4,10.9
165,24.07984041,194.74740126,30.66942228,28.71415352,13.59359078,17.0587498,1510.699455,16.90342432,10.8785865,3.584938,4669.3677,6478.8124,0.4,10.9
166,23.9697321,190.49006462,29.458702,29.33854392,13.59359078,17.62151268,1500.093442,16.83608,11.1629055,3.621519,4694.3894,6525.098,0.4,10.9
167,23.69869626,186.258478,27.83685478,29.3463488,13.4217272,16.8828864,1479.58264,16.82766196,11.007207,3.6142028,4584.5887,6349.2234,0.4,10.9
168,24.10525002,191.5801488,28.19294898,29.4243976,13.72453446,16.83012738,1495.184874,16.89500628,11.020746,3.5922542,4581.9775,6235.5687,0.4,10.9
169,23.715636,195.59715192,29.5234464,29.06537312,13.56903884,16.69822983,1519.02649,17.13912944,10.8244305,3.6068866,4627.2826,6311.967,0.4,10.9
170,23.4615399,197.48548672,29.944285,29.1512268,13.5444869,17.08512931,1547.95198,17.5937036,10.871817,3.6068866,4651.0507,6351.2422,0.4,10.9
171,23.60552769,197.70007022,32.7930386,29.5804952,13.63451068,17.29616539,1542.6928,17.33274436,10.871817,3.5995704,4688.4826,6387.8805,0.4,10.9
172,23.87656353,194.00065068,34.1202988,29.70537328,13.78182232,17.48961513,1512.101903,17.34958044,11.0004375,3.6142028,4657.3584,6353.836,0.4,10.9
173,23.76645522,191.1080651,37.53232868,29.55708056,13.61814272,17.86772144,1464.2608956,17.18963768,10.9327425,3.6142028,4632.7142,6367.0206,0.4,10.9
174,24.8167191,197.00481968,37.389891,30.43122712,14.1992053,17.80616925,1485.71835,17.43376084,11.277987,3.6434676,4737.0887,6469.4692,0.4,10.9
175,24.68120118,193.0393166,34.24007594,30.1268368,13.97005386,17.70065121,1461.000204,17.10545728,11.2847565,3.6288352,4691.4281,6445.9649,0.4,10.9
176,24.52874352,191.3226486,34.56379794,29.56488544,13.78182232,17.35771758,1460.0272557,16.8781702,11.1358275,3.6068866,4635.7608,6358.652,0.4,10.9
177,24.3085269,188.24981288,35.7389088,29.2683,13.65087864,17.43685611,1446.2569694,16.84449804,11.0275155,3.5995704,4652.3273,6392.0329,0.4,10.9
178,23.8003347,185.6576442,34.4440208,28.92488528,13.39717526,16.9708181,1428.1478596,16.3309976,10.9056645,3.584938,4563.0657,6244.6389,0.4,10.9
179,23.39378094,186.4301448,34.01994498,29.01854384,13.00434422,16.89167957,1433.2229683,15.87642344,11.0545935,3.5776218,4570.0216,6236.8904,0.4,10.9
180,24.0544308,188.94506342,34.4440208,29.073178,13.2171277,16.96202493,1455.91633,16.0363662,11.223831,3.6142028,4581.9085,6178.4693,0.4,10.9
181,23.96126223,188.60172982,34.92636658,28.33951928,13.15165586,16.82133421,1448.290519,16.02794816,11.1764445,3.5922542,4591.7993,6228.7708,0.4,10.9
182,23.73257574,189.691814,37.62944528,28.097568,13.00434422,16.82133421,1462.490305,16.10371052,11.1493665,3.5995704,4587.3953,6192.5045,0.4,10.9
183,23.74104561,195.33106838,38.9599427,28.23805584,13.14347188,17.4104766,1486.59488,15.96060384,11.223831,3.5922542,4681.1412,6357.9711,0.2,10.5
184,23.97820197,207.5022445,41.598277,29.31512928,13.44627914,17.6742717,1534.4621833,16.204727,11.332143,3.6288352,4823.1578,6541.176,0.2,10.5
185,23.70716613,207.94857818,41.85401738,29.49464152,13.26623158,18.17548239,1524.28567,16.27207132,11.3659905,3.5995704,4839.201,6551.3987,0.2,10.5
186,23.52929886,205.4851596,42.245721,29.6975684,13.19257576,18.0259985,1515.52037,16.09529248,11.277987,3.5995704,4807.1021,6508.3743,0.2,10.5
187,23.4615399,205.06457594,42.5856291,30.44683688,13.19257576,17.99082582,1512.01425,16.01953012,11.3389125,3.6068866,4798.7361,6460.0408,0.2,10.5
188,23.59705782,203.32215792,41.3716716,31.04781264,13.26623158,18.10513703,1500.61936,15.91851364,11.521689,3.6507838,4791.676,6428.6822,0.2,10.5
189,23.49541938,202.72132412,41.46231376,31.21171512,13.33170342,18.01720533,1489.22447,15.84275128,11.399838,3.6727324,4755.4879,6358.3213,0.2,10.5
190,23.27520276,206.84132732,45.32108,31.19610536,13.2171277,18.56238187,1519.90302,15.85958736,11.3795295,3.6434676,4793.4672,6423.1128,0.2,10.5
191,23.40225081,207.51941118,44.511775,31.8439104,13.26623158,18.92290184,1519.3157449,15.994276,11.3389125,3.694681,4792.8284,6350.0127,0.2,10.5
192,23.70716613,207.49366116,46.54798638,32.14830072,13.3398874,18.58876138,1527.353525,15.994276,11.399838,3.7019972,4777.9845,6317.1438,0.2,10.5
193,23.61399756,203.10757442,44.89052974,32.17171536,13.4217272,18.68548625,1503.5382049,15.76698892,11.291526,3.7019972,4718.4881,6213.2626,0.2,10.5
194,23.715636,199.65707174,45.30813112,31.70342256,13.45446312,18.60634772,1440.13879,15.98585796,11.23737,3.6727324,4691.2359,6214.3779,0.2,10.5
195,23.26673289,200.420989,45.41172216,31.5707396,13.1352879,18.54479553,1424.36125,16.07003836,11.3253735,3.6800486,4699.2792,6221.3414,0.2,10.5
196,22.80089004,205.98299332,49.0762552,31.2975688,12.86521656,19.09876524,1459.2559093,16.10371052,11.23737,3.6581,4737.2718,6245.9986,0.2,10.5
197,23.19050406,214.5835,51.27109036,31.36781272,12.89795248,19.9604959,1469.06428,15.9100956,11.1764445,3.6288352,4772.9198,6255.1933,0.2,10.5
198,23.33449185,209.7339129,51.73401282,31.07122728,12.57059328,20.35618855,1463.8226306,15.96060384,11.2712175,3.5995704,4695.3338,6111.4803,0.2,10.5
199,23.67328665,210.8926638,54.37882156,31.414642,12.67698502,21.1915397,1467.3199853,16.65930116,11.305065,3.6142028,4720.8313,6143.1157,-0.3,10.7
200,23.74104561,214.9268336,53.11630576,32.18732512,12.74245686,20.93653777,1485.71835,16.83608,11.3930685,3.621519,4777.5608,6241.7676,-0.3,10.7
201,23.85115392,217.158502,54.39500766,33.50634984,12.71790492,22.34344497,1489.7328574,16.7939898,11.589384,3.621519,4813.6564,6234.158,-0.3,10.7
202,24.77436975,222.66042294,59.83353726,33.39708152,13.02889616,24.1812175,1509.297007,17.1307114,11.6638485,3.621519,4885.1118,6351.9789,-0.3,10.7
203,24.95223702,222.5660062,61.64961768,33.15513024,13.22531168,24.37466724,1490.6444486,17.13912944,12.0700185,3.6288352,4885.7178,6301.2477,-0.3,10.7
204,25.04540559,231.75018,61.8147159,33.58439864,13.24986362,24.9726028,1527.4148821,17.13912944,12.130944,3.6434676,4981.3497,6421.6506,-0.3,10.7
205,24.84212871,234.1535152,59.10516276,34.12293536,13.19257576,23.52172975,1529.54485,17.02127688,12.0835575,3.6727324,4953.8756,6373.0853,-0.3,10.7
206,25.21480299,230.8060126,53.2037107,34.6146428,13.4217272,23.08207125,1517.5802155,17.29065416,12.1851,3.7093134,4904.8981,6294.6055,-0.3,10.7
207,25.20633312,229.7330951,54.81584626,34.01366704,13.31533546,23.23155514,1520.5954787,17.34958044,11.995554,3.6654162,4908.463,6315.4938,-0.3,10.7
208,24.60497235,227.45851,56.9426998,33.23317904,12.91432044,23.02931223,1494.48365,17.13912944,11.833086,3.6288352,4856.8513,6306.97,-0.3,10.7
209,24.7320204,234.325182,55.03921444,33.560984,13.08618402,22.7743103,1516.4407265,16.81924392,12.04971,3.6434676,4904.1716,6387.371,-0.3,10.7
210,25.36726065,230.9776794,54.061574,34.21659392,13.55267088,22.91500102,1503.950174,16.4572682,12.0835575,3.6581,4894.786,6336.9406,-0.3,10.7
211,26.05332012,226.35984248,54.061574,34.926838,13.69179854,22.55448105,1484.5350345,16.64246508,12.0429405,3.6800486,4891.6716,6341.0136,-0.3,10.7
212,26.18036817,227.2010098,52.31994964,35.02049656,13.90458202,22.87103517,1507.7981407,16.70139136,11.927859,3.6873648,4927.9891,6360.5998,-0.3,10.7
213,26.14648869,230.43692898,56.99449532,35.1609844,13.88003008,23.84707704,1507.5965388,16.67613724,12.0023235,3.6800486,4943.2882,6422.9854,-0.3,10.7
214,26.29047648,233.96468172,59.6295924,35.4341552,13.88003008,23.60966145,1569.1727713,16.7518996,12.442341,3.7093134,5005.0273,6472.9301,-0.3,10.7
215,26.12954895,233.28659786,59.62635518,35.02049656,13.73271844,22.90620785,1545.760655,16.59195684,12.45588,3.694681,4974.2855,6475.1881,-0.3,10.7
216,26.0871996,225.71609198,59.41269866,34.67708184,13.77363834,23.02051906,1513.6621264,16.38150584,12.469419,3.6873648,4910.7,6350.3667,-0.3,10.7
217,26.20577778,223.66467372,56.91680204,35.19220392,13.82274222,21.93895915,1520.2448667,17.02969492,12.834972,3.7239458,4919.5912,6334.3042,-0.3,10.7
218,26.77325907,225.1410082,56.3600002,35.7853748,14.2401252,23.81190436,1523.321487,17.09703924,13.065135,3.9434318,4980.765,6351.6119,-0.3,10.7
219,26.0025009,218.016836,55.7287423,34.4975696,14.09281356,23.31069367,1502.2935323,16.92867844,13.281759,3.8922184,4960.2519,6320.9441,-0.3,10.7
220,26.04485025,221.44158866,57.23728682,36.0585456,14.1173655,23.3019005,1522.53261,17.0886212,13.362993,4.0019614,5067.0983,6426.6155,-0.6,10.1
221,26.36670531,223.6389237,54.9518095,36.5268384,14.21557326,22.60724007,1523.4179053,17.0044408,13.5322305,3.987329,5067.1447,6434.9791,-0.6,10.1
222,26.1718983,224.56592442,55.38559698,36.28488712,14.13373346,22.52810154,1533.05097,17.03811296,12.9094365,3.9361156,5057.0603,6440.8808,-0.6,10.1
223,25.40961,229.33826146,55.63486292,35.73074064,13.88003008,22.19396108,1571.7147083,16.93709648,12.7875855,3.8849022,5065.9163,6464.7345,-0.6,10.1
224,24.90988767,231.95618016,56.74522938,34.66927696,13.53630292,21.40257578,1588.622972,16.6677192,12.510036,3.7971078,5022.2351,6424.6823,-0.6,10.1
225,24.71508066,233.466848,57.61280434,34.54439888,13.47083108,21.42016212,1621.5805,16.69297332,12.45588,3.7458944,5009.8786,6423.6513,-0.6,10.1
226,24.27464742,231.50984648,56.08159928,34.52878912,13.33170342,20.82222656,1612.8152,16.91184236,12.59127,3.731262,4942.6986,6307.2207,-0.6,10.1
227,24.20688846,229.75026178,54.87735344,34.56000864,13.26623158,20.89257192,1606.591837,16.7939898,12.550653,3.7019972,4940.5249,6320.0956,-0.6,10.1
228,24.10525002,229.62151168,54.061574,33.31122784,13.07800004,20.9277446,1595.2846,16.84449804,12.6115785,3.7166296,4889.6292,6209.427,-0.6,10.1
229,24.49486404,234.4539321,55.0974844,34.63025256,13.26623158,21.42895529,1603.17337,16.64246508,11.8127775,3.694681,4934.8352,6259.0175,-0.6,10.1
230,24.18147885,232.4368472,56.5542334,34.6146428,13.11073596,21.3674031,1591.7872453,16.44043212,11.954937,3.6654162,4945.1,6265.5819,-0.6,10.1
231,24.2238282,235.46676622,55.63810014,34.38830128,13.1762078,20.95412411,1612.8152,16.63404704,12.009093,3.6581,4953.867,6235.4352,-0.6,10.1
232,24.42710508,238.45376854,55.61220238,34.3804964,13.22531168,21.42016212,1635.1754803,16.68455528,12.2731035,3.6800486,5017.4784,6308.9013,-0.6,10.1
233,24.1391295,237.63835124,56.975072,33.6390328,13.1352879,21.69275039,1617.19785,16.625629,12.9094365,3.6581,4999.9678,6291.918,-0.6,10.1
234,23.85962379,241.97293794,62.6725792,33.47513032,13.02071218,21.78068209,1615.006525,16.48252232,12.72666,3.6581,5046.8396,6398.5987,-0.6,10.1
235,23.75798535,242.37635492,59.564848,32.71025208,13.04526412,20.42653391,1648.75293,16.1205466,12.04971,3.6142028,4964.7727,6250.0606,-0.6,10.1
236,23.57164821,238.86576886,60.46803238,33.03025216,12.8079287,21.41136895,1614.2614745,16.0363662,12.1512525,3.6288352,5007.1235,6307.604,-0.6,10.1
237,23.66481678,236.31651688,59.241126,33.22537416,12.7670088,21.03326264,1604.3479202,15.97743992,12.198639,3.6288352,5000.0154,6205.2247,-0.6,10.1
238,23.8003347,236.83151728,59.95978884,33.34244736,12.86521656,20.5760178,1604.0499,16.26365328,12.5032665,3.6361514,5042.0137,6278.4981,-0.6,10.1
239,24.07137054,245.4406073,60.83707546,33.59220352,12.81611268,22.63361958,1641.74069,16.10371052,12.5574225,3.6361514,5064.4147,6244.4818,-0.6,10.1
240,24.15606924,241.191854,57.8167492,33.42830104,12.89795248,20.94533094,1636.48151,15.97743992,12.2189475,3.6434676,5042.9361,6199.8523,-0.6,10.1
241,24.03749106,246.23885792,60.212292,33.6000084,12.7670088,21.46412797,1694.33249,16.01953012,12.2054085,3.6288352,5113.7105,6269.2484,-0.6,10.1
242,24.3085269,250.5047779,62.8991846,34.3024476,12.94705636,21.49050748,1751.30694,16.12896464,12.1918695,3.6507838,5211.2885,6367.1149,-0.6,10.1
243,23.52929886,255.8264487,66.93276072,33.69366696,12.51330542,20.70791535,1750.43041,15.9100956,12.1783305,3.6654162,5267.7181,6482.7868,0.7,9.4
244,23.63940717,274.64971332,71.1864678,32.92098384,12.3578098,19.96928907,1805.1697085,15.90167756,11.9481675,3.6361514,5368.5049,6539.7315,0.7,9.4
245,24.35087625,281.7910522,70.0210686,34.4585452,12.46420154,20.19791149,1840.713,16.17105484,12.1512525,3.6361514,5417.6677,6528.1425,0.7,9.4
246,24.38475573,283.25022,72.85039888,35.8243992,12.32507388,20.42653391,1875.7742,16.18789092,12.361107,3.6581,5513.6568,6538.1162,0.7,9.4
247,24.85059858,272.091878,73.64999222,36.3707408,12.43146562,22.46654935,1831.9477,16.28048936,12.6115785,3.6581,5495.4306,6557.5964,0.7,9.4
248,25.22327286,258.5302008,76.02934892,37.79122896,12.30870592,23.24034831,1840.4763369,16.0784564,12.225717,3.6507838,5441.1583,6455.3987,0.7,9.4
249,25.1555139,266.08354,76.71887678,38.7902536,12.41509766,23.00293272,1894.093677,16.12896464,12.334029,3.6727324,5596.3525,6543.2286,0.7,9.4
250,25.3249113,262.07512022,77.4666746,38.5561072,12.6442491,22.02689085,1896.81092,16.34783368,12.7334295,3.7019972,5577.9711,6496.9131,0.7,9.4
251,25.40114013,248.4018596,72.4975419,38.2829364,12.66061706,22.08844304,1870.51502,16.14580072,12.604809,3.7166296,5470.4563,6439.8854,0.7,9.4
252,25.36726065,246.9426918,72.9021944,39.91415632,12.70153696,22.5984469,1824.93546,16.1626368,12.6792735,3.767843,5458.0812,6417.5011,0.7,9.4
253,26.47681362,244.2389397,71.76593018,40.52293696,13.06163208,21.78068209,1808.28139,16.0784564,12.807894,3.7605268,5518.5205,6514.4644,0.7,9.4
254,26.49375336,241.621021,69.9886964,40.4683028,13.1762078,20.83101973,1761.3081473,16.3309976,12.686043,3.804424,5437.5234,6476.3736,0.7,9.4
255,25.8331035,244.4964399,71.866284,40.36683936,12.83248064,20.61998365,1788.6734139,16.0784564,12.7334295,3.767843,5476.4336,6535.4185,0.7,9.4
256,25.4943087,254.8822813,76.24300544,41.08488832,12.53785736,20.86619241,1814.4171,16.10371052,12.794355,3.7532106,5564.9693,6622.4959,0.7,9.4
257,24.78283962,253.68919704,78.63854824,40.30440032,12.13684234,20.72550169,1823.1385735,15.91851364,12.631887,3.6873648,5569.776,6637.8052,0.7,9.4
258,24.86753832,270.96746046,84.16772,40.67122968,11.97316274,20.26825685,1906.45275,15.9100956,12.3543375,3.694681,5625.9232,6645.3137,0.7,9.4
259,25.1555139,262.46137052,82.29660684,40.1170832,11.9486108,19.9604959,1877.4308417,15.98585796,12.212178,3.6800486,5512.9678,6532.961,0.7,9.4
260,24.9014178,251.13136172,83.196554,40.585376,11.76037926,20.54963829,1831.07117,16.12896464,12.252795,3.7093134,5528.0034,6557.1608,0.7,9.4
261,24.07984041,245.483524,79.10470792,40.28098568,11.4984919,19.9604959,1830.19464,16.83608,12.022632,3.6800486,5377.1427,6414.3811,0.7,9.4
262,23.53776873,249.89536076,79.959334,39.8829368,11.30207638,19.29221498,1854.8952554,16.56670272,11.77893,3.7239458,5351.9646,6346.1371,0.7,9.4
263,23.77492509,250.88244486,79.92372458,40.8975712,11.31026036,19.06359256,1848.8822596,16.35625172,11.494611,3.7605268,5417.6484,6393.278,1.0,10.1
264,24.00361158,261.03653608,86.595635,40.56196136,11.457572,19.91653005,1880.15685,16.42359604,11.413377,3.7239458,5501.0915,6454.7853,1.0,10.1
265,23.64787704,265.0106225,85.138886,41.4048884,11.26115648,19.47687155,1919.5218123,16.39834192,11.3524515,3.6873648,5485.2008,6399.3315,1.0,10.1
266,23.62246743,269.1735424,84.1353478,41.756108,10.95016524,19.04600622,2034.2946505,16.43201408,11.291526,3.7093134,5473.9475,6328.7881,1.0,10.1
267,24.46098456,274.46087984,80.606778,42.72391312,11.2529725,18.96686769,2027.41389,16.35625172,11.0681325,3.7897916,5483.414,6239.8709,1.0,10.1
268,24.67273131,274.66688,80.9952444,43.12976688,11.4166521,19.09876524,2076.324264,16.415178,11.115519,3.7751592,5564.5618,6323.1622,1.0,10.1
269,24.35087625,282.821053,83.196554,43.12976688,11.35936424,18.70307259,2153.1345879,16.22998112,11.250909,3.767843,5686.2502,6457.8814,1.0,10.1
270,24.41863521,294.1081451,86.4175879,42.5756204,11.31844434,19.28342181,2279.85453,16.57512076,11.3253735,3.841005,5807.7191,6525.1658,1.0,10.1
271,25.41807987,286.254389,83.84076078,43.46537672,11.75219528,19.33618083,2165.90563,16.52461252,11.792469,3.8336888,5768.3814,6614.5443,1.0,10.1
272,25.27409208,295.6102296,83.3098567,43.0829376,11.79311518,19.6087691,2156.2638,16.81924392,12.2595645,3.8336888,5778.842,6703.4821,1.0,10.1
273,25.18092351,268.71004204,77.53789344,42.3024496,12.0304506,19.6087691,2005.5181706,16.46568624,12.7875855,3.9287994,5597.3327,6657.056,1.0,10.1
274,25.41807987,270.37521,72.83745,43.3561084,11.9895307,19.23066279,2022.15471,16.60879292,12.428802,3.9361156,5579.6681,6631.2286,1.0,10.1
275,25.40114013,251.56052872,67.65466078,41.8341568,12.12865836,18.73824527,1918.72417,16.50777644,12.2731035,3.877586,5437.5683,6536.1861,1.0,10.1
276,27.94210113,247.9726926,67.7388285,42.4975716,13.15165586,19.03721305,1884.5395,16.6677192,12.537114,3.9800128,5469.5584,6499.1528,1.0,10.1
277,28.0352697,240.33352,63.86063894,39.8829368,12.71790492,18.68548625,1860.6803534,16.625629,12.0158625,3.9287994,5336.7609,6364.3529,1.0,10.1
278,28.24701645,248.07569268,68.2729698,39.32879032,13.15983984,18.65910674,1891.55174,16.55828468,12.063249,3.9068508,5418.7837,6488.4388,0.6,9.4
279,28.19619723,240.9343538,68.4348308,38.6731804,13.11073596,18.36893213,1803.89874,16.625629,12.171561,3.8702698,5349.6301,6433.3282,0.6,9.4
280,28.3740645,244.8826902,67.9006895,41.18635176,13.15983984,18.61514089,1875.7742,16.86133412,12.428802,3.987329,5452.2125,6524.7513,0.6,9.4
281,27.68800503,228.58292754,64.258817,40.8975712,12.78337676,18.21944824,1781.98549,17.06336708,12.252795,3.987329,5280.7058,6401.9917,0.6,9.4
282,26.71396998,228.746011,63.56928914,40.1170832,12.54604134,18.32496628,1805.7482183,17.0044408,12.306951,4.0751234,5262.7958,6403.4964,0.6,9.4
283,26.4259944,209.862663,57.21138906,38.96976584,12.42328164,17.98203265,1717.9988,17.0044408,12.1918695,4.0458586,5080.0246,6256.4092,0.6,9.4
284,26.27353674,208.145995,55.25287096,37.853668,12.32507388,17.99082582,1697.8298447,17.046531,12.266334,3.9946452,4970.9994,6108.0027,0.6,9.4
285,25.99403103,216.8151684,57.36030118,38.439034,12.1941302,17.56875366,1726.7728653,16.7518996,12.1647915,3.950748,5003.6121,6062.2552,0.6,9.4
286,26.38364505,227.49284336,59.23141434,40.56196136,12.27597,17.64789219,1795.13344,17.0044408,12.374646,4.0092776,5128.2156,6213.8319,0.6,9.4
287,26.67162063,226.9864263,58.81381296,41.61562016,12.42328164,17.88530778,1775.84978,17.94726128,12.5709615,3.9800128,5146.3786,6222.3802,0.6,9.4
288,26.62927128,215.45041734,56.41179572,41.45171768,12.25960204,17.65668536,1731.5411885,17.62737576,12.99744,4.060491,5035.5441,6173.8721,0.6,9.4
289,27.8658723,225.23542494,57.12722134,42.39610816,12.75064084,17.85892827,1762.263565,17.60212164,12.889128,4.097072,5079.3624,6195.2438,0.6,9.4
290,27.70494477,226.86625954,57.25994736,41.6780592,12.53785736,18.04358484,1779.6714508,17.18963768,12.8417415,4.0458586,5100.8581,6225.3588,0.6,9.4
291,27.6964749,232.08493026,57.8005631,42.33366912,12.4805695,17.95565314,1814.154141,17.19805572,12.807894,4.0092776,5141.7681,6273.8556,0.6,9.4
292,26.4259944,223.84492386,55.4050203,40.39805888,11.99771468,17.62151268,1761.8253,17.23172788,12.658965,3.9214832,5007.0907,6206.6023,0.6,9.4
293,26.79019881,222.737673,56.2628836,41.97464464,12.01408264,18.03479167,1744.2859347,17.85466284,12.6657345,3.9653804,5057.152,6305.6919,0.6,9.4
294,26.61233154,225.0980915,54.69930634,41.74049824,11.87495498,17.89410095,1749.55388,17.65262988,12.2731035,3.950748,5009.2459,6219.1666,0.6,9.4
295,26.05332012,223.8535072,52.68251828,40.7414736,11.71945936,17.74461706,1743.41817,17.49268712,12.036171,3.9580642,4928.6853,6142.5439,0.6,9.4
296,25.87545285,219.71633732,52.1839864,39.81269288,11.73582732,17.54237415,1727.64063,17.72839224,12.252795,3.9214832,4926.3469,6157.4072,0.6,9.4
297,26.01944064,228.2739273,55.35322478,40.2731808,11.7440113,17.6742717,1764.45489,17.53477732,12.2731035,3.914167,5037.9899,6251.7941,0.6,9.4
298,26.256597,233.54409806,54.4176682,39.75805872,11.75219528,17.48082196,1782.949673,17.89675304,13.498383,3.9946452,5046.8773,6254.9426,0.6,9.4
299,26.56998219,234.72001564,54.709018,40.24196128,11.77674722,17.40168343,1802.1895065,18.04827776,13.8030105,4.0092776,5094.7291,6280.359,0.6,9.4
300,25.40961,230.01634532,53.25550622,39.8829368,11.64580354,17.29616539,1760.94877,18.04827776,13.606695,4.0531748,5048.3607,6254.0695,0.6,9.4
301,25.26562221,234.39384872,54.73167854,39.8439124,11.5803317,17.4104766,1792.065585,18.20822052,13.457766,4.02391,5110.7768,6311.6644,-0.5,8.1
302,25.40961,244.24752304,56.93298814,39.7658636,11.6212516,17.4984083,1895.05786,17.77890048,13.390071,3.9653804,5161.5569,6326.6059,-0.5,8.1
303,24.92682741,244.41918984,57.00420698,39.79708312,11.6212516,17.64789219,1863.5290759,17.6357938,13.200525,3.9653804,5140.3418,6343.0962,-0.5,8.1
304,25.1555139,232.4797639,55.35322478,39.36000984,11.67853946,17.68306487,1806.52833,17.78731852,13.214064,3.987329,5103.7428,6348.0761,-0.5,8.1
305,24.70661079,234.39384872,55.18812656,39.414644,11.5803317,17.87651461,1814.4171,17.56003144,13.214064,3.9800128,5112.2086,6356.7526,-0.5,8.1
306,24.44404482,227.7160102,53.97093184,39.219522,11.44938802,17.61271951,1770.5906,17.5516134,13.2072945,3.9653804,5035.3374,6335.2393,-0.5,8.1
307,24.21535833,224.01659066,52.91559812,39.38342448,11.68672344,17.61271951,1760.8523517,17.83782676,13.26822,4.0092776,4947.7459,6226.4182,-0.5,8.1
308,23.96126223,225.6560086,53.09364522,39.27415616,11.72764334,17.44564928,1771.46713,17.69472008,13.078674,4.0312262,4939.6438,6209.7801,-0.5,8.1
309,24.35934612,226.41134252,55.3402759,38.7902536,11.73582732,17.54237415,1794.25691,17.47585104,13.2208335,3.987329,4980.6279,6277.2111,-0.5,8.1
310,24.24923781,219.5618372,53.575991,38.58732672,11.72764334,17.39289026,1766.733868,17.10545728,13.3833015,3.987329,4948.9741,6276.4609,-0.5,8.1
311,24.45251469,224.7118412,53.5112466,38.82147312,11.85858702,18.00841216,1801.2516194,17.23172788,13.417149,3.9726966,4966.1811,6339.5906,-0.5,8.1
312,24.562623,228.03359378,56.9912581,40.40586376,11.92405886,18.77341795,1830.19464,17.26540004,13.4374575,3.9800128,5087.0165,6425.2606,-0.5,8.1
313,24.33393651,229.8189285,55.43415528,40.57757112,11.55577976,18.07875752,1836.155044,17.34958044,13.4645355,3.9434318,5083.3654,6428.5411,-0.5,8.1
314,24.26617755,232.4797639,54.57629198,41.28001032,11.58851568,17.65668536,1823.1824,17.3411624,13.3291455,3.9287994,5098.7449,6420.2587,-0.5,8.1
315,24.57956274,232.77159746,54.61513862,41.06147368,11.62943558,17.6742717,1801.707415,17.1728016,13.4916135,3.8995346,5089.2435,6445.4657,-0.5,8.1
316,23.79186483,240.33352,54.7899485,41.6000104,11.55577976,17.53358098,1848.5491782,17.15596552,13.2343725,3.8702698,5135.4534,6462.7558,-0.5,8.1
317,23.4615399,236.04185,54.223435,40.64001016,11.457572,17.43685611,1821.2715646,16.97076864,13.024518,3.8556374,5077.2372,6442.6451,-0.5,8.1
318,23.65634691,241.89568788,53.39470668,40.64001016,11.55577976,17.22582003,1835.8394932,16.93709648,12.929745,3.8336888,5090.5195,6446.2822,-0.5,8.1
319,23.44460016,245.1401904,53.575991,40.39805888,11.56396374,17.08512931,1789.87426,16.93709648,13.200525,3.804424,5119.2421,6489.7441,-0.5,8.1
320,23.62246743,248.487693,52.7504999,41.58440064,11.60488364,17.36651075,1776.1653308,16.94551452,13.2885285,3.8190564,5164.1692,6491.9281,-0.5,8.1
321,23.85962379,244.62519,51.33259754,41.1317176,11.457572,17.63909902,1759.0028734,16.81082588,13.0042095,3.7532106,5123.489,6485.7075,-0.5,8.1
322,23.64787704,237.27785096,48.5583,41.88879096,11.42483608,17.82375559,1717.12227,16.74348156,13.3968405,3.7458944,5061.1244,6489.3485,-0.3,8.3
323,23.715636,233.5526814,46.5997819,42.28683984,11.38391618,17.53358098,1668.03659,16.63404704,13.552539,3.8190564,4996.0527,6444.4429,-0.3,8.3
324,23.32602198,226.600176,47.587134,42.0683032,11.24478852,17.83254876,1647.0261659,16.55828468,14.1956415,3.841005,4992.422,6475.9938,-0.3,8.3
325,23.39378094,236.4281003,47.44469632,42.02147392,11.2938924,17.6742717,1717.12227,16.74348156,13.8977835,3.8263726,5023.0595,6456.0376,-0.3,8.3
326,22.89405861,238.19626834,49.76578306,41.90440072,11.03200504,18.14910288,1739.03552,16.64246508,14.1414855,3.8483212,5044.5481,6512.0501,-0.3,8.3
327,22.76701056,236.900184,48.23134078,41.5219616,10.99926912,17.70065121,1728.078895,16.63404704,13.6676205,3.8336888,4992.9738,6439.0273,-0.3,8.3
328,22.92793809,246.341858,49.70103866,42.91123024,11.15476474,17.91168729,1761.6938205,16.5414486,13.511922,3.8629536,5110.5901,6525.8036,-0.3,8.3
329,22.97028744,255.08828146,51.72430116,43.4341572,11.18750066,18.09634386,1803.8636788,16.63404704,13.67439,3.8556374,5184.9853,6578.1402,-0.3,8.3
330,23.11427523,257.071033,51.3746814,43.6683036,11.23660454,17.9380668,1805.0469943,16.65930116,13.8571665,3.8483212,5187.6013,6599.5985,-0.3,8.3
331,22.67384199,259.89495186,55.93268716,42.7707424,11.04018902,18.17548239,1796.00997,16.50777644,13.742085,3.8117402,5172.272,6584.3869,-0.3,8.3
332,22.84323939,260.51295234,55.98448268,43.29366936,11.04018902,17.97323948,1804.6700864,16.35625172,13.2749895,3.8263726,5186.412,6548.7111,-0.3,8.3
333,22.50444459,254.5818644,56.0686504,42.23220568,10.85195748,17.75341023,1789.961913,16.4993584,13.3020675,3.7824754,5134.1483,6527.864,-0.3,8.3
334,22.18258953,261.80045334,56.15605534,42.20879104,10.70464584,17.56875366,1815.5478237,16.31416152,13.254681,3.7971078,5155.5875,6544.1218,-0.3,8.3
335,22.66537212,277.26763202,57.14340744,44.9170844,11.02382106,17.78858291,1923.545085,16.67613724,13.376532,3.8483212,5318.478,6619.6707,-0.3,8.3
336,23.02110666,273.808546,57.03010474,45.658548,11.22842056,17.86772144,1945.8966,16.34783368,13.4239185,3.8483212,5320.5927,6628.2065,-0.3,8.3
337,23.00416692,273.10471212,57.4444689,45.2292796,11.26115648,17.8501351,1967.80985,16.36466976,13.525461,3.8483212,5338.2329,6685.4054,-0.3,8.3
338,22.82629965,272.0060446,58.81381296,45.658548,11.11384484,17.92048046,1954.6619,16.55828468,13.4916135,3.8556374,5321.0886,6668.1696,-0.3,8.3
339,22.6145529,270.47821008,57.8491214,45.41659672,11.06474096,17.83254876,1944.14354,16.71822744,13.525461,3.8117402,5331.5696,6728.9906,-0.3,8.3
340,22.5298542,270.9760438,61.33237012,44.76879168,10.93379728,17.88530778,1964.2599035,16.77715372,13.5863865,3.7897916,5341.6798,6739.7624,-0.2,8.6
341,22.66537212,267.66287456,60.374153,44.94049904,11.01563708,17.9380668,1947.64966,16.68455528,13.647312,3.7971078,5289.9736,6681.4285,-0.2,8.6
342,22.58914329,269.18212574,59.5324758,43.92586464,10.95834922,17.78858291,1947.8424966,16.7518996,13.8436275,3.767843,5255.2855,6667.7264,-0.2,8.6
343,22.30116771,270.6327102,61.3129468,44.90147464,10.98290116,17.70065121,1973.507295,16.72664548,13.728546,3.7824754,5282.2772,6693.0574,-0.2,8.6
344,21.97084278,268.58129194,61.6204827,44.487816,10.7210138,17.63909902,1990.59963,16.61721096,13.742085,3.7824754,5277.6271,6721.5019,-0.2,8.6
345,22.07248122,255.7406153,65.65405882,44.2536696,10.7210138,17.69185804,1920.47723,16.68455528,13.6811595,3.804424,5232.1165,6684.5626,-0.2,8.6
346,21.94543317,254.496031,65.391844,44.07415736,10.7619337,17.60392634,1927.927735,17.10545728,13.904553,3.7971078,5236.4493,6692.9049,-0.2,8.6
347,21.72521655,260.1181187,69.31211742,43.9804988,10.6800939,17.54237415,1962.0948744,17.10545728,13.8300885,3.804424,5271.4661,6765.6436,-0.2,8.6
348,21.42030123,258.84778438,73.49136844,43.96488904,10.69646186,17.50720147,1909.7923293,17.41692476,13.931631,3.7971078,5224.703,6725.9152,-0.2,8.6
349,20.97139812,256.86503284,75.20709504,42.7707424,10.37728664,18.5535887,1922.23029,17.19805572,13.742085,3.7751592,5166.5597,6663.6623,-0.2,8.6
350,21.14079552,250.90819488,68.305342,43.3951328,10.54915022,18.00841216,1891.55174,17.1728016,13.8571665,3.7824754,5080.4909,6566.286,-0.2,8.6
351,21.174675,252.53902948,75.1358762,43.02049856,10.54915022,17.82375559,1890.5963223,17.1728016,13.755624,3.7897916,5101.8924,6616.174,-0.2,8.6
352,20.81047059,249.775194,79.31189,42.68488872,10.45094246,19.0811789,1832.7716382,16.90342432,13.430688,3.7897916,5102.4657,6657.7635,-0.2,8.6
353,20.4970854,254.81361458,78.52848276,41.90440072,10.24634296,18.69427942,1824.6199092,16.78557176,13.173447,3.767843,5090.3854,6707.1762,-0.2,8.6
354,20.52249501,257.40578326,77.00698936,43.28586448,10.0662954,19.4329057,1818.7734541,16.9623506,13.146369,3.7751592,5122.1583,6739.7939,-0.2,8.6
355,20.7511815,249.72369396,78.7615626,42.78635216,10.16450316,19.38893985,1786.36814,17.06336708,13.4509965,3.7605268,5147.3938,6789.9464,-0.2,8.6
356,20.60719371,251.2343618,79.27628058,42.92684,10.1481352,19.33618083,1812.7078665,17.1728016,13.5186915,3.804424,5155.9738,6754.8657,-0.2,8.6
357,20.75965137,257.43153328,79.30865278,44.0195232,10.20542306,19.84618469,1850.966036,17.37483456,13.755624,3.8263726,5239.9684,6813.4138,-0.2,8.6
358,20.39544696,262.91628754,82.10561086,42.6926936,9.92716774,19.70549397,1860.70749683,17.65262988,13.3020675,3.7897916,5251.7604,6828.5162,-0.2,8.6
359,20.1582906,256.2556157,81.9987826,41.9902544,9.820776,19.12514475,1824.422546,17.256982,13.1666775,3.7824754,5190.5445,6765.4201,-0.2,8.6
360,20.16676047,255.68911526,81.254222,42.29464472,9.85351192,19.31859449,1819.7331961,17.37483456,13.214064,3.7824754,5224.041,6808.1831,-0.2,8.6
361,21.15773526,255.9551988,76.5926252,43.707328,10.26271092,18.95807452,1862.468215,17.58528556,13.146369,3.8483212,5229.6642,6716.6658,-0.4,8.3
362,20.37003735,245.50927402,77.38250688,41.4048884,9.89443182,18.50082968,1781.068179,17.0886212,13.051596,3.841005,5081.1172,6658.0451,-0.4,8.3
363,20.17523034,241.2776874,80.7848251,41.31903472,9.72256824,18.53600236,1764.257302,16.94551452,13.511922,3.804424,5085.7924,6711.0136,-0.4,8.3
364,20.73424176,237.9731015,81.092361,41.78732752,10.07447938,18.50962285,1780.9797007,17.06336708,13.484844,3.8198556,5083.1043,6709.4983,-0.4,8.3
365,20.36156748,244.27327306,82.57824498,41.70147384,9.95990366,18.87014282,1773.105132,17.09703924,13.471305,3.81213872,5140.4899,6764.1319,-0.4,8.3
366,20.37003735,231.61284656,81.56499512,39.2975708,9.91898376,18.72065893,1756.294255,17.09703924,13.3562235,3.77355432,5088.2566,6748.654,-0.4,8.3
367,20.37850722,231.6301936,80.54850804,38.9463512,9.96808764,19.28342181,1744.88940213,17.09703924,13.525461,3.7426868,5069.4361,6804.5389,-0.4,8.3
368,20.17523034,234.810689,86.26543856,39.3365952,9.83714396,19.1691106,1735.059463,16.80240784,13.11604608,3.68095176,5132.7088,6904.3818,-0.4,8.3
369,20.19217008,239.18712,85.8187022,39.99288986,9.85351192,19.06359256,1754.4362107,16.99602276,13.23514752,3.665518,5142.0991,6961.8475,-0.4,8.3
370,19.65856827,238.580486,79.40576938,39.1765451,9.64891242,18.2897936,1735.944246,17.01285884,13.33191744,3.63465048,5083.0849,6898.7502,-0.4,8.3
371,19.92113424,243.3728946,76.5278808,40.8572549,9.6570964,18.04358484,1767.78758617,17.07178512,13.33191744,3.665518,5151.4626,6932.406,-0.4,8.3
372,20.28533865,240.5043824,72.16410824,40.817238,9.64891242,18.28100043,1730.5470697,16.81893171,13.45846272,3.65780112,5094.7727,6925.1232,-0.4,8.3
373,19.88725476,243.4248918,72.50401634,40.68118054,9.36247312,18.15789605,1747.446425,16.9148406,13.5477888,3.65008424,5113.4945,6889.3375,-0.4,8.3
374,19.55692983,244.646826,73.646755,39.94486958,9.33792118,17.94685997,1751.87034,16.81893171,13.3244736,3.63465048,5108.9941,6901.1318,-0.4,8.3
375,19.25201451,243.7108764,78.09145806,39.7767986,9.17424158,18.00841216,1742.137727,16.57479999,13.12348992,3.61921672,5144.0428,6984.5418,-0.4,8.3
376,19.65856827,242.740262,80.59382912,40.2169845,9.23971342,17.92048046,1716.48786783,16.42657716,13.20537216,3.63465048,5151.7517,7026.5482,-0.4,8.3
377,19.57386957,235.0360102,83.74040696,40.0569169,9.1251377,18.2018619,1681.0877,16.38298221,13.22770368,3.6269336,5089.2282,6985.7499,-0.4,8.3
378,18.09164232,216.2563548,80.4611031,38.1761226,8.51952318,17.51599464,1596.24585813,16.42657716,12.85551168,3.60378296,4925.299,6868.2074,-0.4,8.3
379,17.07525792,200.319213,77.27567862,36.95160546,8.18398,17.43685611,1515.53595287,15.98190867,12.67685952,3.56519856,4751.313,6719.2557,-0.4,8.3
380,17.35476363,205.1116216,76.560253,37.99204486,8.21671592,16.74219568,1565.0926487,16.35682524,12.56520192,3.60378296,4760.4826,6621.9845,-0.4,8.3
381,17.4479322,203.699031,83.2612984,38.3762071,8.20034796,16.78616153,1548.18444557,16.20860241,12.56520192,3.56519856,4850.2746,6758.8869,-0.4,8.3
382,17.49875142,191.306365,85.69245062,37.215717,8.19216398,16.65899228,1485.54180917,16.566081,12.654528,3.54204792,4811.1695,6767.316,-0.4,8.3
383,17.7020283,203.179059,94.26137196,38.18412598,8.33947562,17.17674722,1552.794165,16.4788911,12.83318016,3.5497648,4933.736,6872.0004,0.3,8.2
384,17.68508856,208.032131,90.66805776,38.08808542,8.25763582,17.0314125,1547.7509019,16.46145312,12.84806784,3.53433104,4934.4583,6816.0107,0.3,8.2
385,17.40558285,203.22239,99.73551098,37.615886,8.17579602,17.23124774,1525.365892,16.61839494,12.9150624,3.5111804,4978.8479,6931.3365,0.3,8.2
386,17.77825713,196.8700654,96.94179012,37.4158015,8.57681104,17.3039151,1503.246317,16.69686585,12.97461312,3.50346352,4948.6703,6911.8292,0.3,8.2
387,17.8714257,195.85612,98.29231632,38.08808542,8.7977785,17.40383272,1478.472393,16.60967595,13.04160768,3.49574664,4921.5647,6938.8679,0.3,8.2
388,18.87087036,199.3312662,95.0761482,39.26458228,9.46068088,17.34024878,1498.6454454,16.87124565,13.08627072,3.5111804,4985.5627,6979.5256,0.3,8.2
389,18.51513582,215.701718,94.574128,40.18497098,9.50978476,17.36749904,1591.724617,17.04562545,13.16815296,3.51889728,5043.148,7019.2284,0.3,8.2
390,19.57386957,213.361844,95.54254116,40.7372042,10.30363082,17.35841562,1548.8126415,17.06306343,13.33191744,3.5883492,5015.3406,7073.5219,0.3,8.2
391,19.17578568,206.1862304,100.07367832,40.56112984,10.16450316,17.8943374,1495.28327,17.16769131,13.31702976,3.57291544,4973.3509,7095.2024,0.3,8.2
392,19.30283373,208.682096,97.17167768,40.96129884,9.83714396,17.50375034,1504.16649132,17.0892204,13.36913664,3.55748168,4945.9829,7088.8876,0.3,8.2
393,19.44682152,208.595434,92.4364936,40.71319406,10.31635776,17.41291614,1503.4232736,17.23744323,13.34680512,3.56519856,4941.0676,7052.4876,0.3,8.2
394,19.58233944,199.279269,90.78792404,39.71277156,10.6300308,16.99507882,1446.620205,17.11537737,13.23514752,3.56519856,4837.4034,6894.4042,0.3,8.2
395,20.09053164,198.45598,91.87293544,42.52996132,10.63874394,17.09499644,1433.34846,17.16769131,13.07138304,3.60378296,4894.2384,6941.008,0.3,8.2
396,19.60774905,192.952943,95.13120848,41.28143404,10.2815052,17.0314125,1433.32191651,17.36822808,12.94483776,3.58063232,4862.1394,6947.0564,0.3,8.2
397,19.26895425,178.8530356,92.33608956,40.84124814,10.56032568,16.69532596,1369.644084,17.30719515,12.84806784,3.59606608,4769.2678,6920.0248,0.3,8.2
398,19.32824334,178.5583848,93.8615832,41.52953882,10.38606288,16.72257622,1389.27741877,17.43798,13.16070912,3.57291544,4835.8782,7024.5647,0.3,8.2
399,19.49764074,181.9902,96.598403,41.7776436,10.26407892,16.88607778,1437.93163594,17.30719515,13.2500352,3.57291544,4888.3902,7090.7817,0.3,8.2
400,19.02294756,188.48985,95.9344408,41.16138334,10.01139786,16.85882752,1473.18139066,17.20256727,13.41379968,3.57291544,4898.1572,7153.0043,0.3,8.2
401,18.69156853,179.5376654,91.49723,39.6967648,9.9329796,16.68624254,1411.228885,17.0020305,13.57756416,3.56519856,4801.6094,7118.8442,0.3,8.2
402,18.7184371,178.2464016,93.3271746,40.2970183,9.7587168,17.15858038,1412.14021149,17.02818747,13.51801344,3.58063232,4827.0433,7180.1088,0.3,8.2
403,17.40187717,179.39034,91.32557148,38.7763761,9.4537569,17.60366796,1403.265838,16.64455191,14.09118912,3.53433104,4813.2703,7226.8823,0.3,8.2
404,17.7332562,174.7885878,89.715868,39.18454848,9.92426646,17.54916744,1378.491914,16.86252666,14.88768,3.56519856,4805.6099,7255.3418,0.3,8.2
405,18.64678758,180.0056402,86.2503092,40.64916702,10.57775196,17.85800372,1435.12687383,17.28103818,14.53781952,3.61149984,4869.4587,7193.1,0.1,8.3
406,18.9871228,174.3899426,86.477028,41.2974408,10.83043302,18.04875554,1432.2867204,17.42054202,14.96956224,3.61921672,4869.4113,7307.0084,0.1,8.3
407,18.74530567,178.4283918,82.30216324,41.617576,10.69973592,17.65816848,1467.16486626,17.49029394,14.86534848,3.65008424,4843.0624,7278.6809,0.1,8.3
408,18.40497045,183.2554652,89.9101984,40.9773056,10.49062056,18.1214229,1478.18041461,17.45541798,15.46085568,3.65008424,4933.7262,7355.4013,0.1,8.3
409,18.44079521,183.6974414,89.3757898,42.26584978,10.4993337,19.02068148,1476.702827,17.46413697,15.84049152,3.665518,4992.8294,7498.9255,0.1,8.3
410,18.20793427,180.0143064,87.31588756,41.94571458,10.38606288,18.9389307,1444.9391173,17.72570667,16.23501504,3.68095176,4972.1324,7544.0411,0.1,8.3
411,18.0915038,179.6763246,88.00252164,41.6976098,10.52547312,19.03884832,1445.80620464,17.77802061,17.85777216,3.665518,4970.0133,7617.4505,0.1,8.3
412,18.2706276,185.196694,86.02682924,43.31429256,10.85657244,19.075182,1471.02252014,17.7867396,16.6742016,3.69638552,5013.5219,7607.6749,0.1,8.3
413,19.04085994,180.0749698,84.65032224,43.15422496,11.4577791,18.77542914,1463.431082,17.76930162,17.8279968,3.68095176,4991.6598,7648.7481,0.1,8.3
414,18.02881047,178.2897326,87.19928932,41.6976098,11.31836886,18.55742706,1466.085431,17.51645091,17.23993344,3.63465048,4917.1617,7556.6157,0.1,8.3
415,17.53622002,172.02407,84.5823066,41.1373732,10.99598268,18.35759182,1429.57928442,17.18512929,17.02406208,3.61149984,4867.3187,7592.3059,0.1,8.3
416,17.03467338,170.72414,81.294884,40.5771366,10.69973592,18.17592342,1449.33648881,17.22872424,17.23993344,3.61149984,4807.6978,7446.9353,0.1,8.3
417,17.07945433,175.013909,82.62928608,41.0173225,11.30094258,18.26675762,1491.744138,17.70826869,16.09358208,3.6269336,4855.9402,7395.5645,0.1,8.3
418,17.98402952,168.0636166,80.0641248,39.54470058,11.94571494,18.1214229,1449.00027127,18.62376264,17.70145152,3.57291544,4821.7675,7453.6247,0.1,8.3
419,18.40497045,168.4882604,80.94508928,39.08850792,11.91957552,18.18500684,1446.620205,18.51041577,17.44091712,3.59606608,4853.1957,7502.8391,0.1,8.3
420,18.19897808,173.7746424,81.54427468,39.03248426,11.69303388,17.87617056,1498.822402,18.38834991,16.3020096,3.58063232,4849.4277,7380.3843,0.1,8.3
421,17.74221239,191.1503734,81.78071,39.28859242,11.24866374,17.92158766,1641.272465,18.81558042,16.32434112,3.57291544,4877.3698,7170.5899,0.1,8.3
422,18.87964852,188.0045428,79.95400424,40.35304196,11.87600982,17.73991926,1612.12771298,18.99867921,16.97939904,3.59606608,4883.828,7198.8966,0.1,8.3
423,18.96025423,189.5124616,76.436624,41.26542728,12.03284634,17.4401664,1610.30506,19.28640588,16.50299328,3.61149984,4833.9281,7010.2192,0.1,8.3
424,19.08564089,190.1277618,80.81229684,40.3770521,12.22453542,17.33116536,1619.15289,19.181778,16.86774144,3.59606608,4866.3826,7103.6076,0.1,8.3
425,19.02294756,197.7800164,81.942652,40.76121434,11.8063047,17.7580861,1627.6468068,19.13818305,15.9298176,3.63465048,4929.9409,7091.3356,0.0,8.7
426,19.7931799,197.416036,82.833333,42.417914,12.10255146,17.94883792,1651.99603496,18.85045638,16.68908928,3.65780112,4936.1918,7090.4673,0.0,8.7
427,19.9723037,198.7506308,83.24142684,42.48994442,12.27681426,17.7580861,1655.42014517,18.59760567,16.55510016,3.665518,4883.8369,6952.1903,0.0,8.7
428,19.9723037,207.5468238,87.8373408,42.44192414,12.11997774,18.3939255,1707.5427117,18.17909415,16.01914368,3.64236736,4940.1089,6981.5947,0.0,8.7
429,19.0766847,207.9888,88.40089896,41.90569768,11.762739,18.6664281,1690.820313,18.03087132,15.77349696,3.63465048,4913.6123,7008.3326,0.0,8.7
430,18.88860471,203.0663984,91.76605372,42.66601878,12.0241332,18.91168044,1696.10246751,18.17909415,16.34667264,3.665518,4932.1084,7024.1596,0.0,8.7
431,18.1810657,186.6006184,92.60491328,41.50552868,11.5884762,19.08426542,1592.6094,18.36219294,17.56001856,3.65008424,4874.7753,7068.1048,0.0,8.7
432,18.1810657,189.7637814,92.23892436,42.32187344,11.23123746,19.03884832,1603.38605694,18.58016769,17.46324864,3.64236736,4922.7232,7120.3794,0.0,8.7
433,17.91238,190.6044028,94.1206904,41.9377112,11.11796664,19.05701516,1628.885503,18.30116001,16.35411648,3.6269336,4910.1846,7118.7959,0.0,8.7
434,18.56618187,191.5143538,92.95794684,43.0181675,11.72788644,19.05701516,1631.539852,18.37091193,17.16549504,3.65780112,4928.0156,7098.2542,0.0,8.7
435,19.10355327,195.0154986,97.1652,43.45035002,11.94571494,19.03884832,1681.972483,18.309879,16.10102592,3.65008424,4959.7254,7026.0676,0.0,8.7
436,18.44079521,190.9683832,102.7845874,43.69045142,11.75402586,19.04793174,1657.22510249,18.33603597,16.6369824,3.64236736,4979.5235,7103.9856,0.0,8.7
437,17.66160668,191.2283692,103.32223484,44.2586914,11.3706477,18.82992966,1646.62540215,18.44938284,16.27223424,3.6269336,4963.0984,7102.4335,0.0,8.7
438,17.60786954,187.18992,104.20643816,43.63442776,11.33579514,18.51200996,1609.420277,18.54529173,15.61717632,3.6269336,4898.1644,7048.604,0.0,8.7
439,17.13319147,186.5746198,99.74979432,43.39432636,11.26609002,18.02150528,1615.16251867,18.42322587,14.9993376,3.60378296,4864.138,6950.2768,0.0,8.7
440,16.30922199,187.6318962,100.82832804,43.19424186,10.94370384,18.42117576,1615.68454064,18.52785375,14.80579776,3.60378296,4908.7701,7022.4992,0.0,8.7
441,16.29130961,177.6051028,97.812968,43.31429256,10.6735965,18.13958974,1595.263749,18.64120062,14.95467456,3.65008424,4890.6851,7060.756,0.7,8.5
442,15.79871916,174.4679384,101.66070992,41.8176605,10.65617022,18.36667524,1596.71479312,18.26628405,14.5899264,3.5883492,4839.8457,6985.0998,0.7,8.5
443,16.16592295,172.5700406,98.14009084,41.3774746,11.24866374,18.33942498,1561.641995,18.45810183,14.9621184,3.58063232,4821.1119,7017.8541,0.7,8.5
444,16.17487914,179.2343484,105.2623,41.4174915,10.99598268,18.76634572,1596.3254886,18.36219294,14.99189376,3.5883492,4868.7419,7073.8522,0.7,8.5
445,15.95993058,182.2588522,101.699576,41.26542728,10.66488336,20.64661366,1610.25197302,18.01343334,14.515488,3.59606608,4842.3458,6991.9077,0.7,8.5
446,16.39878389,182.8481538,102.02346,41.0573394,10.96113012,20.90094942,1610.3935383,17.74314465,14.73135936,3.57291544,4848.1795,7026.9715,0.7,8.5
447,16.31817818,180.9242574,103.86635996,40.86525828,10.9349907,20.12885872,1583.77041783,17.73442566,14.4782688,3.58063232,4846.7444,7081.7539,0.7,8.5
448,16.99884862,178.263734,100.48824984,40.52111294,11.762739,19.45668564,1551.90053417,17.56876485,14.20284672,3.56519856,4821.1925,7062.3313,0.7,8.5
449,18.61991901,178.9656962,101.04856916,42.27385316,12.9390129,19.36585144,1565.7119968,17.55132687,14.31450432,3.59606608,4898.6529,7119.8589,0.7,8.5
450,17.69743144,176.660487,99.36113352,41.9377112,12.95643918,19.42035196,1569.41038974,17.41182303,14.23262208,3.5883492,4888.3749,7156.6127,0.7,8.5
451,17.3750086,177.397114,95.52634696,42.36189034,12.62533986,19.20234988,1558.22673262,17.58620283,14.24006592,3.60378296,4882.3777,7098.2129,0.7,8.5
452,17.23170956,183.72344,95.06319284,42.017745,12.55563474,18.73001204,1599.687664,17.43798,14.1060768,3.5883492,4883.3206,7045.9387,0.7,8.5
453,17.42874574,183.2987962,96.1449654,41.48952192,12.47721648,18.85717992,1588.185485,17.49029394,14.16562752,3.5883492,4885.7544,7104.5344,0.7,8.5
454,17.09736671,180.7942644,95.6753336,41.14537658,12.198396,18.74817888,1585.531136,17.47285596,14.2177344,3.58063232,4837.6185,7084.6827,0.7,8.5
455,17.8228181,184.243412,96.13524888,41.88168754,13.08713628,18.78451256,1617.74608503,17.62107879,14.39638656,3.59606608,4890.0575,7169.8759,0.7,8.5
456,17.21379718,187.1639214,100.727924,41.36947122,12.29424054,18.96618096,1640.62657341,17.42926101,14.41871808,3.57291544,4912.399,7255.0736,0.7,8.5
457,17.23170956,186.149976,99.91173632,41.4174915,12.5469216,19.11151568,1677.92902469,17.42054202,14.57503872,3.57291544,4913.3457,7261.3791,0.7,8.5
458,17.2854467,194.4868604,98.2016288,41.40948812,12.6776187,18.7118452,1717.363803,17.25488121,15.00678144,3.58063232,4916.6579,7256.1117,0.7,8.5
459,17.21379718,193.212929,96.517432,41.15337996,12.42493764,18.67551152,1730.66209149,17.25488121,15.11843904,3.57291544,4896.4416,7233.5423,0.7,8.5
460,17.00780481,193.1349332,96.40731144,40.0969338,12.25067484,18.31217472,1717.37265083,17.02818747,14.67925248,3.55748168,4860.1265,7219.8622,0.7,8.5
461,16.53312674,194.7555126,98.60972264,39.87283916,12.1548303,18.24859078,1756.294255,17.02818747,14.56759488,3.53433104,4851.423,7221.8978,0.7,8.5
462,16.35400294,188.92316,98.6874548,39.60872762,12.0676989,18.1214229,1708.31247291,17.02818747,14.54526336,3.53433104,4832.026,7252.7552,0.7,8.5
463,16.54208293,191.1417072,98.88826288,40.00889662,12.27681426,18.33942498,1710.27669117,17.02818747,14.9621184,3.5497648,4843.851,7272.837,0.4,9.0
464,17.04362957,193.039605,100.0153792,40.72920082,12.5904873,18.70276178,1711.170322,17.02818747,15.39386112,3.55748168,4856.163,7229.988,0.4,9.0
465,17.25857813,198.845959,99.3999996,41.0173225,12.84316836,18.63917784,1744.68590204,17.02818747,16.8230784,3.55748168,4901.0175,7301.9173,0.4,9.0
466,17.45561431,201.315826,97.731997,41.47351516,13.12198884,18.3939255,1740.6335959,17.02818747,16.51788096,3.57291544,4892.6209,7240.4558,0.4,9.0
467,17.85864286,202.78908,95.4810032,41.48952192,12.9825786,18.94801412,1730.52052621,17.02818747,16.43599872,3.59606608,4922.1015,7206.8257,0.4,9.0
468,17.74221239,211.45528,97.42106836,41.64958952,12.99129174,19.01159806,1807.611669,17.02818747,16.190352,3.58063232,4995.9298,7302.9905,0.4,9.0
469,18.2706276,217.52162,97.003258,42.52195794,13.27882536,19.79277218,1846.14396865,17.02818747,16.2275712,3.59606608,5078.6901,7320.3177,0.4,9.0
470,18.05567904,214.05514,97.62511528,42.81007962,13.04357058,19.82910586,1849.19647,17.02818747,16.1531328,3.59606608,5055.1172,7306.646,0.4,9.0
471,17.8228181,216.6376676,96.6469856,41.95371796,12.634053,19.73827166,1874.1473506,18.18781314,16.2275712,3.57291544,5083.8007,7353.0306,0.4,9.0
472,17.4645705,216.655,95.0275656,40.9372887,12.18096972,19.32043434,1902.28345,18.90277032,15.81071616,3.56519856,5049.6953,7324.1331,0.4,9.0
473,17.56308859,211.281956,95.0113714,40.817238,12.43365078,19.19326646,1889.011705,19.03355517,15.90748608,3.55748168,5005.8991,7314.2586,0.4,9.0
474,17.72430001,211.02197,92.6956008,40.9773056,12.60791358,19.35676802,1874.84632917,19.19921598,17.0091744,3.56519856,5034.7321,7380.9974,0.4,9.0
475,17.49143907,203.7943592,90.35715832,40.63316026,12.57306102,19.0297649,1814.4244981,19.10330709,16.39877952,3.55748168,4954.7599,7314.5601,0.4,9.0
476,17.51830764,204.52232,87.610622,40.56913322,12.8083158,18.70276178,1821.73280568,18.96380325,16.19779584,3.55748168,4880.4178,7195.9732,0.4,9.0
477,18.19002189,200.752523,89.45999964,40.52111294,13.45308816,18.95709754,1803.3647106,19.16434002,16.5253248,3.5883492,4913.4853,7275.4675,0.4,9.0
478,17.78699334,201.1598344,90.43489048,40.02490338,13.48794072,18.7572623,1812.035584,19.19049699,16.45833024,3.58063232,4914.4544,7302.463,0.4,9.0
479,17.59891335,205.3976062,90.68428116,40.19297436,13.5924984,18.91168044,1875.73996,19.3561578,16.87518528,3.5883492,4948.7389,7337.19,0.4,9.0
480,17.58995716,209.6700428,87.44868,39.90485268,13.60121154,18.70276178,1941.29353247,19.50438063,16.71886464,3.5883492,4921.3449,7278.7556,0.4,9.0
481,17.57204478,204.7043102,86.48674452,39.48067354,13.32239106,18.90259702,1886.19809506,19.48694265,16.9719552,3.59606608,4919.3238,7272.7493,0.4,9.0
482,17.62578192,205.8915796,87.7239814,39.72077494,13.2439728,18.92984728,1891.82531494,19.50438063,16.58487552,3.61149984,4955.9644,7286.0336,0.4,9.0
483,17.35709622,195.596134,87.124796,38.11209556,13.1132757,18.70276178,1805.842103,19.39975275,16.58487552,3.59606608,4883.4804,7247.7741,0.4,9.0
484,17.12423528,195.42281,86.51913292,38.816393,13.1568414,18.64826126,1835.924725,19.64388447,16.33178496,3.58063232,4921.5109,7310.96,0.4,9.0
485,17.69743144,192.9616092,86.83977808,38.98446398,13.61863782,18.73909546,1813.80515,19.7921073,16.76352768,3.57291544,4940.3733,7359.4024,0.4,9.0
486,18.35123331,193.7415672,87.772564,38.6963423,13.7667612,18.79359598,1814.89343309,19.91417316,16.91984832,3.60378296,4917.7653,7354.4562,-0.3,9.8
487,18.96025423,193.906225,82.02686184,39.2565789,13.941024,19.0297649,1790.800792,19.87057821,16.6742016,3.63465048,4868.1202,7222.6747,-0.3,9.8
488,18.85277995,190.2057576,80.97747768,38.5362747,13.51408014,18.72092862,1753.83455826,19.19049699,16.54021248,3.6269336,4818.2318,7229.9601,-0.3,9.8
489,19.60509991,188.6285092,79.837406,39.2565789,14.0717211,18.76634572,1718.248586,19.32128184,16.75608384,3.65780112,4822.3689,7175.676,-0.3,9.8
490,19.84691704,186.2886352,79.7726292,39.40063974,14.35054158,18.8480965,1739.483378,19.5305376,16.95706752,3.665518,4844.0451,7191.4511,-0.3,9.8
491,19.9723037,184.9020432,77.43742556,39.8968493,14.08043424,18.44842602,1716.96565065,19.6177275,16.8975168,3.665518,4797.7735,7135.2232,-0.3,9.8
492,19.74839895,188.8538304,82.914304,39.82481888,13.941024,18.50292654,1740.368161,19.41719073,16.99428672,3.64236736,4845.5787,7196.9327,-0.3,9.8
493,19.28267707,181.036918,82.69082404,39.48867692,13.5489327,18.27584104,1661.08275637,19.49566164,17.26226496,3.65008424,4765.9191,7097.7594,-0.3,9.8
494,18.5393133,179.563664,81.98799576,38.43223076,13.0261443,18.00333844,1651.889861,19.57413255,16.76352768,3.61149984,4726.7317,7081.1408,-0.3,9.8
495,18.69156853,180.9849208,86.31184716,38.88042004,13.39209618,18.15775658,1647.12088063,19.72235538,16.66675776,3.5883492,4767.2762,7157.8593,-0.3,9.8
496,19.33641421,183.2814638,86.17905472,39.22456538,14.0717211,18.28492446,1674.24832741,19.93161114,17.37392256,3.61921672,4813.3472,7163.1586,-0.3,9.8
497,19.6140561,182.683496,81.93293548,39.7767986,14.01944226,18.20317368,1691.705096,20.01008205,17.50046784,3.6269336,4780.3784,7118.762,-0.3,9.8
498,19.80213609,184.7807164,81.31755588,41.11336306,13.505367,18.23042394,1742.59781416,20.12342892,17.77588992,3.665518,4823.5091,7056.7854,-0.3,9.8
499,19.38119516,188.2818612,81.1005536,41.47351516,13.48794072,17.9397545,1756.28540717,20.03623902,17.87265984,3.6269336,4779.3142,6976.6155,-0.3,9.8
500,19.4349323,186.3839634,81.4244376,41.4975253,13.93231086,17.73083584,1725.5038066,19.92289215,17.95454208,3.6269336,4786.7377,6979.2456,-0.3,9.8
501,18.64678758,180.5689432,77.83256404,40.7372042,13.54021956,17.31299852,1719.133369,19.56541356,17.4185856,3.60378296,4678.4511,6743.9566,-0.3,9.8
502,18.56618187,178.567051,80.80581916,40.817238,13.5489327,17.38566588,1729.750765,19.67876043,17.24737728,3.61921672,4712.3109,6782.5763,-0.3,9.8
503,18.30645236,176.270508,78.14349268,40.63316026,13.6360641,17.10407986,1738.598595,19.51309962,17.47813632,3.61149984,4619.8765,6605.9159,-0.3,9.8
504,18.20793427,171.9200756,73.4568912,39.38463298,13.6796298,16.94966172,1669.585521,19.11202608,16.77841536,3.59606608,4563.772,6580.53,-0.3,9.8
505,18.72739329,169.5282044,79.1572496,41.0973563,13.90617144,17.19491406,1652.73925268,19.52181861,17.50046784,3.65780112,4634.0899,6676.6122,0.4,9.2
506,18.70052472,164.6578,76.75079148,41.38547798,13.7667612,17.3493322,1627.115937,20.24549478,18.57982464,3.7426868,4608.7729,6742.1921,0.4,9.2
507,18.3601895,169.8401876,79.40987912,41.31344756,13.58378526,17.4401664,1677.53087234,20.34140367,18.19274496,3.73496992,4652.0609,6843.0271,0.4,9.2
508,18.67365615,167.2923248,77.77102608,41.38547798,13.95845028,17.36749904,1657.198559,20.73375822,19.0562304,3.75040368,4639.8625,6840.485,0.4,9.2
509,18.96921042,168.3582674,74.55485796,42.22583288,13.7231955,17.33116536,1636.82200651,20.69888226,19.43586624,3.75812056,4601.3953,6745.0235,0.4,9.2
510,18.12732856,171.5994262,75.13461032,40.9773056,13.33981734,17.0768296,1653.36744861,20.39371761,19.18277568,3.7041024,4551.6878,6695.6958,0.4,9.2
511,17.74221239,173.150676,77.18479604,40.19297436,13.34853048,17.0768296,1672.78843546,20.1408669,18.6840384,3.67323488,4600.1025,6760.2776,0.4,9.2
512,17.91238,172.8126942,77.9264904,40.87326166,13.80161376,17.24033116,1674.49606665,20.13214791,18.75103296,3.68866864,4617.9893,6772.0336,0.4,9.2
513,17.7332562,171.1054528,79.48437244,41.18539348,13.49665386,17.14041354,1669.57667317,20.26293276,18.84035904,3.68866864,4629.1649,6768.7888,0.4,9.2
514,18.34227712,172.45738,78.69085664,41.66559628,14.22855762,17.1676638,1687.281181,20.25421377,19.19766336,3.71181928,4651.2358,6835.0217,0.4,9.2
515,18.5393133,172.630704,78.34430076,41.42549488,14.23727076,17.10407986,1660.72884317,20.09727195,19.65918144,3.71953616,4634.3141,6867.1129,0.4,9.2
516,18.48557616,167.604308,76.9062558,40.99331236,14.3331153,16.76799332,1599.57264221,19.91417316,19.8006144,3.68866864,4574.1527,6784.7622,0.4,9.2
517,18.14524094,170.030844,81.618768,40.68118054,14.01072912,17.02232908,1616.50738883,19.8792972,18.98923584,3.68095176,4623.0465,6887.4236,0.4,9.2
518,17.76908096,163.5225278,79.30623624,40.03290676,13.91488458,16.64990886,1560.85453813,19.75723134,18.981792,3.6269336,4529.3189,6764.8756,0.4,9.2
519,17.49143907,165.0737776,80.27141056,39.86483578,13.77547434,16.68624254,1591.77770398,19.83570225,18.28951488,3.60378296,4573.4247,6819.4311,0.4,9.2
520,17.1958848,164.6578,80.8414464,39.8568324,13.78418748,16.45007362,1584.1154832,20.21061882,18.78825216,3.59606608,4581.6459,6853.3081,0.4,9.2
521,17.35709622,167.4223178,81.54751352,40.20898112,14.2459839,16.7134928,1644.35150984,20.28908973,19.3912032,3.61149984,4619.6862,6874.0447,0.6,9.7
522,17.30335908,163.964504,80.5175624,39.59272086,14.4202467,16.7134928,1632.31846104,20.55065943,19.5772992,3.6269336,4578.6007,6875.2404,0.6,9.7
523,17.45561431,157.7855034,79.41959564,39.80080874,14.90818254,16.81341042,1592.6094,20.88198105,20.07603648,3.65780112,4551.6283,6859.5522,0.6,9.7
524,16.75703149,152.8457694,75.7240792,38.9764606,14.82976428,16.9405783,1575.3561315,20.88198105,20.26213248,3.64236736,4496.4301,6803.8337,0.6,9.7
525,16.60477626,143.85892,72.42370124,37.42380488,14.95174824,16.64082544,1510.324581,20.76863418,20.1355872,3.5883492,4352.7775,6659.3902,0.6,9.7
526,15.82558773,144.075575,70.02048196,36.39937224,14.6380752,16.15032076,1551.2015556,20.2280568,19.24977024,3.56519856,4265.391,6429.8888,0.6,9.7
527,15.20761062,141.1550656,72.41722356,35.52700382,14.13271308,16.15940418,1574.18821794,20.03623902,20.03881728,3.51889728,4226.3463,6305.6093,0.6,9.7
528,15.01953063,149.188633,74.2018244,35.7751086,14.08043424,16.45007362,1587.68115869,19.80082629,19.77828288,3.51889728,4292.8374,6414.9402,0.6,9.7
529,14.91205635,148.8593174,74.4447374,35.5750241,14.14142622,16.3047389,1565.18997483,19.7049174,20.0239296,3.55748168,4306.5217,6474.1269,0.6,9.7
530,14.41050971,144.0929074,70.930596,33.7342467,14.23727076,16.1684876,1504.1311,19.6177275,19.5028608,3.54204792,4174.7577,6323.5779,0.6,9.7
531,13.2551612,136.189333,68.9225152,31.5733341,12.81702894,15.42364716,1418.307149,18.44066385,17.96198592,3.50346352,3983.812,5964.9813,0.6,9.7
532,13.89105069,142.818976,74.30870612,34.07839204,13.06099686,15.67798292,1481.96728585,19.51309962,18.4607232,3.5111804,4156.081,6156.2714,0.6,9.7
533,14.93892492,145.8001488,76.0803516,35.62304438,13.45308816,15.79606738,1521.95947745,19.0945881,18.14063808,3.48802976,4237.6956,6267.5244,0.6,9.7
534,15.62855155,145.505498,75.950798,36.95160546,14.79491172,15.86873474,1511.02355957,18.98996022,18.63193152,3.5111804,4265.9017,6332.2166,0.6,9.7
535,15.0463992,143.6076002,79.47465592,35.86314578,14.52480438,15.61439898,1507.9356669,18.87661335,19.4284224,3.50346352,4258.7459,6358.943,0.6,9.7
536,15.74498202,142.385666,79.2868032,36.43938914,15.00402708,15.72340002,1499.707185,19.21665396,20.00904192,3.54204792,4255.295,6358.1093,0.6,9.7
537,16.04053629,143.8069228,80.05440828,36.62346688,15.01274022,15.63256582,1550.30792477,19.08586911,19.7633952,3.52661416,4276.5174,6398.1009,0.6,9.7
538,15.65542012,139.8378032,80.02525872,36.63147026,14.87332998,15.55081504,1522.64960819,18.80686143,20.2472448,3.53433104,4251.3061,6344.115,0.6,9.7
539,15.59272679,136.2239978,76.21314404,36.15927084,14.61193578,15.42364716,1495.28327,18.58016769,20.23235712,3.56519856,4174.5742,6268.2376,0.6,9.7
540,15.91514963,131.032944,74.6228736,36.0552269,14.76005916,15.41456374,1469.4476064,18.96380325,21.75090048,3.61921672,4148.4663,6283.2814,0.6,9.7
541,15.65542012,129.2823716,74.817204,36.02321338,14.6380752,15.2147285,1474.933261,19.01611719,22.39107072,3.64236736,4134.1441,6253.0692,0.6,9.7
542,16.99884862,136.016009,76.76698568,36.99962574,15.43968408,15.3963969,1530.7630683,19.0945881,21.60946752,3.63465048,4254.0989,6377.8744,0.6,9.7
543,17.15110385,134.3780972,74.4285432,37.4558184,15.4222578,15.441814,1520.941977,19.181778,22.16031168,3.68095176,4222.5968,6324.9609,0.6,9.7
544,18.50348854,138.572538,76.42366864,37.6959198,15.86662794,15.4872311,1574.92258783,19.37359578,21.98165952,3.69638552,4276.158,6364.5206,0.0,10.5
545,19.00503518,138.6678662,78.3475396,37.92801782,15.9450462,15.4872311,1561.641995,19.49566164,21.7360128,3.72725304,4263.8411,6356.9271,0.0,10.5
546,18.72739329,139.049179,77.73216,37.50383868,15.35255268,15.36914664,1561.641995,19.76595033,22.16775552,3.71953616,4209.0998,6221.5908,0.0,10.5
547,19.24685231,139.1705058,79.02121832,37.75994684,15.86662794,15.38731348,1578.452872,20.2280568,22.75581888,3.71181928,4230.7669,6224.1167,0.0,10.5
548,18.57513806,133.1648292,75.464972,36.7355142,15.62266002,14.87864196,1521.82676,20.00136306,23.2992192,3.68866864,4100.0703,6029.8935,0.0,10.5
549,18.06463523,142.0216856,77.13621344,36.5754466,14.9430351,15.01489326,1576.683306,20.08855296,23.0386848,3.68866864,4179.9727,6126.9065,0.0,10.5
550,18.3601895,140.6697584,76.760508,36.6154635,15.49196292,14.81505802,1565.181127,20.13214791,23.81284416,3.69638552,4139.737,6044.3263,0.0,10.5
551,18.807999,148.6859934,78.14997036,36.62346688,16.49397402,14.987643,1600.572447,20.26293276,24.02871552,3.68095176,4191.5684,6126.4902,0.0,10.5
552,19.0766847,147.238738,76.5014008,37.47982854,16.83378648,15.3055627,1597.90925017,20.4024366,23.09823552,3.67323488,4188.7472,6070.7489,0.0,10.5
553,18.38705807,144.8815316,77.4406644,34.72666582,16.02346446,15.3963969,1584.48709206,20.01008205,22.30918848,3.64236736,4166.3844,6074.0069,0.0,10.5
554,18.50348854,142.9923,79.30623624,33.6942298,16.01475132,15.19656166,1584.0270049,20.21933781,22.9270272,3.65008424,4134.9017,6092.3963,0.0,10.5
555,17.33022765,143.772258,78.30867352,32.8938918,15.18700302,14.99672642,1589.955051,20.35884165,22.00399104,3.65780112,4070.7889,5956.9208,0.0,10.5
556,17.2854467,140.8950796,75.80181136,33.03795264,15.25670814,14.7151404,1574.89604434,20.52450246,21.75090048,3.68866864,3995.83,5759.8013,0.0,10.5
557,17.74221239,143.3649466,76.2422936,34.014365,15.49196292,14.72422382,1568.720259,20.65528731,22.10076096,3.73496992,4013.2498,5740.9844,0.0,10.5
558,16.86450577,134.3261,73.68361,31.07712454,14.80362486,14.08838442,1511.209364,19.98392508,21.3638208,3.665518,3814.9127,5369.7171,0.0,10.5
559,16.98093624,137.35927,75.07955004,30.74098258,15.30898698,13.67963052,1532.86885184,20.21933781,21.19261248,3.71181928,3784.1198,5234.0059,0.0,10.5
560,16.32713437,139.8638018,76.11597884,30.44485752,14.62064892,13.75229788,1588.11470236,19.94904912,21.56480448,3.63465048,3895.5361,5437.0374,0.0,10.5
561,16.7480753,143.728927,75.13461032,31.70939156,15.5093892,14.01571706,1623.576805,20.06239599,23.23222464,3.68095176,3921.1073,5418.7641,0.0,10.5
562,17.35709622,140.5051006,78.703812,31.95749634,15.78820968,14.4880549,1617.71954154,19.80954528,22.91213952,3.68866864,4016.241,5627.9021,0.0,10.5
563,17.40187717,139.9937948,80.5823392,31.42126988,15.28284756,15.06939378,1625.346371,20.12342892,22.80048192,3.665518,4010.2102,5686.7023,0.4,11.1
564,16.55999531,136.1113372,78.40583872,30.34081358,14.28083646,14.84230828,1586.415919,19.80954528,22.51017216,3.65780112,3908.815,5563.7693,0.4,11.1
565,16.55103912,134.1354436,75.37752332,29.18832686,14.17627878,14.49713832,1550.139816,19.47822366,22.04121024,3.67323488,3877.4364,5608.5162,0.4,11.1
566,16.62268864,134.6120846,75.57185372,29.59649924,14.3331153,14.42447096,1562.69488677,19.91417316,21.34893312,3.65008424,3919.8684,5690.0868,0.4,11.1
567,16.53312674,136.5013162,81.8454868,29.78057698,13.79290062,14.52438858,1564.296344,19.66132245,21.76578816,3.59606608,3976.4231,5737.8173,0.4,11.1
568,16.10322962,136.9952896,82.29568556,29.30037418,13.5924984,14.3518036,1559.58045061,19.45206669,21.31915776,3.5883492,3958.74,5743.1007,0.4,11.1
569,16.72120673,136.0073428,87.47459072,29.7325567,14.45509926,15.0784772,1573.35652192,20.25421377,22.9270272,3.6269336,3988.6002,5796.8014,0.4,11.1
570,16.90928672,134.4820916,86.51589408,29.52446882,14.76005916,14.69697356,1555.448514,20.04495801,23.075904,3.61149984,3956.5378,5791.0809,0.4,11.1
571,17.07945433,135.322713,91.49723,30.8930468,14.7687723,14.987643,1564.296344,20.053677,23.39598912,3.59606608,4005.8934,5816.3379,0.4,11.1
572,16.85554958,133.9621196,91.14743528,30.813013,14.61193578,14.96947616,1558.102863,19.86185922,23.19500544,3.56519856,3991.9069,5797.4896,0.4,11.1
573,17.24066575,133.0435024,92.14823684,30.43685414,14.97788766,15.01489326,1553.678948,20.29780872,23.05357248,3.55748168,3999.5984,5838.4074,0.4,11.1
574,16.9271991,140.7997514,93.1814268,31.98150648,14.84719056,15.2601456,1592.61824783,20.3152467,24.0808224,3.57291544,4077.5998,5929.4882,0.4,11.1
575,16.43460865,138.1652266,95.6105568,31.60534762,14.01944226,15.56898188,1575.798523,19.9664871,24.17759232,3.56519856,4053.9823,5965.7277,0.4,11.1
576,16.22861628,135.6866934,91.011404,31.1331482,14.09786052,15.63256582,1557.21808,19.95776811,24.19992384,3.60378296,3959.1541,5745.6751,0.4,11.1
577,16.31817818,136.449319,93.0194848,31.03710764,14.13271308,15.75065028,1553.24540433,20.23677579,24.66144192,3.59606608,3983.1784,5844.2546,0.4,11.1
578,16.47043341,136.2499964,92.83810976,30.75698934,14.31568902,15.64164924,1541.9998124,20.7511962,24.81031872,3.5883492,3993.0446,5911.5607,0.4,11.1
579,16.24652866,136.882629,93.56360992,31.30922256,14.21113134,15.55989846,1552.93573028,20.68144428,25.67380416,3.60378296,4001.2988,5899.915,0.4,11.1
580,15.95993058,144.0149116,96.55629808,31.26920566,13.81904004,15.7143166,1573.50693503,20.69888226,25.27928064,3.5883492,4029.0179,5942.8317,0.4,11.1
581,15.95097439,148.538668,95.84051444,31.76541522,13.51408014,15.61439898,1596.17507549,20.94301398,25.27928064,3.59606608,4091.5176,6026.2373,0.4,11.1
582,16.01366772,147.6807142,97.15872232,31.76541522,13.7231955,16.04131972,1582.21319975,21.12611277,25.15273536,3.5883492,4083.1772,6023.644,-0.2,11.4
583,15.86141249,147.108745,97.49556168,31.14915496,13.3311042,16.1230705,1580.222438,20.85582408,24.70610496,3.57291544,4089.5682,6078.4349,-0.2,11.4
584,15.48525251,149.8732628,103.06960532,31.18917186,13.00871802,16.0322363,1581.992004,21.03892287,25.33138752,3.5497648,4166.085,6187.4441,-0.2,11.4
585,15.61063917,150.8958744,101.98783276,31.4933003,13.31367792,15.65073266,1608.4470157,20.63784933,25.0857408,3.55748168,4179.1285,6186.5672,-0.2,11.4
586,15.70915726,154.3710206,106.04286044,31.63736114,13.13941512,15.83240106,1650.6511648,20.72503923,26.19487296,3.58063232,4219.8122,6217.8276,-0.2,11.4
587,15.96888677,152.5337862,104.42344044,32.24561802,13.57507212,15.54173162,1639.502899,20.67272529,25.92689472,3.59606608,4175.6747,6130.6862,-0.2,11.4
588,15.99575534,153.7557204,112.9707392,32.10956056,13.53150642,15.9414021,1681.6185698,20.94301398,25.91200704,3.61921672,4238.9936,6240.1032,-0.2,11.4
589,15.64646393,149.5006162,112.9707392,30.86903666,12.92158662,16.01406946,1642.157248,20.29780872,25.10807232,3.60378296,4189.3527,6233.6194,-0.2,11.4
590,15.89723725,150.618556,111.28330356,31.40526312,13.19169396,16.60449176,1655.428993,20.925576,25.68869184,3.64236736,4222.3114,6275.5652,-0.2,11.4
591,16.42565246,153.6343936,108.50114,32.39768224,13.82775318,16.5772415,1659.0566033,20.63784933,25.0857408,3.65008424,4278.2178,6261.0613,-0.2,11.4
592,16.28235342,153.911712,108.825024,31.98150648,13.58378526,16.23207154,1660.737691,20.25421377,24.1180416,3.6269336,4250.0614,6264.822,-0.2,11.4
593,16.25548485,157.0142116,109.472792,31.8934693,13.57507212,16.25023838,1726.211633,20.5768164,24.23714304,3.665518,4309.0444,6316.3092,-0.2,11.4
594,16.64060102,159.0161038,110.82662712,31.7734186,13.99330284,16.28657206,1718.26628166,20.16702387,23.10567936,3.6269336,4330.4328,6330.3942,-0.2,11.4
595,16.64060102,157.4301892,110.444444,32.27763154,14.17627878,16.1684876,1721.55767442,20.18446185,23.20989312,3.67323488,4325.5657,6277.0014,-0.2,11.4
596,16.3898277,154.3190234,110.08169392,31.46128678,13.97587656,15.95048552,1712.939888,20.2280568,22.87492032,3.665518,4270.6227,6179.57,-0.2,11.4
597,16.63164483,156.338248,114.492994,32.12556732,14.43767298,16.67715912,1731.6088093,20.1408669,23.34388224,3.68095176,4343.8781,6300.4746,-0.2,11.4
598,16.42565246,160.3247,113.6994782,32.1735876,14.14142622,16.52274098,1777.53789483,20.37627963,23.2247808,3.65780112,4394.7723,6368.2827,-0.2,11.4
599,16.57790769,167.25766,113.25899596,33.0139425,14.45509926,16.72257622,1778.90046065,20.32396569,24.13292928,3.63465048,4444.2639,6407.7447,-0.2,11.4
600,16.52417055,173.020683,114.2986636,33.03795264,14.08043424,17.02232908,1801.418188,20.14958589,24.44557056,3.65008424,4490.5166,6501.352,-0.2,11.4
601,17.58100097,168.946752,107.40317324,32.82186138,15.0737322,16.27748864,1796.10949,20.18446185,24.54234048,3.68095176,4421.357,6374.2974,-0.2,11.4
602,18.3601895,177.68446683,108.01207516,33.7742636,15.21314244,16.17757102,1828.902805,20.15830488,24.7879872,3.68095176,4485.0108,6454.0778,-0.2,11.4
603,18.2706276,178.625993,106.6226128,33.11798644,15.26542128,15.85965132,1814.63825745,21.20458368,24.65399808,3.68095176,4466.7179,6438.5375,0.0,12.0
604,18.10045999,176.90132824,108.87684544,32.8538749,15.17828988,15.64164924,1804.755922,21.23074065,24.8624256,3.68095176,4496.0303,6523.1311,0.0,12.0
605,17.94820476,174.76309591,108.14162876,32.79785124,14.82105114,15.72340002,1818.17980029,21.13483176,25.6068096,3.7041024,4489.5383,6511.5297,0.0,12.0
606,17.43770193,171.35776294,108.8574124,31.8534524,14.6135826,15.5780653,1790.446658,20.97788994,24.0808224,3.68866864,4423.9698,6418.5453,0.0,12.0
607,17.18692861,168.58598029,113.15859192,31.8134355,14.51435457,15.95956894,1779.71471,21.0127659,24.7135488,3.67323488,4443.4736,6452.9863,0.0,12.0
608,17.26753432,169.5627037,109.472792,31.86145578,14.63162406,16.85882752,1787.763671,21.0999558,24.8996448,3.68095176,4428.781,6404.4393,0.0,12.0
609,16.99884862,166.64133278,105.0355812,31.56533072,14.33393997,15.83240106,1756.1044244,21.52718631,23.361037,3.69638552,4354.6167,6319.1402,0.0,12.0
610,17.04362957,167.18689,100.080156,31.4532834,14.62260333,15.6688995,1742.51956689,21.7102851,23.94909069,3.70459969,4313.6184,6241.4793,0.0,12.0
611,16.98093624,169.9146761,100.36517392,30.3328102,14.9744118,15.6688995,1751.89213481,21.77131803,23.65909161,3.63067198,4321.4617,6268.4943,0.0,12.0
612,16.47043341,167.30128103,104.614532,29.19633024,14.99245326,15.49631452,1746.624537,21.67540914,23.82020221,3.58960103,4322.0742,6302.4319,0.0,12.0
613,15.78080678,167.0988969,109.53432996,29.12115745,14.23471194,15.25049562,1743.4943855,21.1871457,23.96520175,3.55674427,4248.5273,6196.7999,0.0,12.0
614,16.0315801,164.83747423,109.1812964,29.75586005,14.87518377,15.85559898,1745.42613614,21.75388005,24.59353309,3.58960103,4292.5858,6312.3557,0.0,12.0
615,15.9420182,166.2189659,107.2379924,29.82267085,14.8842045,15.75159684,1737.7706799,21.84106995,24.23908977,3.60602941,4269.3401,6335.7093,0.0,12.0
616,15.90619344,166.40375141,107.4323228,29.93958975,14.74889355,15.54359256,1744.0309829,21.74516106,23.96520175,3.64710036,4283.8027,6410.7088,0.0,12.0
617,15.48525251,164.2831177,105.100358,29.6138871,14.23471194,15.3166788,1734.103931,21.64599941,22.62798377,3.60602941,4236.0578,6347.5984,0.0,12.0
618,15.56585822,163.58797221,106.75864408,29.72245465,14.09940099,15.43013568,1741.258563,21.75418433,22.82937202,3.62245779,4238.2341,6289.5325,0.0,12.0
619,15.6733325,165.49742248,104.5983378,29.93958975,14.5233753,15.127584,1739.15688985,21.7271381,23.0388158,3.64710036,4212.6441,6231.2355,0.0,12.0
620,16.16592295,168.05802169,105.2623,30.34045455,15.36230319,15.19376718,1744.12935909,21.7271381,23.40131465,3.63067198,4245.9758,6307.956,0.0,12.0
621,15.90619344,165.5150211,105.5214072,30.10661675,15.53369706,15.127584,1716.7539484,21.56486072,23.22409299,3.60602941,4225.0357,6332.2327,0.0,12.0
622,15.80767535,164.65268872,105.40157012,29.8811303,15.31719954,15.20322192,1697.436442,21.5468299,23.15159322,3.60602941,4225.6733,6348.1655,0.0,12.0
623,15.41360299,156.9796904,103.79119388,29.28818445,15.03755691,15.30722406,1697.82994676,21.52879908,22.6360393,3.59781522,4170.1019,6294.1144,0.0,12.0
624,15.10909253,157.13807798,107.08934082,28.8288602,14.65868625,15.48686412,1690.5501087,21.43864498,22.90992732,3.58960103,4188.6784,6347.2211,0.5,12.2
625,14.79562588,154.56867946,105.8128478,28.31942785,14.46925092,15.00467238,1681.32063342,21.29439842,22.53131741,3.57317265,4107.024,6169.9961,0.5,12.2
626,14.38364114,153.62715329,104.31928617,27.6095631,13.88290347,15.02358186,1685.810165,21.13212104,22.24937386,3.54853008,4066.9754,6124.3146,0.5,12.2
627,14.53589637,155.55420218,105.8776444,28.1106441,13.82877909,15.05194608,1713.54330729,21.50175285,22.24131833,3.58960103,4101.5367,6158.7346,0.5,12.2
628,14.74188874,157.66603658,105.12924367,28.6451305,13.85584128,15.20322192,1720.65322284,21.70910728,21.98354137,3.60602941,4156.9111,6270.5113,0.5,12.2
629,14.57172113,156.54852421,104.11193705,28.31942785,13.63032303,15.3166788,1709.53671337,21.76319974,22.46687317,3.57317265,4148.0746,6323.0746,0.5,12.2
630,14.53589637,155.73018838,103.58384476,28.060536,13.64836449,15.27885984,1708.16839,21.66403023,22.95020497,3.56495846,4156.2907,6341.4806,0.5,12.2
631,14.4194659,153.107994,99.90015805,27.68472525,13.45892916,15.27885984,1677.761204,21.53781449,22.83742755,3.55674427,4109.7373,6322.0558,0.5,12.2
632,14.58067732,156.54852421,102.06112466,28.6952386,13.78367544,15.46795464,1705.3959701,21.636984,22.91798285,3.58138684,4193.5428,6439.3586,0.5,12.2
633,14.67023922,157.2436697,101.06001719,28.70358995,14.02723515,15.49631886,1724.266312,21.84433843,23.31270382,3.58138684,4191.152,6420.853,0.5,12.2
634,14.58963351,154.867856,102.12268143,28.16910355,14.10842172,15.44904516,1717.01330381,21.64599941,23.53825866,3.56495846,4185.6794,6442.8093,0.5,12.2
635,14.80458207,154.19030913,103.32465836,28.31942785,14.18960829,15.48686412,1715.17992936,21.5468299,23.51409207,3.55674427,4177.837,6465.1866,0.5,12.2
636,15.11804872,155.0438422,106.24374519,28.5950224,14.75791428,15.65704944,1715.323022,21.24030596,23.40937018,3.56495846,4216.9586,6493.5047,0.5,12.2
637,15.03744301,152.60643333,105.63141732,28.1607522,14.62260333,15.46795464,1695.2006195,21.0960594,23.34492594,3.54853008,4180.0996,6468.8056,0.5,12.2
638,15.23447919,152.80881746,103.47693037,28.26931975,15.16384713,15.38286198,1694.76239829,21.26735219,23.9249241,3.55674427,4151.0738,6391.7159,0.5,12.2
639,15.27030395,150.9081665,104.67566747,28.0772387,15.0646191,15.57195678,1693.84123942,21.16818268,24.28742295,3.55674427,4181.3965,6472.6799,0.5,12.2
640,15.10013634,147.828408,104.19617263,27.6429685,14.84812158,15.40177146,1672.40417329,20.94279743,24.61769968,3.54853008,4161.0823,6466.4045,0.5,12.2
641,14.88518778,147.15966044,100.2727385,27.4258334,14.81203866,15.09921978,1658.2648318,20.87968956,24.84325452,3.54853008,4082.4195,6284.5769,0.5,12.2
642,15.05640373,149.06911071,100.29865714,28.13569815,15.23601297,15.29776932,1685.810165,21.26735219,26.08380614,3.56495846,4116.2396,6322.6961,0.5,12.2
643,15.05640373,149.6762631,102.29115259,28.1440495,15.04657764,15.01412712,1697.436442,21.08704399,25.18158678,3.57317265,4107.5455,6298.3739,0.5,12.2
644,14.80910967,145.49659085,101.58486965,27.7932928,14.98343253,14.654847,1680.28321178,21.0059053,25.68102964,3.55674427,4089.5205,6310.402,0.5,12.2
645,15.11347159,144.33508193,100.71011555,28.21921165,15.29013735,14.63593752,1672.39523,20.98787448,24.58547756,3.58138684,4075.7937,6285.9273,0.5,12.2
646,15.81730853,147.11566389,93.30062434,29.27148175,15.6058629,14.62648278,1720.688996,21.61895318,24.44047802,3.59781522,4078.8402,6155.7455,0.5,12.2
647,16.01704604,143.92151436,92.8859261,28.8121575,15.61488363,14.4657522,1682.13447281,21.55584531,25.06075383,3.58138684,4043.7395,6126.7685,-0.1,12.1
648,15.9790008,142.40803304,91.363206,28.6618332,15.35328246,14.42793324,1676.866875,21.47470662,24.69825498,3.57317265,4023.6131,6149.4273,-0.1,12.1
649,16.33091927,139.92662762,87.07367108,28.58667105,15.53369706,14.38065954,1641.093715,21.47470662,26.22880568,3.58138684,4015.4264,6182.6465,-0.1,12.1
650,16.97768835,141.25532343,88.42792002,28.0772387,15.90354699,14.57920908,1650.037005,21.41159875,26.48658264,3.58138684,4052.2802,6291.5707,-0.1,12.1
651,16.66381512,139.85623314,91.5899941,27.8768063,15.83138115,14.5602996,1625.89906529,21.24932137,26.26908333,3.57317265,4054.983,6301.5644,-0.1,12.1
652,16.72088298,139.97062417,90.15150958,27.8099955,15.85844334,14.5130259,1623.207135,21.32144465,26.0193619,3.57317265,4037.6839,6272.5752,-0.1,12.1
653,17.26302765,142.07365926,90.6180451,28.8121575,16.66128831,14.63593752,1649.84919591,21.55584531,26.36574969,3.58138684,4093.7874,6316.9724,-0.1,12.1
654,17.29156158,143.98310953,92.2703584,29.52202225,16.31850057,14.7966681,1680.444191,21.44766039,26.14019485,3.59781522,4111.1145,6300.422,-0.1,12.1
655,17.03475621,142.9007944,90.17418839,29.1128061,16.36360422,14.59811856,1671.500901,21.3665217,26.05963955,3.58138684,4065.359,6249.963,-0.1,12.1
656,17.5959235,144.6606564,87.3134185,30.07321135,17.00407605,14.50357116,1681.33852,21.38455252,26.09186167,3.60602941,4027.1186,6107.7964,-0.1,12.1
657,17.120358,141.73928548,86.17299834,29.18796825,16.28241765,14.20101948,1662.557611,21.15015186,24.93992088,3.58138684,3932.6826,5954.5037,-0.1,12.1
658,17.29156158,143.44635162,87.58880405,29.30488715,16.63422612,14.19156474,1673.86192956,21.16818268,25.3749195,3.59781522,3928.0001,5913.1493,-0.1,12.1
659,16.70186036,145.88376049,88.83937843,28.8455629,15.91256772,14.07810786,1679.549862,21.11409022,25.25408655,3.58960103,3932.8361,5958.2922,-0.1,12.1
660,16.70186036,143.82472195,87.47541,28.73699535,16.08396159,14.10647208,1652.719992,21.12310563,25.11714254,3.58960103,3903.7348,5978.581,-0.1,12.1
661,16.63528119,139.8210359,87.00563465,28.53656295,15.80431896,14.00246994,1628.40318649,21.11409022,25.76964047,3.60602941,3869.344,5965.8854,-0.1,12.1
662,16.65430381,140.02342003,86.3090712,28.6952386,15.83138115,13.96465098,1640.58394747,21.03295153,25.11714254,3.6142436,3856.0212,5889.6019,-0.1,12.1
663,16.58772464,142.64561441,88.43115985,28.35283325,15.95767137,13.7566467,1666.134927,20.78052005,24.45658908,3.57317265,3836.6773,5806.3181,-0.1,12.1
664,16.7399056,150.31861273,88.75838268,28.3110765,15.93962991,13.8511941,1688.493152,20.4649807,24.4888112,3.56495846,3892.295,5920.0531,-0.1,12.1
665,16.60674726,149.2362976,86.05636446,28.11899545,15.80431896,13.69991826,1684.021507,20.24861086,24.68214392,3.57317265,3828.7098,5769.5198,-0.1,12.1
666,16.31189665,148.27717281,85.71618231,27.68472525,15.58782144,13.49191398,1681.65153515,20.1945184,25.30241973,3.55674427,3827.1434,5771.8812,-0.1,12.1
667,16.95866573,148.91072313,81.64695583,28.10229275,16.237314,13.5202782,1674.6310525,20.50104234,25.48769692,3.57317265,3804.8853,5714.0629,-0.1,12.1
668,16.89208656,139.8210359,81.3845296,26.557293,16.52597736,13.4257308,1597.271594,21.05999776,25.76158494,3.58138684,3720.9365,5635.7109,0.3,11.8
669,16.15020438,139.54825729,82.61890483,26.223239,16.13808597,13.38791184,1591.89667671,21.11409022,25.46353033,3.58960103,3727.6867,5684.5063,0.3,11.8
670,16.34043058,137.7971946,84.99370022,25.84742825,16.35458349,13.5675519,1574.01904,20.92476661,25.72130729,3.6142436,3784.3064,5820.4537,0.3,11.8
671,15.9790008,135.13100367,83.64593094,24.96218515,15.94865064,13.41627606,1520.35035671,20.77150464,25.02853171,3.57317265,3752.6729,5830.3355,0.3,11.8
672,16.18824962,140.01462072,85.70646282,25.9559958,15.56075925,13.76610144,1553.99501369,20.69938136,25.40714162,3.56495846,3842.4698,5973.4389,0.3,11.8
673,15.7887746,138.72112215,84.44940878,25.9058877,15.41642757,13.90792254,1536.9043865,20.51907316,25.11714254,3.57317265,3846.4119,6015.5963,0.3,11.8
674,15.57952578,139.6450497,88.66442761,25.722158,15.14580567,13.87010358,1525.57323807,20.32974955,24.96408747,3.57317265,3838.2667,6035.6737,0.3,11.8
675,15.37978827,135.9493395,86.6654525,25.2711851,15.21797151,13.60537086,1473.854192,20.16747217,25.00436512,3.56495846,3776.5335,5972.7226,0.3,11.8
676,15.33223172,135.64136365,85.37276033,25.11250945,14.9744118,13.5675519,1469.8297115,20.14042594,24.52908885,3.57317265,3754.9269,5948.8621,0.3,11.8
677,15.39881089,133.88150165,86.2766729,24.7032933,15.12776421,13.43518554,1452.390296,20.20353381,24.82714346,3.57317265,3742.8929,5956.8811,0.3,11.8
678,14.79959836,126.03251713,82.80033531,23.4004827,14.64966552,13.15154334,1342.63824112,19.68064003,24.04575705,3.58138684,3633.3733,5896.9031,0.3,11.8
679,14.79008705,125.05579372,83.55845553,23.54245565,14.56847895,13.41627606,1323.38333775,19.84291741,24.02964599,3.56495846,3627.4542,5869.781,0.3,11.8
680,14.33354417,126.1821054,83.54549621,23.32532055,13.97311077,13.38791184,1309.36920232,19.84291741,23.36909253,3.51567332,3656.9027,5971.6009,0.3,11.8
681,14.16234059,120.6385401,82.615665,23.3336719,14.1625461,13.54864242,1252.954929,18.92334559,23.62686949,3.49103075,3631.1448,5963.0037,0.3,11.8
682,13.63921854,120.9905125,77.72028187,22.6989693,13.82877909,13.27445496,1216.28744,18.64386788,23.65103608,3.49103075,3541.3295,5781.7972,0.3,11.8
683,12.85929112,117.4707885,79.91688661,22.3983207,12.4486074,13.0002675,1207.34415,18.26522066,22.57965059,3.40888885,3508.7034,5807.1063,0.3,11.8
684,13.18267566,125.46056198,84.82522906,23.54245565,12.27721353,13.34063814,1307.51794129,18.31931312,22.89381626,3.35138952,3634.1732,5941.1451,0.1,12.4
685,13.23023221,126.37569022,86.68489148,23.7345367,12.60195981,13.54864242,1316.41651484,18.44552886,23.48186995,3.34317533,3677.8051,5997.8038,0.1,12.4
686,12.97342684,123.99987652,86.82096434,23.42553675,12.32231718,13.39736658,1287.3865955,18.01278918,23.22409299,3.33496114,3647.8966,5996.7187,0.1,12.4
687,13.35387924,131.98965,90.7800366,24.2857258,12.68314638,13.709373,1356.31253153,18.15703574,23.95714622,3.35960371,3767.1746,6133.4629,0.1,12.4
688,13.53459413,132.99277134,90.35237904,24.3525366,12.66510492,13.71882774,1347.85217919,18.15703574,24.30353401,3.35138952,3775.2971,6141.4088,0.1,12.4
689,13.56312806,129.78102319,89.55214103,24.34418525,12.629022,13.60537086,1327.97124552,18.07589705,24.09409023,3.35960371,3749.3251,6134.2564,0.1,12.4
690,13.83895605,127.9419674,87.35553629,24.3692393,12.94474755,13.50136872,1305.6309071,18.13900492,23.69131373,3.3678179,3714.2704,6120.8286,0.1,12.4
691,13.62970723,128.25874256,84.31981558,24.37759065,12.98083047,13.4730045,1319.135275,18.03082,23.72353585,3.37603209,3685.6885,6089.6951,0.1,12.4
692,14.98982456,132.00724862,87.0866304,26.0896174,14.27981559,13.71882774,1366.66886135,18.43651345,24.04575705,3.40888885,3788.4387,6138.6211,0.1,12.4
693,15.58903709,132.2536293,85.46347557,27.6763739,14.69476917,13.60537086,1371.006357,18.18408197,23.0388158,3.40888885,3794.0171,6129.5129,0.1,12.4
694,15.55099185,135.64136365,86.503461,27.7932928,14.5233753,13.78501092,1420.194452,18.94137641,23.03076027,3.42531723,3865.9726,6236.3838,0.1,12.4
695,15.08493766,135.69415951,84.58548164,27.8768063,14.11744245,13.7566467,1417.73504725,18.97743805,23.23214852,3.41710304,3834.3899,6203.9174,0.1,12.4
696,15.03738111,134.2774706,83.263631,26.98321185,14.1625461,13.71882774,1401.413543,19.16676166,22.74881672,3.42531723,3818.664,6217.2052,0.1,12.4
697,14.88520015,135.16620091,82.51199044,26.78277945,14.04527661,13.62428034,1401.52980577,18.97743805,22.78103884,3.42531723,3801.5686,6191.6477,0.1,12.4
698,14.80910967,131.04812383,82.3564786,26.61575245,14.10842172,13.57700664,1359.36219342,19.01349969,22.54742847,3.43353142,3769.1269,6189.7092,0.1,12.4
699,14.8376436,132.19203413,81.15450167,27.10013075,14.18058756,13.64318982,1377.22194355,19.24790035,23.01464921,3.47460237,3769.5727,6125.3999,0.1,12.4
700,14.73301919,131.78726587,81.4817245,26.9080497,14.27079486,13.7566467,1385.315621,19.25691576,23.63492502,3.49924494,3773.5287,6115.6049,0.1,12.4
701,15.23711862,130.06260111,80.79812037,26.9080497,14.37002289,13.72828248,1359.37113671,19.27494658,23.69131373,3.49103075,3756.8082,6120.0659,0.1,12.4
702,16.47358892,129.68423078,79.39203415,27.5761577,15.19090932,13.8511941,1361.17768129,19.66260921,24.37603378,3.54853008,3775.7764,6087.8591,0.1,12.4
703,16.28336272,129.92181215,79.41147313,26.6909146,14.73085209,13.57700664,1350.32947052,19.3831315,24.46464461,3.48281656,3733.2424,6055.2843,0.1,12.4
704,17.90979673,136.43330155,80.4449789,29.1128061,16.1471067,13.96465098,1430.032071,19.26593117,24.36797825,3.54853008,3848.4224,6163.8214,0.1,12.4
705,17.73859315,138.02597666,84.08006816,29.1963196,15.01951545,14.35229532,1430.032071,19.13070002,24.60964415,3.5321017,3853.0365,6156.1465,0.1,12.4
706,18.071489,144.82784329,86.39330678,29.229725,14.94734961,14.24829318,1458.4717332,19.12168461,24.05381258,3.49103075,3894.7687,6186.1021,-0.2,11.8
707,17.49129909,143.48154886,84.90946464,28.72029265,14.56847895,14.23883844,1461.22626652,19.26593117,23.67520267,3.48281656,3870.9478,6168.0127,-0.2,11.8
708,17.99539852,148.27717281,85.32416288,30.1483735,14.7037899,14.42793324,1488.9683521,19.42820855,24.02964599,3.5321017,3946.8759,6215.1244,-0.2,11.8
709,18.24269258,154.3398974,86.6978508,29.93958975,14.51435457,14.45629746,1509.627352,19.17577707,24.12631235,3.54031589,3968.1979,6211.2515,-0.2,11.8
710,17.5959235,152.82641608,88.68710642,29.4969682,14.1625461,14.39956902,1506.050036,18.86023772,23.55436972,3.52388751,3958.4409,6204.0051,-0.2,11.8
711,18.43291878,153.77674156,88.86529707,29.60553575,14.38806435,14.40902376,1508.75090958,18.8422069,23.4415923,3.5321017,3959.1798,6186.2835,-0.2,11.8
712,19.46014026,161.26495437,88.9981301,30.69121125,14.83910085,14.40902376,1547.18917,18.86023772,23.44964783,3.5321017,3998.2442,6192.3009,-0.2,11.8
713,18.49949795,156.93569385,87.43653204,29.88948165,14.20764975,14.21992896,1555.25601758,18.64386788,22.90187179,3.50745913,3953.4433,6154.8092,-0.2,11.8
714,18.52803188,157.92121657,87.4106134,30.1817789,14.39708508,14.28611214,1565.07575,18.60780624,23.07909345,3.5321017,3945.6813,6121.6615,-0.2,11.8
715,18.30927175,161.97769848,86.3090712,30.82483285,14.22569121,14.31447636,1583.74039623,18.61682165,23.21603746,3.52388751,3954.8857,6096.3856,-0.2,11.8
716,18.18562472,160.11224476,87.94842518,30.34045455,14.18058756,14.30502162,1598.15697971,18.49962132,22.86159414,3.49924494,3951.9885,6101.8787,-0.2,11.8
717,18.43291878,160.60500612,87.64064133,30.97515715,14.45120946,14.4184785,1598.04966023,18.80614526,23.02270474,3.52388751,3954.227,6072.8627,-0.2,11.8
718,18.40438485,158.34358345,86.3414695,30.4824275,14.22569121,14.21047422,1585.645317,18.43651345,22.66826142,3.49924494,3893.2207,5936.4751,-0.2,11.8
719,17.79566101,151.79689681,84.7539528,29.8310222,13.88290347,13.91737728,1533.774235,18.37340558,22.48298423,3.47460237,3829.0173,5878.0314,-0.2,11.8
720,17.7861497,153.53916019,84.4947664,30.02310325,13.87388274,13.88901306,1555.238131,18.44552886,22.33798469,3.49103075,3830.5384,5845.835,-0.2,11.8
721,17.81468363,157.9476145,83.97315377,30.4824275,13.94604858,13.96465098,1581.173672,18.35537476,22.16881856,3.50745913,3836.028,5779.0555,-0.2,11.8
722,17.86224018,158.64275999,81.70203294,30.37385995,14.12646318,13.87010358,1583.856659,18.40045181,22.28965151,3.49103075,3828.2188,5763.3458,-0.2,11.8
723,17.47227647,157.1556766,85.01961886,30.02310325,13.64836449,13.90792254,1557.97477774,18.36439017,22.28965151,3.49924494,3843.4887,5843.2555,-0.2,11.8
724,17.60543481,159.31150755,84.92242396,30.62440045,13.76563398,13.95519624,1569.614493,18.51765214,22.61187271,3.5321017,3887.854,5885.6622,-0.2,11.8
725,17.67201398,158.54596758,82.49255146,31.17558955,13.86486201,13.83228462,1569.614493,18.63485247,22.68437248,3.54853008,3871.2644,5862.0967,-0.2,11.8
726,17.27253896,157.28766625,82.53790908,31.09207605,13.54011573,13.54864242,1556.934399,18.7520528,22.20909621,3.5321017,3856.7007,5857.4021,-0.2,11.8
727,17.3105842,158.99473239,83.25391151,31.1171301,13.64836449,13.62428034,1564.180167,18.932361,22.24937386,3.56495846,3871.6338,5864.4669,-0.2,11.8
728,17.33911813,156.8037042,84.39109184,31.3843733,13.90996566,13.62428034,1566.90638721,18.85122231,22.56353953,3.54031589,3887.8992,5955.8969,0.0,12.6
729,18.13806817,157.17327522,83.9439953,32.27796775,14.45120946,13.62428034,1562.37778221,18.77909903,22.33798469,3.58138684,3892.9477,5952.4538,0.0,12.6
730,18.38536223,166.306959,85.88141364,32.1526975,14.75791428,13.68100878,1631.203521,18.72500657,22.2332628,3.55674427,3968.5782,6010.4641,0.0,12.6
731,18.28073782,167.59165826,86.2442746,32.0524813,14.55043749,13.68100878,1633.71236817,18.83319149,22.24937386,3.56495846,3980.8888,6012.8152,0.0,12.6
732,17.86224018,172.36088428,85.33064254,32.403238,14.28883632,13.69046352,1667.6135052,18.73402198,22.3138181,3.55674427,4013.1196,6040.0193,0.0,12.6
733,17.8812628,171.79772844,86.37062797,31.94391375,14.3429607,13.69991826,1679.61430845,18.59879083,22.10437432,3.5321017,4017.4737,6048.2968,0.0,12.6
734,18.06197769,170.7946071,87.14818717,32.5034542,14.69476917,13.64318982,1671.00995895,18.77008362,23.21603746,3.54031589,4010.0309,6014.1565,0.0,12.6
735,17.6910366,170.16985609,89.8404859,32.61202175,14.3429607,13.59591612,1661.092314,18.64386788,23.1999264,3.5321017,4017.8692,6015.2871,0.0,12.6
736,17.86224018,174.73669798,90.25518414,33.1214541,14.27981559,13.72828248,1709.095527,18.86925313,23.34492594,3.56495846,4074.3772,6057.6902,0.0,12.6
737,17.7861497,181.72335012,88.7065454,33.79791345,14.39708508,13.8984678,1732.5537009,18.90531477,23.05492686,3.56495846,4137.9643,6126.1772,0.0,12.6
738,17.82419494,178.50280266,87.47217017,33.9732918,14.47827165,13.92683202,1728.115668,18.64386788,23.08714898,3.55674427,4137.2422,6132.6391,0.0,12.6
739,17.57690088,181.0897998,87.151427,33.7227513,14.19862902,13.91737728,1714.529853,18.6618987,22.96631603,3.56495846,4130.3143,6151.4557,0.0,12.6
740,17.64348005,180.6498343,87.6374015,33.94823775,14.1625461,13.9457415,1702.94568141,18.40946722,23.00659368,3.55674427,4156.0077,6204.3261,0.0,12.6
741,17.67201398,183.65919832,87.49808881,34.28229175,14.2527534,14.03083416,1684.65011721,18.95940723,23.12742663,3.55674427,4181.5267,6251.4337,0.0,12.6
742,17.20595979,191.4729856,91.35996617,35.10072405,14.00017296,14.20101948,1710.001248,18.85122231,22.60381718,3.54853008,4201.345,6283.3272,0.0,12.6
743,17.39618599,183.905579,92.5943414,34.41591335,14.18960829,14.20101948,1671.74359296,18.74303739,22.86964967,3.54853008,4156.8578,6289.15,0.0,12.6
744,17.30107289,184.83830586,98.59774639,33.8563729,14.06331807,14.36175006,1671.02807337,18.74303739,22.78103884,3.54031589,4195.9332,6365.9051,0.8,12.9
745,17.29156158,186.99413681,98.04373546,33.43045405,14.11744245,14.14429104,1663.00338531,18.88728395,22.95020497,3.5321017,4181.1493,6370.1411,0.8,12.9
746,17.09182407,184.78551,95.574985,32.8208055,13.82877909,14.03083416,1646.600778,18.86023772,22.75687225,3.5321017,4141.6319,6343.6861,0.8,12.9
747,16.43554368,177.4820827,93.94859034,32.02742725,13.54913646,14.0402889,1625.769195,18.91433018,22.65215036,3.52388751,4086.8779,6302.3349,0.8,12.9
748,16.70186036,178.77558127,93.631087,32.07753535,13.78367544,14.0875626,1627.580637,19.2028233,22.67631695,3.52388751,4094.2335,6317.2377,0.8,12.9
749,16.6447925,175.59023105,92.54898378,32.14434615,14.01821442,14.0402889,1615.806264,19.26593117,22.48298423,3.5321017,4076.1411,6268.2759,0.8,12.9
750,16.80648477,182.48889009,93.41401839,32.14434615,14.14450464,14.0875626,1646.600778,19.19380789,22.57965059,3.5321017,4130.8565,6354.562,0.8,12.9
751,16.80648477,180.1218757,91.31784838,31.8687516,14.23471194,14.02137942,1639.35501,19.12168461,22.3138181,3.54031589,4106.3097,6334.252,0.8,12.9
752,16.79697346,186.8973444,91.46688056,31.5012922,14.04527661,14.06865312,1681.33517835,19.03153051,22.09631879,3.52388751,4143.574,6383.8279,0.8,12.9
753,16.84453001,184.11676244,91.35348651,31.73513,14.0723388,14.10647208,1669.95932259,19.07660756,22.16881856,3.5321017,4145.2902,6397.2146,0.8,12.9
754,16.49261154,185.665441,90.391257,31.04196795,13.63934376,14.1348363,1667.432361,18.97743805,21.91909713,3.52388751,4123.6893,6384.3479,0.8,12.9
755,16.48310023,185.48065549,89.74977066,31.12548145,13.57619865,14.00246994,1686.28947222,18.88728395,21.6693757,3.51567332,4093.4876,6289.4786,0.8,12.9
756,16.25482879,183.15763765,88.01322178,30.65780585,13.531095,13.8984678,1649.11868238,18.71599116,21.77409759,3.51567332,4034.507,6237.4053,0.8,12.9
757,16.70186036,187.38130645,88.3825624,32.14434615,13.76563398,14.18211,1698.226875,19.09463838,22.21715174,3.54031589,4133.4896,6346.0678,0.8,12.9
758,16.76843953,184.85590448,89.01432925,32.31137315,13.84682055,14.38065954,1690.981107,19.17577707,22.46687317,3.54853008,4144.3536,6383.4248,0.8,12.9
759,16.57821333,182.5856825,87.61148286,31.8687516,13.70248887,14.30502162,1662.903756,19.05857674,22.44270658,3.5321017,4106.9506,6375.0684,0.8,12.9
760,16.61625857,180.4738481,87.61796252,31.96061645,13.73857179,14.31447636,1646.600778,19.01349969,22.57159506,3.5321017,4103.6463,6360.3202,0.8,12.9
761,16.37847582,176.9541241,86.69137114,31.2841571,13.45892916,14.14429104,1619.429148,18.95039182,22.43465105,3.52388751,4061.0457,6340.8435,0.8,12.9
762,16.34043058,180.21866811,84.17402323,31.0336166,13.54913646,14.07810786,1639.72635561,18.88728395,22.52326188,3.52388751,4043.8444,6307.2057,0.8,12.9
763,16.30238534,179.87549502,84.4947664,31.15888685,13.61228157,14.21047422,1642.74240654,19.07660756,22.555484,3.5321017,4069.4587,6357.5352,0.8,12.9
764,16.37847582,182.48009078,86.0174865,31.94391375,13.64836449,14.36175006,1665.19523013,19.15774625,22.60381718,3.5321017,4126.9415,6402.1411,-0.5,12.7
765,15.91242163,181.47696944,85.43755693,31.94391375,13.45892916,14.38065954,1655.657988,19.14873084,22.70048354,3.54853008,4117.7377,6382.2322,-0.5,12.7
766,15.98851211,181.05460256,85.46347557,31.94391375,13.58521938,14.44684272,1646.63700684,19.22986953,22.92603838,3.58138684,4130.5513,6390.3177,-0.5,12.7
767,15.64610495,180.01628398,85.61898741,30.899995,13.31459748,14.3712048,1636.76464794,19.16676166,22.66826142,3.57317265,4109.0102,6395.2191,-0.5,12.7
768,15.34174303,176.38216895,84.45588844,30.5325356,13.11614142,14.31447636,1619.7008643,19.04956133,23.25631511,3.60602941,4048.8519,6284.2986,-0.5,12.7
769,15.30369779,175.3702483,83.26039117,30.06486,13.1702658,14.26720266,1603.50657282,18.89629936,22.94214944,3.6142436,4034.1077,6301.5157,-0.5,12.7
770,15.33223172,174.226338,82.96232681,29.7141033,13.02593412,14.11592682,1603.14428442,18.7520528,22.99853815,3.59781522,4019.8505,6285.9521,-0.5,12.7
771,15.05640373,171.79772844,78.77322662,29.25477905,12.89062317,13.48245924,1585.01175,18.70697575,22.65215036,3.56495846,3967.1352,6204.8989,-0.5,12.7
772,15.06591504,174.7542966,77.91467167,29.27148175,12.73727076,13.34063814,1595.880402,18.87826854,23.37714806,3.6142436,4008.686,6245.0029,-0.5,12.7
773,14.98031325,171.83292568,77.74944034,28.8789683,12.76433295,13.2839097,1599.503286,18.99546887,23.14353769,3.62245779,3984.6956,6189.3969,-0.5,12.7
774,15.08493766,169.22832992,77.30882346,29.1295088,12.93572682,13.34063814,1585.84501332,18.94137641,23.23214852,3.66352874,3986.902,6224.64,-0.5,12.7
775,14.98031325,168.2428072,76.06796857,28.93742775,12.91768536,13.39736658,1586.81413479,19.12168461,22.58770612,3.71281388,3939.1505,6140.8317,-0.5,12.7
776,15.1229829,165.8669935,77.07879553,28.6952386,12.99887193,13.43518554,1577.765982,19.1126692,23.01464921,3.71281388,3958.8194,6183.1843,-0.5,12.7
777,14.95177932,163.5791729,76.32067531,28.4948062,12.92670609,13.40682132,1566.5350416,18.88728395,23.22409299,3.70459969,3939.077,6160.3541,-0.5,12.7
778,14.97080194,169.15793544,77.59716833,28.58667105,12.78237441,13.4257308,1607.654775,18.87826854,22.98242709,3.65531455,3982.3782,6234.6793,-0.5,12.7
779,15.1229829,168.74436787,78.7926656,28.8455629,13.07103777,13.51082346,1606.16033535,18.90531477,23.25631511,3.71281388,3999.4427,6269.7384,-0.5,12.7
780,15.08493766,171.21697398,79.53458667,29.396752,13.01691339,13.52973294,1607.52797406,18.86023772,23.66714714,3.71281388,4039.0895,6305.7585,-0.5,12.7
781,15.03738111,169.84428162,79.70629766,28.75369805,12.93572682,13.48245924,1610.93348502,18.73402198,23.34492594,3.67995712,4027.0457,6310.0979,-0.5,12.7
782,14.71399657,167.54766171,78.93845795,28.56996835,12.76433295,13.45409502,1601.12452659,18.31931312,22.29770704,3.66352874,4012.4771,6311.5998,-0.5,12.7
783,14.59986085,169.3867175,79.37907483,28.728644,12.60195981,13.49191398,1613.8136778,18.19309738,22.05604114,3.68817131,3999.5147,6279.9217,-0.5,12.7
784,14.63790609,171.83292568,80.2505891,28.4948062,12.73727076,13.4730045,1621.24059,18.67992952,21.96743031,3.70459969,4006.144,6260.551,-0.5,12.7
785,14.8376436,174.56951109,83.3284276,28.68688725,12.99887193,13.5675519,1630.2978,19.13070002,22.66020589,3.71281388,4038.5257,6286.1773,-0.5,12.7
786,14.49523644,173.346407,82.94612766,28.62007645,12.74629149,13.57700664,1648.41222,19.15774625,22.69242801,3.66352874,4050.9257,6339.8183,-0.5,12.7
787,14.65692871,171.75373189,82.91372936,28.70358995,13.18830726,13.58646138,1632.17264247,19.0225151,22.46687317,3.65531455,4090.5676,6413.8073,-0.3,12.4
788,14.40963465,172.59846565,81.29381436,28.6284278,13.21536945,13.69046352,1643.51226939,19.17577707,22.72465013,3.71281388,4103.1052,6408.8994,-0.3,12.4
789,14.30501024,167.66205274,80.99575,28.227563,13.17928653,13.52973294,1627.54440816,19.1126692,22.49103976,3.72102807,4096.64,6416.8456,-0.3,12.4
790,15.04689242,166.35975486,80.76248224,28.5115089,13.63032303,13.53918768,1622.13725379,19.00448428,22.34604022,3.72102807,4123.2799,6464.4664,-0.3,12.4
791,14.9327567,162.47925915,81.319733,28.5950224,13.66640595,13.45409502,1604.6658957,19.14873084,22.24131833,3.73745645,4104.8118,6410.5218,-0.3,12.4
792,15.25614124,158.85394343,80.94067289,28.16910355,13.76563398,13.41627606,1580.9360055,19.18479248,22.21715174,3.73745645,4100.1479,6420.877,-0.3,12.4
793,15.26565255,154.70946842,78.8574622,28.1774549,13.70248887,13.39736658,1534.3819461,19.2929774,22.43465105,3.78674159,4097.2876,6443.4391,-0.3,12.4
794,15.07542635,156.52212628,78.66955206,28.40294135,13.68444741,13.4257308,1560.557283,19.06759215,22.69242801,3.80316997,4068.9786,6404.6463,-0.3,12.4
795,15.03738111,154.50708429,79.71925698,28.72029265,13.59424011,13.48245924,1551.88047582,19.12168461,22.8777052,3.80316997,4091.9988,6431.0688,-0.3,12.4
796,15.15151683,156.78610558,80.81431952,29.396752,13.40480478,13.68100878,1587.728913,19.2028233,23.39325912,3.88531187,4149.3836,6459.2396,-0.3,12.4
797,15.1229829,156.90929592,80.671767,29.7976168,13.27851456,13.7566467,1592.257518,19.16676166,23.65909161,3.91816863,4162.032,6449.8531,-0.3,12.4
798,14.72350788,155.12303599,81.27113555,29.6472925,12.97180974,13.57700664,1593.163239,19.00448428,23.59464737,3.90995444,4124.5589,6416.9696,-0.3,12.4
799,14.67595133,152.6680285,79.38231466,29.22137365,12.87258171,13.46354976,1577.65729548,19.04956133,23.56242525,3.89352606,4113.0192,6411.7564,-0.3,12.4
800,14.5523043,151.348132,78.727869,28.8121575,12.96278901,13.17045282,1562.79441387,18.98645346,23.38520359,3.8606693,4032.5672,6250.5446,-0.3,12.4
801,14.1718519,147.828408,82.12645067,28.060536,12.7192293,13.10426964,1544.254305,18.95940723,23.28853723,3.87709768,3982.6429,6208.7797,-0.3,12.4
802,14.15282928,149.4122838,79.1490469,28.41964405,12.66510492,13.03808646,1567.24150398,19.08562297,23.19187087,3.90174025,3962.6658,6118.1526,-0.3,12.4
803,14.0767388,148.36516591,81.319733,28.2442657,12.52979397,13.05699594,1579.49590911,19.09463838,23.11131557,3.90174025,3959.2323,6142.1541,-0.3,12.4
804,14.19087452,148.85792727,83.88567836,27.25045505,12.52077324,13.20827178,1592.18506032,19.73473249,23.13548216,3.90174025,3988.4185,6157.936,-0.3,12.4
805,14.40012334,148.708339,82.89429038,28.060536,12.54783543,13.35009288,1594.53993492,19.72571708,23.42548124,3.87709768,4029.0858,6241.2441,-0.3,12.4
806,14.21940845,148.66434245,81.81218716,28.50315755,12.36742083,13.1893623,1584.9211779,20.33876496,23.82020221,4.06602405,4030.2471,6262.3891,-0.1,11.6
807,14.78057574,152.85281401,81.01842881,28.97083315,12.86356098,13.0948149,1585.01175,19.9240561,24.07797917,4.09888081,4016.8774,6200.5759,-0.1,11.6
808,14.81862098,150.8201734,82.30140149,29.730806,13.10712069,13.25554548,1558.31109492,20.14042594,25.56019669,4.3535207,4062.6624,6248.5828,-0.1,11.6
809,14.71399657,153.78554087,81.03138813,29.22137365,13.31459748,13.27445496,1559.651562,20.51005775,25.51991904,4.32887813,4027.8754,6181.9757,-0.1,11.6
810,14.5523043,152.50964092,84.16754357,28.728644,13.06201704,13.48245924,1562.368725,20.18550299,25.26214208,4.13173757,3996.8695,6173.8093,-0.1,11.6
811,14.5523043,151.84969267,85.45051625,28.77040075,12.8996439,13.35954762,1555.18635747,20.5551348,24.99630959,4.107095,3990.6637,6154.4703,-0.1,11.6
812,14.32403286,149.03391347,84.2679783,28.4279954,12.76433295,13.24609074,1545.5223144,20.65430431,24.84325452,4.09066662,3937.7622,6091.6464,-0.1,11.6
813,14.32403286,151.73530164,85.8230967,28.9791845,12.70118784,13.30281918,1554.4889523,20.735443,24.85131005,4.13995176,3998.8872,6159.3888,-0.1,11.6
814,14.18136321,150.01943619,85.89761279,29.0794007,12.59293908,13.20827178,1542.70552209,20.69938136,25.10103148,4.11530919,3978.2054,6110.8271,-0.1,11.6
815,14.05771618,149.00751554,84.559563,28.8121575,12.50273178,13.17990756,1540.631421,20.62725808,24.78686581,4.09888081,3960.165,6122.0518,-0.1,11.6
816,13.90553522,148.40916246,83.93751564,28.77040075,12.43958667,13.05699594,1531.574211,20.80756628,24.90769876,4.20566528,3956.0701,6128.1762,-0.1,11.6
817,13.82944474,150.2922148,83.96991394,28.35283325,12.22308915,12.93408432,1539.2728395,20.57316562,24.91575429,4.13995176,3944.5403,6117.0833,-0.1,11.6
818,13.95309177,156.28454491,85.8878933,28.561617,12.20504769,12.99081276,1581.388866,20.94279743,24.83519899,4.16459433,3969.3277,6115.3151,-0.1,11.6
819,13.81042212,153.107994,85.18485019,28.060536,12.06973674,12.91517484,1561.96115055,20.77150464,24.77881028,4.04959567,3913.1882,6052.4297,-0.1,11.6
820,13.42045841,149.89624585,84.85438753,27.50099555,11.61870024,12.6693516,1549.5980589,20.40187283,24.31964507,3.90995444,3859.0935,6005.7913,-0.1,11.6
821,13.49654889,148.0043942,82.8100548,27.0750767,11.57359659,12.49916628,1540.631421,20.4649807,24.20686765,3.89352606,3850.4996,5988.1885,-0.1,11.6
822,13.51557151,149.6762631,80.02056117,27.3423199,11.8171563,12.4802568,1531.17569376,20.33876496,23.6027029,3.9428112,3850.9511,6034.9834,-0.1,11.6
823,13.34436793,148.05719006,79.35315619,27.30056315,11.67282462,12.74498952,1529.762769,20.63627349,23.72353585,3.98388215,3833.9416,6025.1552,-0.1,11.6
824,13.65824116,145.33820327,81.7085126,27.2588064,11.68184535,12.78280848,1511.00528709,20.51005775,23.49798101,3.95923958,3837.7531,6061.3089,-0.1,11.6
825,13.54410544,141.82727858,82.18152778,26.9748605,11.49241002,12.68826108,1475.3289369,20.29368791,22.74076119,3.96745377,3798.5434,6047.8021,-0.1,11.6
826,13.315834,143.71033092,82.76145735,26.7744281,11.55555513,12.75444426,1481.68709832,20.17648758,22.53131741,3.99209634,3806.8679,6051.4603,-0.2,11.3
827,13.81042212,147.7404149,83.93103598,27.61791445,12.25015134,12.89626536,1513.0975026,20.13141053,22.76492778,4.00852472,3861.8337,6105.2181,-0.2,11.3
828,13.65824116,145.3646012,83.69128856,27.5928604,12.19602696,12.86790114,1508.025465,20.23959545,23.00659368,4.07423824,3844.2492,6097.1059,-0.2,11.3
829,13.75335426,145.73417222,84.52068504,27.61791445,12.20504769,12.73553478,1509.82784979,20.12239512,23.61075843,4.07423824,3808.1629,5983.4202,-0.2,11.3
830,13.90553522,144.308684,83.11783865,27.8099955,12.32231718,12.70717056,1495.2547989,20.14042594,23.61881396,4.11530919,3789.3418,5987.011,-0.2,11.3
831,14.16234059,145.03022742,82.615665,28.4614008,12.63804273,12.86790114,1510.742628,20.42891906,23.8443688,4.18102271,3820.1867,5966.1477,-0.2,11.3
832,13.95309177,144.82784329,83.587614,28.1774549,12.47960051,13.0475412,1508.931186,20.60922726,23.72353585,4.16459433,3836.7026,6009.5826,-0.2,11.3
833,13.85797867,149.94904171,84.40081133,28.16910355,12.52620096,13.11372438,1536.102816,20.17648758,24.02964599,4.08245243,3844.4324,6027.7122,-0.2,11.3
834,13.90553522,152.29845748,84.63083926,28.16910355,12.64736213,13.17045282,1538.819979,20.1043643,23.86047986,4.107095,3864.9074,6044.0371,-0.2,11.3
835,13.6962864,156.34614008,85.207529,27.88515765,12.49824069,13.27445496,1564.07148048,20.05928725,24.19075659,4.00031053,3864.0247,6044.0766,-0.2,11.3
836,14.00064832,160.147442,88.08449804,28.1607522,12.57280141,13.36900236,1589.540355,20.08633348,24.16659,4.03316729,3925.4994,6096.8075,-0.2,11.3
837,13.82944474,161.97769848,87.82531164,28.33613055,12.62872195,13.30281918,1628.20558449,20.0142102,24.13436788,4.00852472,3963.3509,6148.0125,-0.2,11.3
838,13.49654889,156.22294974,87.21946343,28.0438333,12.51688087,13.3784571,1579.577424,19.99617938,24.02159046,3.96745377,3930.9079,6131.3849,-0.2,11.3
839,13.32534531,153.11679331,86.90843975,27.71813065,12.25591835,13.35009288,1579.08833466,19.91504069,24.0054794,3.96745377,3924.2377,6126.1133,-0.2,11.3
840,13.25876614,150.8201734,86.75616774,27.70142795,12.22795808,13.32172866,1572.17768343,19.9240561,24.01353493,3.98388215,3864.0323,5990.8455,-0.2,11.3
841,13.07805125,146.64930046,85.17189087,27.23375235,12.13475718,13.27445496,1547.877189,20.05027184,23.91686857,3.91816863,3809.6962,5887.0324,-0.2,11.3
842,13.62970723,149.56630812,84.25177915,27.4091307,12.51688087,13.31227392,1549.73391705,19.94208692,24.15047894,3.95102539,3845.4334,5948.0029,-0.2,11.3
843,13.52508282,150.06150117,84.31657575,27.60121175,12.4889206,13.35954762,1565.43006198,20.26664168,24.46464461,3.95923958,3840.7986,5942.3112,-0.2,11.3
844,13.32534531,147.48649731,82.8424531,27.2922118,12.29319871,13.3784571,1552.14313491,19.95110233,24.28742295,3.92638282,3821.8435,5940.5782,-0.2,11.3
845,13.33485662,147.27041307,83.67508941,27.3590226,12.14407727,13.39736658,1555.085875,19.88799446,24.77075475,3.95923958,3842.4516,5998.7293,-0.2,11.3
846,13.45850365,150.68274336,86.65897284,28.1607522,12.22795808,13.50136872,1585.5254625,19.94208692,25.10103148,4.00852472,3892.8821,6042.3122,-0.2,10.7
847,13.33485662,151.45704522,87.9613845,27.98537385,11.85515448,13.6620993,1591.503025,19.87897905,25.06075383,3.96745377,3899.0133,6055.2577,-0.2,10.7
848,13.28730007,148.90004838,86.503461,27.58450905,11.78059376,13.58646138,1577.5063325,19.89700987,25.3152403,3.95923958,3868.8054,6020.8212,-0.2,10.7
849,13.28730007,147.9276693,86.8598423,27.2086983,11.96699556,13.65264456,1566.1029825,19.833902,25.12219514,3.91816863,3842.7547,5988.5525,-0.2,10.7
850,13.19218697,147.35144466,85.6611052,26.98321185,11.9297152,13.62428034,1554.19383875,19.833902,25.1836186,3.90995444,3825.6988,5961.6057,-0.2,10.7
851,13.23023221,148.1977746,85.38571965,27.10013075,11.8365143,13.53918768,1564.1901625,19.833902,25.12219514,3.91816863,3844.3269,5984.2814,-0.2,10.7
852,13.18267566,148.68396414,87.25834139,27.31726585,11.87379466,13.74719196,1572.55875,19.833902,25.01689778,3.96745377,3869.4861,6029.2318,-0.2,10.7
853,13.01147208,148.97207646,86.05312463,27.726482,11.59419196,13.65264456,1576.053325,19.96011774,24.93792476,3.95102539,3843.4369,5962.7938,-0.2,10.7
854,13.1256078,155.44560015,86.77236689,28.07020125,11.71535313,13.6620993,1598.6761,20.21254922,25.16606904,4.00031053,3898.4229,6044.0583,-0.2,10.7
855,13.10658518,154.85136849,85.66434503,28.14070725,11.7433134,13.62428034,1612.102625,20.25762627,25.32401508,4.00031053,3899.1027,6030.5188,-0.2,10.7
856,13.04000601,152.75355066,85.69026367,27.89393625,11.61283214,13.57700664,1590.92366125,20.23058004,24.35878928,4.00031294,3867.1749,6012.6895,-0.2,10.7
857,13.0304947,151.6191084,86.01100684,27.7264845,11.72467322,13.69046352,1584.32995,20.20353381,24.42021274,3.97405268,3854.9393,6001.7998,-0.2,10.7
858,13.2207209,151.54708032,85.80041789,27.8322435,11.88311475,13.81624272,1584.513875,20.2846725,24.53428488,3.99155952,3850.8663,5993.4126,-0.2,10.7
859,13.20169828,151.76316456,85.83929585,27.92918925,11.89243484,13.61306268,1585.4335,20.1945184,24.35878928,4.00906636,3823.6946,5925.4843,-0.2,10.7
860,13.29681138,154.20311577,85.63518656,28.026135,12.00427592,13.70981508,1628.9317625,20.2132368,24.27981626,4.00906636,3821.91,5925.6255,-0.2,10.7
861,13.1256078,152.48344536,83.4256225,27.71767125,11.75263349,13.76786652,1628.79381875,20.17580488,24.20084324,4.00031294,3805.221,5916.7141,-0.2,10.7
862,14.19087452,161.6130045,85.72266197,29.32168275,12.77784339,13.9807218,1681.58029375,19.96057134,24.77120394,4.04408004,3915.1153,6016.6312,-0.2,10.7
863,14.14331797,160.0824078,84.91270447,29.39218875,12.80580366,13.9323456,1681.58029375,20.01671922,24.9642491,4.05283346,3907.0128,6001.5402,-0.2,10.7
864,14.01015963,160.67663946,84.76367229,29.6653995,12.77784339,14.14520088,1690.29833875,19.86699154,24.90282564,4.1141074,3902.3458,5961.1843,-0.2,10.7
865,14.48572513,163.12559418,86.882067,30.9345075,13.41160951,14.67733908,1744.528625,19.96992932,24.92914998,4.19288818,3992.7376,6043.2438,-0.2,10.7
866,14.50474775,162.963531,88.509072,31.339917,13.26248807,14.98694676,1729.4283825,20.08222508,24.90282564,4.17538134,4014.6301,6088.2431,-0.2,10.7
867,14.35256679,161.95513788,87.3701685,30.83756175,13.24384789,14.8514934,1737.171625,20.32553256,24.95547432,4.18413476,3998.001,6098.8789,0.2,10.6
868,14.32403286,160.24447098,87.207468,29.99148975,13.21588762,14.83214292,1728.895,20.20387882,24.49041098,4.08784714,3969.895,6077.4645,0.2,10.6
869,14.59986085,160.8026886,87.28231023,30.564351,13.45820996,14.77409148,1727.48797375,20.26938468,24.47286142,4.13161424,4004.9839,6098.6868,0.2,10.6
870,14.49523644,161.41492728,87.3050883,30.740616,13.4209296,14.8031172,1741.28234875,20.15708892,24.3938884,4.14912108,4020.5792,6128.556,0.2,10.6
871,14.01015963,159.64123581,86.87881299,30.4057125,12.97356528,14.81279244,1736.18762625,20.51269216,24.44653708,4.12286082,3990.1531,6090.7307,0.2,10.6
872,13.86748998,159.25408488,85.6780833,30.09724875,12.82444384,14.83214292,1738.09125,20.6811358,24.49918576,4.09660056,3979.7322,6066.1019,0.2,10.6
873,13.9816257,159.52419018,85.5479229,29.9826765,13.048126,14.8031172,1738.348745,20.69049378,24.42021274,4.12286082,3967.5652,6021.7506,0.2,10.6
874,14.02918225,158.74088481,85.4828427,30.0884355,13.16928717,14.73539052,1724.296875,20.67177782,24.67468136,4.10535398,3975.7166,6031.7105,0.2,10.6
875,13.8865126,155.18449836,84.36020925,29.21592375,13.01084564,14.3193552,1686.59225,20.3536065,24.13941978,4.03532662,3884.2538,5913.3502,0.2,10.6
876,13.6962864,151.81718562,79.99007382,28.6078095,13.05744609,14.00007228,1658.083875,20.40975438,24.00779808,3.99155952,3855.9061,5916.8029,0.2,10.6
877,13.59166199,149.9084415,79.57356054,28.519677,13.02948582,13.95169608,1667.2617325,20.60627196,24.14819456,4.06158688,3846.5357,5879.7782,0.2,10.6
878,13.82944474,150.0885117,79.4629242,28.17596025,13.28112825,13.8839694,1673.7175,20.46590226,24.0428972,4.06158688,3818.3338,5833.2155,0.2,10.6
879,13.81993343,151.65512244,80.05190001,28.01732175,13.28112825,13.92267036,1681.12048125,20.69985176,24.05167198,4.0265732,3831.1008,5874.3609,0.2,10.6
880,13.61068461,147.23439903,78.19060629,28.096641,13.19724744,13.74851604,1657.70682875,20.64370388,23.9990233,4.03532662,3784.0038,5777.7972,0.2,10.6
881,13.29681138,145.82985147,76.27724841,27.43564725,12.9549251,13.51631028,1647.048375,20.4471863,23.70068078,3.99155952,3729.555,5710.7783,0.2,10.6
882,13.33485662,145.99191465,76.31955054,27.603099,12.94560501,13.58403696,1644.2895,20.587556,24.14819456,4.04408004,3758.2271,5741.0606,0.2,10.6
883,13.14463042,144.06516351,74.87151609,27.18887625,12.7685233,13.51631028,1631.41475,20.5407661,24.60448312,4.06158688,3696.6339,5629.4999,0.2,10.6
884,13.04000601,146.09095326,76.4366949,27.3739545,12.64736213,13.4969598,1670.3148875,20.37232246,24.40266318,4.01781978,3723.4293,5652.6729,0.2,10.6
885,13.44,145.45170405,75.6882726,27.814617,13.02948582,13.58403696,1678.2972325,20.73728368,24.47286142,4.07909372,3709.1517,5581.2116,0.2,10.6
886,14.05,141.79627899,76.64169753,28.4315445,13.38364924,13.76786652,1687.48428625,20.69985176,25.008123,4.14036766,3752.6194,5644.1405,0.2,10.6
887,14.2,143.5159494,80.27968071,28.237653,13.5141305,13.8355932,1702.52935125,20.51269216,24.95547432,4.05283346,3790.1067,5770.3155,0.2,10.6
888,14.2,142.09339482,81.2851698,27.9027495,13.74713275,13.68078936,1706.824,20.55948206,24.81507784,4.01781978,3788.5097,5775.1534,0.2,10.6
889,13.64,140.37372441,81.1550094,27.80580375,13.02948582,13.89364464,1698.547375,20.64370388,24.71855526,4.04408004,3765.2678,5739.3984,0.2,10.6
890,14.05,143.82206874,81.06389712,28.44035775,13.28112825,14.06779896,1702.27185625,20.40975438,25.2274925,4.00031294,3791.4912,5750.8027,0.3,10.3
891,14.04,151.19594343,82.14748245,29.55082725,13.17860726,14.26130376,1716.02025,20.27874266,25.95579924,4.0265732,3848.9517,5829.784,0.3,10.3
892,13.88,149.20616772,81.03461103,29.18067075,12.87104429,14.23227804,1709.3069875,20.48461822,26.11374528,4.01781978,3820.3174,5788.7149,0.3,10.3
893,14.17,149.17915719,81.49668045,29.401002,13.13200681,14.3193552,1711.422125,20.40975438,26.04354704,4.03532662,3812.0283,5790.3806,0.3,10.3
894,14.0,146.8472481,80.8296084,29.2071105,13.08540636,14.25162852,1690.27075,20.4471863,26.14006962,4.04408004,3758.4748,5702.7008,0.3,10.3
895,13.91,145.78483392,79.41411405,29.23355025,13.02016573,14.11617516,1672.3380625,20.43782832,25.83295232,4.01781978,3739.9927,5708.6227,0.3,10.3
896,13.7,147.97268685,80.37730101,29.00440575,12.80580366,14.40643236,1675.71308625,20.57819802,26.14006962,4.01781978,3767.537,5774.7305,0.3,10.3
897,13.65,146.73920598,81.99779799,28.977966,12.6753224,14.4644838,1673.680715,20.65306186,26.15761918,4.0265732,3760.6048,5770.9259,0.3,10.3
898,13.62,147.34244115,81.85462155,28.86339375,12.68464249,14.39675712,1673.63473375,20.8215055,26.55248428,4.04408004,3736.6513,5715.3973,0.3,10.3
899,13.51,145.856862,79.27744563,29.14541775,12.62872195,14.34838092,1672.51279125,21.23325662,27.3334397,4.09660056,3733.5077,5702.102,0.3,10.3
900,13.42,143.79505821,79.49221029,29.048472,12.45164024,14.26130376,1638.76255375,21.07417096,27.35098926,4.05283346,3708.7766,5704.6632,0.3,10.3
901,13.31,146.5771428,80.49769938,29.1013515,12.23727817,14.35805616,1682.17805,20.97123318,27.40363794,4.06158688,3727.711,5719.6887,0.3,10.3
902,13.3,144.87547941,80.42936517,29.048472,12.19999781,14.45480856,1680.0996975,21.08352894,27.53525964,4.09660056,3720.5021,5687.9007,0.3,10.3
903,13.29,143.91210384,79.397844,28.84576725,12.3025188,14.49350952,1677.396,21.11160288,27.61423266,4.10535398,3705.6898,5651.0062,0.3,10.3
904,13.26,141.94933866,77.99211168,28.52849025,12.35843934,14.42578284,1653.84440375,20.94315924,27.34221448,4.10535398,3672.4448,5611.9186,0.3,10.3
905,13.39,143.98413192,79.73951505,29.3833755,12.44232015,14.57091144,1700.386625,21.03673904,27.4211875,4.14912108,3738.9327,5698.8168,0.3,10.3
906,13.14,143.0657739,79.9835658,29.083725,12.0229161,14.48383428,1685.1024575,21.04609702,27.5089353,4.14036766,3714.6037,5666.6642,0.3,10.3
907,13.07,141.03998415,77.6081385,28.90746,11.96699556,14.37740664,1670.039,20.97123318,27.34221448,4.1141074,3692.8928,5646.6544,0.3,10.3
908,13.05,140.98596309,77.39011983,28.9250865,11.91107502,14.35805616,1668.19975,20.78407358,27.07897108,4.0703403,3700.495,5674.3451,0.3,10.3
909,13.08,140.5447911,77.0224167,29.05728525,11.87379466,14.3193552,1653.99154375,20.81214752,27.3773136,4.09660056,3689.5172,5690.7697,0.3,10.3
910,12.89,138.89714877,77.43567597,28.7135685,11.71535313,14.48383428,1634.173625,21.11160288,27.6844309,4.08784714,3684.7272,5658.0832,0.2,10.3
911,12.82,138.12284691,77.41615191,28.72238175,11.64079241,14.43545808,1627.73625,21.15839278,27.25446668,4.09660056,3657.1259,5630.3714,0.2,10.3
912,12.77,138.3839487,77.63742459,28.59899625,11.57555178,14.33870568,1635.5530625,21.17710874,27.07897108,4.13161424,3667.5483,5629.7886,0.2,10.3
913,12.84,140.21166123,79.54427445,29.14541775,11.70603304,14.67733908,1642.45025,21.16775076,26.9385746,4.23665528,3702.3824,5671.6419,0.2,10.3
914,12.59,138.32092413,78.21338436,28.74000825,11.60351205,14.62896288,1610.263375,21.28004652,26.99999806,4.28042238,3663.4104,5633.3831,0.2,10.3
915,12.21,135.17869914,77.28599151,28.47561075,11.2773089,14.62896288,1590.8592875,21.31747844,27.57913354,4.30668264,3626.5972,5580.6666,0.2,10.3
916,11.98,135.42179391,77.445438,28.660689,11.20274818,14.58058668,1587.27275,21.48592208,27.71953002,4.30668264,3639.4018,5595.3423,0.2,10.3
917,11.71,134.36838324,81.04762707,28.63424925,11.16546782,14.68701432,1589.112,21.4765641,27.7283048,4.31543606,3610.5767,5524.5988,0.2,10.3
918,11.46,129.87563175,78.2914806,27.82343025,10.83926467,14.26130376,1498.98875,21.1022449,27.1579441,4.22790186,3533.5445,5464.027,0.2,10.3
919,11.66,129.3804387,77.8359192,27.89393625,10.74606377,14.1258504,1512.783125,20.9150853,27.00877284,4.19288818,3510.5889,5423.6748,0.2,10.3
920,11.62,129.42545625,77.65694865,27.52377975,10.63422269,14.0774742,1511.8451075,20.85893742,27.14039454,4.21914844,3474.2438,5290.3343,0.2,10.3
921,11.66,129.69556155,76.64820555,27.5854725,10.67150305,14.029098,1510.89789375,21.1490348,26.84205202,4.16662792,3487.1302,5352.0123,0.2,10.3
922,11.7,134.45841834,77.2501974,27.6912315,10.61558251,14.33870568,1542.6709375,20.50333418,26.64023208,4.12286082,3504.4576,5375.9983,0.2,10.3
923,11.57,135.99801855,77.64393261,27.7617375,10.47578116,14.51286,1537.82451375,20.89636934,26.8069529,4.19288818,3514.1448,5398.934,0.2,10.3
924,11.63,137.74469949,78.73077195,27.78817725,10.46646107,14.67733908,1541.94443375,20.81214752,26.6314573,4.17538134,3562.3851,5492.0274,0.2,10.3
925,11.6,140.9949666,79.5930846,27.2329425,10.1588981,14.3193552,1545.889625,21.0086651,26.06987138,4.10535398,3583.7718,5546.3881,0.2,10.3
926,11.33,140.454756,77.62115454,27.109557,10.27073918,14.04844848,1549.1818825,21.12096086,26.60513296,4.14036766,3572.5056,5528.2385,0.2,10.3
927,11.34,144.05616,76.8597162,26.83634625,10.19617846,14.04844848,1637.84292875,21.20518268,26.57880862,4.17538134,3571.0268,5509.9662,-0.1,10.0
928,11.22,142.1654229,76.4041548,27.039051,10.14957801,14.30000472,1636.4726875,21.29876248,26.75430422,4.18413476,3554.1889,5459.4517,-0.1,10.0
929,11.27,143.75904417,77.65694865,27.31226175,10.0656972,14.34838092,1665.661585,21.25197258,26.64900686,4.14912108,3584.1364,5510.357,-0.1,10.0
930,11.97,143.91210384,79.0399029,27.4444605,10.36394008,14.52253524,1666.3605,20.81214752,25.86805144,4.12286082,3632.6084,5605.0621,-0.1,10.0
931,11.93,143.43491781,78.41187897,27.14481,10.35461999,14.43545808,1647.20471125,20.84022146,26.0172227,4.13161424,3619.7593,5611.0983,-0.1,10.0
932,12.13,142.82267913,78.09624,26.968545,10.40122044,14.42578284,1653.7984225,20.93380126,26.11374528,4.12286082,3611.0723,5608.0173,-0.1,10.0
933,11.96,142.75065105,77.8684593,27.0214245,10.4385008,14.38708188,1649.90840875,21.12096086,26.95612416,4.18413476,3612.8263,5592.0568,-0.1,10.0
934,11.89,141.2650719,77.10702096,26.580762,10.3452999,14.1258504,1633.10686,21.12096086,27.2895658,4.18413476,3586.4893,5573.0999,-0.1,10.0
935,11.72,139.44636288,77.15908512,26.2811115,10.28005927,13.97104656,1622.2185,21.08352894,27.14039454,4.16662792,3579.4141,5605.5688,-0.1,10.0
936,11.78,140.3647209,77.32503963,26.616015,10.35461999,13.9323456,1623.38642375,20.93380126,26.8947007,4.19288818,3582.0584,5630.5534,-0.1,10.0
937,11.89,141.58019475,77.65369464,27.003798,10.28005927,14.00974752,1630.43075125,21.1490348,26.97367372,4.19288818,3607.2454,5664.617,-0.1,10.0
938,11.8,140.78788587,77.5430583,26.9156655,10.19617846,13.85494368,1618.58598125,21.25197258,26.99999806,4.2016416,3572.3641,5609.3607,-0.1,10.0
939,11.62,139.554405,77.04194076,26.73058725,10.10297756,14.00974752,1612.4888675,21.16775076,27.0263224,4.18413476,3568.0685,5631.4233,-0.1,10.0
940,11.57,139.0141944,76.469235,26.9509185,10.04705702,13.97104656,1620.8390625,21.1958247,26.95612416,4.21039502,3576.3233,5659.7727,-0.1,10.0
941,11.92,139.8245103,76.2089142,26.81871975,10.22413873,13.96137132,1646.12875,21.2426146,26.94734938,4.21039502,3581.0674,5641.0844,-0.1,10.0
942,11.84,138.21288201,74.84223,26.580762,10.11229765,13.90331988,1638.32113375,21.2426146,26.8947007,4.2016416,3544.4162,5572.8986,-0.1,10.0
943,12.17,137.81672757,74.46151083,26.5631355,10.4385008,14.21292756,1642.45025,21.16775076,27.1579441,4.2016416,3561.5204,5622.9891,-0.1,10.0
944,12.12,137.96078373,70.56320685,26.43975,10.42918071,14.10649992,1634.173625,21.22389864,27.2456919,4.2016416,3538.0087,5570.4205,-0.1,10.0
945,11.8,134.37738675,67.9762689,25.910955,10.16821819,14.98694676,1621.298875,21.15839278,27.4211875,4.18413476,3511.9424,5566.5069,-0.1,10.0
946,11.75,133.92721125,68.30492391,25.699437,10.03773693,14.87084388,1626.85341,21.055455,27.19304322,4.19288818,3518.5232,5591.4955,-0.1,10.0
947,11.46,133.5220533,65.72449398,25.38216,9.64629315,14.5612362,1632.06768375,21.01802308,27.35098926,4.17538134,3488.3073,5553.3349,-0.1,10.0
948,11.44,134.28735165,64.80360915,25.37334675,9.56241234,14.39675712,1647.5081875,21.36426834,27.63178222,4.21039502,3496.2028,5545.0504,-0.1,10.0
949,11.4,132.54067071,64.12026705,24.9062445,9.55309225,14.37740664,1618.797495,21.27068854,27.64933178,4.21039502,3482.8813,5566.8689,-0.5,9.7
950,11.18,131.31619335,63.90550239,24.747606,9.28280964,14.23227804,1609.99668375,21.2426146,27.86870128,4.2016416,3460.138,5559.0682,-0.5,9.7
951,10.79,128.45307717,63.88923234,24.24525075,9.00320694,13.97104656,1571.639125,21.13031884,27.44751184,4.16662792,3394.2571,5460.4088,-0.5,9.7
952,10.85,129.7405791,65.46742719,24.465582,9.18028865,13.63241316,1566.121375,21.055455,27.23691712,4.1141074,3399.598,5481.824,-0.5,9.7
953,10.9,128.31802452,64.90122945,24.50964825,9.18960874,13.58403696,1563.3625,21.1490348,26.82450246,4.14036766,3391.2823,5481.1355,-0.5,9.7
954,10.78,128.68716843,64.60836855,24.2364375,9.10572793,13.66143888,1567.887055,21.16775076,26.83327724,4.14036766,3399.4618,5497.9897,-0.5,9.7
955,10.63,125.3288592,64.81662519,24.465582,8.95660649,13.53566076,1561.52325,21.35491036,27.27201624,4.14036766,3419.4548,5564.8538,-0.5,9.7
956,11.01,125.4188943,63.88597833,24.72116625,9.63697306,13.545336,1572.54955375,21.50463804,27.4211875,4.19288818,3426.803,5566.1778,-0.5,9.7
957,10.64,120.44895678,62.4119118,23.9896665,9.43193108,13.32280548,1526.5775,21.51399602,27.00877284,4.19288818,3369.605,5507.5128,-0.5,9.7
958,10.5,119.43156015,62.21016318,23.82221475,9.25484937,13.16800164,1504.4145375,21.53271198,26.92979982,4.17538134,3351.9639,5489.3267,-0.5,9.7
959,10.64,120.3769287,62.89350528,23.99847975,9.48785162,13.05189876,1512.783125,21.31747844,26.68410598,4.14036766,3341.5517,5449.7864,-0.5,9.7
960,10.54,120.647034,61.52031306,24.042546,9.55309225,13.03254828,1528.41675,21.58885986,26.9824485,4.17538134,3329.3657,5385.2702,-0.5,9.7
961,10.38,120.04379883,61.175388,24.05135925,9.4132909,13.0131978,1540.371875,21.5701439,27.0263224,4.19288818,3334.0412,5379.8735,-0.5,9.7
962,10.26,118.96337763,60.16013688,23.8486545,9.18960874,12.84871872,1534.69735002,21.8040934,27.22814234,4.19288818,3297.5022,5309.2865,-0.5,9.7
963,10.42,120.7370691,61.72206168,24.42151575,9.2268891,12.9164454,1553.49746,21.6637237,26.99999806,4.19288818,3330.8698,5338.762,-0.5,9.7
964,10.38,120.12483042,62.55834225,24.33338325,9.18028865,12.9648216,1554.1021147,21.69179764,27.53525964,4.18413476,3337.2281,5311.6902,-0.5,9.7
965,10.3,121.14222705,62.53556418,24.26287725,9.06844757,12.94547112,1555.357936,21.8976732,27.86870128,4.2016416,3347.4508,5315.3746,-0.5,9.7
966,10.17,120.93514632,62.39564175,24.03373275,8.89136586,12.85839396,1553.49746,22.01932694,27.47383618,4.21914844,3324.7902,5258.2841,-0.5,9.7
967,10.17,120.49397433,62.29802145,24.0601725,8.84476541,12.8680692,1550.76256028,22.01932694,27.7721787,4.22790186,3336.3572,5285.5301,-0.5,9.7
968,10.52,126.1391751,64.44566805,24.66828675,9.27348955,13.08092448,1604.65124762,21.78537744,27.39486316,4.17538134,3414.5403,5382.7966,-0.5,9.7
969,10.46,126.32824881,64.429398,24.5184615,9.2268891,13.09059972,1605.590788,21.84152532,27.5089353,4.18413476,3431.1099,5429.2288,-0.5,9.7
970,10.15,122.447736,62.6722326,24.3069435,8.78884487,12.98417208,1567.46033238,22.15969664,28.41273764,4.19288818,3386.3522,5409.4554,0.1,8.7
971,10.13,121.43934288,62.85771117,24.47439525,8.77020469,13.061574,1575.823172,22.23456048,28.93922444,4.23665528,3378.2971,5401.395,0.1,8.7
972,9.93,119.13444432,62.80890102,24.50964825,8.52788235,12.98417208,1552.567222,22.2719924,29.33408954,4.28042238,3347.0519,5355.3216,0.1,8.7
973,9.99,118.16206524,62.69826468,24.93268425,8.54652253,12.90677016,1547.32067968,22.21584452,29.3516391,4.26291554,3329.1114,5281.8711,0.1,8.7
974,9.82,115.3349631,61.6309494,24.79167225,8.44400154,12.69391488,1529.30196962,22.0848328,29.5271347,4.27166896,3286.0564,5167.6997,0.1,8.7
975,9.88,115.07386131,62.75683686,24.82692525,8.49992208,12.79066728,1526.520558,22.02868492,29.8781259,4.27166896,3292.4994,5180.653,0.1,8.7
976,9.74,115.9652088,61.92055629,24.72116625,8.45332163,12.79066728,1526.985677,21.84152532,29.7026303,4.2454087,3277.129,5158.0784,0.1,8.7
977,9.76,116.70349662,64.03240878,25.0120035,8.49060199,12.94547112,1531.70198366,21.69179764,29.1761435,4.18413476,3295.6717,5223.8633,0.1,8.7
978,9.7,115.92019125,63.73629387,25.1530155,8.51856226,12.88741968,1528.43684828,22.01932694,29.50081036,4.21039502,3284.1667,5206.178,0.1,8.7
979,9.71,115.85716668,63.32628861,25.35572025,8.40672118,12.88741968,1525.59032,21.991253,29.86935112,4.25416212,3280.9195,5193.2956,0.1,8.7
980,9.61,115.61407191,63.5508153,25.67299725,8.31352028,13.02287304,1525.06008434,22.0380429,30.07994584,4.28042238,3300.8762,5190.3975,0.1,8.7
981,9.34,112.66992414,60.7849068,25.72587675,8.08051803,12.819693,1466.985326,21.82280936,29.95709892,4.23665528,3229.082,5061.5395,0.1,8.7
982,9.4,115.1548929,61.98238248,26.0695935,8.23895956,12.93579588,1498.49248706,21.82280936,29.89567546,4.2454087,3274.7286,5066.9579,0.1,8.7
983,9.41,116.04624039,61.61142534,26.20179225,8.26691983,12.97449684,1520.93913,21.991253,29.1761435,4.28042238,3269.7763,5018.4332,0.1,8.7
984,9.05,114.344577,60.30982134,26.66008125,8.12711848,12.81001776,1527.450796,21.73858754,28.92167488,4.28042238,3218.9016,4780.9748,0.1,8.7
985,9.18,114.68671038,61.12657785,26.43093675,8.15507875,12.7713168,1506.055322,21.7573035,29.50081036,4.28042238,3231.9329,4865.743,0.1,8.7
986,9.41,115.28994555,61.4031687,26.51906925,8.36944082,13.07124924,1512.566988,22.3187823,30.36951358,4.35044974,3277.1089,4933.7009,0.1,8.7
987,9.96,118.04501961,61.7936499,27.2329425,8.9472864,13.31313024,1523.729844,22.40300412,30.81702736,4.38546342,3342.9189,5073.1779,0.1,8.7
988,10.2,117.945981,60.47902986,27.426834,9.23620919,13.43890836,1523.09728216,22.58080574,31.4137124,4.45549078,3333.8213,5027.0932,0.1,8.7
989,10.06,118.64825478,58.06455444,27.62953875,9.31076991,13.45825884,1534.8927,22.71181746,31.2820907,4.51676472,3303.9604,4927.9137,0.1,8.7
990,9.79,114.98382621,55.95920997,27.321075,9.10572793,13.26475404,1500.473894,22.5527318,31.37861328,4.49050446,3245.0387,4814.9908,0.1,8.7
991,9.6,113.7143313,55.55571273,27.06549075,8.89136586,13.22605308,1492.94826858,22.8334712,32.57198336,4.52551814,3215.3518,4696.9796,0.1,8.7
992,9.44,113.8944015,55.60777689,26.8099065,8.61176316,13.26475404,1497.71108714,22.5995217,31.8524514,4.49925788,3217.7109,4678.7308,0.3,8.7
993,9.49,111.48146082,54.341967,26.64245475,8.73292433,13.303455,1484.659848,22.72117544,32.48423556,4.52551814,3179.6276,4563.2221,0.3,8.7
994,9.18,113.95742607,54.667368,27.06549075,8.64904352,13.33248072,1516.29724238,23.17035848,33.45823614,4.63055918,3200.4218,4460.2635,0.3,8.7
995,9.51,119.73767949,57.22827387,27.61191225,8.79816496,13.6904646,1559.078888,23.13292656,33.11601972,4.65681944,3311.6922,4805.9013,0.3,8.7
996,9.52,120.52998837,58.42900356,27.59428575,8.83544532,13.94202084,1591.62791562,23.1142106,33.86187602,4.57803866,3343.6303,5109.5685,0.3,8.7
997,10.06,120.27789009,58.95289917,27.673605,9.29212973,14.10649992,1586.986028,23.05806272,33.40558746,4.51676472,3364.9297,5150.2288,0.3,8.7
998,9.84,122.58278865,59.7110835,27.8674965,9.14300829,14.0774742,1577.15341234,23.5821096,34.93239918,4.61305234,3403.8078,5141.6037,0.3,8.7
999,9.9,120.98916738,58.25328702,27.673605,9.18960874,14.15487612,1553.49746,23.90028092,34.88852528,4.6830797,3410.8542,5140.9575,0.3,8.7
1000,10.21,126.96749802,59.548383,29.083725,9.40397081,14.25162852,1597.83260308,23.75991122,34.73057924,4.73560022,3456.8713,5139.0372,0.3,8.7
1001,10.15,127.0395261,59.54512899,28.90746,9.31076991,14.3677314,1598.50237444,23.9096389,35.82742674,4.74435364,3486.6747,5176.3431,0.3,8.7
1002,10.2,127.58874021,59.44425468,29.03965875,9.32009,14.4161076,1594.51165342,24.04065062,34.9674983,4.79687416,3489.7416,5197.7115,0.3,8.7
1003,9.98,125.83305576,60.524586,28.42273125,9.15232838,14.30000472,1576.73480524,23.3481601,33.8706508,4.65681944,3453.3585,5195.4642,0.3,8.7
1004,10.06,125.83305576,63.0301737,28.3610385,9.19892883,14.40643236,1571.637101,23.32944414,33.85310124,4.6393126,3494.7874,5307.8043,0.3,8.7
1005,9.93,125.62597503,61.175388,28.2200265,9.05912748,14.28065424,1564.2417089,23.6756894,34.221642,4.66557286,3450.2598,5184.0471,0.3,8.7
1006,10.04,128.07492975,62.2166712,28.237653,9.10572793,14.47415904,1576.75341,23.4417399,33.8706508,4.66557286,3516.0826,5346.7929,0.3,8.7
1007,9.89,128.38104909,62.53556418,28.1495205,8.92864622,14.49350952,1567.50684428,23.39495,33.67760564,4.67432628,3537.8038,5379.0482,1.0,8.3
1008,9.43,126.34625583,61.58864727,27.779364,8.60244307,14.48383428,1559.3579594,23.8160591,34.21286722,4.65681944,3540.8686,5388.82,1.0,8.3
1009,9.48,127.48069809,62.09301882,28.3610385,8.74224442,14.68701432,1576.8464338,24.27460012,34.7042549,4.77936732,3565.5143,5351.8268,1.0,8.3
1010,9.33,125.20281006,62.36310165,28.08782775,8.5744828,14.52253524,1563.3114709,24.19973628,34.59018276,4.6830797,3551.0481,5350.1016,1.0,8.3
1011,9.21,124.47352575,61.46499489,28.2024,8.50924217,14.51286,1566.17660394,24.2371682,35.17809302,4.70933996,3529.7195,5277.2988,1.0,8.3
1012,9.18,124.62658542,61.20467409,27.91156275,8.42536136,14.51286,1554.82770034,24.17166234,34.8797505,4.71809338,3544.9099,5349.595,1.0,8.3
1013,9.46,127.09354716,64.67019474,27.744111,8.82612523,14.49350952,1576.27898862,24.10615648,33.9583986,4.70058654,3589.2635,5441.0507,1.0,8.3
1014,10.0,133.53105681,66.7397451,28.15833375,9.28280964,14.42578284,1623.26531,23.23586434,32.62463204,4.5517784,3597.4939,5423.7183,1.0,8.3
1015,9.69,133.03586376,67.14975036,27.779364,9.01252703,14.34838092,1606.9396331,23.29201222,32.52810946,4.52551814,3572.361,5415.1126,1.0,8.3
1016,9.71,134.65649556,69.01104408,27.54140625,9.10572793,14.19357708,1596.87445794,23.10485262,32.83522676,4.54302498,3562.2229,5392.9267,1.0,8.3
1017,9.47,137.29452399,68.16174747,27.4797135,9.03116721,14.15487612,1597.67446262,23.12356858,32.73870418,4.56053182,3569.993,5454.1463,1.0,8.3
1018,9.44,138.2038785,70.94718003,27.43564725,8.8540855,14.35805616,1589.08836588,23.08613666,32.25609128,4.53427156,3603.528,5528.447,1.0,8.3
1019,9.33,141.68823687,70.5469368,27.14481,8.68632388,14.26130376,1588.86510876,23.13292656,32.75625374,4.5080113,3577.6303,5478.2248,1.0,8.3
1020,9.36,141.31008945,71.09361048,27.4797135,8.67700379,14.4161076,1590.3348848,23.39495,32.89665022,4.5517784,3585.3838,5493.414,1.0,8.3
1021,9.4,141.00397011,71.24654895,27.80580375,8.83544532,14.4161076,1589.776742,23.33880212,33.05459626,4.56928524,3581.0902,5465.8286,1.0,8.3
1022,9.26,138.14085393,70.59574695,27.49734,8.73292433,14.3677314,1582.6604213,23.40430798,33.29151532,4.5955455,3545.0023,5384.5656,1.0,8.3
1023,9.34,136.60125372,69.7008942,27.62953875,9.01252703,14.25162852,1571.18128438,23.37623404,33.79167778,4.63055918,3525.7634,5294.7463,1.0,8.3
1024,9.46,139.75248222,71.4580596,28.55493,9.04980739,14.52253524,1590.04651102,23.24522232,33.37048834,4.66557286,3543.7467,5284.4188,1.0,8.3
1025,9.21,137.44758366,68.97850398,28.4667975,8.79816496,14.48383428,1582.334838,23.23586434,34.08124552,4.69183312,3502.7866,5156.684,1.0,8.3
1026,9.24,137.8437381,67.80706038,28.3610385,8.71428415,14.4644838,1582.93019032,23.2545803,33.90574992,4.5955455,3520.9648,5223.806,1.0,8.3
1027,9.0,138.21288201,66.07592706,28.378665,8.50924217,14.58058668,1584.1022902,23.32944414,34.30061502,4.62180576,3537.4843,5286.1612,1.0,8.3
1028,8.98,141.60720528,68.98826601,28.766448,8.47196181,14.77409148,1601.24657654,23.14228454,33.67760564,4.63055918,3595.6466,5401.2249,-1.0,7.2
1029,8.5,140.0045805,69.09564834,28.68712875,8.22031938,14.79344196,1594.41862962,23.05806272,34.2655159,4.67432628,3580.6759,5381.2291,-1.0,7.2
1030,8.19,139.1942646,67.73547216,28.40510475,8.17371893,14.8514934,1595.46049618,22.87090312,34.73935402,4.66557286,3567.8031,5374.5954,-1.0,7.2
1031,8.0,132.61269879,68.985012,28.55493,7.98731713,14.81279244,1550.39046508,23.73183728,34.73057924,4.7268468,3536.4077,5298.5912,-1.0,7.2
1032,7.99,131.88341448,69.01104408,28.47561075,7.91275641,14.8031172,1546.26020836,23.5353197,34.82710182,4.66557286,3533.4871,5342.8982,-1.0,7.2
1033,7.58,128.85823512,68.93294784,28.63424925,7.57723317,14.78376672,1533.01361924,23.98450274,35.21319214,4.67432628,3504.7086,5275.4727,-1.0,7.2
1034,7.44,128.15596134,69.30390498,28.4667975,7.61451353,14.77409148,1533.032224,23.96578678,35.09912,4.65681944,3504.2447,5301.8094,-1.0,7.2
1035,7.1,126.49031199,68.5294506,28.308159,7.3628711,14.53221048,1520.03679914,23.78798516,34.86220094,4.65681944,3475.8389,5277.219,-1.0,7.2
1036,7.14,132.63970932,69.51216162,28.93389975,7.39083137,14.71604004,1556.26956924,24.22781022,36.0204719,4.74435364,3549.0759,5339.7223,-1.0,7.2
1037,7.07,130.52388447,68.86461363,28.86339375,7.456072,14.73539052,1553.49746,24.26524214,36.5908326,4.78812074,3511.1146,5191.554,-1.0,7.2
1038,7.1,130.8210003,69.310413,29.3481225,7.53063272,14.69668956,1550.706746,24.31203204,36.7663282,4.814381,3565.403,5339.7467,-1.0,7.2
1039,6.88,130.53288798,69.5056536,29.65658625,7.62383362,14.86116864,1554.22304564,24.2839581,36.29249008,4.83188784,3569.8018,5349.8361,-1.0,7.2
1040,6.7,128.6601579,68.37651213,29.6301465,7.5492729,14.73539052,1531.76710032,24.330748,36.75755342,4.8581481,3541.6619,5314.8667,-1.0,7.2
1041,6.69,130.15474056,67.86563256,29.3833755,7.53995281,14.59993716,1558.20446428,24.19973628,35.3623634,4.79687416,3530.9045,5267.5811,-1.0,7.2
1042,6.57,132.37860753,66.72022104,29.4186285,7.49335236,14.52253524,1574.22316264,24.11551446,35.0113722,4.814381,3506.2249,5208.2712,-1.0,7.2
1043,6.54,134.13429198,67.49467542,29.4891345,7.456072,14.45480856,1575.4510768,24.11551446,34.9236244,4.78812074,3521.6219,5263.0391,-1.0,7.2
1044,6.55,134.13429198,67.98928494,30.31758,7.456072,14.64831336,1574.93014352,24.03129264,35.06402088,4.80562758,3530.2813,5259.3354,-1.0,7.2
1045,6.87,137.07843975,71.38321737,30.388086,8.05255776,14.7063648,1590.17674434,23.92835486,34.7042549,4.7268468,3584.2686,5372.1209,-1.0,7.2
1046,7.56,136.62826425,72.03727338,30.740616,8.64904352,14.78376672,1585.125552,23.84413304,34.221642,4.70933996,3623.9124,5478.4908,-1.0,7.2
1047,7.41,135.43980093,71.1001185,30.23826075,8.30420019,14.37740664,1586.05579,24.13423042,34.94994874,4.75310706,3604.3943,5441.1411,-1.0,7.2
1048,7.46,139.56340851,73.6382463,30.740616,8.22963947,14.3193552,1637.4049276,23.83477506,34.7042549,4.70058654,3657.8767,5528.6036,0.1,7.0
1049,7.52,140.40073494,74.80318188,30.73180275,8.63972343,14.08714944,1646.52126,23.7224793,35.03769654,4.7268468,3659.0076,5527.0847,0.1,7.0
1050,7.2,139.554405,73.61546823,30.46740525,8.36944082,14.0774742,1640.91192486,23.68504738,36.1082197,4.73560022,3630.2233,5458.7559,0.1,7.0
1051,7.3,139.41034884,74.24023815,30.705363,8.58380289,14.09682468,1633.497928,23.73183728,35.8449763,4.70933996,3664.561,5556.7712,0.1,7.0
1052,7.56,139.04120493,74.1263478,31.3927965,9.05912748,14.13552564,1617.66527724,23.84413304,35.95027366,4.7268468,3666.2771,5535.3954,0.1,7.0
1053,7.42,136.0430361,73.4430057,31.64838075,8.89136586,14.1258504,1586.986028,23.97514476,35.78355284,4.73560022,3664.6907,5505.2595,0.1,7.0
1054,7.46,136.25912034,73.18593891,31.1460255,8.92864622,14.1258504,1583.24647124,23.93771284,35.33603906,4.70058654,3657.0454,5500.7379,0.1,7.0
1055,7.73,136.28613087,71.30837514,30.89044125,9.19892883,13.99039704,1581.4046,23.84413304,35.24829126,4.70933996,3626.0559,5446.6557,0.1,7.0
1056,8.18,138.69907155,71.03829231,31.94803125,9.48785162,13.9323456,1585.590671,23.78798516,34.7481288,4.73560022,3640.3592,5424.6652,0.1,7.0
1057,9.0,140.82389991,71.45480559,32.47682625,10.4385008,14.04844848,1595.35817,24.12487244,35.00259742,4.78812074,3677.9696,5491.8944,0.1,7.0
1058,9.18,141.6252123,72.52212087,32.0626035,10.32665972,13.95169608,1589.776742,24.32139002,35.91517454,4.77936732,3690.9623,5523.5013,0.1,7.0
1059,9.19,140.94094554,71.19123078,31.939218,10.42918071,14.00007228,1586.05579,24.4243278,36.82775166,4.814381,3676.1611,5478.9131,0.1,7.0
1060,9.4,139.66244712,70.58598492,31.7805795,10.51306152,13.96137132,1579.27435498,24.31203204,36.62593172,4.82313442,3684.451,5468.6068,0.1,7.0
1061,9.56,138.2939136,69.94494495,31.2870375,10.16821819,13.71949032,1573.97199838,24.4711177,36.854076,4.80562758,3641.7917,5362.3053,0.1,7.0
1062,8.99,136.08805365,68.1064293,30.6172305,9.89793558,13.72916556,1560.08354504,24.6114874,36.24861618,4.76186048,3601.4754,5313.4546,0.1,7.0
1063,8.87,136.47520458,67.79729835,30.9697605,9.85133513,13.91299512,1553.60908856,24.80800498,36.854076,4.79687416,3635.7079,5371.3693,0.1,7.0
1064,8.52,135.07966053,67.48165938,30.69654975,9.66493333,13.63241316,1548.51138432,24.99516458,37.6438062,4.80562758,3609.1724,5316.1286,0.1,7.0
1065,8.58,134.34137271,73.1176047,30.46740525,9.73017396,13.67111412,1557.218412,24.97644862,38.1264191,4.78812074,3613.5223,5328.3064,0.1,7.0
1066,8.27,131.68533726,74.14587186,30.2647005,9.52513198,13.76786652,1533.962462,24.9858066,37.81052702,4.76186048,3594.3121,5308.66,0.1,7.0
1067,8.25,132.0814917,74.52333702,30.211821,9.52513198,13.61306268,1533.4508311,24.90158478,37.14364374,4.75310706,3579.9247,5308.5403,0.1,7.0
1068,8.09,131.43323898,77.1525771,30.09724875,9.54377216,13.9323456,1525.02287482,25.66893914,38.02989652,4.76186048,3588.7483,5274.0687,-0.1,6.2
1069,8.36,133.05387078,77.49424815,30.4409655,9.84201504,13.79689224,1537.8694616,25.71572904,37.15241852,4.78812074,3615.6714,5341.9496,-0.1,6.2
1070,8.11,131.23516176,78.35330679,29.95623675,9.62765297,13.70981508,1529.311272,26.16491208,37.5121845,4.77936732,3594.7936,5277.9405,-0.1,6.2
1071,8.02,130.4608599,77.6081385,29.96505,9.59037261,13.68078936,1525.41357478,26.23041794,38.74942848,4.77936732,3592.2454,5228.8002,-0.1,6.2
1072,8.17,128.15596134,76.6319355,29.95623675,9.71153378,13.65176364,1506.22276484,26.49244138,38.7406537,4.83188784,3574.1143,5208.9798,-0.1,6.2
1073,8.01,124.68060648,79.60284663,29.401002,9.53445207,13.6420884,1459.543422,26.37078764,38.11764432,4.76186048,3542.8771,5217.4702,-0.1,6.2
1074,7.89,124.1584029,79.0399029,29.16304425,9.42261099,13.72916556,1462.03645984,26.55794724,39.1793927,4.7268468,3544.1225,5232.9534,-0.1,6.2
1075,7.71,121.15123056,82.32319899,28.9250865,9.18960874,13.51631028,1446.52939238,26.8574026,39.11796924,4.75310706,3526.1306,5194.59,-0.1,6.2
1076,7.94,122.15962368,82.34272305,29.79759825,9.32009,13.8355932,1446.52009,26.1087642,38.9161493,4.814381,3541.5331,5213.0927,-0.1,6.2
1077,7.65,122.20464123,83.69639121,29.72709225,9.1336882,13.85494368,1433.961877,26.09940622,38.20539212,4.75310706,3536.1986,5207.128,-0.1,6.2
1078,7.53,120.54799539,83.18551164,29.70946575,8.99388685,13.89364464,1415.357117,26.0151844,38.23171646,4.7706139,3545.5902,5230.8913,-0.1,6.2
1079,7.47,120.84511122,82.651854,30.09724875,8.98456676,13.70013984,1425.213009,26.23977592,38.11764432,4.814381,3528.749,5168.8204,-0.1,6.2
1080,7.21,119.0264022,81.8383515,29.97386325,8.75156451,13.56468648,1424.3584509,26.52051532,39.16184314,4.83188784,3503.2817,5094.5653,-0.1,6.2
1081,7.19,117.2257002,81.56826867,29.7006525,8.79816496,13.5937122,1396.727739,26.51115734,38.70555458,4.82313442,3495.6198,5102.3292,-0.1,6.2
1082,6.99,117.97299153,81.33072594,30.02674275,8.63972343,13.545336,1401.99751395,27.03520422,38.8284015,4.87565494,3476.8102,4992.9097,-0.1,6.2
1083,7.11,118.40516001,82.65510801,30.2294475,8.74224442,13.50663504,1411.58755485,26.8106127,38.54760854,4.9019152,3457.9023,4948.6343,-0.1,6.2
1084,7.19,118.2160863,82.23534072,30.0179295,8.61176316,13.48728456,1414.02779298,26.8106127,38.3896625,4.92817546,3480.2648,5020.4318,-0.1,6.2
1085,7.0,116.73050715,81.1875495,30.1941945,8.36012073,13.34215596,1415.23366941,26.96969836,38.170293,4.9894494,3454.1175,4928.0514,-0.1,6.2
1086,6.93,115.28094204,81.43160025,30.13250175,8.16439884,13.40988264,1393.30001151,27.06327816,38.93369886,4.9894494,3461.657,4942.7817,-0.1,6.2
1087,7.29,115.5150333,80.3089668,30.282327,8.67700379,13.40988264,1367.65377342,27.58732504,39.73220384,5.09449044,3478.1827,5003.1608,-0.2,6.3
1088,7.13,118.45017756,79.38808197,30.916881,8.41604127,13.303455,1415.4330663,27.58732504,40.1884924,5.22579174,3471.7857,4949.4771,-0.2,6.3
1089,7.16,117.945981,79.1049831,30.3704595,8.49992208,13.32280548,1424.2635,27.4188814,39.7058795,5.15576438,3463.4141,4910.9245,-0.2,6.3
1090,6.94,117.57683709,79.60284663,30.59079075,8.24827965,13.2550788,1410.72350166,27.50310322,39.8375012,5.21703832,3445.8128,4834.4982,-0.2,6.3
1091,6.88,116.10026145,78.75680403,29.859291,8.2016792,13.17767688,1379.636577,27.43759736,39.5742578,5.10324386,3431.0605,4866.2647,-0.2,6.3
1092,6.67,113.36319441,79.71999099,29.95623675,7.96867695,12.94547112,1348.30278,27.99907616,40.07309922,5.15576438,3401.7604,4783.6165,-0.2,6.3
1093,6.71,114.40760157,82.1962926,30.37927275,7.97799704,13.061574,1365.42242727,28.36403738,40.0915746,5.19953148,3439.8111,4876.899,-0.2,6.3
1094,6.65,113.93041554,82.1637525,30.564351,7.94071668,13.37118168,1365.00464331,28.1675198,38.53040499,5.252052,3428.9657,4844.1624,-0.2,6.3
1095,6.81,117.47779848,82.34597706,30.7418916,8.09915821,13.56468648,1388.26761381,28.25174162,38.50269192,5.19077806,3468.169,4939.7318,-0.2,6.3
1096,6.95,118.9625528,85.45681062,31.769736,8.40672118,13.7388408,1404.15289938,27.96164424,38.06852049,5.32207936,3472.4014,4919.3639,-0.2,6.3
1097,6.83,119.05593,85.16069571,31.56416712,8.388081,13.76786652,1400.4308241,28.47633314,39.15856791,5.4271204,3476.2467,4883.8971,-0.2,6.3
1098,6.92,119.03725456,84.27560499,31.57351116,8.4812819,14.04844848,1401.475284,28.8225784,39.17704329,5.42711668,3498.2827,4898.3626,-0.2,6.3
1099,7.12,122.10002672,84.44481351,31.83514428,8.71428415,14.32903044,1425.5928126,28.8225784,38.53964268,5.44554492,3501.5836,4856.5794,-0.2,6.3
1100,7.14,122.4175092,85.06958343,31.85383236,8.83544532,14.29032948,1421.89922259,29.34662528,38.84448645,5.44554492,3520.931,4877.6916,-0.2,6.3
1101,7.06,124.58386024,85.92538806,32.003337,8.56516271,14.38708188,1448.58992058,29.38505592,38.77058493,5.44554492,3539.0156,4872.0532,-0.2,6.3
1102,6.98,122.52956184,86.42975961,31.15302936,8.51856226,14.42578284,1423.313991,29.19287112,38.54888037,5.38104608,3514.9249,4865.9778,-0.2,6.3
1103,6.85,118.4022896,82.40129523,31.15302936,8.39740109,14.21292756,1381.535595,29.47153908,37.92995514,5.53768612,3439.8779,4722.7994,-0.2,6.3
1104,6.65,117.71129832,81.34699599,31.00352472,8.13643857,14.01942276,1367.31195018,29.82708096,38.57659344,5.58375672,3418.1663,4668.0621,-0.2,6.3
1105,6.7,117.44984216,81.47715639,30.67648332,8.21099929,14.029098,1358.26312941,29.62528692,38.10547125,5.58375672,3399.2716,4665.4488,-0.2,6.3
1106,6.84,117.8420264,82.96098495,30.24665748,8.31352028,13.96137132,1350.38220471,28.9718586,37.6897752,5.46397316,3409.2931,4736.3771,-0.2,6.3
1107,6.69,115.8811052,82.0552837,30.3214098,8.00595731,14.1258504,1327.43257218,29.0199048,37.72672596,5.51004376,3390.742,4708.8443,-0.2,6.3
1108,6.75,115.12474988,80.34566137,30.29337768,8.15276259,13.9807218,1310.31292491,28.93342164,36.7660062,5.51925788,3369.3821,4699.282,-0.2,6.3
1109,7.09,118.45831592,81.37999935,30.58304292,8.63233686,14.20325232,1349.51815152,28.69319064,36.71981775,5.3902602,3442.0844,4886.4136,-0.2,6.3
1110,6.9,115.787728,80.4411894,30.56435484,8.27999658,14.25162852,1316.17139544,28.94303088,36.40573629,5.41790256,3419.2666,4852.9725,0.5,6.3
1111,6.81,115.5075964,77.33817546,30.16256112,8.11361367,14.0774742,1315.49724405,29.05834176,36.12860559,5.41790256,3384.3919,4788.6159,0.5,6.3
1112,6.78,117.655272,76.15231026,29.9943684,8.08425198,14.04844848,1338.81718509,28.7316276,35.53739343,5.40868844,3343.3205,4693.8478,0.5,6.3
1113,6.88,117.5618948,75.41443858,29.6206068,8.39744334,13.787217,1333.7752923,28.30882104,35.24178735,5.3441896,3342.9789,4750.776,0.5,6.3
1114,6.79,118.589044,75.41773265,29.50847832,8.28978381,13.71949032,1344.0299895,28.587489,35.91613872,5.36261784,3341.489,4751.9408,0.5,6.3
1115,6.92,119.8496362,74.59421515,29.83551972,8.29957104,13.62273792,1358.45303121,28.61631672,35.92537641,5.40868844,3342.9369,4755.8149,0.5,6.3
1116,7.18,119.59751776,76.29724934,30.20928132,8.36808165,13.40988264,1364.2545312,28.38569496,36.07317945,5.45475904,3331.6274,4720.3104,0.5,6.3
1117,6.88,119.25202212,75.8953728,30.01305648,8.08425198,13.29377976,1363.5898749,28.03976232,36.3041217,5.51925788,3325.8645,4714.1586,0.5,6.3
1118,6.83,117.2817632,75.34526311,29.84486376,8.05489029,13.2067026,1351.16080209,28.11663624,36.10089252,5.528472,3334.3903,4731.8353,0.5,6.3
1119,6.78,116.09587276,74.6436262,29.77011144,7.98637968,12.89709492,1341.9410697,28.3953042,36.14708097,5.54690024,3309.2389,4667.0731,0.5,6.3
1120,6.91,116.6748114,76.25442643,30.61107504,8.03531583,13.02287304,1354.84489701,28.6355352,37.12627611,5.5745426,3341.953,4698.375,0.5,6.3
1121,6.8,116.73083772,77.44687977,30.9754926,8.00595414,13.01292576,1358.9372808,28.46256888,37.44035757,5.65746968,3345.634,4670.3789,0.5,6.3
1122,6.8,115.7410394,77.54899594,31.22778168,8.00595414,13.02287448,1353.46810896,28.56827052,37.27407915,5.77725324,3356.9677,4682.9628,0.5,6.3
1123,6.67,114.9940218,77.89816736,31.28384592,7.86893292,12.81395136,1350.88544448,28.4913966,36.66439161,5.88782268,3332.7034,4602.0095,0.5,6.3
1124,6.55,114.1069384,79.387087,31.05958896,7.70255001,12.77415648,1346.00496822,28.587489,36.73829313,5.8048956,3321.635,4587.1218,0.5,6.3
1125,6.47,112.97707428,79.22897164,31.1156532,7.79063508,12.60502824,1338.85516545,29.05834176,36.88609617,5.91546504,3313.1357,4533.3695,0.5,6.3
1126,6.41,113.08912692,78.84027138,31.4894148,7.74169893,12.933336,1343.54573991,28.74123684,37.20941532,5.95232152,3327.1905,4537.0872,0.5,6.3
1127,6.53,110.29714864,78.86332987,31.55482308,7.84935846,12.81395136,1340.706708,28.65475368,37.27407915,5.92467916,3324.2231,4544.3594,0.5,6.3
1128,6.31,109.9049644,79.3212056,31.4894148,7.6340394,12.69456672,1333.17710163,28.6355352,38.5211673,6.01682036,3305.3338,4495.2856,0.5,6.3
1129,6.22,106.450008,78.02004795,31.47072672,7.54595433,12.4856436,1318.868001,28.65475368,38.25327429,5.97996388,3286.4956,4500.0088,0.5,6.3
1130,6.24,110.91343816,77.36123395,30.76992372,7.54595433,12.4856436,1341.9410697,28.21272864,37.64358675,5.73118264,3277.6812,4557.9006,0.5,6.3
1131,6.76,114.88196916,82.16069394,30.0410886,7.94723076,12.49559232,1370.32189371,28.23194712,37.45883295,5.51004376,3321.4323,4639.1144,0.5,6.3
1132,6.42,111.118868,79.4200277,29.83551972,7.68297555,12.10759224,1324.565055,28.54905204,37.94843052,5.47318728,3265.011,4546.8832,0.4,6.8
1133,6.52,112.35144704,81.38988156,29.54585448,7.72212447,12.16728456,1338.80769,27.97249764,37.11703842,5.30733312,3273.4282,4596.4819,0.4,6.8
1134,6.46,111.22158292,82.45716024,29.30290944,7.5361671,12.02800248,1329.3126,28.0109346,36.63667854,5.26126252,3252.1649,4582.084,0.4,6.8
1135,6.59,111.6324426,83.29055995,29.1534048,7.62425217,12.0876948,1333.94620392,27.98210688,35.76833568,5.18754956,3257.7578,4601.0911,0.4,6.8
1136,6.47,109.74622316,82.8788012,29.200125,7.52637987,12.21702816,1327.413582,27.9628884,35.14017276,5.19676368,3231.3457,4537.4544,0.4,6.8
1137,6.37,108.52298184,82.34516186,28.25637696,7.37957142,12.07774608,1305.574875,28.2031194,34.38268218,5.16912132,3192.9516,4507.1866,0.4,6.8
1138,6.3,108.71907396,82.23645755,28.20965676,7.29148635,11.72954088,1308.423402,28.0109346,34.63209981,5.22440604,3195.7552,4507.7074,0.4,6.8
1139,6.31,108.32688972,85.0199467,28.10687232,7.35020973,11.75938704,1310.32242,26.7136872,33.93927306,5.10462248,3186.1299,4514.9158,0.4,6.8
1140,6.31,105.85239392,84.66089307,28.24703292,7.33063527,11.61015624,1267.65148554,26.77134264,34.74295209,5.10462248,3172.4747,4496.5919,0.4,6.8
1141,6.32,101.9679024,83.99549093,28.5927624,7.32084804,11.4907716,1238.28317217,27.1941492,34.96465665,5.12305072,3159.247,4450.9587,0.4,6.8
1142,6.49,100.55790668,85.12865101,29.06930844,7.46765649,11.71959216,1202.9329521,27.21336768,35.32492656,5.23362016,3171.0102,4462.8701,0.4,6.8
1143,6.77,103.5553148,84.11737152,28.79833128,7.74169893,11.76933576,1197.330849,27.22297692,35.103222,5.2059778,3196.0357,4520.3939,0.4,6.8
1144,6.89,102.97637616,84.3611327,28.91045976,7.87872015,11.79918192,1200.10341528,27.0500106,35.5651065,5.22440604,3201.0497,4498.3901,0.4,6.8
1145,6.93,104.85325788,82.35175,29.33094156,7.90808184,11.82902808,1197.84358386,27.0980568,36.1193679,5.27047664,3212.7639,4494.6878,0.4,6.8
1146,7.12,112.38879792,83.76490603,30.95680452,7.99616691,12.16728456,1303.2960534,27.63617424,38.04080742,5.528472,3351.909,4689.5964,0.4,6.8
1147,7.31,114.0135612,86.5681596,31.9098966,8.11361367,12.49559232,1328.363091,27.79953132,38.59506882,5.56532848,3401.533,4731.4755,0.4,6.8
1148,8.04,125.41491732,88.81142127,33.05921352,8.92595376,13.15220784,1451.799261,27.99171612,39.47264937,5.7127544,3545.3204,4938.1839,0.4,6.8
1149,8.84,137.95547528,93.54829393,33.29281452,9.81659169,13.50041304,1546.9400628,27.85718676,38.62278189,5.53768612,3703.6849,5201.6656,0.4,6.8
1150,9.72,151.74728772,101.23006517,35.14293444,10.79531469,14.55497736,1659.741732,28.8757662,40.2763284,5.69432616,4017.8545,5743.217,0.4,6.8
1151,10.38,153.1852966,107.84126366,37.37616,10.75616577,14.83354152,1636.004007,28.07819928,39.20475636,5.63904144,4256.0962,6155.5817,0.0,7.5
1152,9.34,137.89944896,100.69642583,34.58229204,9.67957047,13.52031048,1514.60928135,27.4343802,37.27407915,5.56532848,3955.9839,5735.641,0.0,7.5
1153,9.12,141.91466856,104.05637723,36.18946692,9.81659169,13.84861824,1557.19476,28.03976232,39.67587855,5.77725324,3997.7879,5690.8822,0.0,7.5
1154,9.1,139.7389798,98.83857035,35.90914572,10.03191075,13.59990024,1523.95244991,28.06859004,39.3525594,5.77725324,3887.167,5470.8133,0.0,7.5
1155,9.34,139.84169472,101.127949,36.75010932,10.56042117,13.56010536,1521.10392291,28.2031194,39.41722323,5.96153564,3961.3424,5608.153,0.0,7.5
1156,9.2,134.463168,98.163286,35.974554,10.69744239,13.1323104,1475.77436325,27.75148512,38.62278189,5.76803912,3855.9949,5472.56,0.0,7.5
1157,10.0,132.2688038,95.45885453,36.908958,11.14765497,13.00297704,1445.6274525,27.58812804,38.36412657,5.86018032,3831.589,5461.0877,0.0,7.5
1158,9.21,128.8138474,95.33697394,35.96520996,10.10042136,12.7343616,1419.1361514,27.1941492,37.86529131,5.79568148,3788.2217,5418.9883,0.0,7.5
1159,9.37,133.529396,98.9209221,36.4884762,10.24722981,13.04277192,1463.193369,27.31906932,38.77982262,5.82332384,3925.234,5640.0198,0.0,7.5
1160,9.19,133.53873372,100.94677515,36.3015954,10.53105948,12.87364368,1451.6093592,26.86743504,38.17013508,5.67589792,3935.1974,5704.225,0.0,7.5
1161,9.24,135.80779968,100.38678325,36.60060468,10.72680408,13.05272064,1465.092387,26.98274592,38.28098736,5.65746968,3957.7755,5753.8497,0.0,7.5
1162,9.33,138.69315516,101.74723416,37.05846264,10.70722962,13.3810284,1488.3553575,26.96352744,37.92071745,5.65746968,3973.2089,5776.383,0.0,7.5
1163,9.12,136.76024712,100.03431776,36.73142124,10.49191056,13.11241296,1473.8278698,26.905872,38.14242201,5.67589792,3928.8334,5726.7041,0.0,7.5
1164,9.14,138.30097092,101.50347298,36.5351964,10.48212333,13.2815412,1480.14210465,26.46384696,37.80986517,5.63904144,3956.421,5809.6879,0.0,7.5
1165,9.39,143.77287484,100.5020757,35.99324208,10.67786793,13.3810284,1485.981585,26.46384696,37.9669059,5.59297084,3964.1569,5883.7203,0.0,7.5
1166,9.13,140.8128176,100.6008978,36.0679944,10.39403826,13.2317976,1454.28697458,26.62720404,37.85605362,5.58375672,3924.649,5812.5286,0.0,7.5
1167,9.22,138.9452736,100.65030885,35.39522352,10.44297441,13.11241296,1454.647788,26.62720404,37.35721836,5.53768612,3889.4487,5837.9338,0.0,7.5
1168,9.28,137.10574276,96.57883833,34.90933344,10.5702084,12.80400264,1450.65035511,26.50228392,36.98771076,5.56532848,3891.0396,5901.2904,0.0,7.5
1169,9.11,138.12355424,95.63014617,35.51669604,10.70722962,12.82390008,1456.30942875,26.88665352,37.93919283,5.6666838,3890.0203,5831.8217,-0.3,7.1
1170,9.07,138.7585192,101.12136086,36.208155,10.64850624,13.10246424,1470.0298338,26.8097796,37.64358675,5.64825556,3944.7619,5928.9085,-0.3,7.1
1171,9.34,142.6803616,101.2926525,36.51650832,10.90297422,13.20195144,1497.36619791,26.77134264,37.90224207,5.6666838,4044.5725,6111.9707,-0.3,7.1
1172,9.5,141.233015,98.94068652,36.03061824,11.09871882,13.21190016,1491.678639,26.42541,37.25560377,5.61139908,4024.2831,6125.7868,-0.3,7.1
1173,9.89,151.49516928,99.40844446,36.97436628,11.40212295,13.49046432,1565.87327226,26.74251492,37.69901289,5.6666838,4145.6952,6239.5598,-0.3,7.1
1174,9.51,146.10730484,98.1303453,36.2548752,10.94212314,13.36113096,1528.68100473,26.54072088,37.12627611,5.62982732,4104.047,6222.445,-0.3,7.1
1175,9.3,144.56658104,98.58822103,35.81570532,10.67786793,13.75907976,1517.32487709,26.40619152,36.37802322,5.56532848,4131.1312,6330.6152,-0.3,7.1
1176,9.19,144.0810196,99.08891967,35.12424636,10.58978286,15.13200312,1497.5655948,25.91612028,35.94385179,5.528472,4085.743,6263.883,-0.3,7.1
1177,9.07,143.74486168,99.00986199,35.33915928,10.40382549,16.64420856,1498.7999565,26.31970836,36.36878553,5.56532848,4110.8901,6259.8412,-0.3,7.1
1178,8.95,143.32466428,97.09271325,35.56341624,10.15914474,16.63425984,1494.3372642,26.34853608,36.59049009,5.59297084,4039.6191,6078.3051,-0.3,7.1
1179,8.71,141.27036588,95.52803,35.33915928,9.89488953,17.18143944,1480.284531,26.0410404,37.08008766,5.5745426,3968.8308,5924.4834,-0.3,7.1
1180,8.84,139.44017276,95.09321276,35.4139116,9.96340014,18.2559012,1480.284531,26.34853608,38.27174967,5.70354028,3950.3806,5833.0358,-0.3,7.1
1181,8.75,138.6184534,94.86592193,35.24571888,9.96340014,16.43528544,1464.06691728,26.30048988,37.97614359,5.6666838,3976.8912,5936.6015,-0.3,7.1
1182,8.76,139.6922912,95.02074322,35.02146192,9.93403845,17.0620548,1466.81099829,26.54072088,37.91147976,5.65746968,3985.7727,5992.3904,-0.3,7.1
1183,8.68,139.598914,94.210402,34.97474172,9.84595338,18.18626016,1467.11484117,26.58876708,38.05004511,5.64825556,3989.2979,5985.3128,-0.3,7.1
1184,8.42,135.29422508,91.73655543,34.0590258,9.52297479,17.88779856,1431.68866038,26.19478824,36.7660062,5.5745426,3865.6989,5750.2457,-0.3,7.1
1185,8.38,134.2764136,93.222181,33.84411288,9.53276202,19.400004,1422.90570213,26.06986812,37.05237459,5.59297084,3848.0909,5735.6493,-0.3,7.1
1186,8.36,135.2101856,92.56666107,34.00296156,9.64042155,18.27579864,1432.809081,25.944948,36.7660062,5.67589792,3840.1847,5690.4792,-0.3,7.1
1187,8.45,137.3111726,92.563367,34.1991864,9.78723,17.83805496,1442.35164645,26.31970836,37.5050214,5.7127544,3907.0447,5804.9368,-0.3,7.1
1188,8.48,134.463168,90.44857406,34.07771388,9.81659169,17.34061896,1441.354662,26.35814532,37.20017763,5.70354028,3872.5505,5757.5965,-0.3,7.1
1189,8.6,137.04971644,90.53092581,33.95624136,10.02212352,17.48984976,1448.70386166,26.25244368,36.91380924,5.6666838,3916.5832,5851.9385,-0.3,7.1
1190,8.68,137.6379928,93.0245368,34.11509004,10.02212352,18.902568,1448.001225,26.53111164,36.59049009,5.64825556,3947.632,5943.6245,-0.6,7.3
1191,8.74,137.25514628,93.10688855,34.68507648,10.09063413,18.83292696,1449.65337066,26.8578258,37.16322687,5.72196852,3951.8912,5932.1207,-0.6,7.3
1192,8.55,136.07859356,92.22737186,34.39541124,9.89488953,17.7584652,1443.25368,27.3382878,38.8906749,5.76803912,3930.5568,5879.2695,-0.6,7.3
1193,8.52,135.42495316,90.67257082,34.48885164,9.83616615,18.18626016,1434.708099,27.1941492,38.72439648,5.76803912,3921.5881,5901.9859,-0.6,7.3
1194,8.68,136.74157168,92.32619396,35.2270308,9.93403845,17.66892672,1444.21268409,27.07883832,39.11237946,5.82332384,3973.1405,5979.197,-0.6,7.3
1195,8.42,136.10660672,92.39536943,35.2270308,9.65999601,17.97733704,1442.1142692,27.29985084,39.2601825,5.82332384,3966.5708,5947.1089,-0.6,7.3
1196,8.58,139.2254052,93.07394785,36.0679944,9.81659169,17.87784984,1468.50112431,26.92509048,39.29713326,5.91546504,3995.6369,5992.0937,-0.6,7.3
1197,8.65,139.5055368,92.48760339,35.7876732,9.94382568,17.62913184,1458.0660204,27.06922908,40.07309922,5.81410972,3988.8308,6047.105,-0.6,7.3
1198,8.69,141.76526504,93.44617776,36.2548752,9.99276183,17.33067024,1486.7411922,27.2902416,39.82368159,5.91546504,4028.5048,6100.3945,-0.6,7.3
1199,8.41,138.23560688,91.08432957,34.8532692,9.63063432,18.64390128,1442.304171,27.59773728,39.3525594,5.88782268,3933.1808,5988.292,-0.6,7.3
1200,8.23,135.01409348,90.57045465,35.26440696,9.2978685,18.13651656,1450.0901448,28.13585472,40.13776305,6.01682036,3911.8416,5912.6014,-0.6,7.3
1201,8.14,135.29422508,93.1562996,35.3671914,9.20978343,18.17631144,1479.335022,28.12624548,39.5373132,5.99839212,3922.0334,5848.1628,-0.6,7.3
1202,8.14,135.5836944,93.76570255,35.99324208,9.1999962,18.88267056,1492.1533935,28.27038408,39.77749314,6.07210508,3941.89,5888.6162,-0.6,7.3
1203,7.91,134.0429706,94.0127578,35.52604008,9.19020897,18.23600376,1472.69795409,28.11663624,39.36179709,5.97996388,3945.4635,5901.9155,-0.6,7.3
1204,7.82,133.72548812,92.2998414,35.42325564,9.14127282,18.09672168,1467.749832,28.0589808,38.18861046,6.01682036,3927.7441,5917.1751,-0.6,7.3
1205,7.66,133.0158214,92.4645449,35.8343934,9.02382606,18.03702936,1472.0412162,28.41452268,38.59506882,6.1734604,3933.5718,5818.551,-0.6,7.3
1206,7.73,133.97760656,95.00756694,36.64732488,9.04340052,18.52451664,1483.97029992,28.64514444,38.55811806,6.24717336,3983.6882,5895.2595,-0.6,7.3
1207,7.54,133.60409776,94.18404944,36.8155176,8.99446437,18.7533372,1475.46468,28.62592596,39.6296901,6.39459928,3985.6291,5840.2889,-0.6,7.3
1208,7.51,133.05317228,93.83487802,36.89026992,8.88680484,18.74338848,1473.33345324,28.17429168,38.91838797,6.38538516,3987.4801,5887.0605,-0.6,7.3
1209,7.55,133.08118544,94.30263596,36.75945336,8.93574099,19.70841432,1474.47139332,28.45295964,38.97381411,6.37617104,3981.0307,5899.1665,-0.6,7.3
1210,7.36,131.85794412,93.87770093,37.02108648,8.79871977,20.93210688,1470.6429,28.26077484,39.51883782,6.4038134,3999.0549,5898.884,-0.6,7.3
1211,7.26,130.76543088,93.11018262,36.7220772,8.67148578,20.65354272,1469.678544,28.3953042,40.16547612,6.37617104,3934.9109,5725.7324,-0.6,7.3
1212,7.11,127.91742628,89.3022377,35.98389804,8.49531564,18.93241416,1434.961728,28.0589808,39.34332171,6.2656016,3820.3952,5545.8174,0.0,7.0
1213,7.0,126.4327288,89.18035711,36.12405864,8.35829442,17.91764472,1422.4251,27.866796,38.86296183,6.18267452,3775.1648,5427.8041,0.0,7.0
1214,6.98,122.16539076,89.36153096,36.4884762,8.35829442,17.77836264,1388.67264,27.76109436,38.62278189,6.219531,3768.9697,5427.1007,0.0,7.0
1215,7.05,122.1840662,90.26740021,36.3483156,8.48552841,18.49467048,1388.8655112,27.5785188,37.9669059,6.29480832,3796.1055,5484.6847,0.0,7.0
1216,6.96,121.1102284,88.66977626,36.70338912,8.4170178,17.79826008,1391.08353,27.866796,37.76367672,6.36067328,3789.2153,5461.5861,0.0,7.0
1217,6.95,121.93194776,88.73895173,36.441756,8.45616672,17.32072152,1392.530064,27.66500196,36.55353933,6.31362688,3779.8773,5456.5863,0.0,7.0
1218,6.69,120.0830792,87.62885014,36.42306792,8.28978381,17.53959336,1384.815216,27.74187588,36.19326942,6.27598976,3732.4806,5369.2811,0.0,7.0
1219,6.76,120.6433424,87.622262,36.50716428,8.44637949,16.18656744,1392.51077688,27.68422044,35.92537641,6.2101248,3722.513,5381.6974,0.0,7.0
1220,6.91,124.21035144,91.0151541,37.2359994,8.58340071,16.9625676,1420.01421,27.71304816,36.32259708,6.21953408,3820.5395,5572.2722,0.0,7.0
1221,6.86,123.97690844,90.48480883,37.97417856,8.54425179,16.2164136,1418.82805212,27.6746112,36.22098249,6.23835264,3796.026,5522.459,0.0,7.0
1222,6.88,122.77234256,89.84905332,38.30121996,8.47574118,16.79343936,1394.82523128,27.71304816,36.6736293,6.28539904,3800.3836,5545.6336,0.0,7.0
1223,6.63,123.5380356,91.1139762,38.03958684,8.47574118,16.7138496,1402.896891,27.87640524,36.59049009,6.21953408,3812.3429,5587.2939,0.0,7.0
1224,6.85,125.4055796,93.69323301,37.48828848,8.4170178,17.00236248,1422.2322288,27.83796828,35.78681106,6.18189696,3829.6764,5614.3311,0.0,7.0
1225,7.36,124.55584708,94.22687235,37.50697656,8.5148901,16.82328552,1415.8192614,28.02054384,35.29721349,6.1630784,3832.6145,5633.9249,0.0,7.0
1226,7.02,121.7171802,93.0574775,36.8622378,8.1234009,16.18656744,1389.636996,27.56890956,35.18636121,6.05957632,3797.0166,5607.0594,0.0,7.0
1227,7.36,122.55546355,91.28197377,37.21731132,8.21148597,16.18656744,1391.565708,27.386334,35.48196729,6.26658048,3803.7439,5584.2548,0.0,7.0
1228,7.39,121.66952044,91.93090556,37.61910504,8.24084766,16.85313168,1384.815216,27.2992074,36.10089252,6.27598976,3832.8637,5649.9504,0.0,7.0
1229,7.27,121.1741544,90.4222215,37.9835226,8.14297536,17.07200352,1383.84121644,27.9768473,36.95076,6.41712896,3817.0802,5589.3432,0.0,7.0
1230,6.97,119.08790127,93.1562996,37.37616,8.05489029,16.9625676,1353.7629528,27.44441595,35.86071258,6.29480832,3795.0848,5614.3872,0.7,7.0
1231,7.02,119.9357393,102.47192956,37.5630408,8.11361367,16.89292656,1362.48073104,27.36697139,35.98080255,6.29480832,3842.8314,5747.9012,0.7,7.0
1232,7.42,121.58378401,107.6831483,37.5630408,8.27020935,17.9574396,1384.815216,27.23144341,35.92537641,6.29480832,3892.7028,5833.9883,0.7,7.0
1233,7.42,121.48852131,108.74713291,37.9368024,8.28978381,18.08677296,1380.48525756,27.01847087,35.64824571,6.27598976,3901.0618,5888.5509,0.7,7.0
1234,7.24,120.27868502,108.6713693,38.29187592,8.11361367,18.91251672,1367.456808,27.0087903,35.61129495,6.41712896,3883.1352,5858.2805,0.7,7.0
1235,7.96,121.6504679,113.66188535,38.88989448,8.40723057,18.3056448,1391.565708,27.09591543,35.30645118,6.4924032,3919.8617,5940.5299,0.7,7.0
1236,7.97,125.27997677,112.4266091,38.97399084,8.40723057,18.43497816,1412.83940136,27.27016569,35.20483659,6.54885888,3905.1398,5898.2611,0.7,7.0
1237,7.81,125.01324121,117.28536235,39.27300012,8.33871996,18.23600376,1422.4251,27.30888797,35.22331197,6.57708672,3939.0085,5947.796,0.7,7.0
1238,7.68,125.31808185,114.7983395,38.98333488,8.29957104,18.3553884,1419.16557672,27.27016569,34.43810832,6.54885888,3947.3983,5948.7197,0.7,7.0
1239,7.52,124.0320354,117.34136154,39.2916882,8.14297536,17.48984976,1422.4251,27.45409652,33.81918309,6.67117952,3912.7829,5840.7112,0.7,7.0
1240,7.65,124.89892597,118.0924095,39.22627992,8.15276259,17.56943952,1437.854796,27.17335999,33.3480609,6.6335424,3940.1602,5943.8823,0.7,7.0
1241,7.52,124.3178235,119.50227146,39.1048074,8.0255286,17.59928568,1421.460744,27.14431828,33.44967549,6.66177024,3928.8959,5957.5465,0.7,7.0
1242,7.62,124.90845224,126.162881,38.6843256,8.0255286,17.2112856,1435.16424276,26.9119846,32.68294722,6.52063104,3978.444,6057.0648,0.7,7.0
1243,7.82,125.6515013,123.94926596,38.56285308,8.17233705,17.29087536,1426.35002892,26.66997035,33.03397944,6.48299392,3969.7169,6044.973,0.7,7.0
1244,7.68,122.65072625,122.70081343,38.33859612,8.16254982,16.93272144,1402.173624,26.45699781,32.91388947,6.45476608,3925.6505,5979.9653,0.7,7.0
1245,7.84,123.6509846,122.5723447,38.75907792,8.44637949,16.79343936,1407.96940356,26.74741491,32.83075026,6.47358464,3959.9413,6051.7401,0.7,7.0
1246,7.81,126.46123425,123.6923285,39.60004152,8.62254963,16.89292656,1432.60869936,26.64092864,33.01550406,6.52063104,3968.1159,6028.9856,0.7,7.0
1247,7.75,125.34666066,119.18604074,39.2916882,8.5148901,16.3656444,1447.29584124,26.50540066,32.74761105,6.46417536,3890.0487,5859.8708,0.7,7.0
1248,7.79,124.64171668,118.65569547,39.2916882,8.55403902,16.50492648,1434.01665912,26.22466413,32.83075026,6.4453568,3888.4738,5885.7696,-0.2,7.0
1249,7.64,123.60335325,113.59270988,39.0580872,8.56382625,16.47508032,1417.70939916,26.28274755,32.65523415,6.37949184,3885.2208,5937.6302,-0.2,7.0
1250,7.53,122.51735847,116.59690172,40.07658756,8.42680503,16.33579824,1414.10270772,26.60220636,33.00626637,6.46417536,3902.5706,5950.7034,-0.2,7.0
1251,7.77,125.44192336,118.23405451,40.14199584,8.7106347,16.5646188,1452.30084888,26.35051154,32.78456181,6.42653824,3956.2369,6047.7734,-0.2,7.0
1252,7.53,128.4141196,117.4006548,40.71198228,8.6127624,16.3159008,1466.785476,26.38923382,33.15406941,6.3983104,3944.0143,6013.7747,-0.2,7.0
1253,7.48,126.40407663,115.621857,40.24478028,8.50510287,16.15672128,1468.6177524,26.2343447,33.3480609,6.34185472,3928.8018,6013.6191,-0.2,7.0
1254,7.43,128.7951704,115.41762466,40.65591804,8.44637949,15.64933656,1493.47885008,26.32146983,33.65290467,6.37949184,3941.4157,6044.9742,-0.2,7.0
1255,7.44,126.67081219,115.621857,40.68395016,8.35829442,15.5697468,1487.59627848,26.25370584,33.19102017,6.32303616,3927.2315,6040.4965,-0.2,7.0
1256,7.35,126.11828853,116.7747815,40.96427136,8.3191455,15.24143904,1482.95772612,26.37955325,34.38268218,6.33244544,3911.5793,5993.967,-0.2,7.0
1257,7.54,134.1298816,123.83726758,42.19768464,8.50510287,15.5200032,1569.98121156,26.57316465,34.33649373,6.351264,4006.5567,6099.9809,-0.2,7.0
1258,7.56,133.21535968,125.25701175,42.08555616,8.56382625,15.49015704,1579.48011816,26.49572009,34.20716607,6.40771968,3996.7876,6108.0176,-0.2,7.0
1259,7.53,132.93909785,126.68004999,42.17899656,8.52467733,15.6194904,1566.114144,26.3311504,33.88384692,6.3983104,4007.7229,6133.3018,-0.2,7.0
1260,7.47,132.33894284,130.79763749,43.00127208,8.45616672,15.52995192,1577.40675276,26.74741491,33.88384692,6.46417536,4010.168,6101.4369,-0.2,7.0
1261,7.43,129.54774573,131.75950593,42.27243696,8.42680503,15.51005448,1546.827024,26.75709548,33.94851075,6.43594752,3974.9918,6059.4859,-0.2,7.0
1262,7.36,128.2235942,122.539404,41.7678588,8.34850719,15.24143904,1517.655255,26.5247618,33.82842078,6.36067328,3914.6956,5971.9302,-0.2,7.0
1263,7.18,127.94733237,123.64621152,42.0949002,8.27999658,15.21159288,1526.575548,26.8151789,34.29030528,6.41712896,3934.8486,5969.0789,-0.2,7.0
1264,7.19,127.23286212,121.74553313,42.13227636,8.33871996,15.171798,1519.342878,27.03783201,34.87227975,6.4453568,3932.2951,5946.951,-0.2,7.0
1265,7.2,127.03281045,123.86032607,39.86167464,8.32893273,15.3210288,1519.825056,26.94102631,35.13093507,6.42653824,3919.3566,5948.4986,-0.2,7.0
1266,7.17,127.5567553,127.3158055,40.42231704,8.28978381,15.41056728,1532.361684,26.88294289,35.08474662,6.46417536,3932.4117,5957.6017,-0.2,7.0
1267,7.12,126.91849521,125.9981775,40.38494088,8.27020935,15.36082368,1528.70677476,26.96038745,34.94618127,6.47358464,3915.1662,5916.0314,-0.2,7.0
1268,7.05,125.12755645,123.4946843,40.45034916,8.08425198,15.70902888,1505.359716,26.92166517,35.42654115,6.48299392,3887.3056,5857.7721,-0.2,7.0
1269,7.11,125.54671233,120.3982585,40.05789948,8.06467752,15.63938784,1500.55722312,27.0087903,35.70367185,6.3983104,3887.6841,5892.8502,-0.4,8.0
1270,7.04,124.93703105,118.7512235,39.92708292,8.11361367,15.57969552,1493.80673112,26.94102631,35.70367185,6.4453568,3884.3858,5899.0865,-0.4,8.0
1271,7.14,125.746764,117.76629657,39.8523306,8.21148597,15.39066984,1512.95884128,27.4928188,35.99004024,6.48299392,3861.5034,5845.5045,-0.4,8.0
1272,6.6,120.77405106,105.98999632,38.15171532,7.76127339,13.84861824,1446.534,27.42505481,34.49353446,6.36067328,3589.4406,5287.0333,-0.4,8.0
1273,6.8,124.56550652,107.88408657,38.4507246,8.3191455,14.54502864,1489.93002,28.12205585,36.19326942,6.41712896,3650.759,5326.914,-0.4,8.0
1274,7.06,125.98492075,106.9255122,37.80598584,8.73020916,15.1220544,1486.11117024,28.62544549,36.45192474,6.3983104,3686.7943,5439.7716,-0.4,8.0
1275,7.2,126.84228505,110.8125148,38.4040044,8.78893254,14.9728236,1493.787444,28.23822269,36.01775331,6.351264,3735.1151,5544.0646,-0.4,8.0
1276,7.08,125.3657132,116.93289686,38.78711004,8.54425179,15.08225952,1513.05527688,28.2672644,35.12169738,6.3983104,3750.5167,5581.3184,-0.4,8.0
1277,7.05,124.83224208,118.257113,38.75907792,8.48552841,15.420516,1496.67086844,28.21886155,35.6574834,6.46417536,3759.1422,5627.1375,-0.4,8.0
1278,6.99,125.12755645,118.57663779,39.3384084,8.47574118,15.34092624,1502.466648,28.33502839,35.6574834,6.54885888,3761.2348,5602.534,-0.4,8.0
1279,7.04,126.0325521,116.00067505,39.478569,8.64212409,15.669234,1503.59494452,28.4608758,36.45192474,6.64295168,3772.8204,5556.8642,-0.4,8.0
1280,7.2,126.25165631,115.18703976,39.35709648,9.0042516,15.43046472,1514.03892,28.27694497,36.28564632,6.6335424,3772.2221,5557.0105,-0.4,8.0
1281,7.31,125.50860725,113.974822,39.945771,9.0042516,15.2712852,1510.12363464,28.63512606,36.2117448,6.71822592,3772.523,5560.7207,-0.4,8.0
1282,7.18,124.16540318,114.88398532,39.50660112,8.86723038,15.28123392,1495.716156,28.37375067,35.95308948,6.6335424,3784.8806,5642.3805,-0.4,8.0
1283,7.18,123.9367727,116.88677988,39.25431204,8.81829423,15.20164416,1493.5945728,28.39311181,35.69443416,6.7276352,3783.9522,5624.209,-0.4,8.0
1284,7.07,123.81293119,122.53610993,39.23562396,8.65191132,15.33097752,1496.680512,28.2672644,35.60205726,6.68999808,3786.8824,5634.9487,-0.4,8.0
1285,7.08,122.94604062,120.562962,39.44119284,8.67148578,15.45036216,1496.921601,28.51895922,35.97156486,6.81231872,3784.3574,5605.8796,-0.4,8.0
1286,7.05,122.93651435,122.15399781,39.31972032,8.57361348,15.63938784,1494.7518,28.57704264,35.73138492,6.78409088,3786.9937,5627.1804,-0.4,8.0
1287,6.83,124.65124295,118.58652,39.5720094,8.13318813,15.41056728,1494.7518,28.77065404,35.103222,6.85936512,3781.6188,5598.2951,-0.4,8.0
1288,6.81,123.41282785,116.939485,39.244968,8.15276259,15.51005448,1488.965664,28.51895922,35.35263963,6.84054656,3775.0767,5604.9057,-0.4,8.0
1289,6.81,122.6030949,116.31031763,38.06761896,8.19191151,16.15672128,1491.858732,28.5576815,35.3803527,6.59590528,3770.5705,5631.8249,-0.4,8.0
1290,6.83,123.35567023,118.57334372,38.65629348,8.17233705,16.29600336,1494.9446712,28.24790326,35.42654115,6.56767744,3808.5424,5740.3338,0.1,7.9
1291,6.9,123.83198373,118.3229944,39.26365608,8.3191455,16.38554184,1499.57358,28.41247295,35.82376182,6.68999808,3831.627,5750.2911,0.1,7.9
1292,6.88,125.5562386,118.34934696,39.9924912,8.26042212,16.45518288,1521.93699564,28.37375067,35.61129495,6.68999808,3852.8963,5773.8056,0.1,7.9
1293,6.78,125.34666066,119.64721054,40.62788592,8.07446475,16.4651316,1534.46398008,28.60608435,35.87918796,6.74645376,3846.1566,5721.7225,0.1,7.9
1294,6.85,126.67081219,121.97282396,40.9268952,8.1234009,16.3656444,1547.309202,28.59640378,35.62053264,6.73704448,3890.6096,5793.6743,0.1,7.9
1295,6.86,126.68986473,120.7276655,41.63704224,8.1234009,16.54472136,1533.6153468,28.79001518,36.07317945,6.80290944,3896.2583,5781.6683,0.1,7.9
1296,6.89,128.85232802,122.9017517,41.87064324,8.17233705,16.59446496,1576.71241644,29.11915456,36.28564632,6.80290944,3943.2108,5799.1191,0.1,7.9
1297,6.79,127.33765109,124.1205576,41.97342768,8.07446475,16.63425984,1573.83863556,29.38052995,37.00618614,6.84054656,3907.1992,5715.2966,0.1,7.9
1298,6.77,124.87034716,128.19532219,41.36606508,8.09403921,16.80338808,1556.59595028,29.1385157,36.45192474,6.73704448,3889.0854,5715.8491,0.1,7.9
1299,6.8,123.1746711,126.10029367,40.96427136,8.10382644,16.59446496,1522.69883688,29.49669679,36.19326942,6.69940736,3877.1453,5720.7949,0.1,7.9
1300,6.78,123.01272451,130.0498836,41.0203356,8.08425198,16.72379832,1529.468616,29.69998876,36.16555635,6.70881664,3898.1705,5747.367,0.1,7.9
1301,6.76,123.13656602,131.7628,41.0203356,8.04510306,16.77354192,1524.61790532,29.8161556,37.0431369,6.71822592,3916.3807,5757.9225,0.1,7.9
1302,6.67,122.97461943,131.3675116,41.59032204,7.99616691,17.05210608,1523.68248,30.03880871,37.3202676,6.69940736,3913.8651,5703.2797,0.1,7.9
1303,6.63,122.07915005,133.409835,41.1604962,7.91786907,16.78349064,1516.5462456,29.51605793,36.6736293,6.66177024,3882.2741,5653.0436,0.1,7.9
1304,6.63,120.42157907,125.504067,40.9268952,7.89829461,16.3656444,1495.233978,29.37084938,36.60896547,6.6335424,3860.1067,5669.4609,0.1,7.9
1305,6.67,120.18342232,122.67446087,40.87083096,7.9276563,16.2164136,1488.8692284,29.29340482,36.50735088,6.64295168,3839.3969,5652.1454,0.1,7.9
1306,6.68,120.90741884,119.53521216,40.81476672,7.90808184,16.09702896,1482.215172,29.55478021,36.77524389,6.6335424,3836.2366,5637.2378,0.1,7.9
1307,6.7,121.28846964,118.95874991,40.61854188,7.93744353,16.14677256,1485.10824,29.32244653,36.75676851,6.62413312,3858.6998,5719.9101,0.1,7.9
1308,6.64,120.45015788,116.0500861,40.58116572,7.95701799,16.12687512,1467.749832,29.2353214,36.54430164,6.65236096,3840.2323,5671.0723,0.1,7.9
1309,6.58,118.77353436,117.268892,41.08574388,7.93744353,15.18174672,1455.213204,29.18691855,36.18403173,6.68999808,3852.0127,5694.8385,-0.2,8.3
1310,6.62,118.64969285,118.75781164,41.16984024,7.99616691,15.31108008,1456.13898576,28.93522373,36.29488401,6.66177024,3868.7429,5739.0058,-0.2,8.3
1311,6.64,119.10695381,118.83357525,41.45950548,8.01574137,15.34092624,1460.034984,28.8480986,36.3041217,6.67117952,3877.5557,5769.9675,-0.2,8.3
1312,6.6,119.16411143,118.57334372,41.55294588,7.98637968,15.25138776,1452.69623484,29.03202943,36.52582626,6.6805888,3873.9841,5762.0778,-0.2,8.3
1313,6.62,119.04026992,114.67975298,41.6744184,7.98637968,15.60954168,1433.13909516,29.02234886,36.4888755,6.66177024,3885.2459,5805.6543,-0.2,8.3
1314,6.6,118.49727253,116.32349391,41.73982668,7.94723076,15.51005448,1422.43474356,29.07075171,36.62744085,6.6805888,3865.4652,5757.9921,-0.2,8.3
1315,6.57,118.7925869,119.24203993,42.33784524,7.98637968,15.95774688,1427.24688,29.21596026,36.6736293,6.69940736,3894.6252,5792.9464,-0.2,8.3
1316,6.51,116.6968075,116.35972868,42.26309292,7.96680522,16.0671828,1406.995404,29.22564083,36.04546638,6.68999808,3892.1992,5799.9319,-0.2,8.3
1317,6.44,113.47692824,113.974822,42.21637272,7.88850738,16.03733664,1376.0877942,29.64190534,36.26717094,6.67117952,3864.1822,5740.2397,-0.2,8.3
1318,6.57,112.66719529,113.45765301,42.77701512,8.06467752,15.88810584,1371.59389524,29.48701622,36.06394176,6.71822592,3873.7951,5767.8083,-0.2,8.3
1319,6.53,112.13372417,113.23036218,42.96389592,7.94723076,15.88810584,1376.136012,29.69030819,36.4888755,6.74645376,3870.3786,5750.9122,-0.2,8.3
1320,6.44,112.72435291,114.28775865,42.8424234,7.83957123,15.68913144,1374.2073,29.72903047,36.23022018,6.821728,3874.9708,5745.8714,-0.2,8.3
1321,6.32,111.72409456,112.1630835,42.63685452,7.71233724,15.51005448,1375.171656,29.73871104,36.38726091,6.8687744,3843.0912,5676.8317,-0.2,8.3
1322,6.29,113.89608412,112.08073175,42.97323996,7.72212447,15.45036216,1377.73684296,29.4289328,36.43344936,6.93463936,3846.6443,5639.513,-0.2,8.3
1323,6.29,112.67672156,111.4054474,43.216185,7.71233724,15.50010576,1369.38552,29.67094705,36.81219465,7.07577856,3857.9016,5674.1704,-0.2,8.3
1324,6.35,114.07708325,113.11177566,43.683387,7.80042231,15.99754176,1385.9724432,29.60318306,36.81219465,7.17928064,3904.0342,5765.8373,-0.2,8.3
1325,6.43,114.48671286,115.05198289,44.38419,7.87872015,16.1169264,1384.68020616,29.89360016,37.08932535,7.21691776,3960.0662,5862.5529,-0.2,8.3
1326,6.39,114.05803071,111.15509808,44.73926352,7.86893292,15.9676956,1396.22352,30.11625327,36.98771076,7.26396416,3946.0195,5838.2454,-0.2,8.3
1327,6.39,113.53408586,110.10099568,43.18815288,7.87872015,15.95774688,1379.59666104,29.25468254,36.88609617,7.05696,3921.7578,5863.7282,-0.2,8.3
1328,6.42,113.2673503,109.33347737,42.9358638,7.9276563,15.9676956,1385.91899712,29.17723798,37.44959526,7.14164352,3936.0791,5915.3876,-0.2,8.3
1329,6.35,113.01014101,109.14571538,43.4030658,7.84935846,15.87815712,1381.5730056,29.39989109,37.81910286,7.20750848,3942.762,5934.67,-0.1,8.8
1330,6.5,113.53408586,108.92171862,43.8235476,7.90808184,16.0174392,1385.9976576,29.28372425,38.37336426,7.22632704,3943.6849,5892.9505,-0.1,8.8
1331,6.46,113.95324174,110.20640592,43.55257044,7.93744353,16.19651616,1391.8971936,29.12883513,37.3202676,7.18868992,3968.0676,5922.66,-0.1,8.8
1332,6.44,114.68676453,109.033717,43.98239628,7.89829461,16.97251632,1398.40634832,29.19659912,37.92071745,7.292192,3982.2034,5911.4352,-0.1,8.8
1333,6.52,114.22950357,108.23984613,44.1038688,7.98637968,17.25108048,1387.0792392,29.29340482,36.855143,7.27337344,3965.1746,5900.4056,-0.1,8.8
1334,6.56,115.05828906,107.67656016,44.49631848,8.04510306,17.38041384,1392.39865416,28.96426544,36.8746948,7.30160128,3998.4527,5977.7437,-0.1,8.8
1335,6.54,115.8394432,107.3208006,44.03846052,7.97659245,17.14164456,1395.12227328,29.02234886,36.659625,7.3862848,3991.4006,5953.4871,-0.1,8.8
1336,6.76,116.77301766,105.81541061,45.07564896,8.16254982,17.02225992,1402.614684,28.9449043,36.6205214,7.60269824,4010.0243,5983.0505,-0.1,8.8
1337,6.76,118.4115361,106.69822137,44.49073916,8.08425198,16.94267016,1403.106312,29.4289328,35.975312,7.53683328,4014.807,6027.0789,-0.1,8.8
1338,6.66,119.46895207,104.91283543,44.42250183,7.96680522,17.658978,1399.7632416,29.63222477,36.5814178,7.52723104,4017.6678,6020.8585,-0.1,8.8
1339,6.6,119.078375,106.41493135,44.08131518,7.83957123,18.11661912,1387.374216,29.50637736,36.6302973,7.4888268,4019.0644,6018.7583,-0.1,8.8
1340,6.56,119.34511056,106.63563404,43.97408509,7.81020954,17.84800368,1387.40371368,29.37084938,36.4445552,7.4888268,4007.2019,6017.1947,-0.1,8.8
1341,6.56,119.85952914,108.05208414,43.866855,7.81999677,17.82810624,1392.6346356,29.19659912,36.2979167,7.4408215,4034.491,6082.4644,-0.1,8.8
1342,6.57,120.96388122,108.41113777,43.91559595,7.84935846,17.76841392,1412.938872,29.2660355,36.561866,7.46002362,4058.5486,6099.6104,-0.1,8.8
1343,6.6,119.77163744,110.06146684,43.72063215,7.87872015,17.58933696,1418.838408,29.27595619,36.9235743,7.3928162,4085.6072,6161.3086,-0.1,8.8
1344,6.7,122.67406697,112.55507783,43.80836586,8.0255286,17.46995232,1440.45037488,29.12714584,38.5952532,7.2968056,4118.9582,6213.4072,-0.1,8.8
1345,6.72,122.3515748,111.36262449,43.98383328,8.0255286,17.7087216,1450.794228,28.94857342,37.9500438,7.3448109,4119.7685,6196.7577,-0.1,8.8
1346,6.81,122.69361195,112.89436704,43.74987672,8.16254982,17.5097472,1466.526324,28.71047686,37.9500438,7.2488003,4149.0368,6293.5984,-0.1,8.8
1347,6.78,120.72934146,111.31650751,43.70113577,8.20169874,17.38041384,1430.63748,28.52198375,37.5687837,7.19119394,4127.1634,6299.5908,-0.1,8.8
1348,6.79,121.23751094,111.010159,43.32095636,8.30935827,17.49979848,1414.57107696,28.41285616,36.952902,7.19119394,4135.8242,6323.4198,-0.1,8.8
1349,6.81,120.70979648,111.42,43.02851066,8.24084766,17.58933696,1414.905384,28.40293547,36.9724538,7.13358758,4152.0247,6356.1327,-0.1,8.8
1350,6.7,121.68704548,108.7,43.30145998,8.14297536,17.4600036,1425.17057664,28.4723803,37.637215,7.19119394,4151.2379,6314.6873,-0.1,8.8
1351,6.44,118.39371635,105.24,43.35994912,7.81020954,17.18,1397.86555752,27.61920096,37.3048344,7.25840136,4075.5912,6226.3432,-0.1,8.8
1352,6.39,118.247129,105.8,43.30145998,7.78084785,17.23,1393.273752,27.76801131,36.7182804,7.31600772,4054.9286,6213.2014,0.4,8.8
1353,6.41,118.16894908,104.88,43.7693731,7.81999677,17.37,1395.240264,27.91682166,36.7182804,7.37361408,4070.7023,6261.7313,0.4,8.8
1354,6.45,119.17551555,104.86,44.11055975,7.86893292,17.93,1403.83392144,27.8771389,36.7182804,7.45042256,4103.45,6303.2359,0.4,8.8
1355,6.44,119.38073784,104.35,43.98383328,7.83957123,17.53,1400.03855328,27.74816993,36.7182804,7.45042256,4113.4852,6357.3769,0.4,8.8
1356,6.47,119.76186495,105.33,44.01307785,7.86893292,17.41,1398.5341716,27.83745614,36.7182804,7.52723104,4114.666,6337.5425,0.4,8.8
1357,6.45,119.43937278,103.93,43.40869007,7.83957123,17.38,1397.17727832,27.63904234,36.7182804,7.47922574,4104.9669,6323.4999,0.4,8.8
1358,6.48,121.12024106,105.52,42.9895179,7.85914569,17.6,1420.80492,27.47039061,36.7182804,7.3928162,4122.5106,6391.7595,0.4,8.8
1359,6.47,120.38730431,105.67,42.892036,7.84935846,18.01,1412.97820224,27.53983544,36.7182804,7.46962468,4143.8252,6418.1595,0.4,8.8
1360,6.46,120.38730431,106.83,42.44361926,7.829784,17.99,1396.2726828,27.41086647,36.7182804,7.3928162,4176.5776,6508.0978,0.4,8.8
1361,6.43,120.04526716,106.37,42.67757582,7.83957123,18.06,1403.09647944,27.44062854,36.7182804,7.38321514,4173.3131,6429.8462,0.4,8.8
1362,6.53,120.2993519,106.07,42.2096627,7.97659245,18.4,1398.26869248,27.41086647,36.7182804,7.2488003,4202.3533,6568.57,0.4,8.8
1363,6.5,120.93456375,108.37,42.41437469,7.85914569,18.25,1404.581196,27.42078716,38.3508557,7.22959818,4239.4125,6668.1726,0.4,8.8
1364,6.53,121.57954809,107.63,42.3071446,7.81999677,18.0,1413.922128,27.41086647,37.4123693,7.26800242,4223.3741,6655.3105,0.4,8.8
1365,6.55,122.91837922,108.25,42.35588555,7.87,19.8,1425.7212,27.47039061,37.7643017,7.26800242,4271.3958,6728.0692,0.4,8.8
1366,6.56,122.59588705,107.1,42.37538193,7.93,19.8,1424.000502,27.62912165,37.5785596,7.2968056,4288.0707,6704.1657,0.4,8.8
1367,6.56,122.92815171,110.66,42.17066994,7.96,20.21,1439.4376212,27.64896303,37.637215,7.32560878,4377.9977,6822.8469,0.4,8.8
1368,7.16,126.97396257,111.61,42.76530953,8.3,20.53,1465.37591448,28.12515615,38.223769,7.28720454,4469.2217,6951.8955,0.4,8.8
1369,6.99,126.78828526,113.75,42.42412288,8.22,19.65,1456.80192216,28.08547339,37.9598197,7.2488003,4452.5905,6964.0653,0.4,8.8
1370,6.74,123.73926838,110.68,41.917217,7.98,18.91,1423.754688,27.73824924,37.3732657,7.11438546,4386.1266,6862.5624,0.4,8.8
1371,6.77,122.61543203,109.32,41.89772062,7.96,18.93,1421.8865016,27.64896303,37.050661,7.08558228,4463.782,7011.1602,0.4,8.8
1372,6.79,126.58306297,114.06,41.80998691,7.96,18.79,1455.21888,27.86721821,36.6302973,7.13358758,4496.7591,7043.9416,0.4,8.8
1373,6.81,125.93807863,109.7,40.92290162,7.89,19.04,1451.3841816,27.56959751,37.050661,7.08558228,4523.7111,7110.2882,,8.4
1374,6.72,125.63513144,110.02,42.34613736,7.82,18.95,1466.3296728,27.98626649,37.3048344,7.26800242,4490.4528,6961.6894,,8.4
1375,6.58,123.73926838,107.21,41.8197351,7.73,19.05,1455.7596708,27.73824924,36.9333502,7.14318864,4459.8296,6868.4615,,8.4
1376,6.53,122.65452199,104.0,41.96595795,7.72,18.7,1448.00178096,28.00610787,37.3146103,7.23919924,4365.2085,6698.4474,,8.4
1377,6.59,123.92494569,107.26,41.68326044,7.74,19.02,1458.168648,27.84737683,37.3048344,7.14318864,4460.3249,6913.9532,,8.4
1378,6.76,126.15307341,106.25,41.36157017,7.76,18.95,1476.09340488,27.92674235,37.1972995,7.1047844,4467.5733,6992.1169,,8.4
1379,6.86,125.8696712,105.49,41.75149777,7.88,18.99,1479.80028,27.78785269,37.2852826,7.13358758,4436.2584,6928.9651,,8.4
1380,6.86,125.14650694,105.2,41.917217,7.83,18.85,1496.52546456,27.78785269,37.3146103,7.17199182,4445.3649,6932.1092,,8.4
1381,6.83,125.59604148,106.59,42.2096627,7.82,18.97,1497.990516,27.777932,37.4221452,7.21039606,4548.0345,7122.7051,,8.4
1382,6.94,124.29630031,105.91,41.46880026,7.87,18.55,1490.616096,27.70848717,36.9137984,7.18159288,4521.998,7147.7489,,8.4
1383,6.97,123.76858585,108.7,41.15685818,7.96,18.76,1489.7311656,27.5795182,37.3341621,7.13358758,4533.0557,7137.3627,,8.4
1384,7.04,122.9379242,107.8,40.69869325,7.98,18.68,1474.86433488,27.51007337,37.5492319,7.1527897,4523.3367,7190.9928,,8.4
1385,7.05,123.09428404,110.99,40.70844144,8.0,18.9,1468.001208,27.4803113,38.1064582,7.16239076,4551.023,7260.0353,,8.4
1386,6.77,121.12024106,109.71,39.80185977,7.76,18.81,1443.38047776,27.09340439,37.4221452,6.99917274,4498.109,7199.8828,,8.4
1387,6.98,121.25705592,109.09,39.967579,7.93,19.25,1443.39031032,26.9842768,37.734974,6.9127632,4501.9195,7170.3488,,8.4
1388,7.0,119.7130025,107.99,39.88959348,7.82,19.06,1429.0151076,26.90491128,37.6469909,6.89356108,4522.608,7225.1281,,8.4
1389,6.76,119.41005531,105.6,40.50372945,7.62,18.7,1423.18439952,27.10332508,37.9891474,7.1047844,4519.7781,7180.7137,,8.4
1390,6.84,119.58596013,105.71,40.27952108,7.66,17.66,1417.855152,27.03388025,38.0771305,7.17199182,4566.0708,7323.7093,,8.4
1391,6.8,118.75529848,107.5,39.79211158,7.66,17.16,1414.905384,27.07356301,37.8522848,7.08558228,4593.4875,7341.3238,,8.4
1392,6.8,117.43601233,107.29,39.7726152,7.72,17.04,1410.97236,27.25213543,37.8913884,7.11438546,4550.0487,7240.9114,,8.4
1393,6.81,119.14619808,108.61,39.65563692,7.72,16.9,1436.39936016,27.0834837,37.4905765,7.03757698,4620.0528,7350.5599,,8.4
1394,6.89,118.71620852,109.21,39.39243579,7.86,17.12,1419.81183144,27.03388025,37.637215,7.0087738,4640.6935,7412.3684,,8.4
1395,6.79,118.40348884,110.6,39.31445027,7.88,17.52,1412.72255568,27.46046992,38.5561496,7.01837486,4709.482,7548.9226,,8.2
1396,6.75,117.98327177,107.79,39.16822742,7.93,17.13,1406.05608,27.51007337,38.8787543,7.01837486,4616.8341,7398.2241,,8.2
1397,6.57,117.12329265,105.69,39.09999009,7.89,16.79,1395.4369152,27.56959751,39.0547205,6.97997062,4593.9785,7376.5636,,8.2
1398,6.53,119.29278543,105.99,40.22103194,7.88,16.52,1426.72412112,27.76801131,39.7390335,7.200795,4539.0644,7194.8509,,8.2
1399,6.49,119.29278543,107.1,40.4549885,7.87,16.82,1437.520272,27.70848717,39.9443274,7.16239076,4606.2879,7294.0014,,8.2
1400,6.4,119.94754226,106.96,40.87416067,7.82,16.79,1460.04666696,27.93666304,41.0685559,7.32560878,4618.4218,7231.5336,,8.2
1401,6.32,118.31553643,104.43,40.54272221,7.75,16.35,1430.63748,27.88705959,40.961021,7.31600772,4514.2345,7016.0661,,8.2
1402,6.34,117.71941454,104.52,40.37700298,7.71,16.44,1433.51842008,27.82753545,41.2836257,7.30640666,4538.2201,7069.6412,,8.2
1403,6.4,117.77804948,104.76,40.92290162,7.72,16.51,1437.77591856,27.68864579,40.863262,7.33520984,4607.8715,7185.624,,8.2
1404,6.38,117.3676049,103.78,40.89365705,7.58,16.46,1434.2755272,27.81761476,41.1956426,7.45042256,4592.57,7128.4776,,8.2
1405,6.38,118.56962117,103.69,41.17635456,7.51,16.53,1443.40014288,28.00610787,41.2738498,7.52723104,4606.3447,7142.9536,,8.2
1406,6.36,117.55328221,103.76,40.89365705,7.49,16.68,1425.7212,27.96642511,41.547575,7.52723104,4660.6835,7258.5343,,8.2
1407,6.32,117.55328221,104.01,40.54272221,7.48,16.68,1416.29177496,28.0755527,41.7333171,7.59443846,4716.0186,7379.3941,,8.2
1408,6.27,117.3676049,103.72,40.5524704,7.42,16.56,1420.80492,28.23428374,41.6355581,7.67124694,4691.973,7341.0304,,8.2
1409,6.31,116.12649867,104.52,39.74337063,7.44,16.69,1407.9242664,28.06563201,41.1956426,7.51762998,4747.8378,7480.9666,,8.2
1410,6.27,115.77468903,103.61,40.1625428,7.33,16.75,1402.85066544,28.24420443,42.0754736,7.52723104,4709.911,7385.7109,,8.2
1411,6.27,116.28285851,100.79,39.86034891,7.33,16.63,1406.06591256,27.8771389,41.5573509,7.46962468,4640.6676,7331.0031,,8.2
1412,6.3,116.27308602,99.6,40.73768601,7.3,16.22,1410.97236,28.08547339,42.4469578,7.5848374,4653.4028,7333.6013,,8.0
1413,6.23,114.49449284,97.8,41.92696519,7.21,15.97,1405.072824,28.3731734,42.5447168,7.80566178,4618.699,7210.8253,,8.0
1414,6.22,113.53678882,95.8,41.7222532,7.18,15.9,1396.30218048,28.19460098,42.6033722,7.81526284,4627.257,7229.341,,8.0
1415,6.18,113.52701633,97.52,41.27383646,7.17,15.88,1411.10018328,28.2739665,43.0041841,7.76725754,4693.4032,7345.723,,8.0
1416,6.18,114.09382075,97.2,41.43955569,7.18,15.97,1409.33032248,28.29380788,42.7500107,7.7288533,4678.7944,7327.9108,,8.0
1417,6.26,118.0516792,99.39,41.64426768,7.27,16.08,1437.8152488,28.30372857,43.15,7.79606072,4695.0507,7343.8017,,8.0
1418,6.28,118.03213422,98.71,41.87822424,7.29,15.9,1434.56067144,28.39301478,42.8,7.83446496,4652.1655,7291.6084,,8.0
1419,6.26,117.64123462,97.77,41.84897967,7.27,15.66,1440.6175284,28.38309409,42.6,7.86326814,4645.9079,7243.2483,,8.0
1420,6.28,118.4425788,99.83,42.12192899,7.28,15.92,1445.75995728,28.21444236,42.62,7.88247026,4702.0738,7355.2911,,8.0
1421,6.27,117.47510229,98.37,42.16092175,7.25,15.81,1432.2106896,28.11523546,42.09,7.9208745,4628.1398,7235.4617,,8.0
1422,6.26,117.41646735,98.08,41.57603035,7.25,15.66,1446.369576,27.93666304,42.4,7.84406602,4598.0525,7235.3512,,8.0
1423,6.13,117.62168964,96.49,41.80023872,7.08,15.38,1451.285856,27.92674235,41.91,7.8728692,4568.1928,7151.0176,,8.0
1424,6.06,117.16238261,95.17,42.13167718,6.95,15.3,1446.37940856,28.00610787,42.52,7.90167238,4588.2922,7122.7465,,8.0
1425,6.2,117.51419225,93.61,42.14142537,7.07,15.02,1442.54471016,27.91682166,42.0,7.94007662,4564.9483,7061.9497,,8.0
1426,6.06,116.95716032,92.7,41.917217,6.93,14.7,1442.0432496,27.93666304,42.07,7.9208745,4453.6076,6817.4103,,8.0
1427,6.04,115.82355148,93.93,41.55653397,7.0,14.79,1427.687712,27.96642511,41.2,7.8728692,4448.0478,6868.9664,,8.0
1428,6.04,115.81377899,93.91,42.16092175,6.98,14.92,1420.4607804,27.80769407,41.2,7.97848086,4490.4047,6954.6034,,8.0
1429,5.89,115.56946674,95.09,42.16092175,6.87,14.86,1424.8854324,27.71840786,41.0,7.83446496,4517.6255,6965.0453,,8.0
1430,5.47,115.25674706,94.29,42.10243261,6.77,14.86,1423.0664088,27.86721821,41.45,7.83446496,4515.4027,6951.2844,,8.0
1431,5.38,115.16879465,95.17,41.86847605,6.76,14.97,1426.212828,27.75809062,41.14,7.78645966,4526.6616,7031.5505,,8.0
1432,5.2,114.97334485,95.77,42.34613736,6.62,15.47,1423.754688,27.84737683,41.34,7.76725754,4576.4856,7101.8323,,8.5
1433,5.2,113.91791593,96.62,42.28764822,6.59,15.52,1411.98511368,28.03586994,41.6,7.76725754,4554.3347,7040.3008,,8.5
1434,5.01,112.9699844,95.05,41.92696519,6.46,15.38,1405.1711496,28.04579063,41.64,7.7288533,4531.0486,6996.3552,,8.5
1435,4.97,111.84614805,95.24,42.13167718,6.48,15.35,1400.13687888,28.01602856,41.75,7.7288533,4546.5664,7012.8061,,8.5
1436,4.95,112.34454504,95.98,42.35588555,6.53,15.45,1406.06591256,27.84737683,41.53,7.67124694,4584.5368,7097.8389,,8.5
1437,4.91,110.69299423,96.53,42.09268442,6.51,15.24,1394.47332432,27.64896303,40.9,7.67124694,4621.7545,7172.3671,,8.5
1438,4.77,108.35736912,96.03,41.95620976,6.35,15.15,1377.55148856,27.74816993,40.48,7.7768586,4598.2232,7121.3256,,8.5
1439,5.25,109.08053338,96.47,40.6499523,6.68,15.35,1379.3115168,27.66880441,40.18,7.62324164,4591.8273,7155.9944,,8.5
1440,5.07,109.3541631,96.23,40.63045592,6.42,15.48,1388.34763944,27.63904234,40.31,7.680848,4552.1848,7082.8932,,8.5
1441,5.02,109.0609884,97.0,40.68894506,6.42,15.72,1396.8626364,27.81761476,40.0,7.65204482,4580.95,7169.791,,8.5
1442,4.87,109.89165005,95.53,40.7474342,6.27,15.8,1402.123056,27.81761476,39.91,7.63250213,4552.0596,7113.962,,8.5
1443,4.97,110.429137,94.25,40.6499523,6.28,15.66,1398.190032,27.74816993,40.17,7.61295667,4497.5545,7001.3188,,8.5
1444,4.96,110.8200366,95.21,40.47448488,6.28,15.65,1409.1041736,27.69856648,40.0,7.63250213,4579.875,7137.8339,,8.5
1445,4.87,110.43,93.53,41.30308103,6.25,15.48,1407.039336,27.85729752,40.83,7.80841127,4552.7926,7100.8359,,8.5
1446,4.9,110.53,94.23,40.93264981,6.33,15.71,1410.0,27.62912165,40.59,7.70091124,4568.1781,7169.5511,,8.5
1447,4.93,110.33,94.37,40.71818963,6.34,15.59,1408.26,27.32158026,40.88,7.71068397,4611.6235,7255.6607,,8.5
1448,4.79,109.72,94.81,40.85466429,6.27,15.49,1407.86,27.50015268,41.15,7.74000216,4620.7341,7256.7864,,8.5
1449,4.76,109.28,94.42,40.77667877,6.26,15.44,1400.9,27.42078716,40.25,7.73022943,4634.0586,7352.0396,,8.5
1450,4.79,110.6,94.84,40.72793782,6.28,15.44,1414.17,27.42078716,40.13,7.68136578,4642.5357,7410.7119,,8.5
1451,4.77,109.78,100.01,40.6499523,6.26,15.49,1414.13,27.42078716,40.07,7.63250213,4657.24,7458.8386,,8.5
1452,4.74,108.06,100.21,40.81567153,6.19,15.37,1402.0,27.30173888,40.2,7.69113851,4639.3721,7430.6147,,8.5
1453,4.62,107.36,99.75,41.21534732,6.09,15.35,1389.72,27.10332508,40.45,7.67159305,4651.2818,7458.936,,8.5
1454,4.65,105.94,97.72,41.0398799,6.1,15.22,1377.18,26.97435611,40.5,7.74977489,4629.9395,7465.5742,,8.5
1455,4.75,107.9,98.11,41.28358465,6.32,15.26,1426.0,27.06364232,40.26,7.64227486,4717.7457,7651.1981,,9.0
1456,4.83,108.17,99.99,41.65401587,6.48,15.54,1428.01,27.22237336,40.78,7.6227294,4790.6938,7814.1356,,9.0
1457,4.73,107.52,97.6,41.08862085,6.39,15.3,1423.36,27.01403887,41.26,7.57386575,4776.6658,7875.0822,,9.0
1458,4.9,106.9,96.88,40.53297402,6.59,15.37,1412.3,27.04380094,41.45,7.51522937,4737.6536,7894.5447,,9.0
1459,4.96,107.14,97.01,40.2600247,6.57,15.4,1419.1,27.07356301,42.45,7.53477483,4758.9221,8056.6858,,9.0
1460,4.88,108.55,97.47,40.08455728,6.51,15.42,1423.23,27.1826906,41.86,7.56409302,4789.9155,8249.1275,,9.0
1461,4.83,108.0,97.19,40.09430547,6.47,15.49,1411.0,27.14300784,41.9,7.63250213,4761.0324,8143.28,,9.0
1462,4.69,107.04,96.1,39.06099733,6.29,15.08,1398.01,26.59736989,41.74,7.51522937,4741.9306,8227.697,,9.0
1463,4.85,106.09,95.67,39.09999009,6.39,14.87,1388.89,26.60729058,41.56,7.50545664,4751.4293,8223.2683,,9.0
1464,4.73,105.16,95.86,38.72,6.23,14.99,1382.0,26.30966988,41.0,7.43704753,4731.8728,8232.674,,9.0
1465,4.73,104.55,96.19,38.55,6.26,15.25,1376.0,26.5874492,40.7,7.35886569,4734.4556,8287.947,,9.0
1466,4.79,104.91,94.74,38.73,6.53,15.28,1373.55,26.66681472,40.85,7.36863842,4718.8782,8247.8049,,9.0
1467,5.01,103.05,94.1,38.24,6.5,15.12,1351.06,26.36919402,40.08,7.18295655,4723.0692,8340.1133,,9.0
1468,4.95,102.76,94.12,37.85,6.58,14.96,1340.06,26.10133539,40.65,7.10477471,4723.7091,8387.595,,9.0
1469,4.95,102.99,93.65,37.5,6.71,14.82,1337.0,25.793794,40.0,7.04613833,4702.4966,8590.1659,,9.0
1470,4.82,102.34,92.63,38.02,6.65,14.61,1342.0,25.77395262,41.65,7.07545652,4706.964,8506.6932,,9.0
1471,4.75,101.02,91.81,38.1,6.6,14.38,1343.01,25.72434917,40.65,7.06568379,4705.6918,8548.9321,,9.0
1472,4.86,100.7,93.34,37.8,6.8,14.2,1323.69,25.44656985,41.18,7.0363656,4717.9914,8601.1644,,9.0
1473,5.13,110.77,92.31,38.53,7.11,14.37,1437.72,25.82355607,41.38,7.09500198,4753.8697,8517.8429,,9.0
1474,4.88,105.0,90.89,38.67,6.81,14.14,1401.0,26.15093884,41.93,7.08522925,4706.3401,8370.5203,,9.0
1475,4.68,107.29,87.05,38.45,6.63,14.05,1427.0,25.93268366,40.21,7.15363836,4605.9799,8037.0456,,9.0
1476,4.7,107.28,87.37,38.3,6.8,14.26,1474.92,25.793794,39.6,7.01682014,4660.1074,8286.7005,,9.0
1477,4.9,108.52,89.14,39.01,7.19,14.43,1525.0,26.17078022,42.42,7.07545652,4698.6832,8299.0574,,9.0
1478,4.88,108.89,90.11,39.71,7.17,14.48,1555.0,26.3890354,41.86,7.1340929,4670.4188,8146.1073,,9.0
1479,4.81,107.0,89.82,39.6,6.98,14.45,1515.01,26.30966988,41.67,7.09500198,4643.5959,8146.4128,,9.0
1480,4.96,107.36,90.06,39.48,7.08,14.5,1524.96,26.25014574,42.21,7.11454744,4719.0559,8311.2829,,9.0
1481,4.88,106.5,90.81,39.34,6.89,14.48,1504.8,26.35927333,42.48,7.1340929,4724.2956,8306.4448,,9.0
1482,4.89,106.04,92.28,39.4,6.88,14.51,1504.33,26.26998712,42.86,7.12432017,4713.8185,8325.8107,,9.0
1483,4.92,104.62,91.16,38.99,6.81,14.4,1486.6,26.12,42.56,7.01682014,4719.578,8423.5695,,9.0
1484,4.97,106.06,90.27,38.71,6.74,14.32,1485.3,26.0,41.45,6.94841103,4660.4056,8299.585,,9.0
1485,4.92,105.16,90.87,38.94,6.79,14.42,1466.8,26.05,42.52,6.89954738,4707.544,8392.9098,,9.0
1486,5.0,105.17,91.45,38.78,6.96,14.41,1491.66,25.97,42.18,6.88977465,4735.8858,8527.5593,,9.0
1487,4.82,103.88,89.85,38.7,6.77,14.3,1466.21,26.04,41.83,6.80182008,4726.8739,8557.216,,9.0
1488,4.84,104.05,89.32,38.75,6.8,14.33,1455.02,26.04,42.26,6.76272916,4710.6469,8658.4503,,9.0
1489,4.75,103.22,96.79,38.67,6.79,14.28,1440.11,26.57,44.73,6.80182008,4728.6688,8658.3336,,8.5
1490,4.67,102.55,95.21,39.18,6.68,14.08,1426.19,26.97,45.81,6.95818376,4655.8962,8281.6139,,8.5
1491,4.62,101.02,95.99,38.6,6.59,13.74,1401.18,27.09,46.11,6.91909284,4602.6247,8248.945,,8.5
1492,4.69,101.45,94.47,39.15,6.57,14.14,1399.04,27.08,45.88,6.94841103,4647.6921,8309.1713,,8.5
1493,4.72,102.4,93.62,39.2,6.53,14.16,1402.0,27.14,45.83,6.94841103,4660.439,8360.3347,,8.5
1494,4.65,101.52,97.52,38.79,6.35,13.95,1397.0,27.2,47.95,6.9386383,4615.4551,8279.4811,,8.5
1495,4.67,102.05,96.6,39.22,6.35,14.05,1401.88,27.15,46.18,6.88000192,4674.7562,8410.303,,8.5
1496,4.67,102.18,99.22,39.5,6.39,14.29,1400.0,27.3,47.83,6.95818376,4704.4959,8403.3296,,8.5
1497,4.65,102.27,99.1,39.5,6.39,14.4,1392.0,27.5,49.26,6.99727468,4687.5601,8359.4721,,8.5
1498,4.66,102.95,99.67,39.76,6.46,14.63,1413.64,27.42,48.92,7.0363656,4669.14,8239.798,,8.5
1499,4.66,104.54,104.62,39.91,6.46,14.64,1460.18,27.36,48.49,7.08522925,4671.5591,8185.152,,8.5
1500,4.7,104.79,102.87,40.12,6.5,14.63,1485.0,27.49,47.74,7.22204747,4637.4392,8016.0262,,8.5
1501,4.63,103.72,101.69,39.92,6.36,14.4,1468.8,27.29,47.48,7.22204747,4658.3324,8096.4276,,8.5
1502,4.5,102.53,102.31,39.77,6.24,14.28,1452.87,27.26,49.47,7.35886569,4583.2511,7877.09,,8.5
1503,4.34,102.4,103.03,39.75,6.16,14.28,1445.0,27.18,49.55,7.3295475,4567.0179,7760.0365,,8.5
1504,4.02,100.23,107.63,38.68,5.92,13.93,1408.07,26.74,49.5,7.08522925,4417.9971,7440.7451,,8.5
1505,4.09,101.34,106.64,39.25,5.97,14.08,1407.33,27.1,48.48,7.15363836,4474.7224,7597.3732,,8.5
1506,4.12,102.45,106.6,39.26,6.01,14.5,1410.27,27.21,47.25,7.17318382,4537.4656,7767.6654,,8.5
1507,4.04,101.28,103.14,39.56,5.88,14.35,1401.18,27.31,47.69,7.25136566,4477.5343,7642.1302,,8.5
1508,4.06,102.65,105.3,39.44,5.89,14.4,1416.02,27.25,47.5,7.2318202,4502.5698,7737.6144,,8.5
1509,4.01,103.46,106.05,39.48,5.84,14.38,1420.0,27.14,47.82,7.39795661,4491.95,7753.7234,,8.5
1510,3.99,103.27,105.25,39.32,5.82,14.59,1450.0,27.04,46.75,7.46636572,4450.0493,7617.3262,,8.5
1511,4.04,104.39,102.65,39.82,5.89,14.82,1459.44,26.88,46.62,7.40772934,4526.0668,7750.0924,,8.6
1512,3.92,105.0,101.65,39.76,5.7,14.31,1459.88,27.01,47.69,7.45659299,4478.9141,7605.2932,,8.6
1513,3.82,103.49,99.01,39.4,5.51,14.08,1460.0,26.7,47.58,7.3295475,4440.7889,7534.938,,8.6
1514,3.81,103.11,97.98,38.99,5.5,13.94,1440.02,26.48,48.42,7.2318202,4440.6162,7571.1106,,8.6
1515,3.95,104.19,101.22,39.62,5.7,14.23,1465.02,26.58,46.76,7.15363836,4595.556,7945.1527,,8.6
1516,3.87,102.6,99.03,39.26,5.57,14.02,1460.49,26.39,46.79,7.16341109,4566.2237,7898.6329,,8.6
1517,3.89,102.07,101.67,39.21,5.6,14.15,1453.96,26.4,46.38,7.14386563,4636.5655,7969.3646,,8.6
1518,3.91,102.42,104.25,38.98,5.73,14.15,1443.31,26.42,46.32,7.20250201,4646.1546,7967.697,,8.6
1519,4.02,103.1,103.82,39.13,5.95,14.11,1446.9,26.42,45.66,7.29045658,4701.2837,8088.5687,,8.6
1520,3.97,103.55,103.03,39.9,5.94,14.04,1467.5,26.55,45.83,7.3295475,4685.2464,8044.0773,,8.6
1521,3.96,103.44,105.54,39.91,5.97,14.05,1462.84,26.55,45.53,7.29045658,4736.6077,8180.0815,,8.6
1522,3.96,101.86,103.78,39.52,6.07,13.92,1407.24,26.38,45.55,7.27091112,4728.6716,8214.1939,,8.6
1523,3.93,101.35,102.91,39.87,5.94,13.9,1410.89,26.84,45.23,7.39795661,4757.4419,8290.0224,,8.6
1524,3.9,101.18,101.53,39.87,5.97,13.84,1412.01,27.13,45.98,7.44682026,4767.997,8270.3266,,8.6
1525,3.88,100.64,101.62,39.74,5.93,13.83,1409.5,26.86,45.87,7.34909296,4799.627,8376.1808,,8.6
1526,3.81,101.18,99.98,39.81,5.87,13.89,1419.0,26.95,46.98,7.40772934,4786.3273,8295.207,,8.6
1527,3.75,101.27,99.46,39.38,5.74,13.71,1458.49,26.81,47.19,7.40772934,4769.3688,8247.8759,,8.6
1528,3.73,100.2,102.34,39.38,5.78,13.7,1403.2,26.66,46.78,7.33932023,4770.9469,8299.0486,,8.6
1529,3.75,100.2,101.48,39.6,6.03,13.6,1405.0,26.73,48.15,7.35886569,4758.2083,8203.9614,,8.6
1530,3.87,98.34,105.4,38.5,6.14,13.69,1401.17,26.77,47.98,7.30022931,4810.3468,8342.4217,,8.6
1531,3.91,97.08,102.98,38.27,6.14,13.78,1384.79,27.32,48.0,7.28068385,4807.3069,8349.5081,,8.6
1532,4.01,92.26,100.75,38.0,6.4,13.67,1375.0,27.2,47.73,7.19272928,4877.0932,8588.4399,,
1533,3.98,92.6,100.46,37.95,6.4,13.59,1371.05,27.05,45.59,7.22204747,4900.5098,8696.7989,,
1534,4.0,92.13,100.02,37.94,6.43,13.64,1372.99,27.0,45.18,7.29045658,4871.9122,8694.1709,,
1535,4.09,91.81,100.44,37.97,6.64,13.56,1361.33,27.01,45.17,7.30022931,4951.8366,8839.7415,,
1536,4.1,90.56,99.23,37.9,6.62,13.4,1354.55,27.04,45.2,7.31000204,4948.0465,8785.9791,,
1537,3.99,89.15,98.6,37.88,6.51,13.3,1344.09,27.0,44.8,7.23,4998.3417,8918.239,,
1538,3.87,88.99,98.73,37.81,6.32,13.07,1342.17,26.94,45.17,7.3,4914.5971,8670.1574,,
1539,3.78,86.87,96.3,37.65,6.21,12.94,1332.95,27.03,45.7,7.24,4859.5927,8536.3444,,
1540,3.68,85.57,94.51,37.47,6.05,12.65,1323.0,26.89,45.85,7.19,4833.5237,8554.2372,,
1541,3.71,85.78,96.0,37.37,6.17,12.64,1324.3,27.25,46.07,7.26,4852.8832,8627.9461,,
1542,3.6,85.47,93.36,37.17,6.08,12.39,1315.0,26.9,46.0,7.13,4850.7,8656.3062,,
1543,3.47,85.35,93.51,37.15,5.87,12.4,1311.0,26.66,45.26,7.15,4783.0976,8419.8373,,
1544,3.46,84.03,93.75,37.02,5.82,12.48,1290.2,26.56,44.98,7.18,4845.0956,8576.9402,,
