日期,开盘,收盘,最高,最低,成交量,成交额
2020-01-02,28.7895086300,29.4329764800,29.6146615200,28.7819384200,82624452,3191180650.0000
2020-01-03,29.4859679500,29.8266274000,29.9931720200,29.4632573200,52010611,2045230273.0000
2020-01-06,29.6676529900,29.7055040400,30.4019633600,29.4481169000,54887720,2171575505.0000
2020-01-07,29.9401805500,29.6373721500,30.2354187400,29.5995211000,34767128,1369304771.0000
2020-01-08,29.4859679500,29.0771766100,29.4859679500,29.0771766100,36323418,1403861101.0000
2020-01-09,29.4026956400,29.4481169000,29.5238190000,29.2058701800,30335989,1177003661.0000
2020-01-10,29.4481169000,29.5540998400,29.7357848800,29.3345637500,28593121,1116903172.0000
2020-01-13,29.7357848800,29.5995211000,29.7357848800,29.3345637500,32780852,1279073028.0000
2020-01-14,29.6298019400,29.3799850100,30.0007422300,29.2967127000,33564638,1314430602.0000
2020-01-15,29.4026956400,28.8576405200,29.4405466900,28.7819384200,48859891,1870048774.0000
2020-01-16,28.9333426200,28.7365171600,29.0317553500,28.5851129600,45384826,1723277982.0000
2020-01-17,28.8122192600,28.7138065300,28.8954915700,28.5245512800,42135711,1595789849.0000
2020-01-20,28.9333426200,29.0014745100,29.2588616500,28.7667980000,58580886,2244268938.0000
2020-01-21,28.7289469500,28.6078235900,28.8803511500,28.5396917000,41720185,1580332561.0000
2020-01-22,28.5396917000,28.6305342200,28.8425001000,28.1233301500,53125460,2000618547.0000
2020-01-23,28.4109981300,27.8659430100,28.5396917000,27.5934154500,78750274,2912304571.0000
2020-02-03,25.5873098000,26.5184456300,26.8742455000,25.5873098000,113106226,3944795003.0000
2020-02-04,26.5260158400,26.7606923500,26.8591050800,26.2534882800,122967652,4313054347.0000
2020-02-05,26.7531221400,26.7682625600,26.8818157100,26.3670414300,80257198,2826862599.0000
2020-02-06,26.8742455000,27.0635007500,27.1240624300,26.5941477300,73070159,2589474707.0000
2020-02-07,26.5714371000,26.8136838200,26.8439646600,26.5033052100,67552464,2374190018.0000
2020-02-10,26.5941477300,26.5714371000,26.6774200400,26.4578839500,57504178,2016401930.0000
2020-02-11,26.7228413000,26.9272369700,27.1392028500,26.6092881500,55743628,1983770029.0000
2020-02-12,26.8742455000,26.9499476000,26.9953688600,26.6774200400,40538973,1437177997.0000
2020-02-13,26.8969561300,26.7001306700,26.9120965500,26.6471392000,42235080,1493775789.0000
2020-02-14,26.6547094100,26.9802284400,27.0332199100,26.6547094100,40339677,1431806484.0000
2020-02-17,26.9726582300,27.3814495700,27.3814495700,26.7834029800,66942541,2396661832.0000
2020-02-18,27.2527560000,27.0256497000,27.2527560000,26.9499476000,51639665,1846260235.0000
2020-02-19,26.9499476000,26.8969561300,27.1694836900,26.8439646600,41952131,1496142157.0000
2020-02-20,26.9953688600,27.2376155800,27.2906070500,26.6471392000,74600588,2658121245.0000
2020-02-21,27.1770539000,26.9802284400,27.1997645300,26.8515348700,73031468,2603112503.0000
2020-02-24,26.8666752900,26.5335860500,27.0180794900,26.5184456300,79856482,2812039823.0000
2020-02-25,26.3519010100,26.2156372300,26.5562966800,26.1172245000,87373432,3032212325.0000
2020-02-26,26.0490926100,26.3670414300,26.4881647900,25.9279692500,77970475,2707591830.0000
2020-02-27,26.3367605900,26.6622796200,26.7606923500,26.2686287000,68937853,2422074087.0000
2020-02-28,26.3821818500,25.8901182000,26.6319987800,25.8901182000,83534097,2885398352.0000
2020-03-02,25.9203990400,26.3064797500,26.4048924800,25.8144161000,70429063,2438029173.0000
2020-03-03,26.4427435300,26.2080670200,26.5714371000,26.0566628200,68607306,2380418310.0000
2020-03-04,26.2534882800,26.3291903800,26.3443308000,26.0718032400,56088606,1941800190.0000
2020-03-05,26.4881647900,27.4268708300,27.4950027200,26.3443308000,135541300,4840609026.0000
2020-03-06,27.1316326400,26.8061136100,27.2678964200,26.8061136100,67067378,2389764957.0000
2020-03-09,26.4048924800,25.8749777800,26.4048924800,25.8749777800,96659166,3318066994.0000
2020-03-10,25.8825479900,26.2534882800,26.4503137400,25.7992756800,66829810,2309858482.0000
2020-03-11,26.3140499600,26.0793734500,26.4881647900,26.0490926100,56655064,1965764178.0000
2020-03-12,26.0188117700,25.8598373600,26.1853563900,25.7538544200,61918002,2118258080.0000
2020-03-13,24.8302888000,25.2920716100,25.4056247600,24.5274804000,114095770,3748370246.0000
2020-03-16,25.2769311900,23.9748550700,25.2769311900,23.9521444400,106602730,3445337101.0000
2020-03-17,23.9597146500,24.0202763300,24.6864548100,23.5509233100,84344133,2675433577.0000
2020-03-18,24.1338294800,23.3313872200,24.4366378800,23.2859659600,82431704,2604923481.0000
2020-03-19,23.0740000800,22.1882855100,23.0740000800,21.7340729100,155945747,4591894342.0000
2020-03-20,22.5592258000,23.4979318400,23.5509233100,22.5592258000,134315310,4101898423.0000
2020-03-23,22.7182002100,22.8317533600,23.0967107100,22.6197874800,92897116,2804113446.0000
2020-03-24,23.5812041500,23.8537317100,23.9597146500,23.3238170100,82535893,2585549433.0000
2020-03-25,24.3987868300,24.5956122900,24.7394462800,24.3533655700,80952655,2629580314.0000
2020-03-26,24.3003741000,24.7697271200,25.2996418200,24.2700932600,69463585,2281461462.0000
2020-03-27,25.0725355200,24.7697271200,25.2315099300,24.5880420800,58177545,1911127945.0000
2020-03-30,24.3609357800,24.7167356500,24.7697271200,24.0732678000,47749415,1541068106.0000
2020-03-31,24.9211313200,24.4366378800,24.9665525800,24.3457953600,37754006,1228383288.0000
2020-04-01,24.3155145200,24.3230847300,24.7167356500,24.2246720000,35814313,1157345796.0000
2020-04-02,24.0354167500,24.4820591400,24.4820591400,24.0051359100,28960147,929189673.0000
2020-04-03,24.2246720000,24.3382251500,24.4669187200,24.2171017900,25161829,808697603.0000
2020-04-07,24.8605696400,24.6183229200,24.8908504800,24.5274804000,43184378,1406732994.0000
2020-04-08,24.6031825000,24.3912166200,24.6031825000,24.3155145200,31813445,1024956344.0000
2020-04-09,24.4442080900,24.4517783000,24.4896293500,24.3079443100,28664595,924260480.0000
2020-04-10,24.5350506100,24.3003741000,24.6486037600,24.1565401100,43743153,1409435238.0000
2020-04-13,24.1641103200,24.1716805300,24.3760762000,24.0884082200,23055549,737876564.0000
2020-04-14,24.3609357800,24.7621569100,24.7621569100,24.2852336800,42707944,1386006869.0000
2020-04-15,24.6713143900,24.5426208200,24.7015952300,24.4669187200,23783848,771129191.0000
2020-04-16,24.3760762000,24.3003741000,24.5350506100,24.1943911600,29499982,947452268.0000
2020-04-17,24.5653314500,24.8757100600,25.1330972000,24.4820591400,69795242,2293965391.0000
2020-04-20,24.8984206900,24.9059909000,25.0422546800,24.6410335500,33602426,1104349255.0000
2020-04-21,24.9059909000,24.7167356500,25.0119738400,24.6637441800,32871489,1077331035.0000
2020-04-22,24.5653314500,24.7772973300,24.7924377500,24.4744889300,27943538,910099517.0000
2020-04-23,24.8454292200,24.7470164900,24.9514121600,24.7167356500,24614551,807219190.0000
2020-04-24,24.7697271200,24.6107527100,24.7697271200,24.5350506100,22259784,723766561.0000
2020-04-27,24.7924377500,25.4207651800,25.7235735800,24.7697271200,65341471,2197523211.0000
2020-04-28,25.4359056000,25.6327310600,25.6630119000,25.2087993000,36651091,1234430064.0000
2020-04-29,25.6630119000,26.5108754200,26.5714371000,25.6554416900,65876588,2288732967.0000
2020-04-30,26.6092881500,26.5638668900,27.2906070500,26.5335860500,71533247,2544804889.0000
2020-05-06,26.1399351300,26.2156372300,26.3291903800,25.8749777800,50173590,1731704264.0000
2020-05-07,26.1929266000,26.0793734500,26.2080670200,25.7765650500,29948465,1028793473.0000
2020-05-08,26.3216201700,26.4730243700,26.6319987800,26.1550755500,39215460,1371649847.0000
2020-05-11,26.4805945800,26.4654541600,26.8591050800,26.4048924800,29584829,1040649468.0000
2020-05-12,26.4881647900,26.1853563900,26.5260158400,26.0718032400,34963382,1213003373.0000
2020-05-13,26.0415224000,26.1475053400,26.2534882800,25.8144161000,27983494,961672947.0000
2020-05-14,26.0339521900,25.6857225300,26.0566628200,25.5873098000,42063019,1430362916.0000
2020-05-15,25.8825479900,25.6251608500,25.9355394600,25.5116077000,36192753,1226127432.0000
2020-05-18,25.4510460200,25.5873098000,25.9658203000,25.3677737100,36370093,1233862748.0000
2020-05-19,26.0415224000,25.9431096700,26.1020840800,25.7841352600,26430448,904985389.0000
2020-05-20,25.9431096700,26.2534882800,26.5184456300,25.8144161000,38051757,1313430550.0000
2020-05-21,26.4276031100,26.2913393300,26.6319987800,26.2383478600,36252721,1263004925.0000
2020-05-22,26.1096542900,25.4586162300,26.2610584900,25.4434758100,42396439,1439086679.0000
2020-05-25,25.6781523200,25.0498248900,25.6932927400,24.9059909000,43264917,1434823005.0000
2020-05-26,25.2087993000,25.3072120300,25.3526332900,25.0498248900,32246077,1072932146.0000
2020-05-27,25.4131949700,25.3072120300,25.7235735800,25.1633780400,32083331,1077247848.0000
2020-05-28,25.4207651800,25.9052586200,26.2686287000,25.3072120300,69362331,2378620601.0000
2020-05-29,25.6327310600,25.6024502200,25.8371267300,25.5116077000,37237481,1260905545.0000
2020-06-01,25.8522671500,26.3594712200,26.4730243700,25.8144161000,48823746,1693982687.0000
2020-06-02,26.1550755500,26.5260158400,26.6925604600,26.1475053400,49295713,1726597705.0000
2020-06-03,26.8363944500,26.6622796200,27.2527560000,26.5108754200,61018691,2169754932.0000
2020-06-04,26.8742455000,26.6092881500,26.9120965500,26.5487264700,25756086,909222198.0000
2020-06-05,26.7228413000,26.6774200400,26.8515348700,26.3519010100,32717303,1146499654.0000
2020-06-08,26.9120965500,27.0029390700,27.3965899900,26.8742455000,50180979,1796585383.0000
2020-06-09,26.9575178100,26.8969561300,27.0180794900,26.6925604600,30093079,1067277929.0000
2020-06-10,26.9802284400,26.7531221400,26.9877986500,26.6319987800,27273061,964770416.0000
2020-06-11,26.6547094100,26.0945138700,26.7379817200,25.9733905100,58892745,2040709558.0000
2020-06-12,25.7311437900,26.1172245000,26.1172245000,25.5116077000,54661576,1865053466.0000
2020-06-15,25.7689948400,25.4131949700,25.8749777800,25.3299226600,65434347,2209023835.0000
2020-06-16,25.7387140000,25.8446969400,25.8749777800,25.5948800100,38163105,1298977209.0000
2020-06-17,25.7387140000,25.8901182000,25.9733905100,25.6100204300,30627774,1042779922.0000
2020-06-18,25.6478714800,25.6554416900,25.7841352600,24.9968334200,92293933,3090987273.0000
2020-06-19,25.5873098000,25.6327310600,25.9961011400,25.4359056000,67949603,2299545222.0000
2020-06-22,25.4813268600,25.3602035000,25.6251608500,25.2315099300,59581469,1997593331.0000
2020-06-23,25.2087993000,25.2466503500,25.3904843400,25.0649653100,45252939,1509296732.0000
2020-06-24,25.3753439200,25.6630119000,25.7084331600,25.3677737100,47989117,1621575075.0000
2020-06-29,25.8674075700,25.4661864400,25.9658203000,25.3526332900,56729748,1915098031.0000
2020-06-30,25.6251608500,25.5267481200,25.7084331600,25.4661864400,39156798,1322157814.0000
2020-07-01,25.5797395900,26.3367605900,26.3443308000,25.4434758100,79909645,2741317357.0000
2020-07-02,26.2307776500,26.7228413000,26.8515348700,25.9658203000,124517798,4347489231.0000
2020-07-03,26.7985434000,27.8129515400,27.8280919600,26.7606923500,153570417,5583630477.0000
2020-07-06,28.1460407800,30.5912186100,30.5912186100,28.1460407800,187492888,7369658960.0000
2020-07-07,31.6434778000,31.0832822600,32.7790093000,30.6593505000,201633829,8389893483.0000
2020-07-08,30.9621589000,30.6593505000,31.6964692700,30.2581293700,182703889,7454256185.0000
2020-07-09,30.6669207100,30.2127081100,30.7501930200,29.9250401300,169323629,6759559094.0000
2020-07-10,30.2126904800,29.0731780000,30.4390320000,28.9170804000,152815945,5784778253.0000
2020-07-13,28.8858608800,29.1122024000,29.6585440000,28.6204949600,163406373,6086294085.0000
2020-07-14,28.9326901600,28.4956168800,29.2058609600,28.2770802400,131086591,4821059904.0000
2020-07-15,28.8702511200,27.9882996800,28.8936657600,27.8634216000,134114248,4838521682.0000
2020-07-16,28.1365924000,27.7853728000,28.5502510400,27.7775679200,142952326,5153628340.0000
2020-07-17,27.9961045600,28.1600070400,28.2536656000,27.5590312800,116991781,4182751219.0000
2020-07-20,28.1756168000,29.0887877600,29.2292756000,27.9804948000,159415734,5884589656.0000
2020-07-21,29.0887877600,28.7531779200,29.2214707200,28.5034217600,83162093,3062989302.9000
2020-07-22,28.7063486400,28.4409827200,28.9561048000,28.3004948800,99881181,3656733629.3400
2020-07-23,28.2380558400,27.7853728000,28.4175680800,27.5122020000,119707588,4272039760.6700
2020-07-24,27.7073240000,27.0048848000,27.9414704000,26.6380554400,130419436,4555965917.2400
2020-07-27,27.2702507200,26.7317140000,27.2936653600,26.5443968800,89346903,3062209384.2300
2020-07-28,27.0517140800,26.9892750400,27.2234214400,26.7004944800,78035052,2693238172.0400
2020-07-29,26.9268360000,27.3717141600,27.5902508000,26.7161042400,96913071,3381773114.0400
2020-07-30,27.3561044000,26.9736652800,27.4497629600,26.9112262400,79887927,2776830172.0800
2020-07-31,27.0048848000,27.1609824000,27.5902508000,26.9190311200,98989455,3456763749.1900
2020-08-03,27.4731776000,27.3170800000,27.6214703200,27.1453726400,102185800,3573570193.3700
2020-08-04,27.4263483200,28.6282998400,28.9951292000,27.3170800000,235440404,8524612075.1100
2020-08-05,28.4097632000,28.3317144000,28.6126900800,27.9492752800,106065970,3842397075.8800
2020-08-06,28.4331778400,28.8936657600,29.1356170400,28.3629339200,125242884,4621511196.9000
2020-08-07,28.7843974400,28.5736656800,28.7843974400,28.2536656000,89795414,3286449488.1200
2020-08-10,28.6439096000,28.8780560000,29.1980560800,28.0117143200,122448139,4519789795.5200
2020-08-11,28.9951292000,29.2995195200,30.2829344000,28.9951292000,173638283,6622998621.9600
2020-08-12,29.4868366400,29.4946415200,29.8614708800,28.9014706400,93003691,3505241801.0200
2020-08-13,29.5414708000,29.1356170400,29.7912269600,29.1278121600,64048694,2413002932.9500
2020-08-14,29.1356170400,29.6585440000,29.7209830400,29.0809828800,67065745,2530430881.6900
2020-08-17,29.7053732800,30.4780564000,30.8526906400,29.7053732800,148309043,5782809861.4800
2020-08-18,30.4390320000,30.3219588000,30.5639100800,30.0722026400,57366054,2225879678.3400
2020-08-19,30.3141539200,29.9317148000,30.5014710400,29.9317148000,56393694,2185921383.6700
2020-08-20,29.8224464800,29.2839097600,29.8380562400,28.9795194400,73440819,2759025986.0700
2020-08-21,29.6585440000,29.4790317600,29.6663488800,29.2370804800,56125442,2115951199.6300
2020-08-24,29.7209830400,29.2683000000,29.9004952800,29.1668365600,62098893,2346712056.5900
2020-08-25,29.5024464000,29.3307390400,29.8146416000,29.2058609600,54524608,2056714023.5600
2020-08-26,29.4243976000,29.0575682400,29.5726903200,28.8858608800,62700022,2344833012.6100
2020-08-27,29.0575682400,28.8000072000,29.1043975200,28.4175680800,57481502,2112135810.4500
2020-08-28,28.7609828000,30.0097636000,30.0097636000,28.5658608000,118294177,4472784976.2300
2020-08-31,30.0487880000,29.4165927200,30.4390320000,29.3073244000,119031365,4573760871.7800
2020-09-01,29.2370804800,29.2058609600,29.4243976000,28.8858608800,71275936,2662847631.5900
2020-09-02,29.2604951200,29.0341536000,29.3307390400,28.7219584000,79722127,2960833704.1200
2020-09-03,28.9717145600,28.8624462400,29.2136658400,28.6907388800,64047956,2369898817.2300
2020-09-04,28.5892754400,28.7219584000,28.7922023200,28.3707388000,48543721,1780424306.1900
2020-09-07,28.7219584000,28.7141535200,29.3307390400,28.6361047200,61613878,2285992289.1100
2020-09-08,29.0185438400,29.3385439200,29.3619585600,28.8936657600,68354491,2558811209.3200
2020-09-09,29.0887877600,29.3463488000,29.6195196000,29.0029340800,60543334,2276406651.9700
2020-09-10,29.5648854400,29.4243976000,29.5883000800,29.1668365600,55014607,2072364500.8900
2020-09-11,29.5570805600,29.0653731200,29.5648854400,28.8936657600,55310513,2064258657.9200
2020-09-14,29.1902512000,29.1512268000,29.3307390400,28.9326901600,46023997,1713839186.7800
2020-09-15,29.0809828800,29.5804952000,29.7287879200,29.0575682400,53080495,2003397793.2800
2020-09-16,29.6273244800,29.7053732800,29.8926904000,29.4868366400,47887482,1822671349.4300
2020-09-17,29.7365928000,29.5570805600,30.0253733600,29.5414708000,55771354,2127941226.6300
2020-09-18,29.5414708000,30.4312271200,30.4312271200,29.5024464000,108169240,4177287387.8500
2020-09-21,30.4390320000,30.1268368000,30.5404954400,30.1268368000,50152092,1945258026.8100
2020-09-22,30.0487880000,29.5648854400,30.1268368000,29.4556171200,58311689,2223417612.3500
2020-09-23,29.5180561600,29.2683000000,29.6975684000,29.1902512000,43076028,1621415675.3700
2020-09-24,29.1512268000,28.9248852800,29.1512268000,28.8000072000,54027975,2003636080.2800
2020-09-25,28.9561048000,29.0185438400,29.1902512000,28.9404950400,35225153,1312142060.4200
2020-09-28,29.0341536000,29.0731780000,29.3853732000,28.9170804000,35324476,1317478208.0200
2020-09-29,29.1512268000,28.3395192800,29.2292756000,28.3082997600,79668910,2920847323.2300
2020-09-30,28.3317144000,28.0975680000,28.5424461600,27.9414704000,65466059,2365489193.1100
2020-10-09,28.4097632000,28.2380558400,28.7219584000,28.1990314400,49472433,1799276677.9900
2020-10-12,28.4097632000,29.3151292800,29.3853732000,28.3317144000,99864635,3712613342.0600
2020-10-13,29.2526902400,29.4946415200,29.6663488800,28.9795194400,51141560,1928053923.5100
2020-10-14,29.5024464000,29.6975684000,29.7365928000,29.1824463200,64294015,2431581141.3900
2020-10-15,29.7678123200,30.4468368800,30.6185442400,29.6975684000,119665720,4656771634.9600
2020-10-16,30.3687880800,31.0478126400,31.3756176000,30.3453734400,110589580,4401811725.0800
2020-10-19,31.4458615200,31.2117151200,32.4292764000,31.1336663200,98154659,3988837839.6000
2020-10-20,31.2195200000,31.1961053600,31.4614712800,30.9853736000,42436836,1697045434.2300
2020-10-21,31.2663492800,31.8439104000,31.8985445600,31.2117151200,54185565,2193121567.1700
2020-10-22,32.0000080000,32.1483007200,32.7804960000,31.4770810400,64497499,2649384824.2100
2020-10-23,31.9297640800,32.1717153600,32.8585448000,31.8907396800,55183362,2298420661.2000
2020-10-26,32.5151300800,31.7034225600,32.5151300800,31.2819590400,50454000,2050594686.4700
2020-10-27,31.7034225600,31.5707396000,32.1951300000,31.4770810400,45883207,1867751092.9300
2020-10-28,31.7112274400,31.2975688000,32.0624470400,30.9151296800,69355712,2787606058.2000
2020-10-29,31.0243980000,31.3678127200,31.8907396800,30.9619589600,52307034,2105440051.7100
2020-10-30,31.6097640000,31.0712272800,32.1170812000,30.8917150400,43842279,1766506296.4500
2020-11-02,31.6019591200,31.4146420000,31.7658616000,30.5795198400,51692798,2067738931.0200
2020-11-03,31.7658616000,32.1873251200,32.8585448000,31.7658616000,87069016,3626910912.8500
2020-11-04,32.8741545600,33.5063498400,33.6312279200,32.2965934400,88450085,3754732975.0500
2020-11-05,33.6390328000,33.3970815200,34.1151304800,33.0770814400,68048685,2918967527.9000
2020-11-06,33.4048864000,33.1551302400,33.4439108000,32.8507399200,46364547,1969073125.5900
2020-11-09,33.5531791200,33.5843986400,33.9278133600,33.2487888000,49714162,2138628747.0400
2020-11-10,34.1619597600,34.1229353600,34.6380574400,33.8731792000,56207925,2461059111.5500
2020-11-11,34.3414720000,34.6146428000,34.6146428000,33.9590328800,52696972,2322161017.8400
2020-11-12,34.3414720000,34.0136670400,34.6848867200,33.8341548000,47159435,2059661759.3200
2020-11-13,33.7170816000,33.2331790400,33.7170816000,32.6322032800,54486290,2309702716.7000
2020-11-16,33.5219596000,33.5609840000,33.6390328000,33.2878132000,38943199,1669941864.6100
2020-11-17,33.5609840000,34.2165939200,34.3414720000,33.4048864000,47285620,2065231454.2400
2020-11-18,34.0292768000,34.9268380000,35.1219600000,33.8809840800,62820215,2797752551.8100
2020-11-19,34.7551306400,35.0204965600,35.1219600000,34.3336671200,47734174,2128954043.8600
2020-11-20,34.9346428800,35.1609844000,35.3561064000,34.7395208800,31468757,1414292247.9000
2020-11-23,35.1609844000,35.4341552000,35.5746430400,34.9814721600,58462113,2647101183.6900
2020-11-24,35.1219600000,35.0204965600,35.3561064000,34.7551306400,39946734,1793220436.8200
2020-11-25,35.5278137600,34.6770818400,35.5668381600,34.4741549600,37807249,1694470962.7200
2020-11-26,34.7083013600,35.1922039200,35.4185454400,34.7083013600,35153429,1584282515.5100
2020-11-27,35.4341552000,35.7853748000,35.8790333600,34.8878136000,44607770,2024963455.3200
2020-11-30,35.7853748000,34.4975696000,37.2839117600,34.3648866400,115360181,5291989606.3500
2020-12-01,34.6536672000,36.0585456000,36.3317164000,34.6458623200,78072787,3559778622.0500
2020-12-02,35.9024480000,36.5268384000,36.7063506400,35.3248868800,61994358,2864114257.3000
2020-12-03,36.4878140000,36.2848871200,36.7609848000,35.5122040000,50237589,2317794756.0700
2020-12-04,36.2692773600,35.7307406400,36.3707408000,35.2078136800,46115543,2099378091.4000
2020-12-07,35.6683016000,34.6692769600,35.7073260000,34.4195208000,70482524,3138039091.1100
2020-12-08,34.6458623200,34.5443988800,34.9346428800,34.3414720000,37716735,1671238316.4900
2020-12-09,34.6302525600,34.5287891200,35.0673258400,34.5131793600,37519456,1672113664.3800
2020-12-10,34.3726915200,34.5600086400,34.8331794400,34.1853744000,36887355,1630166599.1100
2020-12-11,34.5365940000,33.3112278400,34.5522037600,33.3112278400,77143525,3347336214.3900
2020-12-14,33.8107401600,34.6302525600,34.8565940800,33.8107401600,60742701,2686115498.7900
2020-12-15,34.6926916000,34.6146428000,35.0751307200,33.9043987200,43879226,1936658508.6300
2020-12-16,34.9580575200,34.3883012800,35.0048868000,34.2478134400,36790200,1628021246.6600
2020-12-17,34.2634232000,34.3804964000,34.4741549600,33.8341548000,50232903,2199570321.0500
2020-12-18,34.4117159200,33.6390328000,34.6458623200,33.4048864000,76059993,3296589099.2500
2020-12-21,33.5922035200,33.4751303200,33.6780572000,33.0224472800,62385090,2674269716.1400
2020-12-22,33.5531791200,32.7102520800,33.5609840000,32.6790325600,78468607,3320101849.2100
2020-12-23,32.5541544800,33.0302521600,33.1004960800,32.5541544800,71181993,3004166814.7400
2020-12-24,33.0536668000,33.2253741600,33.6390328000,33.0302521600,48211014,2055723701.0000
2020-12-25,33.2097644000,33.3424473600,33.4829352000,32.7648862400,47673197,2023487303.9200
2020-12-28,33.3658620000,33.5922035200,33.8107401600,32.9600082400,84140901,3600599045.9000
2020-12-29,33.7639108800,33.4283010400,33.7873255200,33.2878132000,72714756,3118082060.0600
2020-12-30,33.4595205600,33.6000084000,33.6000084000,32.7024472000,93349643,3963394420.1800
2020-12-31,33.6000084000,34.3024476000,34.6146428000,33.4439108000,89119921,3909432878.2100
2021-01-04,33.7404962400,33.6936669600,34.1697646400,32.7961057600,154952285,6608868849.1900
2021-01-05,33.3736668800,32.9209838400,33.4048864000,32.3434227200,138717699,5809639049.2900
2021-01-06,32.8585448000,34.4585452000,34.4975696000,32.7804960000,120064563,5188622736.6900
2021-01-07,34.5678135200,35.8243992000,35.8790333600,34.5443988800,107832187,4869741128.3600
2021-01-08,36.1287895200,36.3707408000,36.6985457600,35.7541552800,129959481,6021482984.7700
2021-01-11,36.3551310400,37.7912289600,38.3765949600,36.2848871200,144523356,6992740145.8300
2021-01-12,37.8926924000,38.7902536000,39.0634244000,37.1200092800,104448591,5103986008.5200
2021-01-13,38.4858632800,38.5561072000,39.0087902400,38.1502534400,64910979,3207741652.9500
2021-01-14,38.5561072000,38.2829364000,39.0868390400,37.9004972800,70377099,3467710707.5900
2021-01-15,39.4146440000,39.9141563200,42.0604983200,39.3990342400,177574522,9232542839.0300
2021-01-18,40.1951320000,40.5229369600,41.4283030400,39.9609856000,123764160,6463924980.3500
2021-01-19,40.8195224000,40.4683028000,41.5453762400,40.1873271200,90188002,4710719576.1900
2021-01-20,40.6634248000,40.3668393600,41.4595225600,39.7970831200,79228118,4123860428.3900
2021-01-21,41.3424493600,41.0848883200,41.7561080000,40.7024492000,73671459,3886756921.7100
2021-01-22,41.2487908000,40.3044003200,41.2487908000,39.8048880000,87000132,4492606303.4000
2021-01-25,39.8829368000,40.6712296800,40.9444004800,39.1024488000,86536206,4438842569.7900
2021-01-26,40.5853760000,40.1170832000,41.4439128000,39.8048880000,60117533,3126374838.2200
2021-01-27,40.2809856800,40.5853760000,41.2878152000,40.2809856800,60923156,3187049335.8700
2021-01-28,39.8048880000,40.2809856800,40.3902540000,39.6487904000,52386951,2684963891.4800
2021-01-29,40.7258638400,39.8829368000,40.9444004800,39.6565952800,62148914,3211002062.4400
2021-02-01,39.8048880000,40.8975712000,41.1941566400,39.3990342400,79662587,4125446255.7700
2021-02-02,40.8585468000,40.5619613600,41.2097664000,40.2731808000,72030553,3752480882.8500
2021-02-03,40.6400101600,41.4048884000,42.1463520000,40.1873271200,76587606,4045314776.4700
2021-02-04,41.2644005600,41.7561080000,43.0829376000,41.0614736800,96910977,5229905916.9900
2021-02-05,42.1931812800,42.7239131200,43.6604987200,41.9122056000,115157754,6315430524.5300
2021-02-08,43.0751327200,43.1297668800,43.3951328000,41.9044007200,81637776,4479792761.9300
2021-02-09,43.2234254400,43.1297668800,43.2234254400,42.3414740000,61900527,3393598043.2100
2021-02-10,43.9414744000,42.5756204000,44.0195232000,42.1073276000,75350767,4135201064.2300
2021-02-18,43.4341572000,43.4653767200,44.9561088000,43.0751327200,107091322,6013345250.3900
2021-02-19,43.4341572000,43.0829376000,44.2614744800,42.8331814400,71018164,3948306737.4700
2021-02-22,43.1375717600,42.3024496000,43.5044011200,41.6468396800,80151145,4368565093.7000
2021-02-23,42.3726935200,43.3561084000,44.2770842400,42.3024496000,95299102,5306140313.1800
2021-02-24,43.5902548000,41.8341568000,43.5902548000,41.2487908000,84432226,4578242270.1900
2021-02-25,42.5365960000,42.4975716000,43.3170840000,42.0761080800,88618727,4843039320.1600
2021-02-26,41.8341568000,39.8829368000,42.4975716000,39.6956196800,132728876,6911104093.9800
2021-03-01,39.8907416800,39.3287903200,40.0390344000,39.0478146400,89418363,4510517393.7000
2021-03-02,39.6956196800,38.6731804000,39.7268392000,38.2517168800,100778621,5025206693.5800
2021-03-03,39.0244000000,41.1863517600,41.3502542400,38.7122048000,131593315,6834019524.3300
2021-03-04,40.7336687200,40.8975712000,42.0526934400,40.5853760000,83303904,4396029828.8900
2021-03-05,40.5073272000,40.1170832000,40.8897663200,39.1102536800,73519585,3762062419.0100
2021-03-08,40.2653759200,38.9697658400,40.5697662400,38.7902536000,69813759,3534603526.1500
2021-03-09,39.0400097600,37.8536680000,39.7892782400,37.6039118400,98322245,4876616395.9000
2021-03-10,38.2517168800,38.4390340000,39.0244000000,37.8926924000,67590993,3327792627.8000
2021-03-11,39.0244000000,40.5619613600,40.7804980000,39.0244000000,90421033,4672612625.8400
2021-03-12,40.8585468000,41.6156201600,41.6702543200,40.6868394400,85580753,4537887852.3300
2021-03-15,41.3502542400,41.4517176800,42.7629375200,41.0848883200,93931916,5037471574.8000
2021-03-16,42.0683032000,42.3961081600,43.1219620000,41.7561080000,69716276,3799354094.0900
2021-03-17,42.1073276000,41.6780592000,42.3961081600,41.6000104000,53231461,2856041088.5000
2021-03-18,41.6000104000,42.3336691200,42.3804984000,41.2878152000,48279311,2590798830.4800
2021-03-19,42.1619617600,40.3980588800,42.5053764800,40.2263515200,77628361,4073645279.5500
2021-03-22,40.7414736000,41.9746446400,42.7083033600,40.6634248000,79169531,4252611118.8300
2021-03-23,42.0604983200,41.7404982400,42.4975716000,41.2253761600,59592261,3187582327.9200
2021-03-24,42.1151324800,40.7414736000,42.1463520000,40.2887905600,57501314,3013081501.6300
2021-03-25,41.1004980800,39.8126928800,41.2800103200,39.4614732800,78453830,4014068058.7900
2021-03-26,40.1561076000,40.2731808000,40.4448881600,39.5941562400,70947525,3643743954.6200
2021-03-29,40.3512296000,39.7580587200,40.4292784000,39.4536684000,77980362,3969007334.2100
2021-03-30,39.8829368000,40.2419612800,40.2419612800,39.3600098400,56940202,2902290111.6500
2021-03-31,40.1951320000,39.8829368000,40.1951320000,39.1336683200,52164954,2652348781.0400
2021-04-01,39.8751319200,39.8439124000,40.0234246400,39.5707416000,33719469,1718217148.0500
2021-04-02,39.9453758400,39.7658636000,40.0000100000,39.5317172000,41153422,2093013199.3500
2021-04-06,39.8829368000,39.7970831200,40.4526930400,39.6487904000,44400201,2275875717.7300
2021-04-07,39.9219612000,39.3600098400,39.9219612000,39.0400097600,50061023,2520490065.9000
2021-04-08,39.1804976000,39.4146440000,39.5161074400,39.0634244000,29501067,1486758654.7900
2021-04-09,39.5863513600,39.2195220000,39.5863513600,38.9151316800,31506834,1578603908.8700
2021-04-12,39.2507415200,39.3834244800,39.5317172000,38.7824487200,41474239,2082171992.3000
2021-04-13,39.4146440000,39.2741561600,39.9609856000,38.9775707200,49039895,2476556209.9900
2021-04-14,39.4770830400,38.7902536000,39.4926928000,38.4624486400,55438353,2758186624.9400
2021-04-15,38.8058633600,38.5873267200,39.0087902400,37.6819606400,57296514,2810517786.9600
2021-04-16,38.8058633600,38.8214731200,38.9073268000,38.3141559200,31558344,1563464005.1500
2021-04-19,38.9463512000,40.4058637600,40.4136686400,38.6341560000,67932061,3476651826.8400
2021-04-20,39.8126928800,40.5775711200,40.7336687200,39.8126928800,35574407,1842179459.6200
2021-04-21,40.6322052800,41.2800103200,41.5141567200,40.6087906400,52446360,2758929437.2900
2021-04-22,41.2800103200,41.0614736800,41.6000104000,40.7180589600,42927078,2255144619.5700
2021-04-23,41.1317176000,41.6000104000,41.7561080000,40.8273272800,47104918,2495321514.5700
2021-04-26,42.1463520000,40.6400101600,42.5365960000,40.3512296000,91625741,4814829661.2700
2021-04-27,40.5463516000,40.6400101600,40.9209858400,40.2575710400,36329922,1890139552.8700
2021-04-28,40.7414736000,40.3980588800,40.8819614400,40.1795222400,38985543,2019590446.8500
2021-04-29,40.5853760000,41.5844006400,41.6390348000,40.0312295200,55274544,2913105773.4400
2021-04-30,41.2097664000,41.1317176000,41.5063518400,40.4370832800,45068841,2370742203.6500
2021-05-06,41.1317176000,41.8887909600,42.4429374400,40.9600102400,63835290,3432136281.2600
2021-05-07,42.0526934400,42.2868398400,43.0829376000,41.6078152800,72368376,3943891331.5100
2021-05-10,42.3024496000,42.0683032000,42.3414740000,41.3736688800,49224048,2630309848.9900
2021-05-11,41.7170836000,42.0214739200,42.2634252000,41.5844006400,32853312,1767435334.2400
2021-05-12,42.0292788000,41.9044007200,42.6536692000,41.4204981600,31749677,1708649721.5900
2021-05-13,41.7483031200,41.5219616000,42.4975716000,41.2409859200,39120553,2085332074.6100
2021-05-14,41.7483031200,42.9112302400,42.9268400000,41.2097664000,57881421,3127193936.7200
2021-05-17,42.9268400000,43.4341572000,44.0897671200,42.6536692000,52668425,2933378115.3500
2021-05-18,43.6917182400,43.6683036000,44.0117183200,43.4731816000,29335118,1642178929.7000
2021-05-19,43.7073280000,42.7707424000,43.7697670400,42.5444008800,35729344,1966656369.2800
2021-05-20,43.0048888000,43.2936693600,43.3326937600,42.3961081600,34210477,1881019546.0600
2021-05-21,43.6058645600,42.2322056800,43.6292792000,41.9902544000,51486455,2800730344.2000
2021-05-24,42.3024496000,42.2087910400,42.6926936000,41.9668397600,44539914,2409885275.5600
2021-05-25,42.2946447200,44.9170844000,44.9717185600,42.0917178400,96850204,5452025417.5600
2021-05-26,44.9951332000,45.6585480000,45.7053772800,44.9639136800,61306169,3565788679.0700
2021-05-27,45.2683040000,45.2292796000,45.8770846400,44.3395232800,51903739,2995138181.6500
2021-05-28,45.2683040000,45.6585480000,45.9317188000,44.9639136800,41014056,2386900497.6900
2021-05-31,45.4322064800,45.4165967200,45.5492796800,44.4878160000,36165671,2089054161.5600
2021-06-01,45.0341576000,44.7687916800,45.0809868800,44.4097672000,47426844,2713828451.0900
2021-06-02,44.6829380000,44.9404990400,45.0263527200,44.3941574400,40582027,2323829263.1900
2021-06-03,44.8780600000,43.9258646400,45.5258650400,43.8556207200,49067257,2798317525.0000
2021-06-04,43.7463524000,44.9014746400,45.9863529600,43.7229377600,60832907,3504830228.2600
2021-06-07,44.6517184800,44.4878160000,44.6829380000,44.0975720000,32489742,1847968868.5600
2021-06-08,44.4487916000,44.2536696000,45.2214747200,43.7151328800,47616623,2700887195.0600
2021-06-09,44.2536696000,44.0741573600,44.7687916800,43.9258646400,39140950,2220254280.9700
2021-06-10,44.0897671200,43.9804988000,44.8468404800,43.9102548800,48113526,2730021835.5600
2021-06-11,44.0273280800,43.9648890400,44.2926940000,42.9892790400,68208900,3798816012.2700
2021-06-15,43.5746450400,42.7707424000,43.5746450400,42.2400105600,52924052,2899483733.5500
2021-06-16,42.7707424000,43.3951328000,43.9883036800,42.5365960000,51877228,2879681826.4300
2021-06-17,43.3326937600,43.0204985600,43.7073280000,42.8175716800,31901934,1765863525.8400
2021-06-18,42.7317180000,42.6848887200,43.4731816000,42.2009861600,42711681,2337303192.8600
2021-06-21,42.3804984000,41.9044007200,42.7629375200,41.4595225600,57971550,3119639561.8700
2021-06-22,42.0370836800,43.2858644800,43.3795230400,42.0370836800,64359218,3544466664.0600
2021-06-23,43.2234254400,42.7863521600,43.2936693600,42.5209862400,40871965,2243392896.6100
2021-06-24,42.7863521600,42.9268400000,43.0048888000,42.2478154400,36360389,1988184927.2700
2021-06-25,42.9268400000,44.0195232000,44.1365964000,42.7551326400,46955964,2631903464.9500
2021-06-28,43.8634256000,42.6926936000,43.9336695200,42.1697666400,69882474,3825857050.0500
2021-06-29,42.3024496000,41.9902544000,42.8097668000,41.9122056000,53244931,2878196932.4500
2021-06-30,42.0683032000,42.2946447200,42.4897667200,42.0370836800,35730350,1935227658.6600
2021-07-01,42.3102544800,43.7073280000,43.7073280000,41.9902544000,65298735,3585284668.5100
2021-07-02,42.9268400000,41.4048884000,43.0829376000,41.1317176000,92981851,4969147604.5200
2021-07-05,41.3190347200,41.3190347200,41.4361079200,40.1951320000,56860927,2979267517.8300
2021-07-06,41.3658640000,41.7873275200,41.7873275200,40.9053760800,45250713,2401387630.4000
2021-07-07,41.6000104000,41.7014738400,42.0761080800,41.3736688800,36597833,1956147233.3200
2021-07-08,41.9590348800,39.2975708000,41.9590348800,39.0244000000,155418868,7890344986.3400
2021-07-09,39.2975708000,38.9463512000,39.7346440800,38.6419608800,82701878,4141886765.2600
2021-07-12,39.4926928000,39.3365952000,39.9141563200,38.8683024000,83956374,4227182159.9600
2021-07-13,39.6167310000,39.9928898600,40.6571704000,38.9844639800,59445017,2969602397.6600
2021-07-14,39.8568324000,39.1765451000,39.9208594400,38.3521969600,88551424,4295785382.5300
2021-07-15,39.2165620000,40.8572549000,41.1853934800,39.1925518600,87727298,4426680806.2300
2021-07-16,40.6251568800,40.8172380000,41.2974408000,40.3530419600,46210377,2357681005.2700
2021-07-19,40.8172380000,40.6811805400,40.9773056000,39.5447005800,46963076,2357941867.6600
2021-07-20,40.3770521000,39.9448695800,41.2094036200,39.7047681800,44688930,2245908474.8800
2021-07-21,40.0329067600,39.7767986000,40.4730926600,39.4166465000,50631917,2512788211.9800
2021-07-22,39.7687952200,40.2169845000,40.8972718000,39.5206904400,59235589,2987211474.2700
2021-07-23,40.2810115400,40.0569169000,40.5371197000,39.6167310000,42035280,2101810738.4200
2021-07-26,39.7127715600,38.1761226000,39.7367817000,38.0560719000,74992971,3616845775.1200
2021-07-27,38.1361057000,36.9516054600,38.3602003400,36.6554804000,74949518,3512047044.7000
2021-07-28,37.0636527800,37.9920448600,38.6883389200,37.0636527800,84730981,4027574990.9600
2021-07-29,38.5762916000,38.3762071000,38.6563254000,38.0160550000,64274521,3083677743.9100
2021-07-30,38.2161395000,37.2157170000,38.2561564000,36.9035851800,59195897,2760620844.0000
2021-08-02,37.4558184000,38.1841259800,38.5922983600,36.1832809800,83614684,3925085945.1100
2021-08-03,38.0960888000,38.0880854200,38.4962578000,37.5758691000,51875828,2456399175.6000
2021-08-04,38.0800820400,37.6158860000,38.3762071000,37.4558184000,51149988,2410938955.9500
2021-08-05,37.3597778400,37.4158015000,37.8559874000,36.8875784200,44230311,2070051630.4800
2021-08-06,37.1917068600,38.0880854200,38.2561564000,36.8955818000,50755757,2392067816.5400
2021-08-09,38.0800820400,39.2645822800,40.0169000000,38.0800820400,73043020,3599567199.8200
2021-08-10,39.2805890400,40.1849709800,40.4410791400,38.8644132800,66357548,3291349065.8300
2021-08-11,40.1849709800,40.7372042000,41.4334982600,40.0169000000,56855459,2905233228.2600
2021-08-12,40.5771366000,40.5611298400,41.2174070000,40.3450385800,39718245,2021030378.7500
2021-08-13,40.5851399800,40.9612988400,41.0973563000,40.2650047800,46740470,2379825404.3800
2021-08-16,40.9773056000,40.7131940600,41.0093191200,39.6167310000,74413969,3770118257.5300
2021-08-17,40.7131940600,39.7127715600,41.1373732000,39.6327377600,60323196,3044300923.4400
2021-08-18,40.0088966200,42.5299613200,42.8741066600,39.9528729600,123124236,6434458384.5100
2021-08-19,42.2578464000,41.2814340400,42.4979478000,41.1053596800,67630059,3515991219.1000
2021-08-20,41.4094881200,40.8412481400,42.0737686600,39.9368662000,69376473,3537372069.1200
2021-08-23,41.2014002400,41.5295388200,42.3138700600,40.9853089800,53901721,2806624179.9600
2021-08-24,41.6335827600,41.7776436000,42.2978633000,40.8252413800,52827690,2748379141.2200
2021-08-25,42.0817720400,41.1613833400,42.1858159800,40.9853089800,40738077,2107816696.0000
2021-08-26,41.5615523400,39.6967648000,41.5615523400,39.6007242400,76303507,3825334082.4600
2021-08-27,39.7767986000,40.2970183000,40.6731771600,39.6167310000,38614176,1942863648.7500
2021-08-30,40.2970183000,38.7763761000,40.2970183000,38.1040921800,107968202,5224229634.9800
2021-08-31,38.7763761000,39.1845484800,39.5767141000,38.2961733000,71044024,3451030103.2800
2021-09-01,39.1205214400,40.6491670200,40.7772211000,38.8964268000,82605536,4129767782.0300
2021-09-02,40.5691332200,41.2974408000,41.5215354400,40.2570014000,72620098,3729206236.5200
2021-09-03,41.3774746000,41.6175760000,41.8816875400,40.3450385800,64257332,3321589086.4900
2021-09-06,41.2254103800,40.9773056000,42.2178295000,40.9612988400,54742847,2830673161.1500
2021-09-07,41.0493360200,42.2658497800,42.4819410400,40.3770521000,77232009,4026086396.4300
2021-09-08,42.1938193600,41.9457145800,42.8580999000,41.8256638800,55390668,2921088034.6600
2021-09-09,41.6976098000,41.6976098000,42.1618058400,41.3614678400,35780025,1863278532.3500
2021-09-10,41.6175760000,43.3142925600,43.6344277600,41.4174915000,107097799,5766878118.7200
2021-09-13,42.9541404600,43.1542249600,43.6184210000,42.8180830000,59283043,3202583506.7900
2021-09-14,43.4583534000,41.6976098000,43.9305528200,41.4575084000,63116569,3336827188.4600
2021-09-15,41.6175760000,41.1373732000,42.0097416200,40.6571704000,54233793,2799380277.6300
2021-09-16,41.0013157400,40.5771366000,41.4815185400,40.1849709800,62989614,3193865170.4700
2021-09-17,40.6411636400,41.0173225000,41.2494205200,40.4170690000,42016472,2143690280.7700
2021-09-22,38.9604538400,39.5447005800,40.0008932400,38.4962578000,112259622,5492053805.4300
2021-09-23,39.6167310000,39.0885079200,40.4410791400,38.9044301800,86102453,4246316974.0800
2021-09-24,38.7763761000,39.0324842600,39.4806735400,38.7363592000,53203933,2596408378.2900
2021-09-27,38.6483220200,39.2885924200,39.8568324000,38.5842949800,66790515,3265832147.4800
2021-09-28,39.2965958000,40.3530419600,40.8012312400,39.2885924200,70992547,3562616328.7700
2021-09-29,39.9768831000,41.2654272800,41.7536334600,39.7047681800,90460986,4619317489.8500
2021-09-30,41.1373732000,40.3770521000,41.1613833400,40.0969338000,58611808,2960621630.8100
2021-10-08,40.0329067600,40.7612143400,40.8812650400,40.0329067600,64555292,3266919266.9400
2021-10-11,41.1693867200,42.4179140000,43.3623128400,41.1693867200,97177865,5171368866.2000
2021-10-12,42.1778126000,42.4899444200,43.0501810200,41.8576774000,58937329,3129716164.8100
2021-10-13,42.3778971000,42.4419241400,42.7380492000,41.6575929000,44255673,2335530448.2100
2021-10-14,42.4099106200,41.9056976800,42.6179985000,41.7776436000,28899621,1518009833.5500
2021-10-15,41.9777281000,42.6660187800,42.7700627200,41.8976943000,42035759,2230147908.2300
2021-10-18,42.6660187800,41.5055286800,42.6980323000,41.2574239000,57794539,3008070372.0000
2021-10-19,41.8176605000,42.3218734400,42.6740221600,41.6175760000,48169257,2545615998.2600
2021-10-20,42.5859849800,41.9377112000,42.9301303200,41.8416706400,30570959,1612336023.6900
2021-10-21,42.2978633000,43.0181675000,43.2182520000,42.0977788000,57658698,3084324264.8900
2021-10-22,43.2902824200,43.4503500200,43.8585224000,43.0021607400,54715058,2967094160.3100
2021-10-25,43.0821945400,43.6904514200,43.9625663400,42.4979478000,62334126,3376970796.1300
2021-10-26,43.6904514200,44.2586914000,45.0030057400,43.4583534000,71542369,3961794950.1100
2021-10-27,44.1786576000,43.6344277600,44.1786576000,43.0821945400,42039441,2287323386.4900
2021-10-28,43.4583534000,43.3943263600,44.0185900000,43.0982013000,34623228,1883008798.8100
2021-10-29,43.3943263600,43.1942418600,43.8185055000,42.9781506000,40543943,2197661116.9300
2021-11-01,43.2182520000,43.3142925600,43.9385562000,42.6580154000,42501781,2300857412.9200
2021-11-02,43.4983703000,41.8176605000,43.6104176200,41.3534644600,75220649,3957181526.7700
2021-11-03,41.8976943000,41.3774746000,42.0097416200,41.3534644600,44437241,2312474223.1800
2021-11-04,41.6175760000,41.4174915000,41.6976098000,41.0413326400,48291475,2492815499.2500
2021-11-05,41.3934813600,41.2654272800,41.7056131800,41.1533799600,36197416,1871325316.9300
2021-11-08,41.0733461600,41.0573394000,41.5375422000,40.6571704000,38674906,1984383358.4700
2021-11-09,41.1373732000,40.8652582800,41.3774746000,40.4971028000,38788364,1979827705.2500
2021-11-10,40.8652582800,40.5211129400,40.9372887000,40.0489135200,55807106,2812533071.6700
2021-11-11,40.4570859000,42.2738531600,42.3138700600,40.3850554800,84973170,4430680096.9200
2021-11-12,42.2738531600,41.9377112000,42.5619748400,41.8176605000,34359656,1807134405.0300
2021-11-15,42.2498430200,42.3618903400,42.9061201800,41.9137010600,36695032,1941710247.1300
2021-11-16,42.3378802000,42.0177450000,42.7220424400,41.7456300800,32231509,1699581536.8200
2021-11-17,41.7936503600,41.4895219200,42.2818565400,41.4655117800,33938551,1768981457.8700
2021-11-18,41.4575084000,41.1453765800,41.6175760000,40.8172380000,34244267,1762554163.7400
2021-11-19,41.2014002400,41.8816875400,42.2098261200,40.9052751800,46466797,2419758610.8600
2021-11-22,41.6976098000,41.3694712200,41.8896909200,41.2894374200,37653834,1952025765.3300
2021-11-23,41.4174915000,41.4174915000,41.8576774000,41.1693867200,38914891,2014132978.2500
2021-11-24,41.2894374200,41.4094881200,41.5375422000,40.9532954600,31503965,1622099211.2200
2021-11-25,41.3774746000,41.1533799600,41.3774746000,41.0093191200,21566020,1107928517.3600
2021-11-26,40.9773056000,40.0969338000,41.1773901000,39.9208594400,82335731,4141774917.3900
2021-11-29,39.8408256400,39.8728391600,40.0969338000,39.0725011600,82724704,4081227200.9200
2021-11-30,39.6007242400,39.6087276200,39.8968493000,39.1445315800,61004256,3008854121.9200
2021-12-01,39.6007242400,40.0088966200,40.1769676000,39.4406566400,50036103,2498326167.3200
2021-12-02,40.0249033800,40.7292008200,40.8172380000,39.6087276200,55607048,2814606846.1300
2021-12-03,40.8732616600,41.0173225000,41.0413326400,40.3930588600,49407647,2518566498.8400
2021-12-06,41.2094036200,41.4735151600,41.9377112000,41.0813495400,60471643,3140183372.9000
2021-12-07,41.8496740200,41.4895219200,42.0817720400,40.8972718000,54077371,2797815011.7200
2021-12-08,41.6015692400,41.6495895200,41.8416706400,41.1373732000,49097472,2543266829.4400
2021-12-09,41.8176605000,42.5219579400,43.0901979200,41.4575084000,84055721,4454333954.7300
2021-12-10,42.3378802000,42.8100796200,42.8100796200,42.1618058400,56426281,2996780162.0200
2021-12-13,42.8661032800,41.9537179600,43.3783196000,41.9457145800,64554566,3432179788.9300
2021-12-14,41.8736841600,40.9372887000,42.0177450000,40.6971873000,81062947,4165403557.9400
2021-12-15,40.8172380000,40.8172380000,41.0893529200,40.6411636400,37849327,1929195598.9500
2021-12-16,40.7452075800,40.9773056000,41.0573394000,40.5051061800,38365339,1957514898.9600
2021-12-17,40.8892684200,40.6331602600,41.1373732000,40.5451230800,47644905,2422698276.2700
2021-12-20,40.5771366000,40.5691332200,41.0573394000,40.3290318200,47082627,2394420816.0400
2021-12-21,40.5371197000,40.5211129400,40.8092346200,40.2570014000,35694442,1808288477.4000
2021-12-22,40.5211129400,40.0249033800,40.6171535000,39.9208594400,43682819,2189842100.3600
2021-12-23,40.1049371800,40.1929743600,40.2249878800,39.7607918400,42370871,2115301002.2100
2021-12-24,40.1929743600,39.9048526800,40.1929743600,39.8888459200,34465068,1721265879.4300
2021-12-27,39.9128560600,39.4806735400,40.0649202800,39.2165620000,73594333,3634240465.2100
2021-12-28,39.4806735400,39.7207749400,39.8568324000,39.3766296000,65322073,3237655242.8400
2021-12-29,39.7527884600,38.1120955600,39.7928053600,38.1040921800,143890268,6964711566.3300
2021-12-30,38.3281868200,38.8163930000,39.0404876400,38.1441090800,96791651,4682207989.0700
2021-12-31,38.8484065200,38.9844639800,39.1205214400,38.6803355400,49293501,2399746928.7200
2022-01-04,38.9844639800,38.6963423000,38.9844639800,38.0240583800,71960645,3452352170.2400
2022-01-05,38.8083896200,39.2565789000,39.7607918400,38.7363592000,83717375,4114524304.0400
2022-01-06,39.0725011600,38.5362747000,39.5286938200,38.4962578000,68186664,3299825727.2200
2022-01-07,38.5282713200,39.2565789000,39.3286093200,38.4482375200,66073705,3219523408.4400
2022-01-10,39.5927208600,39.4006397400,40.0169000000,39.1445315800,57093634,2818145070.5600
2022-01-11,39.6087276200,39.8968493000,40.0969338000,39.1285248200,71561748,3558651499.0600
2022-01-12,39.9128560600,39.8248188800,40.0969338000,39.3686262200,51841118,2574764176.7700
2022-01-13,39.8968493000,39.4886769200,40.0569169000,39.3126025600,40140754,1989903366.7700
2022-01-14,39.5927208600,38.4322307600,39.5927208600,38.4162240000,66657098,3218203399.9800
2022-01-17,38.7123490600,38.8804200400,39.0965113000,38.3281868200,53180761,2574842949.5000
2022-01-18,38.9364437000,39.2245653800,39.4886769200,38.6403186400,57907708,2835126314.7600
2022-01-19,39.5927208600,39.7767986000,40.0008932400,39.3045991800,62028026,3078947654.7600
2022-01-20,39.9208594400,41.1133630600,41.5295388200,39.9208594400,138624871,7089347715.9300
2022-01-21,41.1293698200,41.4735151600,41.6175760000,40.9853089800,85808094,4439219180.6800
2022-01-24,41.5775591000,41.4975253000,41.6175760000,40.8412481400,63815520,3288272323.5400
2022-01-25,41.2574239000,40.7372042000,41.4495050200,40.5771366000,58351289,2987207429.5300
2022-01-26,41.0173225000,40.8172380000,41.2094036200,40.4971028000,43669628,2226767107.4900
2022-01-27,40.7372042000,40.6331602600,40.9612988400,40.1129405600,52940057,2687973690.6500
2022-01-28,40.8572549000,39.3846329800,40.9773056000,39.3366127000,71514411,3576839774.2900
2022-02-07,40.2570014000,41.0973563000,41.2174070000,40.1209439400,73234913,3741572656.0100
2022-02-08,41.2574239000,41.3854779800,41.6175760000,40.8092346200,52824176,2724121498.8400
2022-02-09,41.5375422000,41.3134475600,41.8896909200,41.0413326400,51220706,2651984748.6300
2022-02-10,41.5375422000,41.3854779800,41.5375422000,40.8172380000,33554247,1725040528.5700
2022-02-11,41.4735151600,42.2258328800,42.4179140000,41.3374577000,80993265,4267478081.7400
2022-02-14,42.4099106200,40.9773056000,42.4099106200,40.8172380000,59405166,3060509962.1900
2022-02-15,40.7772211000,40.1929743600,41.1213664400,39.9768831000,56617903,2851170328.8500
2022-02-16,40.4650892800,40.8732616600,41.1053596800,40.2009777400,40495579,2065162805.6700
2022-02-17,41.0333292600,41.1853934800,41.6015692400,40.7532109600,44157043,2281127847.1200
2022-02-18,41.0173225000,41.6655962800,41.7056131800,41.0173225000,35439010,1837821805.6100
2022-02-21,41.4815185400,41.4254948800,41.5295388200,40.8252413800,31345076,1610843079.6100
2022-02-22,40.8812650400,40.9933123600,41.0973563000,40.6091501200,36983993,1887326606.6700
2022-02-23,41.1853934800,40.6811805400,41.1853934800,40.5371197000,37499974,1905978106.2000
2022-02-24,40.4570859000,40.0329067600,40.4810960400,39.8968493000,48238083,2418202038.9600
2022-02-25,40.0489135200,39.8648357800,40.4170690000,39.6567479000,45184050,2256854494.1300
2022-02-28,39.6887614200,39.8568324000,39.9688797200,39.4646667800,33528964,1662895008.0000
2022-03-01,40.0169000000,40.2089811200,40.4170690000,39.5046836800,40645436,2027737712.0000
2022-03-02,39.8568324000,39.5927208600,40.2009777400,39.5687107200,39707598,1972076240.0000
2022-03-03,39.6807580400,39.8008087400,39.9928898600,39.5767141000,31128967,1546031520.0000
2022-03-04,39.4166465000,38.9764606000,39.5286938200,38.8163930000,57789720,2818733872.0000
2022-03-07,38.4242273800,37.4238048800,38.6243118800,37.2157170000,101435369,4773665792.0000
2022-03-08,37.2637372800,36.3993722400,37.4318082600,36.1752776000,83466464,3842685600.0000
2022-03-09,36.4954128000,35.5270038200,36.5994567400,34.4225373800,90043112,4012104656.0000
2022-03-10,36.4954128000,35.7751086000,36.5754466000,35.7190849400,67149583,3031093296.0000
2022-03-11,35.6150410000,35.5750241000,35.8471390200,34.4945678000,74052488,3252533328.0000
2022-03-14,34.8147030000,33.7342467000,35.1988652400,33.6942298000,108046557,4627178752.0000
2022-03-15,33.3020641800,31.5733341000,33.3020641800,31.3572428400,131309249,5293255424.0000
2022-03-16,32.0615402800,34.0783920400,34.2544664000,31.9414895800,137744932,5685452800.0000
2022-03-17,35.3349227000,35.6230443800,36.1512674600,34.9507604600,131964759,5873750272.0000
2022-03-18,35.6950748000,36.9516054600,36.9516054600,35.2308787600,92358531,4173209905.1500
2022-03-21,36.7275108200,35.8631457800,36.7275108200,35.6950748000,79103220,3566893331.5000
2022-03-22,36.0472235200,36.4393891400,36.7035006800,35.8711491600,54903830,2497185116.6400
2022-03-23,36.5674432200,36.6234668800,36.7915378600,36.2553114000,46995984,2148515086.2500
2022-03-24,36.4954128000,36.6314702600,36.8875784200,36.3033316800,38033234,1742027092.4700
2022-03-25,36.5834499800,36.1592708400,36.7755311000,36.0152100000,31825936,1445681950.9900
2022-03-28,35.8871559200,36.0552269000,36.4153790000,35.4149565000,38645874,1736237600.8200
2022-03-29,36.1352607000,36.0232133800,36.4553959000,35.9431795800,34962089,1580213154.0400
2022-03-30,36.3033316800,36.9996257400,37.0556494000,36.2953283000,52072269,2389901320.4100
2022-03-31,36.8075446200,37.4558184000,37.7119265600,36.6714871600,61588490,2878948596.5300
2022-04-01,37.2077136200,37.6959198000,37.9920448600,37.0396426400,47613944,2233625273.2200
2022-04-06,37.1356832000,37.9280178200,38.2001327400,37.1196764400,47826855,2260412706.3800
2022-04-07,37.8960043000,37.5038386800,38.0880854200,37.2797440400,37720107,1776370371.3000
2022-04-08,37.3757846000,37.7599468400,37.7599468400,37.2957508000,36423474,1711753064.4600
2022-04-11,37.3837879800,36.7355142000,37.5118420600,36.4874094200,49261173,2263984280.7400
2022-04-12,36.9756156000,36.5754466000,37.1837034800,36.1032471800,58884049,2691571029.9600
2022-04-13,36.5754466000,36.6154635000,36.8955818000,36.2633147800,44822252,2054724467.7100
2022-04-14,36.8235513800,36.6234668800,37.1596933400,36.6154635000,32661329,1503135688.9100
2022-04-15,36.5754466000,37.4798285400,37.6158860000,36.4073756200,42315903,1962144156.6000
2022-04-18,36.7835344800,34.7266658200,36.7835344800,34.2384596400,236677506,10320718085.4300
2022-04-19,33.6141960000,33.6942298000,34.2144495000,33.1339932000,250477022,10505571111.1000
2022-04-20,33.4541284000,32.8938918000,33.5981892400,32.7338242000,131826851,5440590528.2700
2022-04-21,32.5737566000,33.0379526400,33.6942298000,32.4937228000,114350098,4747988004.4600
2022-04-22,32.5417430800,34.0143650000,34.3905238600,32.5337397000,119533984,5041291328.1900
2022-04-25,32.3176484400,31.0771245400,32.7738411000,30.9890873600,236874515,9367538010.0500
2022-04-26,31.1011346800,30.7409825800,31.3412360800,30.0927088000,145471877,5605383080.6600
2022-04-27,30.2767865400,30.4448575200,30.9170569400,30.1007121800,154620795,5867256791.1900
2022-04-28,30.4608642800,31.7093915600,32.0775470400,30.3728271000,156452310,6124749761.4300
2022-04-29,31.2932158000,31.9574963400,32.1815909800,30.9890873600,123692861,4884561443.3500
2022-05-05,31.7414050800,31.4212698800,32.1575808400,31.2291887600,94425132,3712525675.8600
2022-05-06,30.9730806000,30.3408135800,31.0130975000,30.3328102000,88945545,3392746138.5600
2022-05-09,30.2527764000,29.1883268600,30.2687831600,28.9322187000,125240592,4603133910.5900
2022-05-10,28.7961612400,29.5964992400,29.7405600800,28.2199178800,121763735,4424738770.8200
2022-05-11,29.4764485400,29.7805769800,30.0606952800,29.2923708000,87239856,3245600405.2200
2022-05-12,29.4524384000,29.3003741800,29.6605262800,29.1563133400,63002311,2309969909.2500
2022-05-13,29.5964992400,29.7325567000,30.0927088000,29.5324722000,70130077,2610117535.1900
2022-05-16,29.7165499400,29.5244688200,29.7165499400,29.1643167200,64474236,2373534396.2800
2022-05-17,29.9006276800,30.8930468000,30.9170569400,29.9006276800,118395443,4517008501.3900
2022-05-18,31.2131820000,30.8130130000,31.2772090400,30.3328102000,88775539,3406772014.4700
2022-05-19,30.3248068200,30.4368541400,30.6129285000,30.0286817600,54201095,2054604083.7100
2022-05-20,31.0130975000,31.9815064800,32.1575808400,31.0130975000,133887244,5296502626.6300
2022-05-23,31.9895098600,31.6053476200,32.0535369000,31.5733341000,61808829,2449773574.7500
2022-05-24,31.6933848000,31.1331482000,31.8774625400,31.0851279200,68742972,2695176600.3300
2022-05-25,31.1971752400,31.0371076400,31.2932158000,30.9250603200,48902540,1897867054.1900
2022-05-26,31.2131820000,30.7569893400,31.2131820000,30.4768710400,61542963,2361966486.5800
2022-05-27,31.1331482000,31.3092225600,31.5413205800,30.9970907400,60839589,2382330330.3600
2022-05-30,31.6133510000,31.2692056600,31.6133510000,31.0451110200,47153667,1841958552.2600
2022-05-31,31.2531989000,31.7654152200,31.8134355000,31.0531144000,64540394,2550654576.7300
2022-06-01,31.7734186000,31.7654152200,31.7734186000,31.4292732600,43383408,1714345934.5600
2022-06-02,31.4532834000,31.1491549600,31.5573273400,31.0050941200,54728121,2129924527.8300
2022-06-06,31.0931313000,31.1891718600,31.2371921400,30.4928778000,69870287,2692557419.1900
2022-06-07,31.1811684800,31.4933003000,31.6133510000,30.9490704600,62272629,2441620702.6800
2022-06-08,31.5013036800,31.6373611400,31.6933848000,31.2291887600,59693086,2345955706.7900
2022-06-09,31.6133510000,32.2456180200,32.4937228000,31.5413205800,90860722,3656593721.4100
2022-06-10,31.9414895800,32.1095605600,32.1415740800,31.6133510000,79539375,3166842600.3600
2022-06-13,31.6613712800,30.8690366600,31.6613712800,30.6849589200,97131216,3770847475.3400
2022-06-14,30.5729116000,31.4052631200,31.4532834000,30.5008811800,59836244,2314895046.8600
2022-06-15,31.3652462200,32.3976822400,32.8938918000,31.3652462200,139489478,5639026273.7900
2022-06-16,32.7178174400,31.9815064800,32.7978512400,31.9815064800,63688339,2567652086.3600
2022-06-17,31.8854659200,31.8934693000,32.1495774600,31.4292732600,55073077,2188790580.0500
2022-06-20,31.9254828200,31.7734186000,32.0935538000,31.5333172000,61420616,2440349614.2600
2022-06-21,31.8054321200,32.2776315400,32.5337397000,31.5733341000,58391388,2351462261.3600
2022-06-22,32.3336552000,31.4612867800,32.3896788600,31.4532834000,73071187,2896990423.5500
2022-06-23,31.4692901600,32.1255673200,32.1815909800,31.4692901600,61602983,2459925120.8400
2022-06-24,32.2296112600,32.1735876000,32.4857194200,31.7414050800,63995033,2559336618.5700
2022-06-27,32.2776315400,33.0139425000,33.1019796800,32.1335707000,89340811,3664489438.5900
2022-06-28,32.8938918000,33.0379526400,33.1499999600,32.7338242000,49916367,2054696485.8000
2022-06-29,33.0299492600,32.8218613800,33.3820979800,32.8058546200,62280411,2571017815.0000
2022-06-30,32.8458715200,33.7742636000,34.1744326000,32.7818444800,83262823,3502837233.2700
2022-07-01,33.9183244400,33.1179864400,33.9183244400,32.9819289800,69574815,2888674474.5900
2022-07-04,33.0379526400,32.8538749000,33.1099830600,32.6537904000,48691785,2000021773.7000
2022-07-05,33.1820134800,32.7978512400,33.3500844600,32.6217768800,53453841,2198036072.9600
2022-07-06,32.7818444800,31.8534524000,32.8858884200,31.6933848000,88526638,3542584701.7200
2022-07-07,31.8534524000,31.8134355000,32.1495774600,31.6533679000,50812921,2024650565.6400
2022-07-08,32.1735876000,31.8614557800,32.1895943600,31.7173949400,48036145,1912947039.9800
2022-07-11,31.6773780400,31.5653307200,31.7654152200,31.3732496000,40375487,1589869329.6800
2022-07-12,31.5013036800,31.4532834000,31.8534524000,31.2371921400,58062988,2285703403.6800
2022-07-13,31.2692056600,30.3328102000,31.4132665000,30.1647392200,141083081,5383917612.9300
2022-07-14,29.7485634600,29.1963302400,29.7645702200,28.4119990000,232523374,8431357289.6800
2022-07-15,29.3132385000,29.1211574500,30.0314546000,29.1128061000,138245173,4872775478.7700
2022-07-18,29.3549952500,29.7558600500,29.9312384000,29.2380763500,90308021,3202227202.4500
2022-07-19,29.6472925000,29.8226708500,29.9395897500,29.3967520000,53781384,1910448533.6900
2022-07-20,30.0147519000,29.9395897500,30.1650762000,29.8226708500,46968871,1685116916.1400
2022-07-21,29.6806979000,29.6138871000,29.9228870500,29.5387249500,46624082,1656137611.8400
2022-07-22,29.6890492500,29.7224546500,30.1066167500,29.4385087500,51033274,1817477340.3300
2022-07-25,29.5470763000,29.9395897500,30.0481573000,29.4134547000,40464861,1447583000.3500
2022-07-26,29.9395897500,30.3404545500,30.3571572500,29.8894816500,45628522,1651632359.8300
2022-07-27,30.2569410500,30.1066167500,30.3571572500,29.9896978500,44247135,1597140637.2100
2022-07-28,30.1483735000,29.8811303000,30.3571572500,29.8560762500,57066760,2054633516.1100
2022-07-29,29.9228870500,29.2881844500,30.2151843000,29.2380763500,64970631,2299974526.5500
2022-08-01,29.2213736500,28.8288602000,29.2380763500,28.7704007500,70588273,2445426274.0700
2022-08-02,28.5616170000,28.3194278500,28.5699683500,27.8350495500,81160751,2741206157.6400
2022-08-03,28.3110765000,27.6095631000,28.8038061500,27.5176982500,100320625,3341394263.8800
2022-08-04,27.8350495500,28.1106441000,28.1440495000,27.7515360500,59307271,1986094524.0000
2022-08-05,28.2359143500,28.6451305000,28.6785359000,28.0772387000,48871948,1660667569.0000
2022-08-08,28.5532656500,28.3194278500,28.8038061500,28.0772387000,57211197,1942979975.0000
2022-08-09,28.3528332500,28.0605360000,28.3528332500,27.8935090000,49867119,1675279850.0000
2022-08-10,28.0271306000,27.6847252500,28.1440495000,27.5845090500,52960480,1758806053.0000
2022-08-11,27.9436171000,28.6952386000,28.7286440000,27.7097793000,82668809,2799671312.0000
2022-08-12,28.5282116000,28.7035899500,28.7620494000,28.4196440500,40200050,1377797391.0000
2022-08-15,28.4781035000,28.1691035500,28.6701845500,28.0020765500,45918083,1554089642.3400
2022-08-16,28.2776711000,28.3194278500,28.7035899500,28.1858062500,47915454,1629408746.9100
2022-08-17,28.3945900000,28.5950224000,28.6701845500,28.0104279000,45395476,1545822426.1900
2022-08-18,28.5031575500,28.1607522000,28.5365629500,27.9269144000,50734443,1709182802.8300
2022-08-19,27.9603198000,28.2693197500,28.5198602500,27.9436171000,42844967,1455096382.8400
2022-08-22,28.0104279000,28.0772387000,28.4948062000,27.9770225000,52563482,1773361291.7300
2022-08-23,28.0521846500,27.6429685000,28.0605360000,27.5761577000,53965720,1791825378.4600
2022-08-24,27.6763739000,27.4258334000,27.9269144000,27.3924280000,58965852,1950217426.6000
2022-08-25,27.4759415000,28.1356981500,28.2025089500,27.2170496500,65073875,2161568446.4100
2022-08-26,28.1440495000,28.1440495000,28.4279954000,27.8350495500,54968310,1852196046.2400
2022-08-29,27.8183468500,27.7932928000,28.2442657000,27.6513198500,38901392,1293596315.8300
2022-08-30,27.6513198500,28.2192116500,28.2860224500,27.6262658000,59087736,1983189091.3600
2022-08-31,28.0104279000,29.2714817500,29.4301574000,27.9519684500,166545105,5773783193.8900
2022-09-01,29.1128061000,28.8121575000,29.2631304000,28.8038061500,60742108,2109230456.0400
2022-09-02,28.8956710000,28.6618332000,29.1462115000,28.4948062000,47663498,1638046862.8000
2022-09-05,28.6033737500,28.5866710500,28.7202926500,28.0271306000,46737206,1585571171.4700
2022-09-06,28.6618332000,28.0772387000,29.0209412500,27.9770225000,87756101,2969378343.2200
2022-09-07,27.8517522500,27.8768063000,27.9603198000,27.6095631000,62522016,2077538979.5700
2022-09-08,27.8684549500,27.8099955000,28.0020765500,27.7682387500,41667222,1390770602.8600
2022-09-09,27.9352657500,28.8121575000,29.0292926000,27.8768063000,135166615,4636864233.7800
2022-09-13,28.7704007500,29.5220222500,29.7725627500,28.6367791500,143861057,5071277447.9900
2022-09-14,29.1462115000,29.1128061000,29.4802655000,28.9875358500,56078636,1960637593.2500
2022-09-15,29.3549952500,30.0732113500,30.1149681000,29.3549952500,134095049,4805992200.6400
2022-09-16,29.8059681500,29.1879682500,30.0648600000,29.1629142000,86516134,3050978941.3500
2022-09-19,29.1378601500,29.3048871500,29.4969682000,29.0209412500,44998129,1578116276.6600
2022-09-20,29.3132385000,28.8455629000,29.3884006500,28.6868872500,50434551,1745868527.7700
2022-09-21,28.7704007500,28.7369953500,29.1295088000,28.2776711000,53038925,1821095332.0400
2022-09-22,28.3945900000,28.5365629500,28.6033737500,28.3194278500,38514551,1310807202.8200
2022-09-23,28.3945900000,28.6952386000,28.9457791000,28.3945900000,36643717,1258753250.7900
2022-09-26,28.4112927000,28.3528332500,28.8288602000,28.2609684000,52549140,1789545993.4100
2022-09-27,28.3027251500,28.3110765000,28.4363467500,27.9269144000,47541362,1604082625.3200
2022-09-28,28.2192116500,28.1189954500,28.3945900000,27.9102117000,48729860,1642543373.9300
2022-09-29,28.3862386500,27.6847252500,28.6618332000,27.5594550000,61785902,2073148613.3000
2022-09-30,27.7765901000,28.1022927500,28.3528332500,27.6596712000,53971707,1816711649.9300
2022-10-10,27.5511036500,26.5572930000,27.6346171500,26.0979687500,127799132,4068516527.0300
2022-10-11,26.5489416500,26.2232390000,26.7827794500,26.1480768500,61866447,1953843164.5000
2022-10-12,26.0979687500,25.8474282500,26.1397255000,25.0958067500,117369975,3590021718.2900
2022-10-13,25.4465634500,24.9621851500,25.5217256000,24.8035095000,135038091,4045377680.1200
2022-10-14,25.3045905000,25.9559958000,26.0729147000,25.1375635000,126919692,3911873391.5300
2022-10-17,25.6386445000,25.9058877000,26.0395093000,25.5050229000,64630961,1997396403.7400
2022-10-18,26.1397255000,25.7221580000,26.2065363000,25.6386445000,56281382,1739815952.7000
2022-10-19,25.6553472000,25.2711851000,25.9476444500,25.2294283500,52827518,1614469065.5800
2022-10-20,25.0540500000,25.1125094500,25.4298607500,24.9538338000,55115404,1657020701.7800
2022-10-21,25.1793202500,24.7032933000,25.2795364500,24.6364825000,72871094,2171956543.1200
2022-10-24,24.5446176500,23.4004827000,24.6281311500,23.3837800000,145145835,4134436262.3900
2022-10-25,23.4004827000,23.5424556500,23.7762934500,23.2251043500,86028249,2418347972.6300
2022-10-26,23.3670773000,23.3253205500,23.6510232000,23.1833476000,75402189,2113201162.7900
2022-10-27,23.5508070000,23.3336719000,23.7512394000,23.3002665000,76286564,2145320724.4000
2022-10-28,23.0497260000,22.6989693000,23.3837800000,22.5402936500,94946422,2601030856.0100
2022-10-31,22.4651315000,22.3983207000,22.6572125500,21.9640505000,95303253,2553633470.7100
2022-11-01,22.6321585000,23.5424556500,23.5925637500,22.5569963500,105901901,2937217653.0900
2022-11-02,23.5174016000,23.7345367000,23.9683745000,23.2585097500,72836102,2060238784.9200
2022-11-03,23.6760772500,23.4255367500,23.7011313000,23.2835638000,50172213,1410971285.0500
2022-11-04,23.4255367500,24.2857258000,24.4276987500,23.3754286500,92682957,2676989831.2600
2022-11-07,24.0518880000,24.3525366000,24.5780230500,23.9015637000,54538019,1585520853.5300
2022-11-08,24.3859420000,24.3441852500,24.5362663000,24.1688069000,43978188,1281125722.0900
2022-11-09,24.3441852500,24.3692393000,24.6782392500,24.2189150000,46305956,1353976618.2000
2022-11-10,24.2189150000,24.3775906500,24.4694555000,24.0268339500,40004562,1163044392.9800
2022-11-11,25.1375635000,26.0896174000,26.5572930000,24.8118608500,168871688,5192860255.6900
2022-11-14,27.1418875000,27.6763739000,28.1356981500,26.9999145500,204968536,6818027855.1300
2022-11-15,27.6847252500,27.7932928000,28.2526170500,27.3506712500,91330506,3043238573.0600
2022-11-16,27.7765901000,27.8768063000,27.9603198000,27.4425361000,61459443,2043574641.0300
2022-11-17,27.8099955000,26.9832118500,27.8099955000,26.7243200000,103715191,3358356943.6900
2022-11-18,26.9665091500,26.7827794500,27.2922118000,26.5823470500,56273194,1805184082.6400
2022-11-21,26.3902660000,26.6157524500,26.6992659500,25.9309417500,47910404,1512009169.7200
2022-11-22,26.7827794500,27.1001307500,27.4592388000,26.5572930000,65416650,2120960840.4400
2022-11-23,26.9999145500,26.9080497000,27.5176982500,26.8495902500,57764427,1878620068.3100
2022-11-24,27.2254010000,26.9080497000,27.4508874500,26.7911308000,40630100,1314257027.5100
2022-11-25,26.8996983500,27.5761577000,27.7431847000,26.8746443000,83012155,2729700884.8400
2022-11-28,26.8078335000,26.6909146000,26.8161848500,26.2649957500,80937686,2566010757.6400
2022-11-29,27.3840766500,29.1128061000,29.1545628500,27.3506712500,175318695,5977811958.2800
2022-11-30,28.6701845500,29.1963196000,29.5971844000,28.5616170000,87332461,3048012198.0400
2022-12-01,29.9813465000,29.2297250000,30.4824275000,29.1044547500,83139723,2948536901.5600
2022-12-02,29.2297250000,28.7202926500,29.2297250000,28.5282116000,59846240,2055897651.6700
2022-12-05,29.2046709500,30.1483735000,30.1483735000,28.9040223500,105060439,3735713567.3600
2022-12-06,29.9896978500,29.9395897500,30.0481573000,29.5804817000,65110353,2322429385.3000
2022-12-07,29.8978330000,29.4969682000,30.0231032500,29.4802655000,56460628,2005014218.8300
2022-12-08,29.4385087500,29.6055357500,29.8727789500,29.3633466000,44355151,1574334289.7000
2022-12-09,29.8978330000,30.6912112500,30.8415355500,29.7558600500,95816291,3491269581.5600
2022-12-12,30.4072653500,29.8894816500,30.5659410000,29.7976168000,60626240,2186064377.7700
2022-12-13,29.8393735500,30.1817789000,30.2819951000,29.7391573500,38290398,1379130447.4400
2022-12-14,30.1817789000,30.8248328500,30.9334004000,30.0815627000,64436167,2361876160.1600
2022-12-15,30.5826437000,30.3404545500,30.8665896000,30.2485897000,40340341,1470344982.5300
2022-12-16,30.3154005000,30.9751571500,31.0670220000,30.3154005000,60782001,2242781163.0100
2022-12-19,30.9835085000,30.4824275000,31.1839409000,30.2736437500,54784253,2014825881.7100
2022-12-20,30.2652924000,29.8310222000,30.5241842500,29.4802655000,70291116,2518741582.1500
2022-12-21,30.0565086500,30.0231032500,30.2569410500,29.8226708500,33049776,1188825669.0900
2022-12-22,30.5074815500,30.4824275000,30.7747247500,30.2736437500,35971483,1312827353.5100
2022-12-23,30.3070491500,30.3738599500,30.7329680000,30.1901302500,33058360,1204442483.7400
2022-12-26,30.3571572500,30.0231032500,30.7329680000,29.9729951500,36047352,1309281787.8200
2022-12-27,30.4406707500,30.6244004500,30.8832923000,30.3404545500,36790747,1350814519.2500
2022-12-28,30.6244004500,31.1755895500,31.3342652000,30.5492383000,52885997,1970716247.7100
2022-12-29,30.8164815000,31.0920760500,31.1672382000,30.6076977500,51362913,1902491091.8900
2022-12-30,31.1839409000,31.1171301000,31.4261300500,31.0586706500,52322805,1959907427.9200
2023-01-03,30.9668058000,31.3843733000,31.5514003000,30.5074815500,60626616,2255334391.0400
2023-01-04,31.5514003000,32.2779677500,32.4282920500,31.3426165500,83645411,3207024323.6200
2023-01-05,32.5619136500,32.1526975000,32.7957514500,32.0691840000,61908519,2398823818.0100
2023-01-06,32.2863191000,32.0524813000,32.5118055500,31.6432651500,59000699,2255711423.6900
2023-01-09,32.0775353500,32.4032380000,32.6537785000,32.0775353500,49914886,1937276819.4000
2023-01-10,32.3865353000,31.9439137500,32.4032380000,31.8687516000,54197159,2078031130.7400
2023-01-11,32.0524813000,32.5034542000,32.7205893000,31.8520489000,54170698,2107076771.9100
2023-01-12,32.6621298500,32.6120217500,32.6955352500,32.3447785500,30434871,1185494430.7800
2023-01-13,32.6287244500,33.1214541000,33.1214541000,32.5452109500,46376708,1825772733.3500
2023-01-16,33.4054000000,33.7979134500,34.3574539000,33.2383730000,88046855,3569434000.0700
2023-01-17,33.7812107500,33.9732918000,34.1904269000,33.6392378000,43204705,1752751492.6800
2023-01-18,33.9482377500,33.7227513000,34.1987782500,33.5974810500,29467472,1191075288.6100
2023-01-19,33.5724270000,33.9482377500,34.0735080000,33.3385892000,47249021,1910434243.6400
2023-01-20,34.2238323000,34.2822917500,34.3240485000,33.9732918000,41340273,1692997049.7600
2023-01-30,35.5349942500,35.1007240500,35.6018050500,34.9503997500,100700740,4255796700.2800
2023-01-31,35.3679672500,34.4159133500,35.3679672500,34.4159133500,64231185,2677248181.6600
2023-02-01,34.7750214000,33.8563729000,34.8167781500,33.3636432500,91679130,3709963959.4100
2023-02-02,33.9899945000,33.4304540500,34.0317512500,33.0295892500,72723293,2898996930.5300
2023-02-03,33.2300216500,32.8208055000,33.2300216500,32.5786163500,63816364,2506324574.0000
2023-02-06,32.3364272000,32.0274272500,32.3531299000,31.6349138000,73100066,2790029317.1700
2023-02-07,32.1526975000,32.0775353500,32.5201569000,31.8687516000,42657086,1643882586.2100
2023-02-08,32.1526975000,32.1443461500,32.5034542000,32.0357786000,31706528,1222704067.6600
2023-02-09,32.0858867000,32.1443461500,32.4784001500,32.0023732000,49817481,1920854680.5000
2023-02-10,31.9856705000,31.8687516000,32.0608326500,31.6516165000,41102639,1567982947.6800
2023-02-13,31.6516165000,31.5012922000,31.7184273000,30.9584544500,82518134,3095654449.8500
2023-02-14,31.5514003000,31.7351300000,31.7852381000,31.3259138500,48607663,1836814071.8900
2023-02-15,31.7351300000,31.0419679500,31.8102921500,30.8999950000,77104778,2872782991.1400
2023-02-16,31.0670220000,31.1254814500,31.6098597500,30.9166977000,65415231,2453427441.1200
2023-02-17,31.0252652500,30.6578058500,31.2173463000,30.6327518000,57581280,2130963531.0400
2023-02-20,30.7496707000,32.1443461500,32.1610488500,30.7496707000,108022830,4089276989.8600
2023-02-21,32.0942380500,32.3113731500,32.4199407000,31.8436975500,53046540,2043801361.9000
2023-02-22,32.1192921000,31.8687516000,32.2362110000,31.8520489000,38309139,1467027311.4200
2023-02-23,31.8687516000,31.9606164500,32.3781839500,31.8687516000,37063824,1423074975.2100
2023-02-24,31.8771029500,31.2841571000,31.9439137500,31.2340490000,53369015,2011474599.8400
2023-02-27,31.1254814500,31.0336166000,31.3843733000,30.9751571500,44933367,1674343229.9300
2023-02-28,31.0419679500,31.1588868500,31.3008598000,30.7747247500,37822552,1405386499.5000
2023-03-01,31.1087787500,31.9439137500,32.0190759000,31.0670220000,57119401,2169732584.6400
2023-03-02,31.7685354000,31.9439137500,32.1526975000,31.5430489500,34907009,1332878910.8900
2023-03-03,32.1526975000,31.9439137500,32.3781839500,31.6516165000,35711390,1365470222.0600
2023-03-06,31.7518327000,30.8999950000,31.9272110500,30.8248328500,81051939,3015166370.4300
2023-03-07,30.8081301500,30.5325356000,31.3008598000,30.4072653500,73741149,2722185233.9300
2023-03-08,30.2736437500,30.0648600000,30.3321032000,29.8978330000,61658357,2216886861.9600
2023-03-09,30.0648600000,29.7141033000,30.1316708000,29.6472925000,53999602,1928666141.3900
2023-03-10,29.2714817500,29.2547790500,29.7809141000,29.1879682500,55845366,1963698972.4500
2023-03-13,29.1629142000,29.2714817500,29.5470763000,28.9875358500,58420463,2046110684.8100
2023-03-14,28.9624818000,28.8789683000,29.1712655500,28.6785359000,62666750,2168927833.5000
2023-03-15,29.3549952500,29.1295088000,29.8226708500,29.1295088000,67638378,2380639264.4800
2023-03-16,28.8121575000,28.9374277500,29.3549952500,28.5699683500,40389489,1401995821.9800
2023-03-17,29.2464277000,28.6952386000,29.5387249500,28.4112927000,83271578,2893458533.0500
2023-03-20,28.7620494000,28.4948062000,29.1545628500,28.4112927000,52072515,1790157156.7300
2023-03-21,28.5699683500,28.5866710500,28.8121575000,28.4029413500,36747539,1256872360.3100
2023-03-22,28.8288602000,28.8455629000,29.0042385500,28.6284278000,45986740,1587045184.2300
2023-03-23,28.7286440000,29.3967520000,29.5136709000,28.6618332000,54214633,1890730122.6100
2023-03-24,29.2130223000,28.7536980500,29.2130223000,28.5866710500,67871839,2342134999.2200
2023-03-27,28.8956710000,28.5699683500,28.8956710000,28.4363467500,44983610,1538661023.9100
2023-03-28,28.7369953500,28.7286440000,28.9958872000,28.5449143000,53323436,1834470874.2300
2023-03-29,28.9040223500,28.4948062000,28.9791845000,28.4781035000,41863012,1433206732.9200
2023-03-30,28.5198602500,28.6868872500,28.7202926500,28.1524008500,56228970,1915822303.7200
2023-03-31,28.6952386000,28.6200764500,29.0794007000,28.5115089000,57779428,1993103478.9300
2023-04-03,28.6534818500,28.7035899500,28.7704007500,28.3778873000,50467501,1727952627.6600
2023-04-04,28.7119413000,28.6284278000,28.7453467000,28.4446981000,48782066,1668757195.8100
2023-04-06,28.5365629500,28.2275630000,28.5365629500,28.1691035500,48679567,1650684311.6500
2023-04-07,28.2693197500,28.5115089000,28.6117251000,28.1858062500,39414120,1343439511.4100
2023-04-10,28.5198602500,28.5950224000,28.6451305000,28.3695359500,33015949,1128256664.9700
2023-04-11,28.5950224000,28.1691035500,28.6785359000,28.0855900500,73399153,2485887911.9200
2023-04-12,28.3027251500,28.1774549000,28.3528332500,28.1106441000,41612769,1403968678.5700
2023-04-13,28.1022927500,28.4029413500,28.5950224000,27.7682387500,63430456,2142100175.3300
2023-04-14,28.5616170000,28.7202926500,29.0543466500,28.4112927000,69392338,2387857214.1500
2023-04-17,28.6618332000,29.3967520000,29.3967520000,28.4781035000,89373012,3107511587.1800
2023-04-18,29.4051033500,29.7976168000,30.3571572500,29.3299412000,94271463,3375509116.3000
2023-04-19,29.9312384000,29.6472925000,29.9312384000,29.4802655000,51088648,1815680622.0700
2023-04-20,29.7308060000,29.2213736500,29.8477249000,29.1128061000,68091530,2393722844.5700
2023-04-21,29.2213736500,28.8121575000,29.3800493000,28.7536980500,53159146,1849378443.0000
2023-04-24,28.8288602000,28.0605360000,28.9708331500,27.9853738500,72987368,2474101752.7900
2023-04-25,28.0688873500,28.4196440500,28.5115089000,27.9853738500,51221280,1731551112.8300
2023-04-26,28.2275630000,28.2442657000,28.3611846000,27.8517522500,49650070,1673601449.8500
2023-04-27,27.5344009500,27.2504550500,27.5511036500,26.8412389000,155927939,5072330698.3200
2023-04-28,27.1084821000,28.0605360000,28.1858062500,27.0667253500,94021308,3136764114.5300
2023-05-04,27.8016441500,28.5031575500,28.7286440000,27.4174820500,72543303,2457318979.1800
2023-05-05,28.5449143000,28.9708331500,29.2798331000,28.5198602500,80088973,2785096473.7400
2023-05-08,29.1128061000,29.7308060000,30.0231032500,28.9290764000,106426580,3773892300.0000
2023-05-09,29.7976168000,29.2213736500,30.1483735000,29.1963196000,98552978,3503564878.4200
2023-05-10,29.1462115000,28.7286440000,29.3299412000,28.6367791500,63837387,2203715636.7000
2023-05-11,28.8956710000,28.7704007500,29.5053195500,28.7286440000,44580284,1547837683.0800
2023-05-12,28.7871034500,28.4279954000,28.8539142500,28.3945900000,45936569,1569062496.7700
2023-05-15,28.4697521500,28.9791845000,29.1044547500,28.1524008500,52809453,1811811262.5100
2023-05-16,29.1879682500,29.0794007000,29.3967520000,28.8706169500,38524804,1341479236.4400
2023-05-17,29.0710493500,28.8121575000,29.3382925500,28.7536980500,39637635,1380094248.0900
2023-05-18,29.0042385500,28.7704007500,29.0961034000,28.5699683500,32901230,1137523120.5900
2023-05-19,28.6868872500,28.3528332500,28.7704007500,28.3444819000,39298980,1339332374.9900
2023-05-22,28.3778873000,28.5616170000,28.6785359000,28.3778873000,29693441,1014463032.7600
2023-05-23,28.5699683500,28.0605360000,28.7119413000,28.0605360000,34692126,1177389440.6700
2023-05-24,28.0521846500,27.5009955500,28.0521846500,27.5009955500,46399873,1541649339.0500
2023-05-25,27.3590226000,27.0750767000,27.3590226000,26.8579416000,70605103,2286618238.5800
2023-05-26,27.0917794000,27.3423199000,27.4425361000,26.9080497000,29462374,958855792.2300
2023-05-29,27.5176982500,27.3005631500,27.5176982500,27.0917794000,38730090,1263259965.0900
2023-05-30,27.3005631500,27.2588064000,27.4759415000,27.0249686000,34007178,1108840099.5200
2023-05-31,27.2254010000,26.9748605000,27.3924280000,26.9247524000,52541398,1704091985.8700
2023-06-01,26.9832118500,26.7744281000,27.1418875000,26.7410227000,47239881,1521250951.8600
2023-06-02,26.9080497000,27.6179144500,27.6429685000,26.8913470000,55885607,1829053080.1300
2023-06-05,27.6179144500,27.5928604000,27.7849414500,27.4258334000,31273034,1033695633.7500
2023-06-06,27.5928604000,27.6179144500,28.2275630000,27.5427523000,38663375,1288946278.0000
2023-06-07,27.7682387500,27.8099955000,28.0688873500,27.6930766000,33890635,1132209543.9400
2023-06-08,27.8266982000,28.4614008000,28.5783197000,27.7431847000,54961501,1859578016.1900
2023-06-09,28.4363467500,28.1774549000,28.6033737500,28.1774549000,41510872,1408235125.9000
2023-06-12,28.1691035500,28.1691035500,28.3277792000,27.8768063000,40677376,1370601853.7000
2023-06-13,28.0271306000,28.1691035500,28.3444819000,27.9770225000,23124556,779060071.3000
2023-06-14,28.3361305500,27.8851576500,28.4279954000,27.8851576500,38263310,1289658684.7200
2023-06-15,27.9770225000,28.1607522000,28.2192116500,27.8183468500,36953706,1239411035.4300
2023-06-16,28.2776711000,28.3361305500,28.4279954000,28.1858062500,42680637,1448460382.0700
2023-06-19,28.3194278500,28.0438333000,28.3194278500,28.0271306000,27896062,939883956.7900
2023-06-20,27.9770225000,27.7181306500,28.0271306000,27.6429685000,30764875,1024392135.2100
2023-06-21,27.6095631000,27.7014279500,28.0939414000,27.5594550000,42786599,1426164911.4300
2023-06-26,27.5009955500,27.2337523500,27.6429685000,27.0750767000,43210300,1410658234.8600
2023-06-27,27.2504550500,27.4091307000,27.5678063500,27.0917794000,34571527,1132557912.9700
2023-06-28,27.4007793500,27.6012117500,27.7097793000,27.3256172000,33381801,1100128735.4900
2023-06-29,27.6012117500,27.2922118000,27.7097793000,27.2838604500,25854831,848217752.7800
2023-06-30,27.3339685500,27.3590226000,27.5594550000,27.2588064000,29361327,964762581.3500
2023-07-03,27.4759415000,28.1607522000,28.1941576000,27.3924280000,45366767,1515242663.1300
2023-07-04,28.0605360000,27.9853738500,28.0605360000,27.8601036000,22408656,749827210.9100
2023-07-05,27.9770225000,27.5845090500,27.9770225000,27.4258334000,41307158,1365494250.3800
2023-07-06,27.5845090500,27.2086983000,27.6596712000,27.1502388500,40784246,1334753416.7100
2023-07-07,27.1418875000,26.9832118500,27.2086983000,26.9665091500,47279440,1530388128.7500
2023-07-10,27.1585902000,27.1001307500,27.3005631500,26.9999145500,27207677,883689382.4600
2023-07-11,27.3339685500,27.3172658500,27.3924280000,27.1168334500,32916654,1074347764.7600
2023-07-12,27.3256172000,27.7264820000,27.9269144000,27.3256172000,63204933,2098753494.2300
2023-07-13,28.1935867500,28.0702012500,28.2024000000,27.7176712500,56385028,1791570807.3200
2023-07-14,28.1495205000,28.1407072500,28.3698517500,28.0085085000,34752056,1111472582.0800
2023-07-17,27.9996952500,27.8939362500,28.0085085000,27.7000447500,26200279,827190405.8800
2023-07-18,27.8939362500,27.7264845000,27.9996952500,27.6647917500,31638946,996591508.1700
2023-07-19,27.5766592500,27.8322435000,27.8851230000,27.5502195000,24029564,755090293.1200
2023-07-20,27.9996952500,27.9291892500,28.2905325000,27.8498700000,27239443,867690875.7700
2023-07-21,28.0261350000,28.0261350000,28.1847735000,27.8586832500,31566900,1004431832.6700
2023-07-24,27.7264845000,27.7176712500,27.9644422500,27.6736050000,23912203,753332483.3600
2023-07-25,28.2024000000,29.3216827500,29.3921887500,28.2024000000,126162096,4159900847.8000
2023-07-26,29.3216827500,29.3921887500,29.7270922500,29.1454177500,50175140,1673625171.1200
2023-07-27,29.5243875000,29.6653995000,29.8064115000,29.2599900000,54848896,1845231370.4700
2023-07-28,29.5155742500,30.9345075000,31.1019592500,29.4450682500,125628759,4358344106.8600
2023-07-31,31.3046640000,31.3399170000,31.7629530000,30.8551882500,116275605,4127807307.1500
2023-08-01,31.3134772500,30.8375617500,31.3575435000,30.6436702500,66009585,2316910862.9400
2023-08-02,30.1060620000,29.9914897500,30.6877365000,29.7623452500,91535761,3124298659.8500
2023-08-03,29.9826765000,30.5643510000,30.6524835000,29.8504777500,50929381,1750414828.5700
2023-08-04,30.9168810000,30.7406160000,31.2870375000,30.5996040000,81264248,2854335235.5400
2023-08-07,30.6260437500,30.4057125000,30.6524835000,30.2118210000,34467192,1187405634.9100
2023-08-08,30.2558872500,30.0972487500,30.5379112500,29.7975982500,50228255,1715919700.0700
2023-08-09,29.9826765000,29.9826765000,30.2382607500,29.9209837500,38683250,1318960193.1600
2023-08-10,29.8769175000,30.0884355000,30.1853812500,29.7887850000,28772469,978706456.7200
2023-08-11,30.1060620000,29.2159237500,30.3792727500,29.2159237500,60624004,2032299866.5100
2023-08-14,28.9074600000,28.6078095000,28.9338997500,28.4227312500,66707291,2167337310.8600
2023-08-15,28.6078095000,28.5196770000,28.7664480000,28.3345987500,58295914,1887265044.1600
2023-08-16,28.3345987500,28.1759602500,28.4227312500,28.0966410000,58015181,1857011415.8300
2023-08-17,28.0085085000,28.0173217500,28.0878277500,27.7529242500,64607569,2043578650.8700
2023-08-18,27.9820687500,28.0966410000,28.7576347500,27.9820687500,67459467,2169641215.5400
2023-08-21,28.0349482500,27.4356472500,28.0613880000,27.4356472500,80957531,2537398398.7400
2023-08-22,27.5061532500,27.6030990000,27.7352977500,27.3210750000,60107044,1877097294.9600
2023-08-23,27.4973400000,27.1888762500,27.7088580000,27.1888762500,56074358,1743312675.9000
2023-08-24,27.3210750000,27.3739545000,27.4532737500,27.1448100000,41225614,1277299345.4900
2023-08-25,27.3210750000,27.8146170000,28.0702012500,27.2329425000,64747134,2028793535.4900
2023-08-28,29.3481225000,28.4315445000,29.9033572500,28.2288397500,140509367,4608776006.1800
2023-08-29,28.4315445000,28.2376530000,28.5901830000,27.9996952500,72116998,2310485793.8800
2023-08-30,28.3698517500,27.9027495000,28.3698517500,27.8058037500,63980158,2031430068.6600
2023-08-31,28.0261350000,27.8058037500,28.2729060000,27.7529242500,50322017,1595044491.1400
2023-09-01,28.1583337500,28.4403577500,28.7576347500,28.0966410000,69752619,2250478413.5100
2023-09-04,28.7135685000,29.5508272500,29.6213332500,28.6166227500,110429932,3671655440.6700
2023-09-05,29.3481225000,29.1806707500,29.4715080000,29.0572852500,44732261,1483496733.9300
2023-09-06,29.1718575000,29.4010020000,29.4891345000,28.8810202500,54674047,1812037299.1800
2023-09-07,29.3569357500,29.2071105000,29.3569357500,29.0925382500,35870198,1188879205.1600
2023-09-08,29.0837250000,29.2335502500,29.3128695000,29.0396587500,29850098,989879153.0900
2023-09-11,29.1982972500,29.0044057500,29.3393092500,29.0044057500,63287369,2091952941.1100
2023-09-12,28.9955925000,28.9779660000,29.1277912500,28.9250865000,27759078,914017921.9600
2023-09-13,29.0396587500,28.8633937500,29.1542310000,28.7840745000,29891534,980129607.7600
2023-09-14,29.0396587500,29.1454177500,29.2511767500,28.9515262500,43734390,1443840329.2000
2023-09-15,29.3481225000,29.0484720000,29.4538815000,28.9074600000,43960215,1453249853.0000
2023-09-18,28.9691527500,29.1013515000,29.1277912500,28.8193275000,36040192,1186454305.5100
2023-09-19,29.0837250000,29.0484720000,29.0837250000,28.8369540000,38465270,1263587161.1200
2023-09-20,28.9603395000,28.8457672500,28.9603395000,28.7576347500,30931758,1012842173.4100
2023-09-21,28.8633937500,28.5284902500,28.9162732500,28.5284902500,39031854,1270724457.6100
2023-09-22,28.7223817500,29.3833755000,29.4098152500,28.4844240000,71283316,2349131840.6100
2023-09-25,29.3304960000,29.0837250000,29.3304960000,28.9955925000,45651541,1506238618.6900
2023-09-26,29.0220322500,28.9074600000,29.1542310000,28.8633937500,32202356,1058673650.0900
2023-09-27,28.9955925000,28.9250865000,29.1630442500,28.8633937500,35246679,1159673830.2900
2023-09-28,29.1013515000,29.0572852500,29.2071105000,28.8633937500,38856469,1280959168.9600
2023-10-09,28.8193275000,28.7135685000,28.8193275000,28.5373035000,36134267,1176010753.6200
2023-10-10,29.1894840000,28.7223817500,29.1982972500,28.7223817500,34263698,1123856355.6800
2023-10-11,28.9427130000,28.5989962500,28.9515262500,28.5549300000,37609124,1226529937.8800
2023-10-12,29.0749117500,29.1454177500,29.3745622500,28.8898335000,61745963,2041713575.8600
2023-10-13,28.8898335000,28.7400082500,28.9779660000,28.6518757500,41037187,1341527525.4000
2023-10-16,28.7135685000,28.4756107500,28.7840745000,28.4139180000,28677414,928068012.8300
2023-10-17,28.5461167500,28.6606890000,28.7311950000,28.3962915000,28622914,928757316.0300
2023-10-18,28.6342492500,28.6342492500,28.7664480000,28.5637432500,24931667,810933177.6600
2023-10-19,28.5549300000,27.8234302500,28.5549300000,27.7793640000,60429338,1922080368.6800
2023-10-20,27.7529242500,27.8939362500,28.0349482500,27.6736050000,37258937,1178535483.2800
2023-10-23,27.8410567500,27.5237797500,27.8939362500,27.3210750000,39380184,1232365016.1400
2023-10-24,27.6559785000,27.5854725000,27.6824182500,27.3563280000,36552663,1142319005.6200
2023-10-25,27.8498700000,27.6912315000,27.9820687500,27.4973400000,37569332,1179249723.6700
2023-10-26,27.6383520000,27.7617375000,27.9820687500,27.5502195000,28702985,904374421.9200
2023-10-27,27.7176712500,27.7881772500,27.8939362500,27.4532737500,39145276,1231933968.2600
2023-10-30,27.3298882500,27.2329425000,27.4356472500,26.9244787500,83850056,2582604676.0600
2023-10-31,27.0919305000,27.1095570000,27.3122617500,26.9773582500,52801599,1624462290.0800
2023-11-01,27.1448100000,26.8363462500,27.2153160000,26.8187197500,52989707,1617976148.3300
2023-11-02,26.9685450000,27.0390510000,27.1536232500,26.8892257500,36466771,1118895486.1300
2023-11-03,27.0390510000,27.3122617500,27.3563280000,26.9685450000,43956879,1357177292.5300
2023-11-06,27.4532737500,27.4444605000,27.6295387500,27.2858220000,51982385,1617714882.0300
2023-11-07,27.4444605000,27.1448100000,27.4444605000,27.0126112500,51624067,1589834114.3700
2023-11-08,27.0919305000,26.9685450000,27.1271835000,26.8804125000,44518298,1363161957.3500
2023-11-09,26.9244787500,27.0214245000,27.1271835000,26.8980390000,32764958,1003833045.3800
2023-11-10,26.8804125000,26.5807620000,26.9332920000,26.5278825000,51696462,1561581973.6300
2023-11-13,26.5895752500,26.2811115000,26.6777077500,26.0960332500,63424273,1891693841.8100
2023-11-14,26.3251777500,26.6160150000,26.6160150000,26.3163645000,44834267,1347710789.7300
2023-11-15,26.8363462500,27.0037980000,27.1183702500,26.7834667500,60193960,1842095991.9000
2023-11-16,27.0302377500,26.9156655000,27.1183702500,26.7658402500,31571993,965161753.9300
2023-11-17,26.8451595000,26.7305872500,26.8980390000,26.5278825000,43245282,1308022703.3100
2023-11-20,26.7394005000,26.9509185000,26.9597317500,26.5631355000,36922708,1123420441.9100
2023-11-21,27.1007437500,26.8187197500,27.2065027500,26.7658402500,48854470,1497630758.8500
2023-11-22,26.7041475000,26.5807620000,26.8010932500,26.5719487500,27370542,828342907.6700
2023-11-23,26.4573765000,26.5631355000,26.6248282500,26.3956837500,29979383,900540282.6400
2023-11-24,26.4926295000,26.4397500000,26.5278825000,26.3780572500,29116276,873539195.9900
2023-11-27,26.4397500000,25.9109550000,26.4661897500,25.8140092500,58101958,1714186982.0000
2023-11-28,25.9197682500,25.6994370000,25.9902742500,25.5936780000,47516511,1389229277.8300
2023-11-29,25.7346900000,25.3821600000,25.7699430000,25.2764010000,62063752,1789462812.6700
2023-11-30,25.3821600000,25.3733467500,25.5407985000,25.2058950000,55156006,1585194741.6700
2023-12-01,25.3116540000,24.9062445000,25.3292805000,24.7387927500,88273644,2496795770.2700
2023-12-04,24.9150577500,24.7476060000,25.0825095000,24.6947265000,55787830,1569603287.9700
2023-12-05,24.7299795000,24.2452507500,24.7387927500,24.2364375000,61890167,1717656518.5400
2023-12-06,24.2893170000,24.4655820000,24.6418470000,24.1923712500,61125926,1697947804.6200
2023-12-07,24.4743952500,24.5096482500,24.6242205000,24.0513592500,59496698,1643064047.3500
2023-12-08,24.4127025000,24.2364375000,24.6330337500,24.2364375000,53349765,1479206063.9000
2023-12-11,24.0161062500,24.4655820000,24.5449012500,23.7076425000,75808597,2067921108.2000
2023-12-12,24.4127025000,24.7211662500,24.7387927500,24.3333832500,50420111,1409339298.4600
2023-12-13,24.6065940000,23.9896665000,24.6065940000,23.9720400000,67123932,1844591026.5900
2023-12-14,24.1835580000,23.8222147500,24.3598230000,23.8222147500,44526808,1214879008.3000
2023-12-15,24.2099977500,23.9984797500,24.7211662500,23.9720400000,98068659,2697705036.6300
2023-12-18,23.7957750000,24.0425460000,24.1306785000,23.7076425000,47716425,1299068335.3000
2023-12-19,23.9720400000,24.0513592500,24.1042387500,23.8134015000,37657373,1024185206.1200
2023-12-20,24.0689857500,23.8486545000,24.1571182500,23.8486545000,53112808,1446520286.2400
2023-12-21,23.7781485000,24.4215157500,24.4567687500,23.7252690000,75910481,2082187758.4700
2023-12-22,24.4832085000,24.3333832500,24.5449012500,24.1571182500,62364372,1721377205.2900
2023-12-25,24.3245700000,24.2628772500,24.4303290000,24.1659315000,41903386,1154001374.9800
2023-12-26,24.2276242500,24.0337327500,24.2276242500,23.9367870000,36525708,997177588.7200
2023-12-27,24.0866122500,24.0601725000,24.1218652500,23.8398412500,41063687,1117439216.0100
2023-12-28,24.0161062500,24.6682867500,24.7916722500,24.0161062500,106106285,2953200857.8300
2023-12-29,24.5889675000,24.5184615000,24.7211662500,24.4743952500,65577345,1827818810.9800
2024-01-02,24.6330337500,24.3069435000,24.6418470000,24.2893170000,54219480,1500865547.8700
2024-01-03,24.3069435000,24.4743952500,24.5360880000,24.2540640000,43395588,1200383623.7000
2024-01-04,24.4655820000,24.5096482500,24.5272747500,24.1130520000,63710249,1759101592.9000
2024-01-05,24.4567687500,24.9326842500,25.3645335000,24.3421965000,119063315,3376466446.9300
2024-01-08,24.8269252500,24.7916722500,25.1970817500,24.6330337500,81682070,2305065735.9200
2024-01-09,24.7828590000,24.8269252500,24.9238710000,24.5889675000,55866306,1569684230.0200
2024-01-10,24.6947265000,24.7211662500,24.9855637500,24.6947265000,45364048,1277638873.0900
2024-01-11,24.6771000000,25.0120035000,25.1794552500,24.5449012500,73531826,2082611271.5300
2024-01-12,24.9062445000,25.1530155000,25.3645335000,24.9062445000,57783201,1652242625.5500
2024-01-15,25.1177625000,25.3557202500,25.5055455000,25.0031902500,48245229,1383953760.3600
2024-01-16,25.2323347500,25.6729972500,25.6729972500,25.2058950000,85344024,2469511282.1300
2024-01-17,25.6641840000,25.7258767500,26.0695935000,25.5848647500,130860146,3843478823.4400
2024-01-18,25.5055455000,26.0695935000,26.1577260000,25.2058950000,129512645,3762050845.8400
2024-01-19,25.8845152500,26.2017922500,26.3516175000,25.6818105000,96861623,2865398411.8300
2024-01-22,26.2282320000,26.6600812500,26.8804125000,26.1753525000,154970267,4691297099.7000
2024-01-23,26.4485632500,26.4309367500,26.7482137500,26.2634850000,88605552,2661547376.0900
2024-01-24,26.5719487500,26.5190692500,26.6953342500,25.8933285000,97489239,2904947629.0400
2024-01-25,26.7129607500,27.2329425000,27.3210750000,26.5983885000,123450922,3791899866.2500
2024-01-26,27.2505690000,27.4268340000,27.6295387500,27.0214245000,100991578,3132788305.0600
2024-01-29,27.4973400000,27.6295387500,27.8498700000,27.4709002500,83882433,2632393040.2100
2024-01-30,27.4973400000,27.3210750000,27.7617375000,27.1271835000,74399913,2316762500.3000
2024-01-31,27.2505690000,27.0654907500,27.4885267500,26.9597317500,80894928,2494516011.2800
2024-02-01,27.0302377500,26.8099065000,27.1800630000,26.6160150000,85970009,2621519217.6100
2024-02-02,26.8363462500,26.6424547500,27.0214245000,26.1224730000,98729165,2986530107.5800
2024-02-05,26.6424547500,27.0654907500,27.2770087500,26.4926295000,106397881,3246673368.0400
2024-02-06,27.0654907500,27.6119122500,27.6295387500,26.9685450000,106215843,3296036540.0800
2024-02-07,27.6912315000,27.5942857500,27.7441110000,27.1536232500,111051058,3458135329.4600
2024-02-08,27.5942857500,27.6736050000,27.7176712500,27.3387015000,87300436,2728137528.1500
2024-02-19,28.1935867500,27.8674965000,28.1935867500,27.6824182500,87549010,2770406837.2900
2024-02-20,27.8674965000,27.6736050000,27.8674965000,27.5766592500,60640469,1907541533.1800
2024-02-21,27.6736050000,29.0837250000,29.4274417500,27.6295387500,152865612,5003152628.4700
2024-02-22,28.9162732500,28.9074600000,29.0396587500,28.5461167500,75276038,2461009464.7500
2024-02-23,28.9162732500,29.0396587500,29.4362550000,28.7488215000,63984872,2118316306.6900
2024-02-26,28.9603395000,28.4227312500,29.1366045000,28.2729060000,66639018,2163023086.8600
2024-02-27,28.4139180000,28.3610385000,28.5549300000,28.1935867500,54349154,1746108592.0200
2024-02-28,28.4579842500,28.2200265000,28.4579842500,27.8498700000,68370752,2186677932.3700
2024-02-29,28.1054542500,28.2376530000,28.3786650000,28.0702012500,49892829,1595634178.3500
2024-03-01,28.1318940000,28.1495205000,28.2729060000,27.9820687500,42717392,1361853700.9900
2024-03-04,27.9908820000,27.7793640000,28.0878277500,27.7352977500,59135015,1868022543.5900
2024-03-05,27.6912315000,28.3610385000,28.3874782500,27.5942857500,89402867,2850224114.4100
2024-03-06,28.3257855000,28.0878277500,28.4315445000,28.0878277500,51610177,1655425115.4700
2024-03-07,28.0878277500,28.2024000000,28.3169722500,28.0085085000,51949197,1659111448.5000
2024-03-08,28.1054542500,27.9115627500,28.2112132500,27.8058037500,44107117,1399732268.5700
2024-03-11,27.8058037500,27.7441110000,27.9820687500,27.4973400000,73853794,2318402185.3300
2024-03-12,27.6912315000,28.1583337500,28.3345987500,27.5678460000,76925375,2447163517.3000
2024-03-13,28.1671470000,27.7793640000,28.1935867500,27.7000447500,46938714,1482651383.6900
2024-03-14,27.7264845000,27.5414062500,27.9556290000,27.4620870000,50817498,1595073269.3300
2024-03-15,27.5325930000,27.4797135000,27.6912315000,27.3210750000,52078063,1621589212.6400
2024-03-18,27.4532737500,27.4356472500,27.6207255000,27.3210750000,46189770,1436837360.4700
2024-03-19,27.4092075000,27.1448100000,27.4180207500,27.0831172500,54702530,1688506946.3700
2024-03-20,27.1448100000,27.4797135000,27.4973400000,27.0214245000,49827225,1544956630.5400
2024-03-21,27.4709002500,27.8058037500,27.9908820000,27.3651412500,64676108,2040298376.2500
2024-03-22,27.7881772500,27.4973400000,27.8058037500,27.2329425000,55287852,1722145155.5100
2024-03-25,27.4180207500,27.6295387500,27.7705507500,27.2505690000,48375902,1514858504.9500
2024-03-26,28.0261350000,28.5549300000,28.7840745000,27.9644422500,124430791,4014510510.1200
2024-03-27,28.4579842500,28.4667975000,28.7752612500,28.3874782500,78208488,2539984050.4500
2024-03-28,28.5020505000,28.3610385000,28.6430625000,28.2640927500,69474492,2242513221.6500
2024-03-29,28.2905325000,28.3786650000,28.7664480000,28.2640927500,51400131,1663236764.0500
2024-04-01,28.3610385000,28.7664480000,28.9515262500,28.3610385000,57015232,1861582315.8200
2024-04-02,28.8193275000,28.6871287500,29.0132190000,28.5901830000,53661899,1753251096.9900
2024-04-03,28.6783155000,28.4051047500,28.7576347500,28.4051047500,49808163,1612691615.9600
2024-04-08,28.4139180000,28.5549300000,28.6959420000,28.2288397500,47729123,1544564957.2600
2024-04-09,28.6430625000,28.4756107500,28.7576347500,28.4756107500,38477207,1248965234.8900
2024-04-10,28.3698517500,28.6342492500,28.8017010000,28.3698517500,50401372,1638691786.1600
2024-04-11,28.4756107500,28.4667975000,28.5725565000,28.3169722500,44374773,1432073800.5300
2024-04-12,28.4491710000,28.3081590000,28.6166227500,28.2552795000,47820414,1540845216.2300
2024-04-15,28.2905325000,28.9338997500,29.0837250000,28.2817192500,76464473,2503221028.7000
2024-04-16,28.8281407500,28.8633937500,29.0572852500,28.5989962500,74155610,2429469044.5300
2024-04-17,28.8105142500,29.3481225000,29.5155742500,28.6166227500,94821196,3131202073.9200
2024-04-18,29.3128695000,29.6565862500,30.0531825000,29.2511767500,100657401,3393695785.4000
2024-04-19,29.5772670000,29.6301465000,29.8240380000,29.4538815000,54038350,1818443520.5300
2024-04-22,29.7711585000,29.3833755000,30.1325017500,29.1277912500,60753507,2034006573.1200
2024-04-23,29.3481225000,29.4186285000,29.8064115000,29.2864297500,51245244,1717681681.7700
2024-04-24,29.4186285000,29.4891345000,29.5684537500,29.1718575000,44338353,1480785928.6400
2024-04-25,29.4715080000,30.3175800000,30.3175800000,29.4186285000,91948180,3136628386.3400
2024-04-26,30.3175800000,30.3880860000,30.7318027500,30.1589415000,95489883,3292052901.6000
2024-04-29,30.3175800000,30.7406160000,30.9873870000,30.1413150000,81806412,2854804596.4300
2024-04-30,30.3175800000,30.2382607500,30.4762185000,30.0091162500,86804180,2982962843.7600
2024-05-06,30.9345075000,30.7406160000,31.1636520000,30.5996040000,100070494,3501168455.6400
2024-05-07,30.7406160000,30.7318027500,30.8023087500,30.5202847500,47384857,1649813220.8600
2024-05-08,30.6877365000,30.4674052500,30.8111220000,30.4497787500,41286158,1434042864.9300
2024-05-09,30.4938450000,30.7053630000,30.7846822500,30.4938450000,51239131,1782846432.2600
2024-05-10,30.7053630000,31.3927965000,31.5955012500,30.6701100000,94036570,3331360840.4900
2024-05-13,31.2341580000,31.6483807500,31.7893927500,31.1372122500,74780026,2674602937.5400
2024-05-14,31.6307542500,31.1460255000,31.8422722500,31.0226400000,68777884,2440460308.8500
2024-05-15,31.1372122500,30.8904412500,31.2341580000,30.5731642500,67494406,2361226414.7600
2024-05-16,30.9168810000,31.9480312500,32.1242962500,30.8463750000,129147553,4659047071.0400
2024-05-17,31.9920975000,32.4768262500,32.5208925000,31.7805795000,91687944,3342837157.8600
2024-05-20,32.4768262500,32.0626035000,32.6090250000,31.8070192500,91425000,3337501051.0500
2024-05-21,32.0449770000,31.9392180000,32.1859890000,31.8422722500,44599944,1620630879.8600
2024-05-22,31.9215915000,31.7805795000,32.0626035000,31.5161820000,66447739,2398900244.0200
2024-05-23,31.6395675000,31.2870375000,31.7365132500,31.1283990000,92458495,3284073836.5800
2024-05-24,31.1107725000,30.6172305000,31.2694110000,30.5467245000,87044000,3051224758.1400
2024-05-27,30.7141762500,30.9697605000,31.0314532500,30.6260437500,57093814,1997775668.5700
2024-05-28,30.9345075000,30.6965497500,31.1372122500,30.5996040000,47619058,1660811058.1700
2024-05-29,30.6260437500,30.4674052500,30.8992545000,30.3704595000,49104118,1703567317.8500
2024-05-30,30.3616462500,30.2647005000,30.7582425000,30.1236885000,55924484,1928489153.7100
2024-05-31,30.4321522500,30.2118210000,30.4938450000,30.2118210000,50893248,1752657846.2600
2024-06-03,30.1589415000,30.0972487500,30.2999535000,29.8945440000,60811135,2071791244.8800
2024-06-04,30.0972487500,30.4409655000,30.5643510000,30.0531825000,53378842,1840296168.7500
2024-06-05,30.5643510000,29.9562367500,30.5819775000,29.8681042500,69104122,2359792656.0000
2024-06-06,30.0443692500,29.9650500000,30.1413150000,29.7711585000,67724066,2302856624.4000
2024-06-07,30.0091162500,29.9562367500,30.1853812500,29.6565862500,67826559,2298090329.6700
2024-06-11,29.7711585000,29.4010020000,29.9386102500,29.1894840000,69044831,2309722312.7900
2024-06-12,29.3921887500,29.1630442500,29.4010020000,29.0396587500,51138059,1693037687.6800
2024-06-13,29.2599900000,28.9250865000,29.2776165000,28.8369540000,55018421,1808251998.1000
2024-06-14,28.9250865000,29.7975982500,29.9826765000,28.9250865000,99167429,3324856784.7700
2024-06-17,29.6125200000,29.7270922500,29.7887850000,29.4274417500,45768248,1539063151.5800
2024-06-18,29.8416645000,29.7094657500,30.2294475000,29.6301465000,45367539,1538144777.4000
2024-06-19,29.7094657500,30.0972487500,30.3175800000,29.6653995000,58593722,1997678159.0500
2024-06-20,30.1060620000,29.9738632500,30.1677547500,29.8769175000,39246667,1336247231.5000
2024-06-21,29.8592910000,29.7006525000,30.0355560000,29.5155742500,52396280,1765822361.7600
2024-06-24,29.7799717500,30.0267427500,30.1589415000,29.5155742500,69258954,2350203463.6100
2024-06-25,30.0267427500,30.2294475000,30.3792727500,29.9386102500,63816020,2187945493.8100
2024-06-26,30.1236885000,30.0179295000,30.2823270000,29.9209837500,45263801,1545807548.4500
2024-06-27,29.9297970000,30.1941945000,30.2647005000,29.8152247500,55517260,1894891373.4100
2024-06-28,30.1413150000,30.1325017500,30.3880860000,30.0003030000,52574940,1799951938.9500
2024-07-01,30.1325017500,30.2823270000,30.3175800000,29.9209837500,47223865,1616131282.6200
2024-07-02,30.2999535000,30.9168810000,31.0667062500,30.2823270000,86877071,3041833255.0200
2024-07-03,30.8551882500,30.3704595000,30.9256942500,30.2382607500,69137270,2388331234.2600
2024-07-04,30.4409655000,30.5907907500,30.8816280000,30.3880860000,69691892,2424281265.7800
2024-07-05,30.5907907500,29.8592910000,30.6965497500,29.6653995000,96778276,3295568198.6200
2024-07-08,29.8328512500,29.9562367500,30.1677547500,29.7094657500,54573002,1855611836.2700
2024-07-09,29.9562367500,30.3792727500,30.4497787500,29.7182790000,62103701,2124005154.2100
2024-07-10,30.3792727500,30.5643510000,30.8463750000,30.3616462500,72631424,2524474646.1000
2024-07-11,30.9100843200,30.7418916000,30.9568045200,30.6391071600,73238896,2411951386.3100
2024-07-12,30.8446760400,31.7697360000,31.8444883200,30.8446760400,94490425,3199683546.9100
2024-07-15,31.7697360000,31.5641671200,31.8164562000,31.5081028800,47460366,1605883747.1600
2024-07-16,31.5454790400,31.5735111600,31.6669515600,31.2651578400,45579255,1535668998.2900
2024-07-17,31.4894148000,31.8351442800,31.9472727600,31.4426946000,57795422,1964635267.0300
2024-07-18,31.8351442800,31.8538323600,32.0033370000,31.5454790400,59862717,2036474279.6900
2024-07-19,31.7697360000,32.0033370000,32.0500572000,31.3866303600,81007218,2749172009.5200
2024-07-22,31.9285846800,31.1530293600,31.9285846800,30.9194283600,80820577,2694241974.7400
2024-07-23,31.1530293600,31.1530293600,31.4987588400,31.0502449200,53875468,1803269600.3100
2024-07-24,31.2558138000,31.0035247200,31.3772863200,30.8633641200,48245294,1604648703.1600
2024-07-25,31.0409008800,30.6764833200,31.1343412800,30.2466574800,76207854,2496804672.6700
2024-07-26,30.6484512000,30.2466574800,30.8727081600,30.0037124400,60146167,1952156131.9800
2024-07-29,30.2560015200,30.3214098000,30.5082906000,30.0878088000,41347533,1343740115.0700
2024-07-30,30.2746896000,30.2933776800,30.4522263600,30.0410886000,39078161,1264925928.5100
2024-07-31,30.2933776800,30.5830429200,30.8353320000,30.1345290000,59536965,1948675368.1300
2024-08-01,30.5830429200,30.5643548400,30.6951714000,30.1532170800,40913881,1332771462.5500
2024-08-02,30.2933776800,30.1625611200,30.4615704000,30.1158409200,38613024,1250037016.6400
2024-08-05,30.0878088000,29.9943684000,30.3868180800,29.9476482000,58441984,1884940814.9600
2024-08-06,30.2373134400,29.6206068000,30.2653455600,29.4430700400,51438864,1637765271.6900
2024-08-07,29.6486389200,29.5084783200,29.8074876000,29.4804462000,39073173,1238023516.3500
2024-08-08,29.5365104400,29.8355197200,29.8822399200,29.3215975200,39459978,1252394781.5200
2024-08-09,29.8728958800,30.2092813200,30.4428823200,29.7233912400,48274847,1561254687.4500
2024-08-12,30.1812492000,30.0130564800,30.2186253600,29.8355197200,31894321,1023447631.7800
2024-08-13,29.9943684000,29.8448637600,30.1158409200,29.6766710400,28237769,902009895.5100
2024-08-14,29.8074876000,29.7701114400,30.0317445600,29.7233912400,28244610,901196910.6000
2024-08-15,29.7607674000,30.6110750400,30.7605796800,29.5738866000,73978983,2409557382.7900
2024-08-16,30.6017310000,30.9754926000,31.0689330000,30.5736988800,41850302,1383877362.2800
2024-08-19,31.0689330000,31.2277816800,31.3025340000,30.8633641200,42284342,1409948503.1600
2024-08-20,31.2558138000,31.2838459200,31.3959744000,30.9848366400,42372873,1415473210.5100
2024-08-21,31.1156532000,31.0595889600,31.2371257200,30.6671392800,37810105,1254587420.8900
2024-08-22,31.0969651200,31.1156532000,31.3492542000,31.0035247200,38286399,1276718683.4700
2024-08-23,31.0876210800,31.4894148000,31.6295754000,30.9007402800,46558726,1561509818.1000
2024-08-26,31.4894148000,31.5548230800,31.6202313600,31.2745018800,35117460,1182990039.6400
2024-08-27,31.5548230800,31.4894148000,31.7136717600,31.3305661200,38720857,1308314397.4300
2024-08-28,31.6108873200,31.4707267200,31.7510479200,31.2464697600,41523208,1398682394.0500
2024-08-29,31.3866303600,30.7699237200,31.5548230800,30.7418916000,51638782,1712021359.3800
2024-08-30,30.6484512000,30.0410886000,30.9381164400,30.0130564800,111222983,3618077500.2600
2024-09-02,29.9009280000,29.8355197200,30.2560015200,29.7514233600,55802065,1787602792.3900
2024-09-03,29.9102720400,29.5458544800,29.9756803200,29.3402856000,50575188,1596269779.9600
2024-09-04,29.4617581200,29.3029094400,29.8355197200,29.2935654000,38052590,1198859445.9400
2024-09-05,29.3029094400,29.1534048000,29.3776617600,28.8730836000,54206345,1687017960.4400
2024-09-06,29.2001250000,29.2001250000,29.6579829600,29.1534048000,38318214,1206615762.4100
2024-09-09,28.9478359200,28.2563769600,28.9571799600,28.0694961600,87107347,2641195520.9500
2024-09-10,28.2657210000,28.2096567600,28.4339137200,27.9760557600,47602357,1435849554.5400
2024-09-11,28.1629365600,28.1068723200,28.2190008000,27.9667117200,41579376,1249059023.1100
2024-09-12,28.1255604000,28.2470329200,28.4993220000,27.9760557600,41026697,1242374644.9900
2024-09-13,28.2937531200,28.5927624000,28.8730836000,28.0321200000,49597443,1520857906.3200
2024-09-18,28.6021064400,29.0693084400,29.1534048000,28.6021064400,41854027,1295345114.3500
2024-09-19,29.1534048000,28.7983312800,29.1814369200,28.6207945200,45119126,1393040941.6900
2024-09-20,28.7983312800,28.9104597600,29.0693084400,28.6488266400,48741755,1505998311.9200
2024-09-23,28.8263634000,29.3309415600,29.4243819600,28.8170193600,34460872,1076332364.9600
2024-09-24,29.6019187200,30.9568045200,30.9661485600,29.5925746800,136121800,4427310186.1600
2024-09-25,31.6295754000,31.9098966000,32.2275939600,31.4894148000,185624279,6327661420.9700
2024-09-26,31.9192406400,33.0592135200,33.0592135200,31.6856396400,174532999,6068657571.5800
2024-09-27,33.7413284400,33.2928145200,34.1057460000,32.6200436400,74545782,2653812670.1900
2024-09-30,33.9655854000,35.1429344400,35.5073520000,33.5637916800,256101260,9443438268.1600
2024-10-08,38.6562934800,37.3761600000,38.6562934800,36.2735632800,297303868,11999361938.2300
2024-10-09,37.0958388000,34.5822920400,37.1145268800,34.5822920400,185593210,7113813984.5100
2024-10-10,34.9467096000,36.1894669200,36.9089580000,34.9467096000,143329841,5528664144.4400
2024-10-11,36.1894669200,35.9091457200,36.6473248800,35.5353841200,90347580,3498241860.0700
2024-10-14,36.4511000400,36.7501093200,37.1892792000,36.1520907600,129293839,5076841419.7600
2024-10-15,36.6006046800,35.9745540000,37.3668159600,35.9745540000,95597653,3755705942.0700
2024-10-16,35.6475126000,36.9089580000,36.9089580000,35.6288245200,101254815,3963555264.7100
2024-10-17,36.9369901200,35.9652099600,37.1799351600,35.9652099600,84892228,3315820470.7500
2024-10-18,35.9838980400,36.4884762000,36.8435497200,35.7035768400,92819433,3603949497.5500
2024-10-21,36.5819166000,36.3015954000,36.5819166000,35.9745540000,71753946,2780905731.1800
2024-10-22,36.2922513600,36.6006046800,37.0023984000,36.2081550000,60052610,2352800199.3300
2024-10-23,36.4978202400,37.0584626400,37.3200957600,36.4604440800,62709968,2482861345.3800
2024-10-24,36.9556782000,36.7314212400,37.0771507200,36.5725725600,33631220,1323826642.8000
2024-10-25,36.6753570000,36.5351964000,36.8996139600,36.4978202400,44793119,1756222718.6200
2024-10-28,36.4511000400,35.9932420800,36.5351964000,35.7689851200,66464094,2559210507.2100
2024-10-29,36.0679944000,36.0679944000,36.5351964000,35.8904576400,51468161,1990283153.7100
2024-10-30,35.9838980400,35.3952235200,36.3483156000,35.1429344400,70340828,2680423056.4200
2024-10-31,35.3204712000,34.9093334400,35.4980079600,34.4888516400,85039251,3173924098.6400
2024-11-01,34.9840857600,35.5166960400,35.7876732000,34.9280215200,70310211,2671523514.7000
2024-11-04,35.6007924000,36.2081550000,36.2081550000,34.9560536400,64661209,2466019719.3600
2024-11-05,35.9091457200,36.5165083200,36.5351964000,35.8811136000,62874476,2445317943.2400
2024-11-06,36.4417560000,36.0306182400,36.5165083200,35.6475126000,64833629,2501077844.6600
2024-11-07,35.8998016800,36.9743662800,36.9837103200,35.8624255200,74347218,2904874006.1900
2024-11-08,37.0771507200,36.2548752000,37.2359994000,36.2081550000,74536846,2920926027.0600
2024-11-11,35.7876732000,35.8157053200,36.1614348000,35.4045675600,70314555,2682610299.3100
2024-11-12,35.6848887600,35.1242463600,36.2922513600,35.0494940400,89328928,3399364219.3300
2024-11-13,35.1242463600,35.3391592800,35.4886639200,35.0494940400,48530440,1833809094.2300
2024-11-14,35.1896546400,35.5634162400,35.9558659200,35.0681821200,67644030,2585688545.7000
2024-11-15,35.5821043200,35.3391592800,36.0399622800,35.3298152400,69927688,2671344641.8500
2024-11-18,35.5540722000,35.4139116000,36.1240586400,35.3204712000,76344807,2918992439.9200
2024-11-19,35.4232556400,35.2457188800,35.6755447200,34.9934298000,52124855,1967719175.3100
2024-11-20,35.3204712000,35.0214619200,35.3671914000,34.9467096000,45129126,1693331536.2800
2024-11-21,35.0214619200,34.9747417200,35.1896546400,34.8252370800,35033614,1309684433.4100
2024-11-22,34.9747417200,34.0590258000,35.0868702000,33.9749294400,69049090,2544524441.3300
2024-11-25,34.2926268000,33.8441128800,34.4421314400,33.7506724800,53409473,1945383409.7700
2024-11-26,33.6665761200,34.0029615600,34.1804983200,33.4890393600,45942121,1666651768.4200
2024-11-27,34.0029615600,34.1991864000,34.2739387200,33.7413284400,39207688,1429782933.4600
2024-11-28,34.1991864000,34.0777138800,34.4327874000,33.8067367200,45193910,1647865702.0900
2024-11-29,34.1898423600,33.9562413600,34.5729480000,33.9282092400,66437999,2437776752.3800
2024-12-02,34.0590258000,34.1150900400,34.2739387200,33.8254248000,42465209,1548959359.8800
2024-12-03,34.2459066000,34.6850764800,34.7785168800,33.9936175200,72198609,2658919819.0200
2024-12-04,34.6570443600,34.3954112400,34.6570443600,34.1337781200,62051124,2285383468.9400
2024-12-05,34.2552506400,34.4888516400,34.9093334400,34.2085304400,56894934,2108115264.7900
2024-12-06,34.5822920400,35.2270308000,35.3391592800,34.5822920400,87723587,3296793041.6300
2024-12-09,35.1242463600,35.2270308000,35.4980079600,34.8999894000,49299535,1859542282.6700
2024-12-10,36.2548752000,36.0679944000,36.4324119600,35.8811136000,103895319,4022695500.7800
2024-12-11,36.0119301600,35.7876732000,36.2455311600,35.7222649200,51770936,1988895959.3300
2024-12-12,35.7783291600,36.2548752000,36.2829073200,35.7035768400,58688876,2267252620.6000
2024-12-13,35.9278338000,34.8532692000,36.0679944000,34.8345811200,111798280,4213094969.0500
2024-12-16,34.8999894000,35.2644069600,35.3017831200,34.8719572800,64031589,2409086953.5900
2024-12-17,35.0775261600,35.3671914000,35.6568566400,35.0775261600,60310408,2287237539.4700
2024-12-18,35.5260400800,35.9932420800,36.1240586400,35.3765354400,80585536,3101731956.1800
2024-12-19,35.8624255200,35.5260400800,36.0025861200,35.5073520000,61119582,2336249857.0600
2024-12-20,35.5540722000,35.4232556400,35.7689851200,35.3765354400,54215038,2060744582.2400
2024-12-23,35.4980079600,35.8343934000,36.1614348000,35.4886639200,90269156,3473126152.1900
2024-12-24,35.8343934000,36.6473248800,36.7127331600,35.8063612800,99342846,3875223368.2700
2024-12-25,36.6566689200,36.8155176000,36.9650222400,36.4324119600,75591307,2972981820.9700
2024-12-26,36.8155176000,36.8902699200,36.9463341600,36.4511000400,53925194,2125139424.6300
2024-12-27,36.8902699200,36.7594533600,37.0397745600,36.2361871200,70031955,2742768758.4900
2024-12-30,36.7594533600,37.0210864800,37.1892792000,36.6753570000,67884533,2690314729.0200
2024-12-31,36.9650222400,36.7220772000,37.2827196000,36.7220772000,64371699,2549055493.9400
2025-01-02,36.7687974000,35.9838980400,36.9089580000,35.8250493600,64200070,2493694677.0000
2025-01-03,36.0679944000,36.1240586400,36.4791321600,36.0119301600,68258306,2646967328.6000
2025-01-06,36.3483156000,36.4884762000,36.5351964000,35.6288245200,61715863,2394244404.2700
2025-01-07,36.4137238800,36.3483156000,36.5819166000,36.0773384400,49275205,1917344813.6200
2025-01-08,36.2829073200,36.7033891200,36.9556782000,36.2735632800,75148102,2952943868.0800
2025-01-09,36.8155176000,36.4417560000,36.8435497200,36.2829073200,44708335,1748399288.4800
2025-01-10,36.7594533600,36.4230679200,36.8622378000,36.2642192400,48142480,1881660497.3700
2025-01-13,36.3763477200,36.5071642800,36.5819166000,36.0119301600,60632274,2360608443.5000
2025-01-14,36.5258523600,37.2359994000,37.3481278800,36.3483156000,70801188,2802857577.7800
2025-01-15,37.3668159600,37.9741785600,38.3105640000,37.2733755600,79670088,3234242853.2900
2025-01-16,37.9835226000,38.3012199600,38.4507246000,37.8713941200,59259386,2423118468.9500
2025-01-17,38.2731878400,38.0395868400,38.4600686400,37.4976325200,47590050,1936832044.4700
2025-01-20,38.2918759200,37.4882884800,38.3759722800,37.4789444400,54257482,2195966480.0200
2025-01-21,37.6751692800,37.5069765600,37.8527060400,37.3855040400,40068506,1613495366.6100
2025-01-22,37.5069765600,36.8622378000,37.5256646400,36.7407652800,58891222,2327377020.7500
2025-01-23,37.0678066800,37.2173113200,37.5910729200,36.9276460800,60661810,2417576582.5800
2025-01-24,37.0584626400,37.6191050400,37.8900822000,36.8715818400,57465234,2312073725.6300
2025-01-27,37.9181143200,37.9835226000,38.2825318800,37.8900822000,52606047,2144848680.7900
2025-02-05,38.1704034000,37.3761600000,38.2171236000,37.2827196000,50478889,2030411801.9600
2025-02-06,37.3761600000,37.5630408000,37.7312335200,37.1238709200,46608842,1866867477.7700
2025-02-07,37.4696004000,37.5630408000,37.7499216000,37.3387838400,52106618,2092855370.4300
2025-02-10,37.5630408000,37.9368024000,38.2358116800,37.3387838400,58180595,2357786973.5000
2025-02-11,38.0769630000,38.2918759200,38.3479401600,37.9741785600,45777119,1872296623.4600
2025-02-12,38.2731878400,38.8898944800,38.9272706400,37.8994262400,60359149,2484722115.4000
2025-02-13,38.9179266000,38.9739908400,39.1982478000,38.6282613600,46220698,1927409815.8500
2025-02-14,38.9553027600,39.2730001200,39.2730001200,38.7964540800,49873690,2086301719.7200
2025-02-17,39.2356239600,38.9833348800,39.2356239600,38.6469494400,53612561,2228540281.8000
2025-02-18,38.7871100400,39.2916882000,39.6934819200,38.7871100400,54666539,2301403254.1700
2025-02-19,39.2449680000,39.2262799200,39.3851286000,39.0207110400,37470223,1572476675.6000
2025-02-20,39.2449680000,39.1048074000,39.3290643600,38.9459587200,40767508,1705724683.5400
2025-02-21,39.2075918400,38.6843256000,39.2356239600,38.5161328800,59525579,2467492897.5500
2025-02-24,38.6749815600,38.5628530800,39.0113670000,38.4040044000,57110709,2361716150.9400
2025-02-25,38.4507246000,38.3385961200,38.7217017600,38.2264676400,50732120,2088784244.3500
2025-02-26,38.4320365200,38.7590779200,38.9646468000,38.3572842000,47644661,1974231834.2000
2025-02-27,38.8712064000,39.6000415200,39.6187296000,38.5721971200,62259657,2611617502.5800
2025-02-28,39.6000415200,39.2916882000,39.8616746400,39.2916882000,70542365,2985755469.3900
2025-03-03,39.3570964800,39.2916882000,39.8242984800,39.1982478000,47014902,1983165730.0200
2025-03-04,39.1608716400,39.0580872000,39.3384084000,39.0300550800,31724542,1329037847.1800
2025-03-05,39.2075918400,40.0765875600,40.0952756400,39.0113670000,63203743,2689749943.9700
2025-03-06,40.0765875600,40.1419958400,40.2728124000,39.6654498000,57205304,2450800590.5600
2025-03-07,40.0859316000,40.7119822800,40.9268952000,40.0392114000,60541319,2626484643.8200
2025-03-10,40.6372299600,40.2447802800,40.7213263200,40.0111792800,50874971,2191791877.7900
2025-03-11,39.9644590800,40.6559180400,40.7773905600,39.9083948400,56574109,2447134269.2700
2025-03-12,40.6465740000,40.6839501600,40.9829594400,40.4129730000,41825836,1822497448.1700
2025-03-13,40.7400144000,40.9642713600,41.4688495200,40.6465740000,58553928,2575079639.8400
2025-03-14,41.1137760000,42.1976846400,42.4873498800,41.0577117600,91127535,4095818342.5100
2025-03-17,42.3471892800,42.0855561600,42.5153820000,42.0294919200,65420973,2957486225.0900
2025-03-18,42.3191571600,42.1789965600,42.4032535200,41.8799872800,42822001,1933102847.8300
2025-03-19,42.3098131200,43.0012720800,43.0760244000,42.1416204000,67070594,3061182014.7200
2025-03-20,42.9078316800,42.2724369600,42.9078316800,41.8426111200,67865603,3067327046.6800
2025-03-21,42.1603084800,41.7678588000,42.3658773600,41.5996660800,67541170,3030118214.6100
2025-03-24,41.6276982000,42.0949002000,42.2257167600,41.6276982000,44957619,2018232265.5900
2025-03-25,42.0481800000,42.1322763600,42.5153820000,42.0014598000,35687155,1610425397.2300
2025-03-26,41.5809780000,39.8616746400,41.6650743600,39.8149544400,157832632,6817699594.1600
2025-03-27,39.9457710000,40.4223170400,40.8708309600,39.9364269600,82795081,3583722317.6400
2025-03-28,40.4596932000,40.3849408800,40.5998538000,40.2354362400,38618409,1671063293.8400
2025-03-31,40.3755968400,40.4503491600,40.9082071200,39.8149544400,53956888,2334387176.6400
2025-04-01,40.4410051200,40.0578994800,40.4503491600,39.9457710000,38936035,1671945742.9500
2025-04-02,40.0578994800,39.9270829200,40.3195326000,39.8803627200,33120189,1420244307.6200
2025-04-03,39.2636560800,39.8523306000,40.0392114000,39.2636560800,46416550,1977833088.9500
2025-04-07,38.2544997600,38.1517153200,39.2449680000,36.8061735600,181563292,7360169683.8100
2025-04-08,38.1049951200,38.4507246000,38.4974448000,37.7872977600,161047736,6562173339.5000
2025-04-09,37.9368024000,37.8059858400,38.3292520800,37.6564812000,97396935,3956703948.8700
2025-04-10,38.3012199600,38.4040044000,38.7310458000,37.8900822000,74378875,3057795207.8400
2025-04-11,38.4133484400,38.7871100400,38.9553027600,38.1330272400,58305691,2404586565.5200
2025-04-14,38.9459587200,38.7590779200,39.1608716400,38.6936696400,48215984,2006762052.6200
2025-04-15,38.7684219600,39.3384084000,39.5159451600,38.7310458000,61456386,2578602434.7100
2025-04-16,39.2262799200,39.4785690000,39.7869223200,39.0767752800,57629358,2425842588.5100
2025-04-17,39.3570964800,39.3570964800,39.5813534400,39.1048074000,40579288,1711632454.0800
2025-04-18,39.3664405200,39.9457710000,39.9831471600,39.2916882000,43500128,1849158561.9000
2025-04-21,39.8616746400,39.5066011200,40.2541243200,39.5066011200,41646585,1774479137.6500
2025-04-22,39.5346332400,39.2543120400,39.7495461600,39.2543120400,43378813,1831804303.8900
2025-04-23,39.5252892000,39.2356239600,39.5252892000,39.0300550800,46774359,1965588260.6300
2025-04-24,39.2449680000,39.4411928400,39.6000415200,39.1982478000,41365185,1747384623.6200
2025-04-25,39.5159451600,39.3197203200,39.7588902000,39.2823441600,42434993,1792844932.5900
2025-04-28,39.3851286000,39.5720094000,39.7682342400,39.2730001200,38697317,1639160750.0800
2025-04-29,39.5720094000,39.2449680000,39.8523306000,39.2449680000,45769853,1933096299.1100
2025-04-30,38.9085825600,38.0676189600,38.9085825600,37.8527060400,117268210,4782474913.5000
2025-05-06,38.2171236000,38.6562934800,38.6936696400,37.8527060400,66640999,2734586583.6600
2025-05-07,39.0487431600,39.2636560800,39.4598809200,38.6002292400,71291388,2985699306.3300
2025-05-08,39.2543120400,39.9924912000,40.5718216800,39.2449680000,83380964,3581050505.3300
2025-05-09,39.9924912000,40.6278859200,40.7400144000,39.9924912000,66815472,2897563044.6800
2025-05-12,40.5998538000,40.9268952000,41.4875376000,40.2821564400,84897409,3724155033.6700
2025-05-13,41.1978723600,41.6370422400,41.7211386000,40.9736154000,69912417,3099990420.1200
2025-05-14,41.6276982000,41.8706432400,42.3285012000,41.4127852800,71279018,3194543663.1900
2025-05-15,41.8893313200,41.9734276800,42.4032535200,41.7211386000,68460048,3080577618.4100
2025-05-16,41.8145790000,41.3660650800,42.0294919200,41.1418081200,61965535,2743750955.8900
2025-05-19,41.3006568000,40.9642713600,41.5436018400,40.8801750000,50281701,2213557250.2800
2025-05-20,41.1418081200,41.0203356000,41.6837624400,40.9923034800,50053483,2210731576.0600
2025-05-21,41.0670558000,41.0203356000,41.4595054800,40.9642713600,49920035,2199193618.3600
2025-05-22,41.0203356000,41.5903220400,41.6370422400,40.8801750000,56565562,2503244591.0500
2025-05-23,41.5903220400,41.1604962000,41.7491707200,41.0203356000,54146009,2395482582.1100
2025-05-26,41.0109915600,40.9268952000,41.2726246800,40.7680465200,45609975,2000068964.3100
2025-05-27,40.9268952000,40.8708309600,41.2539366000,40.8054226800,36375001,1594752083.7600
2025-05-28,40.9082071200,40.8147667200,41.1604962000,40.7400144000,30035524,1313730557.3100
2025-05-29,40.8334548000,40.6185418800,41.0670558000,40.5998538000,49298970,2152530685.5700
2025-05-30,40.6932942000,40.5811657200,41.0016475200,40.5064134000,57139144,2491890458.3800
2025-06-03,40.6465740000,41.0857438800,41.5155697200,40.6465740000,50368513,2216746051.7200
2025-06-04,41.1604962000,41.1698402400,41.3660650800,41.0203356000,37341667,1644649609.3500
2025-06-05,41.1698402400,41.4595054800,41.5062256800,41.1137760000,42131680,1865235665.8600
2025-06-06,41.5342578000,41.5529458800,41.7772028400,41.3940972000,37349895,1660462752.2100
2025-06-09,41.6744184000,41.6744184000,41.7491707200,41.3100008400,47477446,2111750061.3000
2025-06-10,41.6463862800,41.7398266800,42.0949002000,41.5342578000,52834892,2364300623.8900
2025-06-11,41.7865468800,42.3378452400,42.6835747200,41.7865468800,77676108,3518360400.5000
2025-06-12,42.4219416000,42.2630929200,42.6555426000,42.1416204000,45239070,2050510492.0800
2025-06-13,42.2724369600,42.2163727200,42.3752214000,42.0014598000,47408056,2141145231.4400
2025-06-16,42.1229323200,42.7770151200,42.8050472400,42.0014598000,41447435,1885267745.7500
2025-06-17,42.8704555200,42.9638959200,43.0293042000,42.7116068400,47420901,2177741322.4700
2025-06-18,42.9078316800,42.8424234000,43.0479922800,42.6555426000,42642859,1957406402.9900
2025-06-19,42.8330793600,42.6368545200,43.0386482400,42.3939094800,51345430,2342843184.4700
2025-06-20,42.7302949200,42.9732399600,43.1507767200,42.5621022000,44815652,2059058897.3100
2025-06-23,42.8891436000,43.2161850000,43.3002813600,42.4499737200,53893148,2475802503.9000
2025-06-24,43.2722492400,43.6833870000,43.9169880000,43.1507767200,65581461,3058493531.2100
2025-06-25,43.6833870000,44.3841900000,44.3841900000,43.5338823600,60767987,2862914072.7500
2025-06-26,44.3748459600,44.7392635200,44.7392635200,43.9637082000,59020064,2807185759.6800
2025-06-27,44.7112314000,43.1881528800,44.7299194800,43.0199601600,95414320,4461309935.4300
2025-06-30,43.1040565200,42.9358638000,43.2535611600,42.7676710800,62461363,2870068037.4400
2025-07-01,42.9452078400,43.4030658000,43.6086346800,42.9078316800,45061309,2089060871.8300
2025-07-02,43.6366668000,43.8235476000,44.0664926400,43.4030658000,51856318,2429269828.5900
2025-07-03,43.8235476000,43.5525704400,43.8702678000,43.3002813600,55622576,2595710464.8600
2025-07-04,43.5432264000,43.9823962800,44.3841900000,43.3563456000,67894832,3190053517.5400
2025-07-07,43.9823962800,44.1038688000,44.1973092000,43.6366668000,56742742,2672021321.4400
2025-07-08,44.1786211200,44.4963184800,44.5430386800,44.0104284000,63742101,3025850416.4600
2025-07-09,44.3841900000,44.0384605200,44.6364790800,44.0384605200,61456635,2912999772.9000
2025-07-10,44.0104284000,45.0756489600,45.3653142000,44.0104284000,121978404,5860161557.4800
2025-07-11,45.1146233200,44.4907391600,45.3290835000,44.4712427800,118444284,5446393735.2600
2025-07-14,44.5004873500,44.4225018300,44.9294077100,44.2957753600,64848437,2969040140.7200
2025-07-15,44.6174656300,44.0813151800,44.7636884800,43.6718912000,66620626,3018332343.7300
2025-07-16,44.1203079400,43.9740850900,44.3932572600,43.7498767200,46818639,2112241747.5600
2025-07-17,43.9643369000,43.8668550000,44.1885452700,43.7791212900,41689506,1877218806.9200
2025-07-18,43.9155959500,43.9155959500,44.0228260400,43.6134020600,54343057,2445283609.1800
2025-07-21,43.9155959500,43.7206321500,44.0910633700,43.7011357700,56641201,2546034188.8400
2025-07-22,43.7206321500,43.8083658600,43.8473586200,43.0967479900,92231906,4111116849.8500
2025-07-23,43.8376104300,43.9838332800,44.5492283000,43.8278622400,85324905,3864679805.2400
2025-07-24,44.0715669900,43.7498767200,44.2177898400,43.6718912000,82662013,3724435789.0000
2025-07-25,43.7108839600,43.7011357700,44.0325742300,43.6231502500,69626423,3129427562.8700
2025-07-28,43.6718912000,43.3209563600,44.0228260400,43.2917117900,63512720,2838575467.2600
2025-07-29,43.3209563600,43.0285106600,43.6718912000,43.0285106600,78581282,3487013440.1200
2025-07-30,43.0577552300,43.3014599800,43.6231502500,42.8237986700,72546085,3222441775.7500
2025-07-31,43.2819636000,43.3599491200,43.4379346400,42.7458131500,73319517,3247588211.4700
2025-08-01,43.3794455000,43.3014599800,43.8376104300,43.2332226500,59462094,2651723323.1500
2025-08-04,43.1942298900,43.7693731000,43.8376104300,43.1942298900,49800832,2231447772.7300
2025-08-05,43.6523948200,44.1105597500,44.2567826000,43.5159201600,55525830,2502003950.4800
2025-08-06,44.1495525100,43.9838332800,44.5784728700,43.9740850900,43029640,1951697828.5700
2025-08-07,43.9838332800,44.0130778500,44.4517464000,43.8278622400,44064325,1995029889.7700
2025-08-08,44.0618188000,43.4086900700,44.1398043200,43.4086900700,45642153,2044145471.7600
2025-08-11,43.4086900700,42.9895179000,43.5061719700,42.9895179000,53672371,2375089438.3400
2025-08-12,43.0187624700,42.8920360000,43.3599491200,42.8920360000,56225243,2482688843.2300
2025-08-13,43.0285106600,42.4436192600,43.1357407500,42.3948783100,87673736,3837405882.7600
2025-08-14,42.4533674500,42.6775758200,42.8335468600,42.4046265000,67635168,2959763585.8300
2025-08-15,42.5605975400,42.2096627000,42.6385830600,42.2096627000,93295684,4051326296.6100
2025-08-18,42.0146989000,42.4143746900,42.5703457300,41.8099869100,92639738,4005818985.6800
2025-08-19,42.3558855500,42.3071446000,42.5995903000,42.1999145100,57411852,2493609521.5100
2025-08-20,42.2096627000,42.3558855500,42.5313529700,42.0634398500,54724013,2374776327.7800
2025-08-21,42.4046265000,42.3753819300,42.4923602100,42.1414253700,57854002,2512170016.2100
2025-08-22,42.3753819300,42.1706699400,42.3851301200,41.9562097600,79449625,3432029283.2000
2025-08-25,42.2291590800,42.7653095300,42.7653095300,42.0244470900,90738990,3956212555.1300
2025-08-26,42.7848059100,42.4241228800,42.9115323800,42.3266409800,75572231,3296532147.3900
2025-08-27,42.4046265000,41.9172170000,42.5605975400,41.9172170000,75814078,3280973424.0800
2025-08-28,41.9367133800,41.8977206200,42.2096627000,41.5272894000,82242557,3530397263.6700
2025-08-29,41.8977206200,41.8099869100,42.8822878100,41.8099869100,136087899,5896873899.8800
2025-09-01,41.5467857800,40.9229016200,41.5662821600,40.8254197200,127633329,5381676512.7800
2025-09-02,40.8059233400,42.3461373600,42.4046265000,40.8059233400,145214114,6232062119.7000
2025-09-03,42.3461373600,41.8197351000,42.4728638300,41.6247713000,81840560,3528703353.9000
2025-09-04,41.7320013900,41.9659579500,42.2291590800,41.0788726600,93536328,3997574925.2900
2025-09-05,41.9172170000,41.6832604400,41.9367133800,41.4590520700,57232838,2449941046.9400
2025-09-08,41.6247713000,41.3615701700,42.0146989000,41.3030810300,85168162,3635065671.0900
2025-09-09,41.3518219800,41.7514977700,41.8002387200,41.3323256000,58952653,2515896773.2000
2025-09-10,41.7222532000,41.9172170000,42.0634398500,41.4882966400,47138694,2022413171.2800
2025-09-11,42.0439434700,42.2096627000,42.2389072700,41.7027568200,65073072,2804175733.5200
2025-09-12,42.2876482200,41.4688002600,42.3753819300,41.3518219800,82314003,3521647842.5700
2025-09-15,41.4103111200,41.1568581800,41.7125050100,41.0496280900,69949106,2964121228.0800
2025-09-16,41.2543400800,40.6986932500,41.3615701700,40.6109595400,85905078,3600259578.1800
2025-09-17,40.7084414400,40.7084414400,41.1276136100,40.6499523000,57236258,2392440771.4800
2025-09-18,40.7279378200,39.8018597700,40.7864269600,39.7726152000,100352240,4131887418.2800
2025-09-19,39.7726152000,39.9675790000,40.4842330700,39.5289104500,83656307,3440376826.4800
2025-09-22,40.1138018500,39.8895934800,40.3282620300,39.7726152000,65611030,2688228051.3400
2025-09-23,39.9480826200,40.5037294500,40.6986932500,39.6068959700,93885081,3891395840.9400
2025-09-24,40.4549885000,40.2795210800,40.8351679100,40.2502765100,64389951,2672303415.6300
2025-09-25,40.2795210800,39.7921115800,40.3185138400,39.7823633900,66694887,2730478547.2200
2025-09-26,39.7823633900,39.7726152000,39.9675790000,39.2852057000,68276667,2773964882.3400
2025-09-29,39.7433706300,39.6556369200,40.2502765100,39.3436948400,83555055,3407163055.1400
2025-09-30,39.6263923500,39.3924357900,39.7628670100,39.3924357900,70002520,2836889512.5700
2025-10-09,39.1974719900,39.3144502700,39.4216803600,38.8172925800,97231953,3900217891.2300
2025-10-10,39.2852057000,39.1682274200,39.6263923500,39.1194864700,95504979,3852817636.5500
2025-10-13,38.7588034400,39.0999900900,39.2852057000,38.7003143000,106593617,4266014497.6300
2025-10-14,39.0804937100,40.2210319400,40.4452403100,38.8270407700,173382668,7102543597.7100
2025-10-15,40.2112837500,40.4549885000,40.5232258300,39.9773271900,106276702,4392820737.9100
2025-10-16,40.4549885000,40.8741606700,40.9326498100,40.0943054700,106248776,4427156848.3100
2025-10-17,40.8254197200,40.5427222100,41.1568581800,40.3380102200,82982705,3470670300.9700
2025-10-20,40.5622185900,40.3770029800,40.7376860100,40.0650609000,64947729,2694843444.9700
2025-10-21,40.4452403100,40.9229016200,41.0398799000,40.4452403100,75993124,3184239228.3800
2025-10-22,40.9229016200,40.8936570500,41.1373618000,40.6791968700,55133364,2311324892.2300
2025-10-23,40.8936570500,41.1763545600,41.4200593100,40.7279378200,71317373,3004975798.7300
2025-10-24,41.2835846500,40.8936570500,41.3810665500,40.7961751500,69883194,2938870334.8600
2025-10-27,40.8449161000,40.5427222100,40.9131534300,40.3770029800,98894862,4120096208.0400
2025-10-28,40.5719667800,40.5524704000,40.6694486800,40.1917873700,70595074,2928533807.3300
2025-10-29,40.4842330700,39.7433706300,40.4842330700,39.6653851100,91098760,3735043026.0100
2025-10-30,39.7726152000,40.1625428000,40.3185138400,39.7043778700,113153844,4648170383.6800
2025-10-31,40.2210319400,39.8603489100,40.2600247000,39.8116079600,70260700,2881797757.9000
2025-11-03,40.1040536600,40.7376860100,40.9131534300,40.0260681400,92198068,3837027067.9700
2025-11-04,40.7864269600,41.9269651900,42.0244470900,40.7571823900,134003592,5731414415.9600
2025-11-05,42.0146989000,41.7222532000,42.3753819300,41.6735122500,73171377,3142006311.5200
2025-11-06,41.5760303500,41.2738364600,41.8099869100,41.2445918900,87197274,3704094151.6900
2025-11-07,41.3323256000,41.4395556900,41.6442676800,41.2153473200,59319118,2521251001.7800
2025-11-10,41.3810665500,41.6442676800,41.8002387200,41.2153473200,53236873,2272065471.4800
2025-11-11,41.6150231100,41.8782242400,41.9562097600,41.4493038800,54467066,2335614859.5000
2025-11-12,42.0341952800,41.8489796700,42.2681518400,41.8489796700,58792878,2538488042.1800
2025-11-13,41.8879724300,42.1219289900,42.2096627000,41.6637640600,58798006,2531083385.5600
2025-11-14,42.1511735600,42.1609217500,42.4923602100,42.0926844200,51820955,2251121742.7400
2025-11-17,42.0146989000,41.5760303500,42.1121808000,41.4298075000,61067446,2605355053.1200
2025-11-18,41.4882966400,41.8002387200,41.8294832900,41.3713183600,51743927,2210394704.6200
2025-11-19,41.8002387200,42.1316771800,42.4046265000,41.7222532000,51169639,2211527917.5300
2025-11-20,42.1316771800,42.1414253700,42.6873240100,41.9659579500,58585152,2545450518.6300
2025-11-21,42.1511735600,41.9172170000,42.4533674500,41.6832604400,79126405,3414438912.7900
2025-11-24,42.0146989000,41.5565339700,42.1219289900,41.4395556900,67854882,2903502508.3300
2025-11-25,41.5857785400,42.1609217500,42.2096627000,41.3713183600,66640949,2860710968.0300
2025-11-26,42.2486554600,42.1609217500,42.5313529700,41.8879724300,45107206,1950643251.7500
2025-11-27,42.0926844200,42.1024326100,42.2973964100,41.5272894000,62143434,2671439101.8200
2025-11-28,42.0146989000,41.8684760500,42.0341952800,41.7417495800,49465789,2126261782.3300
2025-12-01,41.9952025200,42.3461373600,42.3753819300,41.8489796700,56791942,2454940642.8600
2025-12-02,42.3461373600,42.2876482200,42.5508493500,42.1316771800,40673497,1765681347.9600
2025-12-03,42.1804181300,41.9269651900,42.4826120200,41.9172170000,46895972,2029264530.8800
2025-12-04,41.9659579500,42.1316771800,42.3266409800,41.9269651900,36120746,1560898874.4000
2025-12-05,42.1609217500,42.3558855500,42.4533674500,41.8294832900,54890622,2372985274.7000
2025-12-08,42.3461373600,42.0926844200,42.5411011600,41.9854543300,58003881,2512101222.8000
2025-12-09,42.0926844200,41.9562097600,42.2096627000,41.7514977700,46593870,2007147247.6300
2025-12-10,41.9952025200,40.6499523000,41.9952025200,40.5037294500,108315686,4546989729.2100
2025-12-11,40.8059233400,40.6304559200,40.9911389500,40.3672547900,84623107,3525927169.1200
2025-12-12,40.6986932500,40.6889450600,40.7766787700,40.4354921200,71762547,2991877686.5000
2025-12-15,40.6889450600,40.7474342000,41.2153473200,40.5817149700,56266557,2361986962.3700
2025-12-16,40.7279378200,40.6499523000,41.0691244700,40.3867511700,56617635,2359934980.4400
2025-12-17,40.5524704000,40.4744848800,40.7961751500,40.1917873700,63126744,2619154132.3700
2025-12-18,40.4939812600,41.3030810300,41.3518219800,40.3575066000,76811931,3224732019.6700
2025-12-19,41.3030810300,40.9326498100,41.4103111200,40.8546642900,57382341,2421818092.9300
2025-12-22,41.0203835200,40.7181896300,41.0691244700,40.6597004900,52473989,2197149655.5200
2025-12-23,40.6889450600,40.8546642900,40.9813907600,40.6109595400,60651014,2539576612.5400
2025-12-24,40.8741606700,40.7766787700,40.9326498100,40.5037294500,53630520,2241620144.9800
2025-12-25,40.8741606700,40.7279378200,41.0203835200,40.6499523000,49921351,2090265136.5500
2025-12-26,40.7376860100,40.6499523000,40.8254197200,40.5719667800,50880959,2123779707.6700
2025-12-29,40.6109595400,40.8156715300,40.8741606700,40.3770029800,68255105,2848984781.8800
2025-12-30,40.8449161000,41.2153473200,41.4103111200,40.7279378200,83478293,3522122451.9000
2025-12-31,41.1763545600,41.0398799000,41.2640882700,40.8644124800,55414239,2335536695.1600
2026-01-05,41.4103111200,41.2835846500,41.7222532000,41.2055991300,84082964,3571507106.7100
2026-01-06,41.3810665500,41.6540158700,41.7125050100,41.0301317100,92371482,3918152818.8900
2026-01-07,41.6735122500,41.0886208500,41.9367133800,41.0788726600,88055952,3735889227.4800
2026-01-08,41.1373618000,40.5329740200,41.1861027500,40.2600247000,111572692,4642639924.9500
2026-01-09,40.4939812600,40.2600247000,40.7084414400,40.0845572800,98547074,4069939124.6200
2026-01-12,40.2600247000,40.0845572800,40.3867511700,39.9675790000,118664058,4887859874.3200
2026-01-13,40.1625428000,40.0943054700,40.3380102200,39.9968235700,115936473,4772124911.9700
2026-01-14,40.0943054700,39.0609973300,40.1332982300,39.0512491400,191774380,7803195414.9800
2026-01-15,39.0999900900,39.0999900900,39.4021839800,38.9927600000,121727094,4886718462.7800
2026-01-16,39.4900000000,38.7200000000,39.5000000000,38.6500000000,152524530,5941062876.7800
2026-01-19,38.7300000000,38.5500000000,38.9200000000,38.5000000000,98870273,3825610922.1000
2026-01-20,38.5700000000,38.7300000000,39.1300000000,38.5100000000,111387322,4327688232.6900
2026-01-21,38.9200000000,38.2400000000,38.9400000000,38.1800000000,121499985,4683716085.1400
2026-01-22,38.2700000000,37.8500000000,38.5800000000,37.8000000000,187754633,7138121617.3400
2026-01-23,37.8500000000,37.5000000000,38.1700000000,37.3800000000,189211273,7135111002.8300
2026-01-26,37.5000000000,38.0200000000,38.3000000000,37.3100000000,216679416,8225997387.1400
2026-01-27,38.0600000000,38.1000000000,38.5100000000,37.8700000000,157240627,6017368289.7900
2026-01-28,38.1200000000,37.8000000000,38.4400000000,37.7000000000,204166688,7757392685.1900
2026-01-29,37.8800000000,38.5300000000,38.6500000000,37.5500000000,199998187,7627788339.0700
2026-01-30,38.5300000000,38.6700000000,39.1700000000,38.5300000000,166084303,6450474687.1200
2026-02-02,38.8800000000,38.4500000000,39.3000000000,38.4100000000,138497888,5374972303.8600
2026-02-03,38.6700000000,38.3000000000,38.6700000000,38.1400000000,84279156,3228439116.8400
2026-02-04,38.3000000000,39.0100000000,39.0200000000,38.2600000000,102131628,3961153582.8500
2026-02-05,38.9400000000,39.7100000000,39.9200000000,38.9100000000,121889452,4810048757.4700
2026-02-06,39.7000000000,39.6000000000,39.9500000000,39.3100000000,80297978,3178037638.9500
2026-02-09,39.6000000000,39.4800000000,39.7400000000,39.3300000000,65894891,2601539088.5400
2026-02-10,39.4900000000,39.3400000000,39.5600000000,39.3100000000,49596465,1953983696.0100
2026-02-11,39.3600000000,39.4000000000,39.4500000000,39.2000000000,52881696,2080370292.7400
2026-02-12,39.4000000000,38.9900000000,39.4200000000,38.7300000000,77752571,3028037809.3800
2026-02-13,38.9500000000,38.7100000000,39.0900000000,38.6300000000,70537032,2738389979.5900
2026-02-24,39.2000000000,38.9400000000,39.4100000000,38.8200000000,75467438,2950566959.1100
2026-02-25,38.9000000000,38.7800000000,39.1500000000,38.7200000000,72397149,2817141580.4200
2026-02-26,38.8000000000,38.7000000000,39.0200000000,38.5000000000,59332534,2297277144.1200
2026-02-27,38.7500000000,38.7500000000,38.9500000000,38.6400000000,63703472,2472164576.4200
2026-03-02,38.6000000000,38.6700000000,38.8700000000,38.4200000000,68547313,2649577380.0100
2026-03-03,38.6600000000,39.1800000000,39.5500000000,38.5600000000,138465642,5423934799.6300
2026-03-04,39.0100000000,38.6000000000,39.0300000000,38.0100000000,115193902,4442287555.0500
2026-03-05,38.6600000000,39.1500000000,39.2400000000,38.6300000000,78336979,3058463948.2500
2026-03-06,39.1000000000,39.2000000000,39.3200000000,38.9500000000,46595667,1822138718.7300
2026-03-09,38.9000000000,38.7900000000,39.1800000000,38.7500000000,76677490,2983734019.2300
2026-03-10,38.9400000000,39.2200000000,39.2400000000,38.8000000000,61371700,2399803866.1800
2026-03-11,39.3000000000,39.5000000000,39.5000000000,38.9500000000,68940710,2710371063.8200
2026-03-12,39.4500000000,39.5000000000,39.5800000000,39.3300000000,52772330,2081987129.6000
2026-03-13,39.4600000000,39.7600000000,40.0500000000,39.3500000000,76527668,3041555946.5300
2026-03-16,39.7700000000,39.9100000000,40.0400000000,39.6400000000,61094451,2435208935.7100
2026-03-17,39.8900000000,40.1200000000,40.3600000000,39.8300000000,65622927,2637804783.3300
2026-03-18,40.1300000000,39.9200000000,40.3200000000,39.7900000000,70583141,2822439833.5900
2026-03-19,39.8800000000,39.7700000000,40.0400000000,39.7000000000,65024684,2591832049.9800
2026-03-20,39.8500000000,39.7500000000,40.0800000000,39.6600000000,61580273,2453063179.5700
2026-03-23,39.5800000000,38.6800000000,39.7000000000,38.5500000000,95773829,3730145439.3200
2026-03-24,38.8000000000,39.2500000000,39.3200000000,38.7300000000,61633642,2408674585.7000
2026-03-25,39.3300000000,39.2600000000,39.4000000000,38.9400000000,65381669,2556622044.6400
2026-03-26,39.1500000000,39.5600000000,39.6900000000,39.1400000000,61679007,2437289721.0600
2026-03-27,39.5000000000,39.4400000000,39.7000000000,39.2500000000,46800671,1846335950.9000
2026-03-30,39.2400000000,39.4800000000,39.5700000000,39.1300000000,64605410,2544968866.7400
2026-03-31,39.5400000000,39.3200000000,39.7300000000,39.2800000000,66309671,2617257386.8100
2026-04-01,39.5600000000,39.8200000000,40.0400000000,39.4200000000,88152581,3510509344.7700
2026-04-02,39.8600000000,39.7600000000,39.9200000000,39.5800000000,53462988,2124222800.5200
2026-04-03,39.7600000000,39.4000000000,39.8200000000,39.3600000000,46448537,1835962093.4400
2026-04-07,39.3900000000,38.9900000000,39.6000000000,38.9600000000,52836661,2071766646.1900
2026-04-08,39.5000000000,39.6200000000,39.6400000000,39.1900000000,66949789,2643490434.2300
2026-04-09,39.4800000000,39.2600000000,39.5200000000,39.1200000000,53585405,2104306040.8200
2026-04-10,39.3200000000,39.2100000000,39.3800000000,39.1300000000,54320208,2130641528.9000
2026-04-13,39.1300000000,38.9800000000,39.1600000000,38.9200000000,52514495,2047706850.4500
2026-04-14,39.0000000000,39.1300000000,39.1800000000,38.9500000000,50399861,1967829540.2500
2026-04-15,39.2500000000,39.9000000000,39.9200000000,39.2200000000,105210379,4177253341.8800
2026-04-16,39.9000000000,39.9100000000,40.1500000000,39.7500000000,61725776,2467044522.0300
2026-04-17,39.8500000000,39.5200000000,39.9000000000,39.5000000000,58792518,2331744879.6800
2026-04-20,39.5000000000,39.8700000000,39.9000000000,39.3300000000,58877642,2337084803.9600
2026-04-21,39.9100000000,39.8700000000,40.1500000000,39.8600000000,54594915,2182431154.1100
2026-04-22,39.8700000000,39.7400000000,40.0300000000,39.6200000000,50759455,2017733908.5400
2026-04-23,39.7200000000,39.8100000000,39.8600000000,39.5200000000,56948934,2260647912.8700
2026-04-24,39.7400000000,39.3800000000,39.8000000000,39.3600000000,62941438,2485978698.7700
2026-04-27,39.5200000000,39.3800000000,39.9900000000,39.3200000000,92616843,3669782210.5400
2026-04-28,39.3800000000,39.6000000000,39.6300000000,39.2600000000,66930520,2637104794.0800
2026-04-29,38.9100000000,38.5000000000,39.0200000000,38.3400000000,253311717,9780526575.0600
2026-04-30,38.4000000000,38.2700000000,38.5100000000,38.1200000000,116957410,4477499783.2400
2026-05-06,38.2900000000,38.0000000000,38.3500000000,37.8200000000,143177103,5437169067.7600
2026-05-07,38.0500000000,37.9500000000,38.1600000000,37.9400000000,79008987,3001814235.0200
2026-05-08,38.0300000000,37.9400000000,38.1800000000,37.9000000000,86953912,3303687173.6100
2026-05-11,37.9500000000,37.9700000000,37.9800000000,37.7000000000,92548934,3502977207.6900
2026-05-12,37.9800000000,37.9000000000,38.1400000000,37.8600000000,96729929,3673345230.7100
2026-05-13,37.9600000000,37.8800000000,38.0900000000,37.8500000000,71830416,2723485936.9700
2026-05-14,37.8100000000,37.8100000000,38.0200000000,37.7300000000,86786790,3286217937.3600
2026-05-15,37.8100000000,37.6500000000,37.9700000000,37.6100000000,82173796,3101358446.0500
2026-05-18,37.6500000000,37.4700000000,37.6600000000,37.3500000000,70768410,2651016862.5900
2026-05-19,37.4800000000,37.3700000000,37.7400000000,37.3400000000,71991007,2698787184.4300
2026-05-20,37.3700000000,37.1700000000,37.4400000000,37.1700000000,69318422,2582329893.2500
2026-05-21,37.1800000000,37.1500000000,37.3400000000,37.1100000000,72519969,2698141547.9300
2026-05-22,37.1000000000,37.0200000000,37.3300000000,36.9700000000,79761712,2961273370.2400
