日期,开盘,收盘,最高,最低,成交量,成交额
2020-01-02,12.7499673000,12.6027032400,13.0057417200,12.5794510200,100291514,1646850282.0000
2020-01-03,12.6957121200,12.3624303000,12.6957121200,12.2074155000,107482373,1713539324.0000
2020-01-06,12.2461692000,12.1531603200,12.2539199400,12.0524007000,126336546,1978819740.0000
2020-01-07,12.1841632800,12.2384184600,12.2616706800,12.0756529200,85522490,1341480550.0000
2020-01-08,12.0911544000,12.0291484800,12.1144066200,11.9438903400,88280529,1370722664.0000
2020-01-09,12.5406973200,12.6182047200,12.7112136000,12.3701810400,194617667,3150781873.0000
2020-01-10,12.6337062000,12.4166854800,12.6647091600,12.3236766000,95677137,1538891916.0000
2020-01-13,12.4709406600,12.7732195200,12.8042224800,12.4554391800,90169930,1471326840.0000
2020-01-14,12.7887210000,12.6724599000,12.8584776600,12.6104539800,59886642,980331765.0000
2020-01-15,12.6724599000,12.5019436200,12.7344658200,12.4476884400,54985270,889417410.0000
2020-01-16,12.5251958400,12.4244362200,12.6182047200,12.3934332600,62351564,1002815210.0000
2020-01-17,12.4786914000,12.4941928800,12.5794510200,12.3934332600,47033226,756916800.0000
2020-01-20,12.4941928800,12.3856825200,12.5329465800,12.2461692000,58488755,931786544.0000
2020-01-21,12.2616706800,11.9748933000,12.3081751200,11.9593918200,91010838,1416707757.0000
2020-01-22,11.9671425600,12.3004243800,12.3314273400,11.8431307200,96210885,1510291460.0000
2020-01-23,12.0989051400,11.8818844200,12.2074155000,11.8043770200,82177127,1269876631.0000
2020-02-03,10.7735286000,10.8355345200,11.0370537600,10.6960212000,182050954,2551879289.0000
2020-02-04,10.9285434000,11.0913089400,11.1455641200,10.7425256400,111986793,1580250913.0000
2020-02-05,11.0060508000,11.2230715200,11.3315818800,10.9130419200,116900955,1680553421.0000
2020-02-06,11.3083296600,11.2773267000,11.3780863200,11.0835582000,103926556,1502684318.0000
2020-02-07,11.1378133800,11.1610656000,11.2385730000,11.0060508000,68873215,986294728.0000
2020-02-10,10.9983000600,11.4943474200,11.6261100000,10.9517956200,111229579,1628239096.0000
2020-02-11,11.4013385400,11.6028577800,11.8198785000,11.3935878000,84994830,1279273434.0000
2020-02-12,11.4943474200,11.5563533400,11.6881159200,11.4323415000,64811582,965030924.0000
2020-02-13,11.7191188800,11.9283888600,12.0756529200,11.7113681400,109993538,1697335231.0000
2020-02-14,11.9748933000,12.3236766000,12.3624303000,11.9283888600,95305965,1501176459.0000
2020-02-17,12.4244362200,12.1996647600,12.4786914000,12.0446499600,98722390,1550241006.0000
2020-02-18,12.0601514400,12.0136470000,12.1841632800,11.9438903400,75872057,1175808592.0000
2020-02-19,11.9826440400,11.9981455200,12.1221573600,11.8741336800,58011333,900330215.0000
2020-02-20,11.9438903400,12.1221573600,12.1376588400,11.9361396000,82978441,1288806125.0000
2020-02-21,12.0911544000,11.8818844200,12.1221573600,11.7811248000,84402343,1296802106.0000
2020-02-24,11.8431307200,11.6958666600,11.8663829400,11.5098489000,84240473,1266271856.0000
2020-02-25,11.6648637000,11.8276292400,12.0368992200,11.6493622200,95768234,1463990944.0000
2020-02-26,11.7036174000,12.3934332600,12.7577180400,11.6493622200,214158722,3422389039.0000
2020-02-27,12.4321869600,12.2694214200,12.5174451000,12.1841632800,99061490,1578365892.0000
2020-02-28,12.1686618000,12.5484480600,12.7654687800,12.1066558800,160963034,2605740695.0000
2020-03-02,12.7189643400,12.9359850600,13.1840087400,12.7112136000,179390473,3013621421.0000
2020-03-03,13.0134924600,12.8739791400,13.0987506000,12.5872017600,147133654,2421028582.0000
2020-03-04,12.9824895000,13.0289939400,13.4475339000,12.7189643400,160972054,2729215015.0000
2020-03-05,12.9437358000,13.2072609600,13.3080205800,12.7887210000,114883552,1935314066.0000
2020-03-06,13.0289939400,12.7809702600,13.0987506000,12.7112136000,87520562,1448290707.0000
2020-03-09,12.5484480600,12.5329465800,12.6957121200,12.2771721600,84757998,1366300940.0000
2020-03-10,12.6259554600,12.7034628600,12.8662284000,12.3624303000,71118841,1160198084.0000
2020-03-11,12.7499673000,12.5949525000,12.9127328400,12.5406973200,74638194,1225472022.0000
2020-03-12,12.4864421400,12.7034628600,12.8197239600,12.3469288200,70934634,1153011471.0000
2020-03-13,12.1144066200,12.4864421400,12.5949525000,11.9361396000,91755412,1449691566.0000
2020-03-16,12.4476884400,11.8508814600,12.4554391800,11.7966262800,100658885,1566768466.0000
2020-03-17,11.8198785000,11.6958666600,12.0756529200,11.5331011200,87532699,1318711214.0000
2020-03-18,11.6726144400,11.1765670800,11.7888755400,11.1610656000,91866719,1361646189.0000
2020-03-19,11.0215522800,10.8510360000,11.2385730000,10.3859916000,104088956,1448798706.0000
2020-03-20,10.9905493200,11.2308222600,11.3160804000,10.7735286000,64316724,922502940.0000
2020-03-23,10.8355345200,10.9130419200,11.0448045000,10.6960212000,52340293,733869878.0000
2020-03-24,11.0913089400,11.2540744800,11.3625848400,11.0060508000,54728523,789650916.0000
2020-03-25,11.4478429800,11.7578725800,11.8431307200,11.2695759600,91658679,1366868266.0000
2020-03-26,11.5098489000,11.7191188800,11.8353799800,11.4865966800,60870443,916496426.0000
2020-03-27,11.8818844200,11.8198785000,12.0136470000,11.7036174000,70991398,1086520698.0000
2020-03-30,11.6958666600,11.7811248000,11.9903947800,11.6028577800,78898556,1202817773.0000
2020-03-31,11.8586322000,11.5253503800,11.8973859000,11.3935878000,69537191,1041319606.0000
2020-04-01,11.5486026000,11.6028577800,11.8818844200,11.4633444600,58373596,879374633.0000
2020-04-02,11.5486026000,11.6958666600,11.6958666600,11.4865966800,39451319,589874594.0000
2020-04-03,11.5951070400,11.6493622200,11.7501218400,11.5641040800,33392200,501465197.0000
2020-04-07,11.8586322000,11.7501218400,11.8741336800,11.6571129600,64231644,973970134.0000
2020-04-08,11.6958666600,11.7578725800,11.8121277600,11.6028577800,41813635,632473378.0000
2020-04-09,11.7656233200,11.5796055600,11.7656233200,11.5020981600,38659332,578156303.0000
2020-04-10,11.5486026000,11.3858370600,11.7578725800,11.3005789200,66553781,986141307.0000
2020-04-13,11.3858370600,11.6803651800,11.7423711000,11.3238311400,47921493,716821476.0000
2020-04-14,11.7811248000,12.0834036600,12.2694214200,11.7191188800,82433918,1282709646.0000
2020-04-15,12.0136470000,11.8586322000,12.0989051400,11.7888755400,44248546,679066585.0000
2020-04-16,12.0911544000,12.2151662400,12.3469288200,11.9826440400,83885351,1320022694.0000
2020-04-17,12.3081751200,12.2616706800,12.3159258600,12.1454095800,51105847,806717957.0000
2020-04-20,12.2616706800,12.3081751200,12.3391780800,11.8818844200,66933120,1049082043.0000
2020-04-21,12.3236766000,12.3469288200,12.5329465800,12.1764125400,72101092,1148517228.0000
2020-04-22,12.2849229000,12.3624303000,12.3624303000,12.0911544000,45900468,723356372.0000
2020-04-23,12.3624303000,12.3159258600,12.4321869600,12.1531603200,50066863,793240689.0000
2020-04-24,12.2926736400,12.2771721600,12.3236766000,12.1841632800,34260795,541462827.0000
2020-04-27,12.2771721600,12.3314273400,12.5872017600,12.2616706800,43557259,698751320.0000
2020-04-28,12.3779317800,12.5174451000,12.6724599000,12.3469288200,51766641,836452628.0000
2020-04-29,12.4786914000,12.7964717400,12.9127328400,12.4786914000,50707404,832910564.0000
2020-04-30,12.8042224800,12.5872017600,12.8197239600,12.5174451000,59730409,972728316.0000
2020-05-06,12.4089347400,12.3004243800,12.4864421400,12.1454095800,91552625,1449298261.0000
2020-05-07,12.2151662400,12.1841632800,12.3391780800,12.1531603200,49295884,777182557.0000
2020-05-08,12.2771721600,12.3159258600,12.3469288200,12.1609110600,63756063,1009047318.0000
2020-05-11,12.3081751200,12.2074155000,12.3701810400,12.1841632800,58748185,929988232.0000
2020-05-12,12.2229169800,12.1996647600,12.2694214200,12.1299081000,43994849,692382187.0000
2020-05-13,12.1764125400,12.1609110600,12.2074155000,12.0291484800,45708229,714240710.0000
2020-05-14,12.0989051400,11.8973859000,12.1609110600,11.8353799800,57264222,882800599.0000
2020-05-15,11.9361396000,11.8276292400,11.9826440400,11.6958666600,55022106,841400734.0000
2020-05-18,11.8741336800,11.9826440400,12.0601514400,11.8276292400,51225936,792831422.0000
2020-05-19,12.1686618000,11.8973859000,12.1686618000,11.8586322000,42413865,654356888.0000
2020-05-20,11.8663829400,11.8353799800,11.9748933000,11.7423711000,37692299,575269604.0000
2020-05-21,11.9051366400,11.6648637000,11.9206381200,11.6183592600,38327899,580994496.0000
2020-05-22,11.6881159200,11.4323415000,11.6881159200,11.4323415000,48662611,723800350.0000
2020-05-25,11.5486026000,11.8198785000,11.8276292400,11.4865966800,52135701,789514903.0000
2020-05-26,11.9206381200,11.8663829400,11.9283888600,11.7501218400,33127875,505918071.0000
2020-05-27,11.8663829400,11.9283888600,11.9748933000,11.7966262800,35544329,545810742.0000
2020-05-28,11.9283888600,12.0058962600,12.2074155000,11.9051366400,72571273,1131199114.0000
2020-05-29,12.0713705000,11.7521952800,12.0877384600,11.6949074200,59572753,859157526.0000
2020-06-01,11.8504030400,12.1122904000,12.1450263200,11.7931151800,52476735,767402478.0000
2020-06-02,12.0304506000,12.4478335800,12.5133054200,12.0140826400,72298412,1088664858.0000
2020-06-03,12.5460413400,12.4805695000,12.9143204400,12.4723855200,77345602,1197365938.0000
2020-06-04,12.6196971600,12.3496258200,12.6606170600,12.2350501000,48221400,729457186.0000
2020-06-05,12.3496258200,12.1613942800,12.3496258200,12.0140826400,63714681,942334912.0000
2020-06-08,12.2023141800,12.2023141800,12.3905457200,12.1204743800,62910505,938891153.0000
2020-06-09,12.2023141800,12.2350501000,12.4150976600,12.1613942800,54881519,821590007.0000
2020-06-10,12.2350501000,11.9731627400,12.2350501000,11.9322428400,68570468,1007041153.0000
2020-06-11,11.9486108000,11.7440113000,11.9731627400,11.7112753800,64919191,937774634.0000
2020-06-12,11.6212516000,11.7849312000,11.8422190600,11.5803317000,58645660,839913453.0000
2020-06-15,11.6539875200,11.7358273200,11.9076909000,11.6294355800,48510773,698458547.0000
2020-06-16,11.8995069200,11.8913229400,11.9649787600,11.8094831400,43103082,626452551.0000
2020-06-17,11.8504030400,11.7521952800,11.8913229400,11.6621715000,49270294,706211628.0000
2020-06-18,11.8422190600,11.9567947800,11.9977146800,11.8094831400,57945119,844415796.0000
2020-06-19,11.9567947800,11.9158748800,11.9649787600,11.7603792600,90211582,1305574476.0000
2020-06-22,11.8340350800,11.8176671200,11.9240588600,11.7849312000,59073258,854951303.0000
2020-06-23,11.7849312000,11.7112753800,11.8504030400,11.6785394600,54277371,777744354.0000
2020-06-24,11.7603792600,12.0631865200,12.0713705000,11.7276433400,104266987,1523402267.0000
2020-06-29,11.9977146800,11.8913229400,12.0140826400,11.7603792600,56053508,813047678.0000
2020-06-30,11.9240588600,12.0959224400,12.0959224400,11.8504030400,61162772,894725518.0000
2020-07-01,12.1204743800,13.0125282000,13.3071514800,12.0386345800,215227405,3366484973.0000
2020-07-02,13.1107359600,13.3971752600,13.5772228200,13.0452641200,182054250,2963338633.0000
2020-07-03,13.4380951600,13.3808073000,13.8227422200,13.0370801400,167075967,2727504167.0000
2020-07-06,13.6917985400,14.7229800200,14.7229800200,13.6917985400,221836541,3885732654.0000
2020-07-07,15.1158110600,14.4529086800,15.3040426000,14.3628849000,166157546,2987610697.0000
2020-07-08,14.4856446000,14.5593004200,14.8048198200,14.2401252000,124796969,2212906305.0000
2020-07-09,14.7229800200,14.8375557400,14.8866596200,14.2237572400,132133590,2345987249.0000
2020-07-10,14.5101965400,14.2728611200,14.7147960400,14.1091815200,131841829,2315269545.0000
2020-07-13,14.1582854000,14.1664693800,14.4119887800,13.7900063000,123497190,2126778407.0000
2020-07-14,14.0764456000,13.8554781400,14.2401252000,13.5690388400,136288392,2309552644.0000
2020-07-15,13.9618698800,13.4626471000,14.1009975400,13.4380951600,108990452,1826346179.0000
2020-07-16,13.5690388400,13.2089437200,13.7736383400,13.1925757600,120763344,1986318121.0000
2020-07-17,13.2989675000,13.1516558600,13.4380951600,12.9306884000,99975212,1607750720.0000
2020-07-20,13.2825995400,13.8063742600,13.9700538600,13.1762078000,134174045,2234004556.0000
2020-07-21,13.7900063000,13.5935907800,13.8554781400,13.4626471000,97163255,1612208698.6400
2020-07-22,13.5117509800,13.5363029200,13.8227422200,13.4544631200,104729978,1746274998.9500
2020-07-23,13.3562553600,13.2989675000,13.4871990400,13.0616320800,82322286,1333229857.1000
2020-07-24,13.2744155600,12.9879762600,13.5363029200,12.8488486000,93323392,1502624971.8300
2020-07-27,13.1107359600,12.7015369600,13.1352879000,12.5705932800,91823481,1426923403.6800
2020-07-28,12.8079287000,12.8488486000,12.9143204400,12.6196971600,92207107,1436443841.7200
2020-07-29,12.7751927800,12.9306884000,12.9879762600,12.6115131800,89848619,1410254233.7300
2020-07-30,12.9225044200,12.7015369600,12.9225044200,12.6769850200,101517589,1582952137.1500
2020-07-31,12.6360651200,12.7670088000,12.9470563600,12.6033292000,97628429,1520323050.8400
2020-08-03,12.8897685000,12.9961602400,13.1762078000,12.8570325800,128899231,2039618230.5900
2020-08-04,13.0125282000,13.2825995400,13.3808073000,12.8734005400,148955836,2390570376.0600
2020-08-05,13.1352879000,12.9225044200,13.1352879000,12.8488486000,139764934,2206968568.7700
2020-08-06,12.9306884000,13.0125282000,13.0534481000,12.7588248200,78621326,1239817335.8700
2020-08-07,12.9143204400,12.9061364600,13.0043442200,12.7670088000,73189364,1151745510.3500
2020-08-10,12.8488486000,13.3153354600,13.4626471000,12.8242966600,146659435,2377737048.9100
2020-08-11,13.3480713800,13.2989675000,13.6590626200,13.2498636200,127885510,2101462041.1100
2020-08-12,13.3398874000,13.5444869000,13.6181427200,13.2580476000,97631939,1603315574.7600
2020-08-13,13.5117509800,13.5199349600,13.6099587400,13.3808073000,62409308,1028328613.0200
2020-08-14,13.5117509800,13.9291339600,14.0027897800,13.4135432200,122190794,2057034751.4600
2020-08-17,13.9536859000,14.2483091800,14.5511164400,13.7900063000,138952924,2422356425.3900
2020-08-18,14.2319412200,13.8800300800,14.3137810200,13.7163504800,116566540,1981656148.5900
2020-08-19,13.8636621200,13.6836145600,13.8636621200,13.5690388400,85473104,1429437309.8000
2020-08-20,13.6345106800,13.6263267000,13.6999825200,13.4626471000,68285894,1132243510.3800
2020-08-21,13.7245344600,13.5526708800,13.7490864000,13.4462791400,57690937,956204899.9300
2020-08-24,13.6672466000,13.4871990400,13.7818223200,13.4626471000,63564072,1056237085.9500
2020-08-25,13.4871990400,13.5363029200,13.6181427200,13.3808073000,68046452,1124852182.5700
2020-08-26,13.5444869000,13.6181427200,13.8472941600,13.4626471000,88109061,1472931455.4500
2020-08-27,13.5854068000,13.2580476000,13.5854068000,13.0861840200,113887484,1841509146.4400
2020-08-28,13.1843917800,13.4790150600,13.5363029200,13.1516558600,92934193,1522334925.6100
2020-08-31,13.5772228200,13.1762078000,13.7163504800,13.1516558600,99898622,1635466423.8300
2020-09-01,13.2007597400,13.2662315800,13.2989675000,13.1189199400,68400387,1103472123.0400
2020-09-02,13.1925757600,13.3153354600,13.4626471000,13.1352879000,86810278,1410858654.2600
2020-09-03,13.3153354600,13.4217272000,13.5281189400,13.2253116800,87621731,1437400975.4500
2020-09-04,13.2989675000,13.4790150600,13.5035670000,13.1598398400,72699272,1185646072.4700
2020-09-07,13.3562553600,13.5935907800,14.0109737600,13.3480713800,120236610,2015511030.0500
2020-09-08,13.6508786400,13.5935907800,13.8145582400,13.4626471000,74992880,1246888460.1600
2020-09-09,13.4626471000,13.4217272000,13.5854068000,13.2662315800,61264061,1003809392.6300
2020-09-10,13.5854068000,13.7245344600,14.1582854000,13.5854068000,128660598,2178483136.1700
2020-09-11,13.7409024200,13.5690388400,13.8145582400,13.4626471000,77167910,1282971529.5500
2020-09-14,13.5854068000,13.5444869000,13.6917985400,13.3889912800,58519133,965884103.1800
2020-09-15,13.5035670000,13.6345106800,13.7327184400,13.3644393400,64890107,1075533875.8300
2020-09-16,13.5690388400,13.7818223200,13.8882140600,13.4871990400,78509632,1314843263.3800
2020-09-17,13.7163504800,13.6181427200,13.8227422200,13.5854068000,57441074,959643824.7200
2020-09-18,13.6181427200,14.1992053000,14.1992053000,13.5935907800,140870075,2409709444.3600
2020-09-21,14.2073892800,13.9700538600,14.2237572400,13.9373179400,75074277,1291780802.7000
2020-09-22,13.8800300800,13.7818223200,13.9618698800,13.6999825200,57205592,967309503.9200
2020-09-23,13.7900063000,13.6508786400,13.8227422200,13.6099587400,53094169,887683648.2000
2020-09-24,13.6345106800,13.3971752600,13.6426946600,13.3644393400,64752055,1065772298.9900
2020-09-25,13.3644393400,13.0043442200,13.4626471000,12.9225044200,93486243,1500213098.9400
2020-09-28,13.0861840200,13.2171277000,13.2744155600,13.0125282000,72570253,1168243281.6500
2020-09-29,13.1925757600,13.1516558600,13.2416796400,13.1189199400,49830932,802059019.5200
2020-09-30,13.2580476000,13.0043442200,13.2989675000,12.8734005400,67589199,1077401130.0600
2020-10-09,13.0943680000,13.1434718800,13.1762078000,12.9879762600,54671938,874436425.8900
2020-10-12,13.2089437200,13.4462791400,13.4462791400,13.1762078000,81152180,1323453787.2100
2020-10-13,13.3562553600,13.2662315800,13.3726233200,13.1352879000,65703037,1062210456.0900
2020-10-14,13.1925757600,13.1925757600,13.2416796400,13.1025519800,43485147,699725852.8000
2020-10-15,13.1925757600,13.1925757600,13.3480713800,13.1680238200,42923645,695276598.5600
2020-10-16,13.2007597400,13.2662315800,13.3153354600,13.1598398400,51472911,832468672.5200
2020-10-19,13.3562553600,13.3317034200,13.7163504800,13.2498636200,88006705,1450752326.1200
2020-10-20,13.2662315800,13.2171277000,13.3071514800,13.1189199400,53602838,863183179.1900
2020-10-21,13.2253116800,13.2662315800,13.3153354600,13.0861840200,55498359,893552668.0200
2020-10-22,13.2580476000,13.3398874000,13.4953830200,13.2171277000,68195909,1115156022.5300
2020-10-23,13.3071514800,13.4217272000,13.5526708800,13.2416796400,77728683,1272903854.0300
2020-10-26,13.5035670000,13.4544631200,13.6017747600,13.3398874000,59443899,977022349.0100
2020-10-27,13.4135432200,13.1352879000,13.4544631200,13.0943680000,86912428,1403252178.3700
2020-10-28,13.1352879000,12.8652165600,13.1598398400,12.7506408400,79566925,1253531214.3200
2020-10-29,12.7506408400,12.8979524800,13.0043442200,12.7179049200,54463620,856342068.9500
2020-10-30,12.8406646200,12.5705932800,13.0943680000,12.4560175600,103910723,1614206109.9800
2020-11-02,12.6115131800,12.6769850200,12.7833767600,12.5705932800,52432235,812795524.6900
2020-11-03,12.6933529800,12.7424568600,12.7833767600,12.5542253200,56036919,869855616.2000
2020-11-04,12.6769850200,12.7179049200,12.8161126800,12.6524330800,40054153,622589133.7700
2020-11-05,12.7751927800,13.0288961600,13.1271039200,12.7751927800,82603458,1308077055.3600
2020-11-06,13.0780000400,13.2253116800,13.3153354600,13.0125282000,82879002,1336891173.1300
2020-11-09,13.3398874000,13.2498636200,13.3971752600,13.1352879000,77143557,1249039966.4500
2020-11-10,13.3071514800,13.1925757600,13.4708310800,13.1352879000,58562829,951190088.6900
2020-11-11,13.1925757600,13.4217272000,13.5035670000,13.1352879000,99105024,1620543187.0300
2020-11-12,13.3317034200,13.3153354600,13.4380951600,13.2416796400,50339875,819309271.3700
2020-11-13,13.2334956600,12.9143204400,13.2416796400,12.8488486000,78733125,1247423484.2000
2020-11-16,12.9306884000,13.0861840200,13.1352879000,12.8652165600,65890484,1046180797.6000
2020-11-17,13.0861840200,13.5526708800,13.5935907800,13.0616320800,156810978,2573863957.4200
2020-11-18,13.5690388400,13.6917985400,13.9618698800,13.2989675000,148960700,2490400938.8800
2020-11-19,13.7409024200,13.9045820200,13.9946058000,13.6508786400,121050845,2049805360.8200
2020-11-20,13.9782378400,13.8800300800,13.9782378400,13.6508786400,63629087,1075326839.2600
2020-11-23,13.9536859000,13.8800300800,14.0109737600,13.7327184400,72772049,1235114047.9300
2020-11-24,13.7900063000,13.7327184400,13.9536859000,13.6672466000,60614933,1019684625.8600
2020-11-25,13.8227422200,13.7736383400,14.0109737600,13.6917985400,70508144,1193514296.8700
2020-11-26,13.8063742600,13.8227422200,13.8554781400,13.5690388400,54977497,922671725.4400
2020-11-27,13.8636621200,14.2401252000,14.2483091800,13.8309262000,99585427,1717255841.8600
2020-11-30,14.2564931600,14.0928135600,14.7393479800,14.0928135600,132145433,2330027673.2500
2020-12-01,14.0764456000,14.1173655000,14.1582854000,13.6426946600,101651427,1728916810.1700
2020-12-02,14.1173655000,14.2155732600,14.5347484800,13.9536859000,83731286,1466458130.2100
2020-12-03,14.2155732600,14.1337334600,14.2974130600,14.0027897800,51263411,885030517.5600
2020-12-04,14.1337334600,13.8800300800,14.1582854000,13.7654543600,56576610,957973974.8500
2020-12-07,13.8309262000,13.5363029200,13.8800300800,13.4871990400,63418742,1053190523.6400
2020-12-08,13.5690388400,13.4708310800,13.6099587400,13.3889912800,48396951,796844190.3600
2020-12-09,13.5035670000,13.3317034200,13.5363029200,13.2825995400,59508659,973363722.5200
2020-12-10,13.3235194400,13.2662315800,13.4380951600,13.1598398400,47426545,767836297.1500
2020-12-11,13.3398874000,13.0780000400,13.3398874000,13.0207121800,53568750,858765079.7500
2020-12-14,13.2580476000,13.2662315800,13.3153354600,13.0943680000,56305982,908436302.6900
2020-12-15,13.2416796400,13.1107359600,13.2580476000,13.0125282000,48340704,773621738.4000
2020-12-16,13.1516558600,13.1762078000,13.3398874000,13.0534481000,49582101,797908258.9500
2020-12-17,13.1598398400,13.2253116800,13.2825995400,13.0534481000,53639387,865372581.7900
2020-12-18,13.1843917800,13.1352879000,13.2253116800,12.9552403400,97168615,1556035905.1600
2020-12-21,13.0452641200,13.0207121800,13.0698160600,12.8406646200,67563920,1070674394.1400
2020-12-22,12.9961602400,13.0452641200,13.3317034200,12.8815845200,82822876,1327522004.2700
2020-12-23,13.0780000400,12.8079287000,13.1025519800,12.7260889000,90858242,1425579577.0100
2020-12-24,12.8161126800,12.7670088000,12.9143204400,12.6688010400,47985492,748652828.6200
2020-12-25,12.8652165600,12.8652165600,12.8734005400,12.6851690000,35181324,550758573.9300
2020-12-28,12.8488486000,12.8161126800,12.9061364600,12.5787772600,69506487,1085273726.1600
2020-12-29,12.8488486000,12.8979524800,13.0125282000,12.8324806400,60610686,956988411.9000
2020-12-30,12.8815845200,12.7670088000,12.9306884000,12.7179049200,55300050,864261875.3100
2020-12-31,12.7751927800,12.9470563600,12.9797922800,12.7179049200,72241786,1138146528.4000
2021-01-04,12.8324806400,12.5133054200,12.8324806400,12.4232816400,123298817,1889996643.3100
2021-01-05,12.4314656200,12.3578098000,12.4396496000,12.0140826400,132655847,1973875704.8700
2021-01-06,12.2923379600,12.4642015400,12.4969374600,12.2350501000,103979670,1576764325.4500
2021-01-07,12.4723855200,12.3250738800,12.6442491000,12.1204743800,100355191,1511452307.7200
2021-01-08,12.2596020400,12.4314656200,12.4887534800,12.2104981600,77412566,1171597291.1500
2021-01-11,12.4314656200,12.3087059200,12.6442491000,12.2432340800,123693474,1875366195.1000
2021-01-12,12.3168899000,12.4150976600,12.4314656200,12.1613942800,86881886,1303220804.7800
2021-01-13,12.4805695000,12.6442491000,12.8324806400,12.3741777600,120570979,1861224110.0300
2021-01-14,12.6278811400,12.6606170600,12.9552403400,12.5869612400,98063340,1524049319.1700
2021-01-15,12.6115131800,12.7015369600,12.8897685000,12.6115131800,85835087,1337980652.7800
2021-01-18,12.7588248200,13.0616320800,13.1271039200,12.5951452200,127787610,2011580670.1900
2021-01-19,12.8897685000,13.1762078000,13.4217272000,12.7670088000,182193556,2915611185.0500
2021-01-20,13.0698160600,12.8324806400,13.0780000400,12.6933529800,95879054,1505834153.0900
2021-01-21,12.7670088000,12.5378573600,12.8161126800,12.4642015400,134581587,2071155402.3200
2021-01-22,12.4069136800,12.1368423400,12.4150976600,12.1368423400,120563606,1800534755.6800
2021-01-25,12.0795544800,11.9731627400,12.0795544800,11.7521952800,143084553,2078401511.3500
2021-01-26,11.9404268200,11.9486108000,12.1041064200,11.8749549800,80402047,1177228119.7200
2021-01-27,11.9567947800,11.7603792600,12.0795544800,11.6621715000,94181990,1361236418.0300
2021-01-28,11.6294355800,11.4984919000,11.6294355800,11.4002841400,91456666,1284221551.2100
2021-01-29,11.5312278200,11.3020763800,11.5803317000,11.2693404600,72071290,1002283529.2700
2021-02-01,11.3102603600,11.3102603600,11.4248360800,11.1138448400,64637481,889652916.3500
2021-02-02,11.3102603600,11.4575720000,11.5148598600,11.2447885200,73421321,1025701935.1400
2021-02-03,11.4984919000,11.2611564800,11.4984919000,11.2120526000,54348435,750276302.5200
2021-02-04,11.2447885200,10.9501652400,11.2447885200,10.8928773800,97634543,1313817062.1500
2021-02-05,10.9501652400,11.2529725000,11.3839161800,10.9174293200,88379379,1205608245.4600
2021-02-08,11.4412040400,11.4166521000,11.6376195600,11.2938924000,84510315,1185075432.9100
2021-02-09,11.4166521000,11.3593642400,11.4903079200,11.2284205600,62771958,872253963.2300
2021-02-10,11.3511802600,11.3184443400,11.4657559800,11.2693404600,54345683,752943916.6900
2021-02-18,11.3839161800,11.7521952800,11.7849312000,11.3757322000,92524355,1313636870.9100
2021-02-19,11.6785394600,11.7931151800,11.8667710000,11.6048836400,64012114,921006210.8200
2021-02-22,11.8012991600,12.0304506000,12.1204743800,11.7030914000,90458256,1319299669.5600
2021-02-23,11.9158748800,11.9895307000,12.1286583600,11.8913229400,49177708,721243514.7400
2021-02-24,11.9977146800,12.1286583600,12.2677860200,11.9567947800,96124774,1426751334.8200
2021-02-25,12.3168899000,13.1516558600,13.3398874000,12.2677860200,386495600,6176422137.9100
2021-02-26,12.8324806400,12.7179049200,13.1352879000,12.5214894000,179897461,2811354363.3500
2021-03-01,12.8406646200,13.1598398400,13.3235194400,12.6115131800,142536044,2268679062.9500
2021-03-02,13.1434718800,13.1107359600,13.6181427200,13.0125282000,129691037,2107836756.2500
2021-03-03,12.9797922800,13.1598398400,13.3480713800,12.9061364600,89475113,1430704230.1400
2021-03-04,13.0780000400,12.7833767600,13.3235194400,12.6851690000,112271783,1775824629.3500
2021-03-05,12.6769850200,12.5460413400,12.9143204400,12.3659937800,98639401,1517109184.0100
2021-03-08,12.6769850200,12.4232816400,12.7670088000,12.4232816400,65010774,1000109907.7400
2021-03-09,12.4887534800,12.3250738800,12.6688010400,12.2759700000,78823485,1201874219.0300
2021-03-10,12.4150976600,12.1941302000,12.4887534800,12.1286583600,66935872,998936360.9600
2021-03-11,12.2268661200,12.2759700000,12.4642015400,12.1941302000,61152835,920079134.6900
2021-03-12,12.2923379600,12.4232816400,12.7670088000,12.0631865200,79003668,1195463155.4000
2021-03-15,12.4723855200,12.2596020400,12.5051214400,12.1613942800,77100176,1157387332.6600
2021-03-16,12.2759700000,12.7506408400,12.8079287000,12.1859462200,89605159,1375189817.9800
2021-03-17,12.6033292000,12.5378573600,12.8406646200,12.4805695000,57941866,893531685.5100
2021-03-18,12.5705932800,12.4805695000,12.6278811400,12.4232816400,46258005,706135797.6300
2021-03-19,12.3659937800,11.9977146800,12.3905457200,11.9240588600,77913581,1152027144.7200
2021-03-22,11.8749549800,12.0140826400,12.0713705000,11.8504030400,40023885,585610373.1600
2021-03-23,12.0140826400,11.8749549800,12.0795544800,11.8258511000,47757153,694425254.6400
2021-03-24,11.8504030400,11.7194593600,11.8995069200,11.6621715000,49966688,717477372.1400
2021-03-25,11.7276433400,11.7358273200,11.8176671200,11.6376195600,30644557,438914140.3700
2021-03-26,11.7358273200,11.7440113000,11.8258511000,11.7030914000,39281911,564426454.7300
2021-03-29,11.7112753800,11.7521952800,11.8094831400,11.5966996600,48836266,699702838.7200
2021-03-30,11.7030914000,11.7767472200,11.9076909000,11.6621715000,44133028,634739670.8000
2021-03-31,11.7603792600,11.6458035400,11.7685632400,11.5312278200,45418711,643623297.3400
2021-04-01,11.6539875200,11.5803317000,11.6949074200,11.4984919000,33386490,472643670.7200
2021-04-02,11.6048836400,11.6212516000,11.6785394600,11.5312278200,32698273,463386323.8100
2021-04-06,11.6621715000,11.6212516000,11.6949074200,11.5966996600,27195249,386657012.6000
2021-04-07,11.6212516000,11.6785394600,11.7030914000,11.5557797600,33541454,476552055.8000
2021-04-08,11.6048836400,11.5803317000,11.6130676200,11.5230438400,34502765,487196012.7900
2021-04-09,11.5721477200,11.4493880200,11.5803317000,11.3757322000,46172274,646077647.0600
2021-04-12,11.4575720000,11.6867234400,11.7112753800,11.4248360800,58483237,829937926.8600
2021-04-13,11.6785394600,11.7276433400,11.7685632400,11.5557797600,42521839,605764689.6600
2021-04-14,11.7276433400,11.7358273200,11.7931151800,11.6621715000,37603869,538429012.8200
2021-04-15,11.7358273200,11.7276433400,11.8012991600,11.6621715000,31165260,446634899.2800
2021-04-16,11.7849312000,11.8585870200,11.8831389600,11.7112753800,37953301,548236199.9600
2021-04-19,11.8667710000,11.9240588600,11.9322428400,11.7849312000,35640107,517225338.7500
2021-04-20,11.7767472200,11.5557797600,11.8012991600,11.5230438400,86469697,1226098948.7500
2021-04-21,11.5475957800,11.5885156800,11.6048836400,11.4412040400,42992030,605285250.0000
2021-04-22,11.6048836400,11.6294355800,11.7030914000,11.5639637400,41482471,588948169.1800
2021-04-23,11.5885156800,11.5557797600,11.6130676200,11.4248360800,66423963,932922952.7000
2021-04-26,11.5148598600,11.4575720000,11.5803317000,11.4412040400,50747404,712300206.1500
2021-04-27,11.4575720000,11.5557797600,11.6048836400,11.3839161800,44975962,632324208.2400
2021-04-28,11.5966996600,11.5639637400,11.6048836400,11.4984919000,33443765,472050224.0600
2021-04-29,11.5966996600,11.6048836400,11.6130676200,11.5066758800,33910573,479619427.5900
2021-04-30,11.5394118000,11.4575720000,11.6048836400,11.3839161800,51401574,720925490.2300
2021-05-06,11.4002841400,11.4248360800,11.5148598600,11.3757322000,32663204,455954845.4800
2021-05-07,11.3839161800,11.3839161800,11.4821239400,11.3429962800,35914102,500927531.7900
2021-05-10,11.3593642400,11.2447885200,11.3757322000,11.1056608600,49324635,675473003.3500
2021-05-11,11.1629487200,11.2938924000,11.3266283200,11.1220288200,30236546,414594467.7200
2021-05-12,11.2202365800,11.0320050400,11.2366045400,10.9583492200,70503609,954131618.0900
2021-05-13,10.9583492200,10.9992691200,11.0320050400,10.9337972800,34465009,461943771.1600
2021-05-14,11.0074531000,11.1547647400,11.1711327000,10.9419812600,44218622,597131714.9200
2021-05-17,11.1138448400,11.1875006600,11.2529725000,11.0565569800,40865789,558256091.4900
2021-05-18,11.1711327000,11.2366045400,11.3266283200,11.0974768800,40769856,558572352.2600
2021-05-19,11.2366045400,11.0401890200,11.2529725000,10.9992691200,41639118,564109664.0900
2021-05-20,11.0565569800,11.0401890200,11.0647409600,10.9583492200,32441344,436281549.2800
2021-05-21,11.0320050400,10.8519574800,11.0811089200,10.8519574800,53319514,712850088.2800
2021-05-24,10.8274055400,10.7046458400,10.8274055400,10.6800939000,52027282,681858867.5000
2021-05-25,10.6964618600,11.0238210600,11.0401890200,10.6637259400,64366060,855660864.8200
2021-05-26,11.0238210600,11.2284205600,11.5066758800,11.0156370800,107427796,1481795593.4700
2021-05-27,11.2366045400,11.2611564800,11.4330200600,11.1711327000,55342103,764358619.4800
2021-05-28,11.2938924000,11.1138448400,11.3348123000,11.0320050400,46885045,637404998.5200
2021-05-31,11.1220288200,11.0647409600,11.1793166800,10.9747171800,42499343,573770001.9900
2021-06-01,11.0892929000,10.9337972800,11.1465807600,10.9010613600,42721770,571875189.7800
2021-06-02,10.9337972800,11.0156370800,11.0892929000,10.8519574800,41839004,562081318.7200
2021-06-03,11.0074531000,10.9583492200,11.1056608600,10.9501652400,33721015,453955288.4500
2021-06-04,10.9501652400,10.9829011600,11.0647409600,10.9010613600,39479591,529670865.1200
2021-06-07,10.9092453400,10.7210138000,10.9092453400,10.6473579800,66262465,868066856.8400
2021-06-08,10.7619337000,10.7210138000,10.8192215600,10.6882778800,39036857,511842743.0200
2021-06-09,10.7455657400,10.7619337000,10.7946696200,10.7210138000,35700878,469119034.4700
2021-06-10,10.7619337000,10.6800939000,10.7946696200,10.6800939000,35590081,466380852.0800
2021-06-11,10.6800939000,10.6964618600,10.7455657400,10.6228060400,45237805,590105882.4200
2021-06-15,10.6882778800,10.3772866400,10.6882778800,10.3772866400,55571749,713259542.2000
2021-06-16,10.3118148000,10.5491502200,10.6309900200,10.2790788800,46024364,591376920.5700
2021-06-17,10.5245982800,10.5491502200,10.5982541000,10.4345745000,37088795,476960024.4100
2021-06-18,10.5164143000,10.4509424600,10.5327822600,10.3281827600,39879241,507648823.3600
2021-06-21,10.4263905200,10.2463429600,10.4427584800,10.2054230600,41477637,521094743.9000
2021-06-22,10.2463429600,10.0662954000,10.3527347000,10.0253755000,59046742,732184299.9000
2021-06-23,10.0826633600,10.1645031600,10.2054230600,10.0581114200,51398614,636991357.5900
2021-06-24,10.1481352000,10.1481352000,10.2545269400,10.0908473400,39710672,493179282.3400
2021-06-25,10.1645031600,10.2054230600,10.2299750000,10.1153992800,36342555,452460405.7000
2021-06-28,10.2054230600,9.9271677400,10.2217910200,9.8944318200,63618040,777833702.0100
2021-06-29,9.9271677400,9.8207760000,9.9844556000,9.8044080400,52143370,628659159.2600
2021-06-30,9.8535119200,9.8535119200,9.9026158000,9.8044080400,36109105,434201731.0000
2021-07-01,9.8780638600,10.2627109200,10.3118148000,9.8289599800,92740005,1148526814.9200
2021-07-02,10.2136070400,9.8944318200,10.2217910200,9.8698798800,56449667,690484540.1700
2021-07-05,9.8944318200,9.7225682400,9.9189837600,9.6407284400,60937817,723294087.0700
2021-07-06,9.7143842600,10.0744793800,10.2136070400,9.6652803800,82571120,1012673319.7800
2021-07-07,10.0090075400,9.9599036600,10.1317672400,9.9189837600,38598696,470737370.7700
2021-07-08,9.9680876400,9.9189837600,10.0090075400,9.7471201800,52880177,636119052.8800
2021-07-09,9.8780638600,9.9680876400,10.0335594800,9.8453279400,35368699,429528833.3500
2021-07-12,10.0499274400,9.8371439600,10.0499274400,9.8289599800,47959190,581087655.7700
2021-07-13,9.8535119200,9.8535119200,10.0253755000,9.7962240600,37467975,452255463.5600
2021-07-14,9.8616959000,9.6489124200,9.8616959000,9.6243604800,48894855,578637678.2400
2021-07-15,9.6243604800,9.6570964000,9.7307522200,9.5343367000,48378335,570489716.2400
2021-07-16,9.6079925200,9.6489124200,9.7634881400,9.6079925200,36420226,430142359.7600
2021-07-19,9.6407284400,9.3624731200,9.6734643600,9.3051852600,75538399,866498464.5900
2021-07-20,9.2970012800,9.3379211800,9.3870250600,9.1660576000,64710358,733361492.5400
2021-07-21,9.3297372000,9.1742415800,9.3870250600,9.1496896400,64577767,726554710.2400
2021-07-22,9.1742415800,9.2397134200,9.3051852600,9.1087697400,58534000,660017197.1900
2021-07-23,9.1987935200,9.1251377000,9.2069775000,9.0760338200,51065064,569064826.3600
2021-07-26,8.9941940200,8.5195231800,8.9941940200,8.4786032800,117645552,1246021827.8400
2021-07-27,8.5113392000,8.1839800000,8.5195231800,8.1594280600,143979405,1459894894.3600
2021-07-28,8.1839800000,8.2167159200,8.3558435800,8.1103241800,111989516,1128677104.8000
2021-07-29,8.3231076600,8.2003479600,8.3394756200,8.0366683600,95725750,953702847.2500
2021-07-30,8.0694042800,8.1921639800,8.2412678600,7.9957484600,69539153,690819064.3900
2021-08-02,8.1430601000,8.3394756200,8.4458673600,7.9875644800,105807578,1067850326.4800
2021-08-03,8.2903717400,8.2576358200,8.3722115400,8.2330838800,54982012,556191825.5800
2021-08-04,8.2576358200,8.1757960200,8.2576358200,8.1430601000,51074095,510906714.0700
2021-08-05,8.3476596000,8.5768110400,8.8714343200,8.3476596000,178431811,1877786197.1700
2021-08-06,8.4458673600,8.7977785000,8.8468823800,8.3803955200,116746898,1236985642.5200
2021-08-09,8.7241226800,9.4606808800,9.6816483400,8.6995707400,213128043,2451874247.1800
2021-08-10,9.5016007800,9.5097847600,9.5916245600,9.1742415800,132944393,1522751039.9300
2021-08-11,9.8125920200,10.3036308200,10.4591264400,9.8125920200,281697344,3572432426.3800
2021-08-12,10.0662954000,10.1645031600,10.5000463400,10.0417434600,123086017,1538852236.6300
2021-08-13,10.1317672400,9.8371439600,10.1972390800,9.8044080400,154420411,1884288757.4800
2021-08-16,10.0113978600,10.3163577600,10.5080468400,9.8371350600,151958154,1794727894.4000
2021-08-17,10.2727920600,10.6300308000,10.8217198800,10.1508081000,171845343,2096863255.1300
2021-08-18,10.5254731200,10.6387439400,10.8739987200,10.3512103200,123659480,1512646287.0200
2021-08-19,10.5428994000,10.2815052000,10.5603256800,10.1595212400,107600718,1275708053.0400
2021-08-20,10.3947760200,10.5603256800,10.6910227800,10.2902183400,109310131,1322045561.6900
2021-08-23,10.4993337000,10.3860628800,10.6126045200,10.3512103200,57385093,688914787.4900
2021-08-24,10.4122023000,10.2640789200,10.5428994000,10.1246686800,82394286,972482717.1500
2021-08-25,10.3424971800,10.0113978600,10.3512103200,9.9329796000,80802681,936831192.5500
2021-08-26,10.0113978600,9.9329796000,10.3250709000,9.8719876200,76349389,881340626.6100
2021-08-27,9.9068401800,9.7587168000,9.9678321600,9.6628722600,77151567,864408804.7900
2021-08-30,9.6715854000,9.4537569000,9.6715854000,9.2185021200,109461003,1187921404.3800
2021-08-31,9.4537569000,9.9242664600,10.0026847200,9.4189043400,113972897,1272688276.1900
2021-09-01,9.8284219200,10.5777519600,10.6648833600,9.8284219200,148956564,1787523447.4300
2021-09-02,10.6735965000,10.8304330200,11.2225243200,10.5603256800,147911568,1840799580.6800
2021-09-03,10.7171622000,10.6997359200,11.0221221000,10.5254731200,102746748,1266944692.6800
2021-09-06,10.6213176600,10.4906205600,10.8042936000,10.4644811400,61354690,744216427.6500
2021-09-07,10.5167599800,10.4993337000,10.5690388200,10.2989314800,60454038,725022700.5100
2021-09-08,10.5428994000,10.3860628800,10.5777519600,10.3337840400,39702681,475274834.1600
2021-09-09,10.3860628800,10.5254731200,10.6126045200,10.2292263600,70781954,850198423.7700
2021-09-10,10.5428994000,10.8565724400,10.9088512800,10.5341862600,104509998,1292152315.2000
2021-09-13,10.8914250000,11.4577791000,11.6146156200,10.7694410400,173386145,2259035177.5700
2021-09-14,11.4316396800,11.3183688600,11.6930338800,11.2225243200,104282547,1367553635.0200
2021-09-15,11.2312374600,10.9959826800,11.4490659600,10.7607279000,113189595,1436605960.4900
2021-09-16,11.1441060600,10.6997359200,11.1702454800,10.5864651000,100226369,1235031395.6600
2021-09-17,10.7084490600,11.3009425800,11.3967871200,10.5951782400,89852064,1152391306.9500
2021-09-22,10.9785564000,11.9457149400,12.1635434400,10.9175644200,189957248,2587525698.0600
2021-09-23,12.0241332000,11.9195755200,12.3900850800,11.8063047000,129499405,1802281683.0200
2021-09-24,11.9195755200,11.6930338800,12.3465193800,11.5884762000,107414329,1472427064.6300
2021-09-27,11.7627390000,11.2486637400,11.8063047000,11.1353929200,85140661,1104506928.2100
2021-09-28,11.8498704000,11.8760098200,12.2855274000,11.8411572600,171011901,2362467743.1000
2021-09-29,12.1983960000,12.0328463400,12.2419617000,11.8324441200,111188490,1537895677.8500
2021-09-30,12.1983960000,12.2245354200,12.6776187000,12.1286908800,113213409,1604766459.6300
2021-10-08,12.3726588000,11.8063047000,12.4336507800,11.7365995800,71247483,978041794.3000
2021-10-11,11.8498704000,12.1025514600,12.4772164800,11.8498704000,91732920,1288098517.3400
2021-10-12,12.0938383200,12.2768142600,12.7037581200,11.9892806400,146352980,2094511281.8000
2021-10-13,12.3203799600,12.1199777400,12.4946427600,11.9195755200,86955996,1212100487.5400
2021-10-14,11.9544280800,11.7627390000,12.1809697200,11.5710499200,111395796,1511497010.2900
2021-10-15,11.7627390000,12.0241332000,12.1112646000,11.6581813200,85913757,1177930662.8200
2021-10-18,11.8760098200,11.5884762000,12.0154200600,11.0482615200,133138239,1744050201.4100
2021-10-19,11.5013448000,11.2312374600,11.5274842200,10.9785564000,128594055,1656009395.6400
2021-10-20,11.2312374600,11.1179666400,11.3096557200,10.9785564000,74032456,942568642.4800
2021-10-21,11.1092535000,11.7278864400,11.7888784200,11.0656878000,122692421,1625899032.1500
2021-10-22,11.9195755200,11.9457149400,12.6689055600,11.7888784200,165525459,2315783539.3000
2021-10-25,11.5971893400,11.7540258600,12.4162245000,11.5884762000,115747512,1581623573.4700
2021-10-26,11.7627390000,11.3706477000,11.8934361000,11.2922294400,93811799,1236133463.5100
2021-10-27,11.4752053800,11.3357951400,11.5710499200,11.1528192000,77747833,1012053338.1900
2021-10-28,11.4926316600,11.2660900200,11.4926316600,11.0046958200,70161484,904912875.0800
2021-10-29,11.2835163000,10.9437038400,11.2835163000,10.6735965000,113996225,1420316138.3800
2021-11-01,10.9437038400,10.6735965000,11.1092535000,10.5864651000,79104865,977843588.6800
2021-11-02,10.7171622000,10.6561702200,10.9785564000,10.4819074200,72865594,894689988.4400
2021-11-03,10.6387439400,11.2486637400,11.3706477000,10.5603256800,106914414,1361918632.7800
2021-11-04,11.1789586200,10.9959826800,11.2050980400,10.7694410400,72618078,915737616.3000
2021-11-05,10.8914250000,10.6648833600,10.9262775600,10.6474570800,67089448,827821675.3900
2021-11-08,10.7868673200,10.9611301200,10.9785564000,10.6474570800,58672053,731687751.5800
2021-11-09,10.9001381400,10.9349907000,11.0831140800,10.7345884800,52389141,657123200.9100
2021-11-10,11.1005403600,11.7627390000,11.8498704000,10.7868673200,158448825,2076546383.1400
2021-11-11,11.9195755200,12.9390129000,12.9390129000,11.9021492400,286946816,4173020500.1900
2021-11-12,13.0697100000,12.9564391800,13.1829808200,12.6689055600,215369855,3200738696.0400
2021-11-15,12.9477260400,12.6253398600,12.9564391800,12.2942405400,100785033,1451489045.8800
2021-11-16,12.5730610200,12.5556347400,12.8780209200,12.5382084600,70186249,1021992920.1900
2021-11-17,12.6776187000,12.4772164800,12.6863318400,12.2855274000,56945674,812678654.8000
2021-11-18,12.5556347400,12.1983960000,12.6689055600,12.0764120400,61789570,868229110.7200
2021-11-19,12.1199777400,13.0871362800,13.2439728000,11.9805675000,145806518,2127791915.6300
2021-11-22,13.1394151200,12.2942405400,13.1568414000,12.1722565800,152213651,2174954762.0800
2021-11-23,12.3465193800,12.5469216000,12.7908895200,12.2071091400,74526821,1072061641.5100
2021-11-24,12.5730610200,12.6776187000,13.1132757000,12.4685033400,97709599,1438019945.7600
2021-11-25,12.5294953200,12.4249376400,12.7647501000,12.3290931000,54533770,780730912.5300
2021-11-26,12.3726588000,12.2506748400,12.3987982200,12.1025514600,53543807,751399930.9500
2021-11-29,12.1286908800,12.1548303000,12.3116668200,12.0241332000,47124877,656043824.4800
2021-11-30,12.0764120400,12.0676989000,12.3203799600,11.9805675000,53548036,744120222.6500
2021-12-01,11.9805675000,12.2768142600,12.5294953200,11.9718543600,69465990,980778963.5200
2021-12-02,12.1983960000,12.5904873000,12.8170289400,12.0415594800,67792349,972988416.3000
2021-12-03,12.5294953200,12.8431683600,12.9215866200,12.4162245000,79508373,1161841198.0700
2021-12-06,13.3049647800,13.1219888400,13.8190400400,12.9825786000,144010566,2196619274.8100
2021-12-07,13.5489327000,12.9825786000,13.7231955000,12.8083158000,132413033,2018189322.9100
2021-12-08,12.9825786000,12.9912917400,13.1307019800,12.5294953200,87449575,1287875181.5100
2021-12-09,12.9390129000,13.2788253600,13.5924984000,12.8954472000,93506724,1426791799.4800
2021-12-10,13.2004071000,13.0435705800,13.3136779200,12.7386106800,86788369,1293134988.7600
2021-12-13,12.9390129000,12.6340530000,13.0435705800,12.5904873000,96220117,1411314740.3000
2021-12-14,12.5469216000,12.1809697200,12.5469216000,12.1112646000,107761271,1512411529.8500
2021-12-15,12.1548303000,12.4336507800,12.6079135800,12.0938383200,61736026,879143674.9800
2021-12-16,12.3813719400,12.6079135800,12.6601924200,12.3116668200,54042655,777721151.4200
2021-12-17,12.6253398600,12.5730610200,12.9390129000,12.5207821800,58744033,856067305.4300
2021-12-20,12.6079135800,12.8083158000,13.0174311600,12.5469216000,69738081,1028087352.3800
2021-12-21,12.8083158000,13.4530881600,13.5489327000,12.8083158000,116055640,1781316201.9400
2021-12-22,13.4618013000,13.4879407200,13.6012115400,13.2439728000,82877221,1281672103.8500
2021-12-23,13.4356618800,13.5924984000,13.7057692200,13.2526859400,62812477,973479072.1900
2021-12-24,13.4879407200,13.6012115400,13.7841874800,13.1829808200,60705054,941839896.7100
2021-12-27,13.7667612000,13.3223910600,13.9584502800,13.2265465200,88947152,1380720419.2900
2021-12-28,13.2352596600,13.2439728000,13.3572436200,12.9564391800,60228833,910077899.9700
2021-12-29,13.2613990800,13.1132757000,13.3398173400,13.0697100000,47067829,711642287.9500
2021-12-30,13.0784231400,13.1568414000,13.3746699000,13.0087180200,44142856,668620811.8700
2021-12-31,13.1219888400,13.6186378200,13.8364663200,13.1132757000,65405240,1022262201.2400
2022-01-04,13.5053670000,13.7667612000,13.8538926000,13.3659567600,64521384,1013405609.4100
2022-01-05,13.6273509600,13.9410240000,14.2895496000,13.6099246800,117339835,1883779310.4600
2022-01-06,13.9235977200,13.5140801400,14.0804342400,13.4182356000,81091467,1272033540.8100
2022-01-07,13.7231955000,14.0717211000,14.2372707600,13.5924984000,95015827,1529518635.3500
2022-01-10,13.7493349200,14.3505415800,14.4638124000,13.6970560800,122431885,1990885863.3800
2022-01-11,14.2895496000,14.0804342400,14.8820431200,13.9497371400,135641920,2242702139.7600
2022-01-12,14.0107291200,13.9410240000,14.1152868000,13.6273509600,72931700,1164101276.8200
2022-01-13,13.9323108600,13.5489327000,14.2634101800,13.5140801400,63388983,1003299033.5200
2022-01-14,13.5489327000,13.0261443000,13.5837852600,12.9651523200,98322555,1477495648.1600
2022-01-17,12.9912917400,13.3920961800,13.6622035200,12.9912917400,78332075,1206395700.1300
2022-01-18,13.4182356000,14.0717211000,14.1849919200,13.2526859400,82854191,1317079317.0100
2022-01-19,14.1849919200,14.0194422600,14.6380752000,13.8538926000,71045292,1154404502.6000
2022-01-20,14.2895496000,13.5053670000,14.3592547200,13.4356618800,123311348,1949853529.9800
2022-01-21,13.5053670000,13.4879407200,13.7580480600,13.2875385000,63986013,991202395.3400
2022-01-24,13.4530881600,13.9323108600,14.1065736600,13.3311042000,84994496,1347855666.2900
2022-01-25,13.8364663200,13.5402195600,14.0020159800,13.5140801400,42176253,663756507.0100
2022-01-26,13.7493349200,13.5489327000,13.7580480600,13.3833830400,44827716,696887631.0100
2022-01-27,13.5489327000,13.6360641000,14.0020159800,13.2439728000,57709984,906916185.5200
2022-01-28,13.7231955000,13.6796298000,14.0542948200,13.5576458400,78806455,1251595655.4900
2022-02-07,13.6970560800,13.9061714400,14.0455816800,13.3311042000,81531265,1285701519.5700
2022-02-08,13.7754743400,13.7667612000,14.0542948200,13.6534903800,83074343,1320397415.6300
2022-02-09,13.8190400400,13.5837852600,14.3766810000,13.4792275800,113007580,1805740821.6300
2022-02-10,13.4182356000,13.9584502800,14.3592547200,13.1655545400,134878319,2158128036.4200
2022-02-11,13.9148845800,13.7231955000,14.3418284400,13.6796298000,96845190,1554835892.5400
2022-02-14,13.5663589800,13.3398173400,13.7406217800,13.2439728000,76202615,1173056031.8800
2022-02-15,13.3398173400,13.3485304800,13.4443750200,13.2265465200,51019976,780407021.5600
2022-02-16,13.3659567600,13.8016137600,13.9671634200,13.2439728000,70872806,1115952056.5500
2022-02-17,13.8277531800,13.4966538600,13.8277531800,13.3136779200,68250513,1055084456.4200
2022-02-18,13.5053670000,14.2285576200,14.2546970400,13.5053670000,129348761,2075701515.3700
2022-02-21,14.2546970400,14.2372707600,14.3331153000,13.9933028400,76247061,1239554335.3300
2022-02-22,14.2372707600,14.3331153000,14.5945095000,14.0281554000,69813733,1146587694.9300
2022-02-23,14.3069758800,14.0107291200,14.3592547200,13.8451794600,60743583,976156386.0200
2022-02-24,13.9584502800,13.9148845800,14.2198444800,13.8016137600,50313089,806894942.5600
2022-02-25,13.8974583000,13.7754743400,14.2459839000,13.6970560800,65615988,1046527101.0500
2022-02-28,13.7057692200,13.7841874800,13.9235977200,13.5053670000,47529468,747608336.0000
2022-03-01,13.7841874800,14.2459839000,14.3069758800,13.7057692200,70649863,1141783248.0000
2022-03-02,14.3244021600,14.4202467000,14.8123380000,14.2634101800,84178168,1401918912.0000
2022-03-03,14.4638124000,14.9081825400,15.0127402200,14.4638124000,102837225,1756733552.0000
2022-03-04,14.8210511400,14.8297642800,14.9430351000,14.5073781000,67775365,1147429040.0000
2022-03-07,14.8123380000,14.9517482400,15.3438395400,14.7164934600,105960775,1836319456.0000
2022-03-08,14.8994694000,14.6380752000,15.0475927800,14.5596569400,59747333,1014745488.0000
2022-03-09,14.7077803200,14.1327130800,14.8907562600,13.6273509600,140779891,2295472912.0000
2022-03-10,14.2895496000,14.0804342400,14.3592547200,13.8103269000,73760806,1192062896.0000
2022-03-11,13.9410240000,14.1414262200,14.1588525000,13.6883429400,50499051,807813792.0000
2022-03-14,13.8626057400,14.2372707600,14.8820431200,13.7667612000,105490794,1753734096.0000
2022-03-15,14.1152868000,12.8170289400,14.2024182000,12.8170289400,121610771,1866358688.0000
2022-03-16,12.6340530000,13.0609968600,13.3311042000,11.8672966800,169020017,2448022512.0000
2022-03-17,13.6012115400,13.4530881600,13.7144823600,13.2788253600,129218516,2002830544.0000
2022-03-18,13.2439728000,14.7949117200,14.7949117200,13.1568414000,125161541,2019119701.5900
2022-03-21,14.6467883400,14.5248043800,14.6990671800,14.0891473800,108437971,1787800161.3300
2022-03-22,14.2721233200,15.0040270800,15.3177001200,14.1849919200,130366567,2237476907.6900
2022-03-23,15.0040270800,15.0127402200,15.3612658200,14.5422306600,119340295,2040659409.5000
2022-03-24,14.7426328800,14.8733299800,15.0737322000,14.6990671800,50558623,863914287.9000
2022-03-25,14.7339197400,14.6119357800,15.0127402200,14.5509438000,69102617,1167581505.9100
2022-03-28,14.5596569400,14.7600591600,15.0737322000,14.3853941400,94549955,1603628649.4000
2022-03-29,14.5422306600,14.6380752000,14.8820431200,14.4289598400,62039351,1044556347.7800
2022-03-30,14.7252066000,15.4396840800,15.6836520000,14.5683700800,124715837,2174048573.1600
2022-03-31,15.4222578000,15.4222578000,15.8404885200,15.1608636000,100208898,1777714795.7200
2022-04-01,15.2741344200,15.8666279400,16.0147513200,14.9430351000,139203381,2460832402.6200
2022-04-06,15.9450462000,15.9450462000,16.4504083200,15.7097914200,131341856,2422593741.3700
2022-04-07,15.7185045600,15.3525526800,15.8927673600,15.2915607000,89658284,1597745696.6800
2022-04-08,15.2654212800,15.8666279400,16.0408907400,15.0737322000,99137412,1773260161.5900
2022-04-11,15.6313731600,15.6226600200,15.9450462000,15.2567081400,83538301,1502007399.4600
2022-04-12,15.6923651400,14.9430351000,15.8579148000,14.7077803200,99722530,1747179665.7100
2022-04-13,14.9430351000,15.4919629200,16.0321776000,14.6119357800,113907117,2009314708.8700
2022-04-14,15.4483972200,16.4939740200,16.7989339200,15.3089869800,145651051,2689551229.1800
2022-04-15,16.2238666800,16.8337864800,17.3217223200,16.1890141200,127974203,2472632595.6300
2022-04-18,16.4504083200,16.0234644600,16.8250733400,15.8404885200,103160551,1925229907.2700
2022-04-19,16.1193090000,16.0147513200,16.2151535400,15.5965206000,99924221,1825888921.5800
2022-04-20,16.0321776000,15.1870030200,16.0321776000,14.7426328800,183960925,3206246688.6800
2022-04-21,15.0737322000,15.2567081400,15.5790943200,14.9081825400,96725458,1693446859.5000
2022-04-22,15.0301665000,15.4919629200,15.8579148000,14.6119357800,118177410,2088522574.0400
2022-04-25,15.2392818600,14.8036248600,15.8579148000,14.7687723000,116221690,2035850680.8900
2022-04-26,14.8559037000,15.3089869800,15.7097914200,14.7426328800,105910310,1859099740.6500
2022-04-27,15.1957161600,14.6206489200,15.6139468800,14.2895496000,148897182,2522481779.9500
2022-04-28,14.7687723000,15.5093892000,15.6662257200,14.5770832200,123607051,2164837555.1400
2022-04-29,15.3351264000,15.7882096800,16.1018827200,14.9866008000,150898117,2692736832.0700
2022-05-05,15.8404885200,15.2828475600,15.9886119000,14.7949117200,131606283,2303762291.1600
2022-05-06,14.8384774200,14.2808364600,15.1260110400,14.0978605200,111159480,1857214290.8200
2022-05-09,14.1065736600,14.1762787800,14.4986649600,13.9148845800,80208749,1304318978.0700
2022-05-10,13.9061714400,14.3331153000,14.5422306600,13.4269487400,158581816,2536987656.2900
2022-05-11,14.1762787800,13.7929006200,14.3418284400,13.6534903800,163302606,2600079992.9500
2022-05-12,13.8538926000,13.5924984000,13.9845897000,13.2788253600,123863208,1938048716.0200
2022-05-13,13.8364663200,14.4550992600,14.4812386800,13.6447772400,159042351,2572346408.3300
2022-05-16,14.9517482400,14.7600591600,15.0998716200,14.0978605200,158329561,2651642909.2600
2022-05-17,14.5422306600,14.7687723000,14.9866008000,14.4028204200,79985339,1350312062.6300
2022-05-18,14.6990671800,14.6119357800,14.9168956800,14.2895496000,78778495,1319535488.2600
2022-05-19,14.3853941400,14.9778876600,15.1957161600,14.3505415800,91725625,1573434759.3900
2022-05-20,15.2479950000,14.8471905600,15.2915607000,14.6380752000,93127533,1598708966.0400
2022-05-23,14.8123380000,14.0194422600,14.8471905600,13.9410240000,158866762,2590509163.1900
2022-05-24,13.9497371400,14.0978605200,14.2895496000,13.8887451600,94995186,1535786956.1900
2022-05-25,14.0978605200,14.1327130800,14.2546970400,13.8016137600,55838908,901412994.7100
2022-05-26,14.1152868000,14.3156890200,14.5422306600,13.9584502800,81757244,1341276340.8500
2022-05-27,14.2546970400,14.2111313400,14.3679678600,14.0107291200,66963241,1088415670.6200
2022-05-30,14.0891473800,13.8190400400,14.2721233200,13.6709166600,89455268,1426827477.6200
2022-05-31,13.7406217800,13.5140801400,13.8713188800,13.4182356000,151488636,2363333362.4100
2022-06-01,13.5140801400,13.7231955000,13.8538926000,13.5053670000,83786344,1317372668.9900
2022-06-02,13.5924984000,13.3311042000,13.7231955000,13.1568414000,121057390,1855641380.7700
2022-06-06,13.1655545400,13.0087180200,13.2178333800,12.6340530000,217377133,3197161484.9800
2022-06-07,12.9128734800,13.3136779200,13.3833830400,12.8780209200,113209307,1712574842.6600
2022-06-08,13.2875385000,13.1394151200,13.3398173400,13.0087180200,129157632,1946273589.3400
2022-06-09,13.1132757000,13.5750721200,13.7929006200,13.0784231400,157765040,2458566471.3200
2022-06-10,13.5053670000,13.5315064200,13.7144823600,13.3833830400,92501318,1434577088.9900
2022-06-13,13.3746699000,12.9215866200,13.4879407200,12.8344552200,119307644,1781739413.8900
2022-06-14,12.8518815000,13.1916939600,13.2526859400,12.8431683600,93407709,1404991622.7200
2022-06-15,13.1829808200,13.8277531800,14.2111313400,13.0174311600,186892973,2963580268.1300
2022-06-16,13.8364663200,13.5837852600,14.3244021600,13.4879407200,100086938,1585705302.3000
2022-06-17,13.5315064200,13.5750721200,13.7406217800,13.4356618800,75075208,1170895848.8100
2022-06-20,13.7319086400,13.9933028400,14.2721233200,13.6360641000,147984736,2376865729.6100
2022-06-21,14.0455816800,14.1762787800,14.7600591600,13.9410240000,149826442,2479259610.6000
2022-06-22,14.1849919200,13.9758765600,14.4376729800,13.9061714400,72054212,1166244517.3400
2022-06-23,13.9845897000,14.4376729800,14.5160912400,13.8887451600,82941569,1362694767.7700
2022-06-24,14.3766810000,14.1414262200,14.5945095000,13.9584502800,97251158,1576154959.8000
2022-06-27,14.1588525000,14.4550992600,14.7164934600,14.0281554000,114602008,1889106969.7100
2022-06-28,14.3418284400,14.0804342400,14.4725255400,13.9845897000,101896852,1649170346.0200
2022-06-29,14.0891473800,15.0737322000,15.3874052400,14.0194422600,188964944,3211690817.1700
2022-06-30,15.2479950000,15.2131424400,15.4919629200,14.8123380000,115083921,2001350428.6400
2022-07-01,15.2218555800,15.2654212800,15.7533571200,15.0998716200,119170068,2102628181.3300
2022-07-04,15.1957161600,15.1782898800,15.4222578000,14.9168956800,101925795,1766034083.3300
2022-07-05,15.0475927800,14.8210511400,15.1695767400,14.4638124000,163822120,2770037995.2200
2022-07-06,14.8300801200,14.6135826000,14.8842045000,14.4331680000,73271444,1184225381.5700
2022-07-07,14.8210593900,14.5143545700,14.8661630400,14.4061058100,67123731,1085809680.4500
2022-07-08,14.5233753000,14.6316240600,14.8120386600,14.3519814300,67820648,1098309989.5400
2022-07-11,14.4512094600,14.3339399700,14.7488935500,14.1805875600,71485543,1145872741.9900
2022-07-12,14.3519814300,14.6226033300,14.8120386600,14.3339399700,74262085,1203321923.7600
2022-07-13,14.7849764700,14.9744118000,15.4705519500,14.7037899000,104677518,1753735258.5000
2022-07-14,14.8571423100,14.9924532600,15.3803446500,14.7308520900,119129710,1982650229.3200
2022-07-15,15.1548264000,14.2347119400,15.1909093200,13.9640900400,155117824,2469435720.6400
2022-07-18,14.2437326700,14.8751837700,14.9293081500,14.1445046400,111311842,1800748310.9400
2022-07-19,14.7579142800,14.8842045000,14.9563703400,14.3880643500,82693643,1347828801.4300
2022-07-20,14.8481215800,14.7488935500,15.0195154500,14.6226033300,48970419,803402664.2300
2022-07-21,14.7218313600,14.2347119400,14.7218313600,14.1625461000,96478690,1530720586.3400
2022-07-22,14.2798155900,14.0994009900,14.4692509200,14.0182144200,59828100,940821773.9100
2022-07-25,14.2527534000,14.5233753000,14.6496655200,14.1715668300,81977781,1316214620.4800
2022-07-26,14.4512094600,15.3623031900,15.4434897600,14.4331680000,124677787,2090064837.8600
2022-07-27,15.2450337000,15.5336970600,15.6780287400,14.9744118000,95065522,1621333627.9600
2022-07-28,15.4074068400,15.3171995400,15.7501945800,15.1367849400,70871730,1208269754.8700
2022-07-29,15.2089507800,15.0375569100,15.4074068400,14.8751837700,73736359,1231376506.4700
2022-08-01,15.0285361800,14.6586862500,15.0375569100,14.3970850800,127824955,2066114274.1300
2022-08-02,14.5053338400,14.4692509200,14.6226033300,14.2527534000,96233391,1541558297.3800
2022-08-03,14.4602301900,13.8829034700,14.6045618700,13.7475925200,106262195,1653158055.9600
2022-08-04,13.8558412800,13.8287790900,14.0182144200,13.5581571900,70999264,1084517102.0000
2022-08-05,13.8287790900,13.8558412800,13.9189863900,13.6122815700,61210031,933785687.0000
2022-08-08,13.8558412800,13.6303230300,14.2076497500,13.5581571900,82752806,1260958163.0000
2022-08-09,13.5852193800,13.6483644900,13.8738827400,13.3957840500,51360206,778269125.0000
2022-08-10,13.6213023000,13.4589291600,13.7385717900,13.3777425900,55725804,833626226.0000
2022-08-11,13.5220742700,13.7836754400,13.8468205500,13.4950120800,62848743,955966941.0000
2022-08-12,13.7115096000,14.0272351500,14.1084217200,13.6754266800,62887057,971805723.0000
2022-08-15,13.9189863900,14.1084217200,14.5323960300,13.9189863900,81158243,1284963384.8700
2022-08-16,14.2256912100,14.1896082900,14.5323960300,14.1084217200,51557132,816295933.2100
2022-08-17,14.1896082900,14.7579142800,15.0285361800,14.0813595300,105522866,1715739783.1900
2022-08-18,14.7669350100,14.6226033300,15.0104947200,14.4782716500,48033412,781929632.5800
2022-08-19,14.6316240600,15.1638471300,15.2811166200,14.6045618700,94345158,1578586353.2200
2022-08-22,15.1277642100,15.0646191000,15.2991580800,14.9293081500,59256007,991393325.8100
2022-08-23,15.0646191000,14.8481215800,15.1818885900,14.7128106300,63278069,1041917844.2100
2022-08-24,14.8571423100,14.8120386600,15.1909093200,14.7308520900,59016270,975554549.0400
2022-08-25,14.9744118000,15.2360129700,15.2811166200,14.8932252300,72281102,1215031811.5400
2022-08-26,15.1999300500,15.0465776400,15.2360129700,14.8391008500,44132343,736139881.9500
2022-08-29,14.8661630400,14.9834325300,15.1367849400,14.6226033300,42669509,702731742.2700
2022-08-30,15.0195154500,15.2901373500,15.4344690300,14.9744118000,53528444,904608096.8900
2022-08-31,15.2901373500,15.6058629000,15.7050909300,15.1999300500,81799948,1409226003.9800
2022-09-01,15.5697799800,15.6148836300,15.9396299100,15.4344690300,65175770,1137011143.4200
2022-09-02,15.6509665500,15.3532824600,15.7050909300,15.1097227500,64745410,1099681317.1400
2022-09-05,15.4254483000,15.5336970600,15.6329250900,15.1999300500,61591579,1053455280.2400
2022-09-06,15.5246763300,15.9035469900,16.0839615900,15.4344690300,94606439,1667329698.8000
2022-09-07,15.8313811500,15.8313811500,15.9937542900,15.6058629000,48841741,855442664.2400
2022-09-08,15.8584433400,15.8584433400,15.9757128300,15.4254483000,54482642,951370244.6600
2022-09-09,15.7772567700,16.6612883100,16.7424748800,15.7141116600,135894728,2486154979.8500
2022-09-13,16.5259773600,16.3185005700,16.6432468500,16.2102518100,74176065,1348840686.8800
2022-09-14,16.2373140000,16.3636042200,16.8507236400,16.1741688900,69783211,1279893856.5700
2022-09-15,16.5079359000,17.0040760500,17.1844906500,16.5079359000,102620933,1927984182.8600
2022-09-16,16.9589724000,16.2824176500,17.1033040800,16.2102518100,130683407,2391452356.9200
2022-09-19,16.2192725400,16.6342261200,16.7063919600,16.1110237800,84459012,1543996494.8900
2022-09-20,16.6793297700,15.9125677200,16.7154126900,15.7141116600,111987445,1991075104.1400
2022-09-21,15.9125677200,16.0839615900,16.3004591100,15.7231323900,63082863,1123776378.2800
2022-09-22,16.1020030500,15.8043189600,16.1471067000,15.4344690300,82828679,1436822266.2800
2022-09-23,15.7321531200,15.8313811500,16.2643761900,15.7321531200,55743649,987855419.4000
2022-09-26,16.0568994000,15.9576713700,16.3545834900,15.9035469900,64511812,1155124887.5700
2022-09-27,15.9847335600,15.9396299100,16.0929823200,15.4885934100,61943813,1085098187.3800
2022-09-28,15.8584433400,15.8043189600,16.1110237800,15.6148836300,46144373,812062535.3000
2022-09-29,15.8133396900,15.5878214400,15.9125677200,15.4885934100,57323504,997017333.1500
2022-09-30,15.9306091800,16.2373140000,16.4808737100,15.6960702000,95922773,1712173406.3800
2022-10-10,16.0568994000,16.5259773600,17.1393870000,16.0208164800,111218669,2049241049.7200
2022-10-11,16.5259773600,16.1380859700,16.5891224700,16.0388579400,58419050,1051209013.9500
2022-10-12,16.0478786700,16.3545834900,16.6252053900,16.0117957500,58654457,1056581689.7700
2022-10-13,16.2373140000,15.9486506400,16.3455627600,15.3442617300,96483595,1684132388.0700
2022-10-14,15.9486506400,15.5607592500,16.3455627600,15.3893653800,107860698,1880827424.3500
2022-10-17,15.3532824600,15.4164275700,15.5697799800,14.7488935500,87959171,1479980532.3800
2022-10-18,15.4164275700,15.1458056700,15.5517385200,14.9744118000,65715455,1106480073.3500
2022-10-19,15.1277642100,15.2179715100,15.4615312200,15.0646191000,55477775,940729004.9900
2022-10-20,15.2089507800,14.9744118000,15.3442617300,14.8120386600,63761203,1060228357.4000
2022-10-21,15.0646191000,15.1277642100,15.6690080100,15.0375569100,79140560,1346598334.2600
2022-10-24,14.8932252300,14.6496655200,14.9834325300,14.5504374900,92217743,1505906465.7100
2022-10-25,14.6767277100,14.5684789500,14.8210593900,14.4331680000,71084776,1147468452.1300
2022-10-26,14.5233753000,13.9731107700,14.6135826000,13.8919242000,112106569,1752722191.9900
2022-10-27,14.0001729600,14.1625461000,14.3519814300,13.9731107700,68581357,1080774116.3600
2022-10-28,14.1625461000,13.8287790900,14.3249192400,13.7566132500,63443926,985624308.6100
2022-10-31,13.3957840500,12.4486074000,13.4859913500,12.4486074000,178893845,2495909822.1900
2022-11-01,12.3223171800,12.2772135300,12.5117525100,11.6187002400,253097055,3366806582.2700
2022-11-02,12.0787574700,12.6019598100,12.7462914900,11.9073636000,151775672,2086048642.6200
2022-11-03,12.3854622900,12.3223171800,12.7011878400,12.1599440400,94977072,1303373973.3800
2022-11-04,12.2862342600,12.6831463800,12.9267060900,12.2681928000,105120186,1475325052.6800
2022-11-07,12.6560841900,12.6651049200,12.7733536800,12.4215452100,80104810,1118703973.6900
2022-11-08,12.6651049200,12.6290220000,12.9357268200,12.4937110500,91300757,1287795951.4600
2022-11-09,12.8364987900,12.9447475500,13.4228462400,12.8364987900,137000898,1990921838.2700
2022-11-10,12.8816024400,12.9808304700,13.1071206900,12.5478354300,65859165,940626015.7000
2022-11-11,13.2694938300,14.2798155900,14.2798155900,13.2514523700,187957281,2896761506.1400
2022-11-14,14.9924532600,14.6947691700,15.3352410000,14.3068777800,222712123,3670924756.7300
2022-11-15,14.5594582200,14.5233753000,14.9834325300,14.3068777800,135178671,2184572289.7500
2022-11-16,14.4421887300,14.1174424500,14.4872923800,13.8919242000,105183404,1645858804.0400
2022-11-17,14.0542973400,14.1625461000,14.2707948600,13.8829034700,65819514,1030497389.7500
2022-11-18,14.1354839100,14.0452766100,14.1896082900,13.8017169000,76556200,1189697957.0500
2022-11-21,13.8468205500,14.1084217200,14.1264631800,13.4499084300,97689638,1489651180.1700
2022-11-22,14.1715668300,14.1805875600,14.4512094600,13.9911522300,76355977,1203228214.8900
2022-11-23,14.0633180700,14.2707948600,14.4061058100,14.0542973400,50129013,792832858.9300
2022-11-24,14.5414167600,14.3700228900,14.7128106300,14.0542973400,77013411,1226574839.0200
2022-11-25,14.4061058100,15.1909093200,15.3262202700,14.4061058100,153603163,2543876839.4300
2022-11-28,14.7939972000,14.7308520900,15.0104947200,14.6586862500,75194996,1233717956.4200
2022-11-29,15.2901373500,16.1471067000,16.2012310800,15.0826605600,201163768,3489985279.0400
2022-11-30,15.7772567700,15.0195154500,16.1110237800,14.9022459600,204498463,3485165453.1700
2022-12-01,15.1097227500,14.9473496100,15.2089507800,14.8030179300,123655918,2051265544.1700
2022-12-02,14.7939972000,14.5684789500,14.7939972000,14.2076497500,146643999,2346771709.3800
2022-12-05,14.5774996800,14.7037899000,14.9744118000,14.5774996800,124572882,2042446201.0400
2022-12-06,14.5684789500,14.5143545700,14.6135826000,14.2707948600,93138070,1489644465.3500
2022-12-07,14.4241472700,14.1625461000,14.4872923800,13.9370278500,102778267,1611848625.3300
2022-12-08,14.1625461000,14.3880643500,14.5143545700,14.1174424500,91757660,1461476108.3200
2022-12-09,14.5143545700,14.8391008500,14.9924532600,14.4512094600,123904153,2023666441.4200
2022-12-12,14.6677069800,14.2076497500,14.6677069800,14.1625461000,75755438,1204854749.5900
2022-12-13,14.1805875600,14.3970850800,14.5504374900,14.1084217200,64274707,1022881571.0100
2022-12-14,14.3790436200,14.2256912100,14.3790436200,14.1445046400,52922235,835218196.0000
2022-12-15,14.0723388000,14.1805875600,14.2707948600,13.6213023000,103822286,1602559397.9100
2022-12-16,14.3068777800,14.4512094600,14.6226033300,14.1174424500,86215703,1378118214.6400
2022-12-19,14.3970850800,14.2256912100,14.7037899000,14.0723388000,78765362,1251188342.5600
2022-12-20,14.0001729600,13.8829034700,14.1354839100,13.7836754400,50168653,774385313.8300
2022-12-21,13.8558412800,13.8738827400,14.0091936900,13.7746547100,36860094,567291905.0100
2022-12-22,14.0001729600,13.9460485800,14.1174424500,13.8468205500,34293420,530720481.4200
2022-12-23,13.8468205500,14.1264631800,14.2347119400,13.8107376300,45452930,710987980.6000
2022-12-26,14.1264631800,13.6483644900,14.2527534000,13.5852193800,74652176,1136678339.5500
2022-12-27,13.6934681400,13.7656339800,14.0091936900,13.6122815700,50159406,768548610.0300
2022-12-28,13.7115096000,13.8648620100,14.0091936900,13.6032608400,50644352,776390288.7700
2022-12-29,13.7836754400,13.5401157300,13.8107376300,13.3957840500,62666763,937285068.5400
2022-12-30,13.5220742700,13.6483644900,13.7115096000,13.3326389400,61480590,923681120.8300
2023-01-03,13.8468205500,13.9099656600,14.4151265400,13.7385717900,147963618,2313503097.0400
2023-01-04,13.9099656600,14.4512094600,14.6586862500,13.8468205500,133505716,2129676835.2300
2023-01-05,14.4692509200,14.7579142800,14.8751837700,14.3519814300,94350450,1537877348.0300
2023-01-06,14.7488935500,14.5504374900,15.0014739900,14.4963131100,91212459,1487451141.2000
2023-01-09,14.5774996800,14.2888363200,14.6767277100,14.1715668300,76247511,1212671455.0100
2023-01-10,14.3249192400,14.3429607000,14.4061058100,14.1174424500,51323235,812634446.3000
2023-01-11,14.3610021600,14.6947691700,14.9924532600,14.2978570500,91614713,1494676637.8900
2023-01-12,14.6947691700,14.3429607000,14.7759557400,14.2888363200,48816524,779198448.0200
2023-01-13,14.2617741300,14.2798155900,14.4061058100,14.1445046400,64292119,1014426959.4400
2023-01-16,14.2798155900,14.3970850800,14.4512094600,14.0903802600,69908401,1108929007.4000
2023-01-17,14.4241472700,14.4782716500,14.5594582200,14.1896082900,54977549,878059701.2900
2023-01-18,14.4782716500,14.1986290200,14.5684789500,14.1445046400,62720190,990186239.0800
2023-01-19,14.0813595300,14.1625461000,14.1625461000,13.8468205500,67401909,1047106168.4000
2023-01-20,14.1084217200,14.2527534000,14.3158985100,14.0362558800,56208263,884951711.2000
2023-01-30,14.3700228900,14.0001729600,14.4241472700,13.8919242000,98867272,1537981674.0800
2023-01-31,13.9370278500,14.1896082900,14.2166704800,13.8738827400,59475252,930797234.5200
2023-02-01,14.1625461000,14.0633180700,14.2617741300,13.8287790900,85834729,1330151071.0100
2023-02-02,14.0452766100,14.1174424500,14.1445046400,13.8558412800,80259898,1246487528.1400
2023-02-03,14.0272351500,13.8287790900,14.0362558800,13.7115096000,77895915,1193660521.6400
2023-02-06,13.6573852200,13.5491364600,13.7475925200,13.5130535400,73288637,1104397626.6700
2023-02-07,13.5491364600,13.7836754400,13.9189863900,13.5310950000,62102282,950026244.6900
2023-02-08,13.7746547100,14.0182144200,14.1174424500,13.7295510600,85331953,1325027975.9400
2023-02-09,14.0182144200,14.1445046400,14.2978570500,13.9460485800,55839328,878282869.5700
2023-02-10,14.1625461000,14.2347119400,14.3880643500,14.0542973400,47252902,746506810.9600
2023-02-13,14.2527534000,14.0452766100,14.3068777800,13.9731107700,65895088,1028400686.1600
2023-02-14,14.0633180700,14.0723388000,14.2166704800,13.8738827400,52963185,824350119.1900
2023-02-15,14.0001729600,13.6393437600,14.0091936900,13.5491364600,105880608,1605631305.6600
2023-02-16,13.6213023000,13.5761986500,13.9280071200,13.4589291600,87776045,1334972387.9900
2023-02-17,13.5671779200,13.5310950000,13.6664059500,13.4859913500,42467914,639383935.2300
2023-02-20,13.4950120800,13.7656339800,13.8017169000,13.4679498900,68215209,1032222327.3900
2023-02-21,13.8919242000,13.8468205500,13.9821315000,13.6844474100,62819201,962997614.2200
2023-02-22,13.7205303300,13.7024888700,13.7926961700,13.6303230300,34101236,518004375.3400
2023-02-23,13.7115096000,13.7385717900,13.8558412800,13.6754266800,37866644,577592154.0900
2023-02-24,13.7115096000,13.4589291600,13.7385717900,13.3597011300,93680773,1398604417.4500
2023-02-27,13.4318669700,13.5491364600,13.6483644900,13.4318669700,50802372,763558213.0700
2023-02-28,13.5310950000,13.6122815700,13.6213023000,13.2785145600,81069385,1208320150.2900
2023-03-01,13.6032608400,13.6483644900,13.6754266800,13.5130535400,66865490,1009456475.0900
2023-03-02,13.6122815700,13.4589291600,13.7475925200,13.4228462400,92755739,1395316334.2900
2023-03-03,13.4769706200,13.5852193800,13.6213023000,13.3145974800,83108485,1240212287.9200
2023-03-06,13.5491364600,13.3145974800,13.5852193800,13.1702658000,104892076,1550871347.2000
2023-03-07,13.2875352900,13.1161414200,13.3236182100,13.0890792300,67546927,987857291.3800
2023-03-08,13.0800585000,13.1702658000,13.2063487200,12.9718097400,43424426,628981515.5100
2023-03-09,13.1612450700,13.0259341200,13.2153694500,13.0259341200,38832475,562962834.2700
2023-03-10,12.9447475500,12.8906231700,12.9808304700,12.8004158700,41463236,592200683.9400
2023-03-13,12.8455195200,12.7372707600,12.9447475500,12.6290220000,55928619,789866058.2500
2023-03-14,12.7011878400,12.7643329500,12.9537682800,12.5839183500,50910951,721386984.5600
2023-03-15,12.8004158700,12.9357268200,13.0349548500,12.7823744100,38005455,544433461.2500
2023-03-16,12.8725817100,12.9176853600,13.0800585000,12.7823744100,39312408,564641456.6500
2023-03-17,12.9898512000,12.9988719300,13.1973279900,12.9447475500,57599274,836170612.0900
2023-03-20,13.0620170400,12.9267060900,13.2153694500,12.8725817100,43767769,633076283.5600
2023-03-21,12.9176853600,12.7823744100,13.0078926600,12.7372707600,44418999,630923907.4600
2023-03-22,12.7913951400,13.0710377700,13.1341828800,12.7553122200,55601164,801835983.6000
2023-03-23,13.0259341200,13.0169133900,13.1071206900,12.8545402500,46067706,661634448.4300
2023-03-24,12.9898512000,12.9357268200,13.0169133900,12.7643329500,57908911,827053855.5600
2023-03-27,12.8996439000,12.7643329500,12.9357268200,12.7192293000,39965274,566463983.0800
2023-03-28,12.8004158700,12.6019598100,12.8725817100,12.5568561600,48218119,677027648.9500
2023-03-29,12.6290220000,12.7372707600,12.9447475500,12.6290220000,70289691,996280356.7800
2023-03-30,12.7462914900,12.9988719300,13.0078926600,12.6290220000,55771059,794722008.9700
2023-03-31,12.9898512000,12.7462914900,13.0800585000,12.6651049200,61811187,877820387.5900
2023-04-03,12.7913951400,13.1883072600,13.2875352900,12.6921671100,120663767,1759242467.5700
2023-04-04,13.1702658000,13.2153694500,13.2694938300,13.0710377700,49960223,730221037.5700
2023-04-06,13.1973279900,13.1792865300,13.2875352900,13.0800585000,40656101,593394523.9000
2023-04-07,13.2243901800,13.6303230300,13.7566132500,13.2243901800,111195971,1680927636.7500
2023-04-10,13.5942401100,13.6664059500,13.8017169000,13.3957840500,62409758,943865364.7400
2023-04-11,13.6754266800,13.7656339800,13.7836754400,13.4679498900,80803902,1225505870.3800
2023-04-12,13.8017169000,13.7024888700,13.8377998200,13.5581571900,48055562,727702986.4100
2023-04-13,13.6664059500,13.6844474100,13.7746547100,13.5040328100,44491338,673352463.3500
2023-04-14,13.6844474100,13.5942401100,13.7656339800,13.5671779200,37762018,570682099.4800
2023-04-17,13.4048047800,13.4048047800,13.4048047800,13.0980999600,84491112,1244143124.4300
2023-04-18,13.3867633200,13.2785145600,13.5220742700,13.2153694500,59287336,876426769.6700
2023-04-19,13.2965560200,12.9718097400,13.3055767500,12.9267060900,61222806,885936540.0800
2023-04-20,12.9988719300,12.8725817100,13.0349548500,12.7192293000,54204920,773465217.0200
2023-04-21,12.9357268200,12.9627890100,13.1612450700,12.9086646300,70208080,1016435809.9400
2023-04-24,12.8996439000,12.7192293000,12.9627890100,12.6741256500,59336727,841943903.0100
2023-04-25,12.7643329500,12.6651049200,12.7913951400,12.4756695900,42115091,589305967.9000
2023-04-26,12.5207732400,12.5297939700,12.5839183500,12.3674208300,47416438,657257079.0800
2023-04-27,12.4846903200,12.5207732400,12.5748976200,12.3764415600,50016744,692188113.4900
2023-04-28,12.5027317800,12.5478354300,12.5478354300,12.3223171800,55250566,763100780.3100
2023-05-04,12.3584001000,12.3674208300,12.4486074000,12.0697367400,87964834,1197532387.1300
2023-05-05,12.3313379100,12.8635609800,12.9718097400,12.3042757200,99108512,1394426965.4100
2023-05-08,12.7192293000,13.1071206900,13.1973279900,12.5027317800,107348276,1532792470.0000
2023-05-09,13.0078926600,13.3145974800,13.7115096000,12.9627890100,133742990,1993364989.4500
2023-05-10,13.3416596700,13.0620170400,13.3957840500,12.9808304700,66462137,968488483.5300
2023-05-11,13.0620170400,12.8996439000,13.0710377700,12.8184573300,41679915,597843601.5000
2023-05-12,12.9086646300,12.7643329500,12.9988719300,12.7462914900,36803180,524190921.8400
2023-05-15,12.7733536800,12.7011878400,12.8364987900,12.5658768900,52401006,735200643.6000
2023-05-16,12.7011878400,12.5929390800,12.7643329500,12.5388147000,37434867,523486988.0100
2023-05-17,12.5839183500,12.5027317800,12.6560841900,12.3764415600,46838538,648844899.0900
2023-05-18,12.5027317800,12.4395866700,12.5839183500,12.3764415600,33304588,460512585.9700
2023-05-19,12.3674208300,12.2230891500,12.4035037500,12.0967989300,60203407,817480469.9400
2023-05-22,12.1328818500,12.2050476900,12.2501513400,12.0877782000,43075210,580621178.4900
2023-05-23,12.1779855000,12.0697367400,12.2501513400,12.0697367400,45849216,616808589.2200
2023-05-24,12.0426745500,11.6187002400,12.0516952800,11.6187002400,72792905,949503753.0300
2023-05-25,11.5465344000,11.5735965900,11.7269490000,11.4563271000,49127768,630083814.7000
2023-05-26,11.5555551300,11.8171563000,11.8351977600,11.4382856400,47534008,614292151.4600
2023-05-29,11.7449904600,11.6728246200,11.8171563000,11.6367417000,38219085,496718267.0100
2023-05-30,11.6547831600,11.6818453500,11.7179282700,11.0864771700,100431403,1265619898.2600
2023-05-31,11.6367417000,11.4924100200,11.8712806800,11.4833892900,63669608,820247017.1200
2023-06-01,11.4563271000,11.5555551300,11.6096795100,11.2578710400,50692228,644780998.1200
2023-06-02,11.6096795100,12.2501513400,12.3584001000,11.5826173200,118117405,1578417762.4800
2023-06-05,12.0877782000,12.1960269600,12.2681928000,11.9344257900,71355402,958814663.1800
2023-06-06,12.2140684200,12.2050476900,12.5117525100,12.1599440400,67858933,927633469.4000
2023-06-07,12.2952549900,12.3223171800,12.5658768900,12.2501513400,66828274,917877483.4800
2023-06-08,12.2952549900,12.6380427300,12.7553122200,12.1779855000,90653246,1261599700.5900
2023-06-09,12.6380420400,12.4796005100,12.7219228500,12.4236799700,69326727,931651432.3600
2023-06-12,12.5634813200,12.5262009600,12.7032826700,12.4609603300,53407999,721187675.7500
2023-06-13,12.5821215000,12.6473621300,12.9456050100,12.4982406900,67156990,915218130.0500
2023-06-14,12.7219228500,12.4982406900,12.7778433900,12.4796005100,60599712,819794528.3900
2023-06-15,12.4889206000,12.5728014100,12.6660023100,12.4702804200,49481041,666442195.5400
2023-06-16,12.5821215000,12.6287219500,12.7498831200,12.5168808700,58442413,793175059.4800
2023-06-19,12.6566822200,12.5168808700,12.6753224000,12.3957197000,61914903,830398670.7000
2023-06-20,12.5262009600,12.2559183500,12.5634813200,12.1720375400,71800461,948398164.5000
2023-06-21,12.1906777200,12.2279580800,12.4236799700,12.1813576300,41458894,546450390.0200
2023-06-26,12.1161170000,12.1347571800,12.2186379900,11.9576754700,51717807,671666642.8700
2023-06-27,12.1440772700,12.5168808700,12.6287219500,11.9669955600,72390380,963704896.6600
2023-06-28,12.5448411400,12.4889206000,12.5821215000,12.3211589800,36472622,486649149.5200
2023-06-29,12.4796005100,12.2931987100,12.5355210500,12.2093179000,31905172,421287479.4700
2023-06-30,12.2838786200,12.1440772700,12.4516402400,12.1254370900,46454646,610899558.2700
2023-07-03,12.1161170000,12.2279580800,12.2652384400,12.0508763700,45745818,598454730.4500
2023-07-04,12.1813576300,11.8551544800,12.1906777200,11.7153531300,107490368,1367462986.3300
2023-07-05,11.8178741200,11.7805937600,11.8737946600,11.6873928600,66936981,845816580.1500
2023-07-06,11.7712736700,11.9669955600,12.0508763700,11.6967129500,58425169,747107872.6900
2023-07-07,12.1067969100,11.9297152000,12.1720375400,11.7992339400,52459602,673071084.7500
2023-07-10,11.9483553800,11.8365143000,12.0415562800,11.7992339400,37466400,478331016.0300
2023-07-11,11.9763156500,11.8737946600,12.0695165500,11.8085540300,41251224,527073744.3400
2023-07-12,11.7992339400,11.5941919600,11.8271942100,11.5009910600,85400926,1065413583.2100
2023-07-13,11.6128321400,11.7153531300,11.7433134000,11.5848718700,46314158,579537811.2500
2023-07-14,11.6873928600,11.7433134000,11.8551544800,11.5848718700,48877319,613841350.1900
2023-07-17,11.7153531300,11.6128321400,11.7246732200,11.5569116000,27967777,348303722.9100
2023-07-18,11.5848718700,11.7246732200,11.7899138500,11.5196312400,46441681,581314112.0400
2023-07-19,11.6687526800,11.8831147500,11.9669955600,11.6594325900,55315243,702863230.3500
2023-07-20,11.8831147500,11.8924348400,12.0601964600,11.7992339400,58596110,749964636.7300
2023-07-21,11.8644745700,12.0042759200,12.0788366400,11.8458343900,60041980,771443323.3100
2023-07-24,12.0322361900,11.7526334900,12.0788366400,11.6314723200,55235954,698757851.0700
2023-07-25,12.1627174500,12.7778433900,12.7964835700,12.1627174500,211799737,2868643832.5000
2023-07-26,12.7592032100,12.8058036600,12.8896844700,12.6287219500,93175310,1277783274.1900
2023-07-27,12.7312429400,12.7778433900,12.9549251000,12.5168808700,79362576,1089772575.1800
2023-07-28,12.9735652800,13.4116095100,13.5327706800,12.8151237500,155523851,2204091103.6300
2023-07-31,13.4675300500,13.2624880700,13.7657729300,13.2065675300,146364726,2118326515.6400
2023-08-01,13.1599670800,13.2438478900,13.5607309500,13.0854063600,105124978,1505965217.1300
2023-08-02,13.2252077100,13.2158876200,13.4861702300,13.1692871700,66935234,954495628.6800
2023-08-03,13.1413269000,13.4582099600,13.4954903200,13.0294858200,89968724,1286146275.2700
2023-08-04,13.6912122100,13.4209296000,13.7564528400,13.3090885200,112856617,1632157339.4700
2023-08-07,13.2624880700,12.9735652800,13.2811282500,12.8803643800,86388168,1204908253.1100
2023-08-08,12.9083246500,12.8244438400,13.1040465400,12.8058036600,59206730,821894963.6900
2023-08-09,12.8244438400,13.0481260000,13.1413269000,12.7312429400,58980843,823392035.3800
2023-08-10,13.0108456400,13.1692871700,13.3090885200,12.9828853700,48486526,683721159.0600
2023-08-11,13.2438478900,13.0108456400,13.3184086100,12.8803643800,57751907,810413434.6300
2023-08-14,12.7685233000,13.0574460900,13.1879273500,12.5821215000,72494323,1003005225.0200
2023-08-15,12.9735652800,13.0294858200,13.2345278000,12.8617242000,43363625,607195328.1500
2023-08-16,13.0574460900,13.2811282500,13.5141305000,12.9456050100,102740457,1467361887.2800
2023-08-17,13.1506469900,13.2811282500,13.3836492400,13.1040465400,55051048,781361746.7500
2023-08-18,13.4022894200,13.1972474400,13.5607309500,13.1972474400,72070706,1033425656.3900
2023-08-21,13.1599670800,12.9549251000,13.2252077100,12.8710442900,59475036,831003694.3400
2023-08-22,12.9642451900,12.9456050100,13.0760862700,12.8337639300,45061426,625152475.4600
2023-08-23,12.9269648300,12.7685233000,13.0574460900,12.7685233000,44647672,618476618.0900
2023-08-24,12.7964835700,12.6473621300,12.9362849200,12.5168808700,46121344,627258412.5100
2023-08-25,12.7032826700,13.0294858200,13.3650090600,12.6473621300,85067263,1187881013.8200
2023-08-28,13.8682939200,13.3836492400,13.8776140100,13.2624880700,162257831,2348171939.8600
2023-08-29,13.3929693300,13.5141305000,13.6166514900,13.2065675300,115741384,1667809779.3800
2023-08-30,13.5607309500,13.7471327500,13.7657729300,13.4768501400,110823204,1625886557.7900
2023-08-31,13.6632519400,13.0294858200,13.7378126600,12.9549251000,98623790,1395097145.3800
2023-09-01,13.2438478900,13.2811282500,13.3370487900,13.0015255500,104343111,1483406473.2700
2023-09-04,13.4302496900,13.1786072600,13.6259715800,13.1599670800,110229362,1580719684.0000
2023-09-05,13.1786072600,12.8710442900,13.1786072600,12.7871634800,82866504,1146224564.8000
2023-09-06,12.8337639300,13.1320068100,13.1692871700,12.6753224000,103002353,1429700419.0900
2023-09-07,13.0388059100,13.0854063600,13.2811282500,12.9176447400,50648540,713222787.2100
2023-09-08,13.0201657300,13.0201657300,13.1226867200,12.8803643800,30181494,420789481.5500
2023-09-11,13.0108456400,12.8058036600,13.0574460900,12.6473621300,72548133,994993746.0200
2023-09-12,12.7498831200,12.6753224000,12.7871634800,12.6287219500,51395625,699462621.0100
2023-09-13,12.6660023100,12.6846424900,12.8337639300,12.6194018600,49025245,668650043.5600
2023-09-14,12.6566822200,12.6287219500,12.7032826700,12.5168808700,47815137,645810449.2900
2023-09-15,12.6846424900,12.4516402400,12.7126027600,12.3957197000,64346327,863201777.1800
2023-09-18,12.3957197000,12.2372781700,12.4050397900,12.1440772700,80881510,1061321507.4400
2023-09-19,12.2931987100,12.1999978100,12.3025188000,12.1440772700,46331788,606976569.9000
2023-09-20,12.1813576300,12.3025188000,12.4330000600,12.1254370900,40408052,533572942.7900
2023-09-21,12.4516402400,12.3584393400,12.6287219500,12.3304790700,51310343,685978373.2000
2023-09-22,12.3025188000,12.4423201500,12.4796005100,12.2652384400,44356824,588948761.9900
2023-09-25,12.3770795200,12.0229161000,12.3957197000,11.9856357400,93165204,1208734229.4100
2023-09-26,12.0229161000,11.9669955600,12.0974768200,11.9110750200,37125796,477586802.2700
2023-09-27,11.9390352900,11.9110750200,11.9856357400,11.8458343900,45378661,579854895.2300
2023-09-28,11.9390352900,11.8737946600,12.0229161000,11.8271942100,34515985,440720303.6500
2023-10-09,11.7899138500,11.7153531300,11.8085540300,11.6128321400,55882838,701503647.9200
2023-10-10,11.7246732200,11.6407924100,11.7899138500,11.6128321400,43852848,549328153.3400
2023-10-11,11.6594325900,11.5755517800,11.6967129500,11.4730307900,56603133,702110174.5200
2023-10-12,11.6035120500,11.7060330400,11.7153531300,11.5289513300,41324224,516214410.7300
2023-10-13,11.6035120500,11.6035120500,11.7246732200,11.5382714200,33329340,415671498.8300
2023-10-16,11.5848718700,11.2773089000,11.6594325900,11.2213883600,64568777,786097919.4100
2023-10-17,11.2773089000,11.2027481800,11.3705098000,11.0349865600,58952211,706330757.2400
2023-10-18,11.1561477300,11.1654678200,11.2213883600,11.0629468300,42657227,510687086.7800
2023-10-19,11.1095472800,10.8392646700,11.1561477300,10.8113044000,53254012,624778726.2100
2023-10-20,10.8392646700,10.7460637700,10.9138253900,10.6249026000,77825466,898963735.9500
2023-10-23,10.6715030500,10.6342226900,10.8113044000,10.5130615200,56083231,641183563.3100
2023-10-24,10.6528628700,10.6715030500,10.8019843100,10.5876222400,51151621,586105831.6100
2023-10-25,10.7740240400,10.6155825100,10.8579048500,10.5969423300,66079061,756235571.5100
2023-10-26,10.5410217900,10.4757811600,10.5783021500,10.3639400800,45056340,505108533.0400
2023-10-27,10.4385008000,10.4664610700,10.5503418800,10.2148186400,70982640,796108997.4800
2023-10-30,10.2986994500,10.1588981000,10.3266597200,9.9724963000,151798638,1651045593.2100
2023-10-31,10.1122976500,10.2707391800,10.2986994500,10.0843373800,81833348,896696686.9100
2023-11-01,10.2520990000,10.1961784600,10.3732601700,10.1588981000,66712991,733431042.1900
2023-11-02,10.1961784600,10.1495780100,10.2893793600,10.1309378300,54641863,598026648.6400
2023-11-03,10.1682181900,10.0656972000,10.1961784600,10.0377369300,57176101,619346948.2100
2023-11-06,10.0936574700,10.3639400800,10.4478208900,10.0750172900,97800646,1082408008.6100
2023-11-07,10.4012204400,10.3546199900,10.4757811600,10.2893793600,72399475,806167161.9000
2023-11-08,10.2893793600,10.4012204400,10.5503418800,10.2707391800,74289691,830474619.9300
2023-11-09,10.4105405300,10.4385008000,10.5689820600,10.3546199900,53423399,598952384.0700
2023-11-10,10.3919003500,10.3452999000,10.4012204400,10.2148186400,46779376,517040523.7200
2023-11-13,10.3452999000,10.2800592700,10.4012204400,10.1775382800,43655516,480083664.6900
2023-11-14,10.2800592700,10.3546199900,10.4105405300,10.2707391800,43640427,484180063.4400
2023-11-15,10.4291807100,10.2800592700,10.4571409800,10.2614190900,59752883,664023153.4900
2023-11-16,10.2520990000,10.1961784600,10.2520990000,10.0284168400,58798388,639908742.9400
2023-11-17,10.1588981000,10.1029775600,10.2054985500,10.0470570200,49673801,538054240.0900
2023-11-20,10.1216177400,10.0470570200,10.2054985500,10.0097766600,59794084,646558907.9900
2023-11-21,10.1122976500,10.2241387300,10.3919003500,10.1029775600,105301806,1162287516.8300
2023-11-22,10.1588981000,10.1122976500,10.3080195400,10.1122976500,52488973,574524784.6600
2023-11-23,10.1402579200,10.4385008000,10.4851012500,10.0004565700,103809938,1150031820.8200
2023-11-24,10.4757811600,10.4291807100,10.6155825100,10.3825802600,66810022,751454957.4800
2023-11-27,10.3639400800,10.1682181900,10.3732601700,10.0656972000,67696898,738442833.5500
2023-11-28,10.1682181900,10.0377369300,10.1682181900,9.9911364800,55312293,595943098.0700
2023-11-29,10.0190967500,9.6462931500,10.0470570200,9.6183328800,89660363,936016212.5300
2023-11-30,9.6183328800,9.5624123400,9.7488141400,9.5530922500,58276290,601503719.3600
2023-12-01,9.5624123400,9.5530922500,9.6090127900,9.4692114400,56758266,580941902.7800
2023-12-04,9.5344520700,9.2828096400,9.5437721600,9.2082489200,100457725,1001601273.5500
2023-12-05,9.2362091900,9.0032069400,9.2921297300,8.9845667600,76203761,746107599.3000
2023-12-06,8.9845667600,9.1802886500,9.2362091900,8.8820457700,77451654,756128011.0800
2023-12-07,9.1430082900,9.1896087400,9.2455292800,9.0684475700,51491903,506342297.1400
2023-12-08,9.1709685600,9.1057279300,9.1802886500,9.0218471200,72154581,704484109.9100
2023-12-11,9.0404873000,8.9566064900,9.0404873000,8.7422444200,85070853,810335384.6000
2023-12-12,9.4132909000,9.6369730600,9.7860945000,9.2362091900,237733891,2420613047.6200
2023-12-13,9.3946507200,9.4319310800,9.5344520700,9.3014498200,163072847,1644616170.4500
2023-12-14,9.4505712600,9.2548493700,9.5903726100,9.2455292800,108115281,1087253145.9500
2023-12-15,9.4505712600,9.4878516200,9.6462931500,9.3760105400,155517213,1590592021.3900
2023-12-18,9.3760105400,9.5530922500,9.8979355800,9.3387301800,151375466,1568881795.7900
2023-12-19,9.5064918000,9.4132909000,9.6276529700,9.2921297300,91170339,921970597.2500
2023-12-20,9.3666904500,9.1896087400,9.3853306300,9.1709685600,89795980,891507337.8300
2023-12-21,9.1150480200,9.2268891000,9.2734895500,9.0777676600,83691466,824684515.4200
2023-12-22,9.2082489200,9.1802886500,9.2082489200,9.0032069400,83563699,817471350.7100
2023-12-25,9.1057279300,9.0684475700,9.2175690100,9.0591274800,49929920,488512684.6000
2023-12-26,9.0498073900,8.8913658600,9.0777676600,8.8540855000,69533808,665607171.5800
2023-12-27,8.8727256800,8.8447654100,8.9566064900,8.8074850500,57060925,543298451.5000
2023-12-28,8.8168051400,9.2734895500,9.3107699100,8.7142841500,113066107,1100645716.7400
2023-12-29,9.2268891000,9.2268891000,9.3853306300,9.1523283800,75486072,749216034.3200
2024-01-02,9.1802886500,8.7888448700,9.2082489200,8.7795247800,117278568,1120366524.6900
2024-01-03,8.7702046900,8.7702046900,8.9286462200,8.6863238800,89972552,849415732.3700
2024-01-04,8.7422444200,8.5278823500,8.7608846000,8.4346814500,105095748,962420591.3300
2024-01-05,8.4999220800,8.5465225300,8.7329243300,8.4440015400,101885181,939879230.4000
2024-01-08,8.5465225300,8.4440015400,8.6117631600,8.4253613600,67455132,615549989.5800
2024-01-09,8.4440015400,8.4999220800,8.5558426200,8.3321604600,68893095,625310674.6100
2024-01-10,8.4440015400,8.4533216300,8.5465225300,8.3880810000,51969457,472137596.0200
2024-01-11,8.4067211800,8.4906019900,8.5372024400,8.3042001900,71558960,646987022.7400
2024-01-12,8.4253613600,8.5185622600,8.6583636100,8.4160412700,76036361,697378367.6200
2024-01-15,8.4626417200,8.4067211800,8.5372024400,8.3042001900,84444184,763114964.2800
2024-01-16,8.3508006400,8.3135202800,8.4346814500,8.1830390200,100238746,892093276.2600
2024-01-17,8.2482796500,8.0805180300,8.2855600100,8.0805180300,86415702,756874000.1600
2024-01-18,8.0245974900,8.2389595600,8.2575997400,7.9966372200,103959172,905565986.5000
2024-01-19,8.1830390200,8.2669198300,8.3228403700,8.1457586600,74915499,663930689.3000
2024-01-22,8.1643988400,8.1271184800,8.3228403700,7.9500367700,128307357,1126749647.9800
2024-01-23,8.0898381200,8.1550787500,8.2016792000,7.9873171300,96584697,841711776.9300
2024-01-24,8.1830390200,8.3694408200,8.3787609100,8.0618778500,111058871,982457272.3400
2024-01-25,8.4067211800,8.9472864000,9.0125270300,8.3974010900,199988601,1871343295.6200
2024-01-26,9.0591274800,9.2362091900,9.3107699100,8.9845667600,203976409,2005773462.3400
2024-01-29,9.4878516200,9.3107699100,9.5530922500,9.2455292800,181764073,1830629031.9500
2024-01-30,9.1989288300,9.1057279300,9.3946507200,9.0498073900,119850835,1181375096.3800
2024-01-31,8.9938868500,8.8913658600,9.1243681100,8.7422444200,141040055,1345109888.1300
2024-02-01,8.7981649600,8.6117631600,8.8540855000,8.5651627100,101926779,949854167.4600
2024-02-02,8.6117631600,8.7329243300,8.9845667600,8.4346814500,113036837,1060071784.4400
2024-02-05,8.6770037900,8.6490435200,8.8354453200,8.4160412700,121548929,1123027075.0600
2024-02-06,8.5092421700,8.7981649600,8.9100060400,8.4346814500,117364710,1093169078.8200
2024-02-07,8.8074850500,8.8354453200,8.8727256800,8.6304033400,117328754,1102777605.5600
2024-02-08,8.9100060400,9.2921297300,9.3014498200,8.8727256800,119349623,1162219179.4200
2024-02-19,9.2175690100,9.1430082900,9.2175690100,8.8820457700,135705186,1312945139.6100
2024-02-20,9.2734895500,9.1896087400,9.5903726100,9.0870877500,123091380,1218155964.3800
2024-02-21,9.0964078400,9.4039708100,9.6462931500,8.9845667600,161754255,1624756618.7200
2024-02-22,9.3107699100,9.3107699100,9.3760105400,9.2362091900,87880116,876266621.8400
2024-02-23,9.3014498200,9.3200900000,9.3853306300,9.2362091900,75513625,754600761.5000
2024-02-26,9.2734895500,9.1523283800,9.2828096400,9.0870877500,95531260,939121341.3100
2024-02-27,9.0591274800,9.1989288300,9.1989288300,9.0591274800,81233180,795023400.8200
2024-02-28,9.1989288300,9.0591274800,9.2641694600,9.0404873000,113688426,1119529186.6300
2024-02-29,8.9472864000,9.1057279300,9.1523283800,8.9472864000,94462457,917004781.2300
2024-03-01,9.0684475700,8.9286462200,9.1523283800,8.8261252300,119933549,1155023860.2300
2024-03-04,8.8447654100,8.6024430700,8.8634055900,8.5185622600,148476532,1372252799.4100
2024-03-05,8.5372024400,8.7422444200,8.7981649600,8.4999220800,120313653,1114114869.1000
2024-03-06,8.6770037900,8.5744828000,8.7049640600,8.5185622600,85587236,789616439.5900
2024-03-07,8.5744828000,8.5092421700,8.6304033400,8.4999220800,78459787,720239149.7600
2024-03-08,8.4999220800,8.4253613600,8.5278823500,8.3694408200,73372824,663402683.8000
2024-03-11,8.4626417200,8.8261252300,8.8261252300,8.4440015400,156967764,1460931897.3100
2024-03-12,8.7795247800,9.2828096400,9.3666904500,8.7422444200,196806525,1920147707.6100
2024-03-13,9.1896087400,9.0125270300,9.2548493700,8.9938868500,100685049,980873340.0700
2024-03-14,8.9752466700,9.1057279300,9.2548493700,8.9472864000,97057249,949749974.2300
2024-03-15,9.0404873000,9.0311672100,9.1989288300,8.9566064900,69642441,675465322.4200
2024-03-18,8.9938868500,8.8540855000,9.0311672100,8.7888448700,102065393,969769614.8300
2024-03-19,8.8168051400,8.6863238800,8.8354453200,8.6770037900,73823723,693097786.1600
2024-03-20,8.6583636100,8.6770037900,8.7702046900,8.6117631600,65605947,610263489.5700
2024-03-21,8.6583636100,8.8354453200,8.9100060400,8.6490435200,110357807,1041930124.6200
2024-03-22,8.7795247800,8.7329243300,8.8074850500,8.5651627100,89065179,829378337.4000
2024-03-25,8.7049640600,9.0125270300,9.1523283800,8.6770037900,149773756,1440894439.8900
2024-03-26,8.9938868500,9.0498073900,9.1150480200,8.8913658600,94172750,908102258.4200
2024-03-27,9.0125270300,8.7981649600,9.0311672100,8.7329243300,90819683,862272500.7200
2024-03-28,8.7702046900,8.7142841500,8.8354453200,8.6770037900,88695335,832073203.3600
2024-03-29,8.5931229800,8.5092421700,8.6863238800,8.3974010900,132412001,1207198829.4800
2024-04-01,8.4719618100,8.4719618100,8.6956439700,8.4067211800,160034341,1459524743.4100
2024-04-02,8.4626417200,8.2203193800,8.4626417200,8.1550787500,182232792,1612250210.0100
2024-04-03,8.1457586600,8.1737189300,8.2575997400,8.1177983900,88244292,773078852.0400
2024-04-08,8.1271184800,7.9873171300,8.1364385700,7.9686769500,108869112,938794733.6600
2024-04-09,8.0152774000,7.9127564100,8.0432376700,7.8661559600,100796363,857681034.5400
2024-04-10,7.8847961400,7.5772331700,7.8941162300,7.5213126300,153914143,1262771206.4000
2024-04-11,7.4653920900,7.6145135300,7.6331537100,7.3442309200,114306441,919497870.1100
2024-04-12,7.5399528100,7.3628711000,7.6145135300,7.3535510100,108050724,862526292.4500
2024-04-15,7.3349108300,7.3908313700,7.5306327200,7.2789902900,99012354,787229448.7700
2024-04-16,7.3255907400,7.4560720000,7.5679130800,7.2137496600,118582880,937520648.5700
2024-04-17,7.3815112800,7.5306327200,7.5958733500,7.3721911900,97690097,785511834.2500
2024-04-18,7.4840322700,7.6238336200,7.6983943400,7.4094715500,107271999,872940237.3900
2024-04-19,7.5585929900,7.5492729000,7.6797541600,7.5213126300,60457791,491698249.2000
2024-04-22,7.5213126300,7.5399528100,7.6517938900,7.4560720000,70118017,567151026.8300
2024-04-23,7.5772331700,7.4933523600,7.6051934400,7.4653920900,65243496,526682613.6100
2024-04-24,7.4653920900,7.4560720000,7.5492729000,7.4094715500,68630843,549117510.9400
2024-04-25,7.4560720000,7.4560720000,7.5772331700,7.3815112800,91547330,734610124.2400
2024-04-26,7.4467519100,8.0525577600,8.0898381200,7.4001514600,248730684,2082799659.5500
2024-04-29,7.9686769500,8.6490435200,8.7142841500,7.9313965900,336604050,3056897469.8600
2024-04-30,8.5558426200,8.3042001900,8.5651627100,8.2016792000,226192124,2019301737.7600
2024-05-06,8.5092421700,8.2296394700,8.6397234300,8.2016792000,248827245,2239792665.1300
2024-05-07,8.1643988400,8.6397234300,8.7049640600,8.1364385700,255107517,2308420687.4500
2024-05-08,8.5278823500,8.3694408200,8.5558426200,8.3694408200,108856807,983331534.6700
2024-05-09,8.4999220800,8.5838028900,8.7981649600,8.4160412700,166240409,1532274078.0200
2024-05-10,8.6956439700,9.0591274800,9.0684475700,8.6024430700,301184746,2867615353.4000
2024-05-13,8.8727256800,8.8913658600,9.0311672100,8.8168051400,148275480,1418897756.1000
2024-05-14,8.8540855000,8.9286462200,9.0498073900,8.7981649600,127201311,1220260326.3900
2024-05-15,8.8913658600,9.1989288300,9.5903726100,8.8820457700,275073251,2740387428.1500
2024-05-16,9.1989288300,9.4878516200,9.6835735100,9.1430082900,261188114,2652391358.3800
2024-05-17,9.5903726100,10.4385008000,10.4385008000,9.3014498200,427243517,4513712142.7200
2024-05-20,10.3919003500,10.3266597200,10.9045053000,10.0656972000,367057809,4102994669.3400
2024-05-21,10.2334588200,10.4291807100,10.5969423300,10.1495780100,173633661,1941598159.9800
2024-05-22,10.3825802600,10.5130615200,11.0815870100,10.3080195400,247197658,2829682028.3900
2024-05-23,10.2800592700,10.1682181900,10.3825802600,10.0004565700,217841695,2377066904.9200
2024-05-24,10.0656972000,9.8979355800,10.1122976500,9.8326949500,135430113,1447763570.3500
2024-05-27,9.9072556700,9.8513351300,9.9631762100,9.5251319800,155667975,1619344099.6700
2024-05-28,9.9631762100,9.6649333300,10.0656972000,9.5810525200,150052970,1577907055.3100
2024-05-29,9.7115337800,9.7301739600,9.8792954000,9.6556132400,91861758,960445859.8300
2024-05-30,9.6183328800,9.5251319800,9.7767744100,9.4412511700,102270274,1048180238.5000
2024-05-31,9.5530922500,9.5251319800,9.7301739600,9.4785315300,104722262,1078332490.6600
2024-06-03,9.4039708100,9.5437721600,9.6369730600,9.3853306300,81721038,833373970.3000
2024-06-04,9.5530922500,9.8420150400,9.8979355800,9.4692114400,154242525,1613164151.4000
2024-06-05,9.7954145900,9.6276529700,9.8420150400,9.6183328800,65891254,685235175.5200
2024-06-06,9.6183328800,9.5903726100,9.7022136900,9.4878516200,62070086,637758971.4300
2024-06-07,9.5810525200,9.7115337800,9.8047346800,9.5717324300,74112292,771731911.3100
2024-06-11,9.6183328800,9.5344520700,9.9258958500,9.4878516200,113982333,1184587489.1900
2024-06-12,9.4971717100,9.4226109900,9.5996927000,9.3666904500,71183641,723051555.0800
2024-06-13,9.5158118900,9.1896087400,9.5344520700,9.1336882000,107552726,1065824002.4400
2024-06-14,9.1430082900,9.3200900000,9.4878516200,9.0777676600,83224294,830796374.6800
2024-06-17,9.2082489200,9.1336882000,9.2921297300,9.0218471200,87343632,853959438.9000
2024-06-18,9.1150480200,8.9938868500,9.2082489200,8.9752466700,69952038,677878876.8000
2024-06-19,9.0125270300,8.9845667600,9.0964078400,8.8540855000,56966118,549174548.9400
2024-06-20,8.9752466700,8.7515645100,8.9938868500,8.7049640600,72314189,682212130.2300
2024-06-21,8.8074850500,8.7981649600,8.8727256800,8.7422444200,49416965,466465454.4800
2024-06-24,8.7422444200,8.6397234300,8.7608846000,8.5838028900,73073835,679082256.9400
2024-06-25,8.6676837000,8.7422444200,8.9379663100,8.5092421700,85511851,802117138.8000
2024-06-26,8.6676837000,8.6117631600,8.6770037900,8.4999220800,70976545,653825058.5200
2024-06-27,8.6210832500,8.3601207300,8.6863238800,8.3508006400,96669533,879896685.6700
2024-06-28,8.3321604600,8.1643988400,8.4440015400,8.1084783000,133076302,1181005814.3200
2024-07-01,8.2203193800,8.6770037900,8.8447654100,8.1830390200,198704883,1839742159.6600
2024-07-02,8.6676837000,8.4160412700,8.8261252300,8.3694408200,124240541,1146322249.6600
2024-07-03,8.4253613600,8.4999220800,8.6583636100,8.1923591100,126050395,1145107667.6500
2024-07-04,8.4626417200,8.2482796500,8.5092421700,8.2203193800,93580847,837476132.0500
2024-07-05,8.2762399200,8.2016792000,8.4067211800,8.1271184800,84808854,750539527.6000
2024-07-08,8.1737189300,7.9686769500,8.1830390200,7.9034363200,106650850,914962341.5000
2024-07-09,7.9779970400,7.9779970400,8.0432376700,7.8102354200,99854042,849792364.0800
2024-07-10,7.8754760500,7.9407166800,8.0618778500,7.7077144300,74183402,631114960.1000
2024-07-11,8.0339175800,8.0991582100,8.1923591100,7.9407166800,95413884,827043902.6800
2024-07-12,8.3414805500,8.4067211800,8.6397234300,8.2482796500,176903894,1605215541.1100
2024-07-15,8.2575997400,8.3880810000,8.5278823500,8.2203193800,94554230,849239163.8500
2024-07-16,8.3694408200,8.4812819000,8.6210832500,8.2669198300,97281176,885309168.8900
2024-07-17,8.4999220800,8.7142841500,8.8447654100,8.4626417200,136243883,1277473510.5400
2024-07-18,8.6770037900,8.8354453200,8.8727256800,8.5558426200,115643347,1083802165.7400
2024-07-19,8.7329243300,8.5651627100,8.7795247800,8.4626417200,121299834,1113361450.4600
2024-07-22,8.5744828000,8.5185622600,8.5838028900,8.3414805500,85710809,778733463.5300
2024-07-23,8.5372024400,8.3974010900,8.6117631600,8.3787609100,71549390,652790916.1100
2024-07-24,8.3974010900,8.1364385700,8.4906019900,8.0898381200,74584725,658866545.5300
2024-07-25,8.1364385700,8.2109992900,8.3880810000,8.0991582100,79538967,703380499.8300
2024-07-26,8.2296394700,8.3135202800,8.4906019900,8.2016792000,80313172,717559330.3100
2024-07-29,8.3042001900,8.0059573100,8.3135202800,7.9686769500,102817352,888733696.6800
2024-07-30,8.0255286000,8.1527625900,8.2310604300,7.9765924500,92874949,769353657.7600
2024-07-31,8.1723370500,8.6323368600,8.6519113200,7.9961669100,133453117,1145603821.3500
2024-08-01,8.5931879400,8.2799965800,8.6714857800,8.2506348900,125515963,1074501832.2800
2024-08-02,8.1723370500,8.1136136700,8.2408476600,8.0842519800,97749193,813851087.8100
2024-08-05,7.9961669100,8.0842519800,8.3974433400,7.9765924500,130110300,1092174585.5200
2024-08-06,8.1527625900,8.3974433400,8.4659539500,8.1234009000,126006744,1069015005.7900
2024-08-07,8.3485071900,8.2897838100,8.3680816500,8.1919115100,65836443,556271610.7500
2024-08-08,8.3387199600,8.2995710400,8.6323368600,8.1625498200,125731602,1075930516.6600
2024-08-09,8.2408476600,8.3680816500,8.6714857800,8.2310604300,179518000,1561950554.4800
2024-08-12,8.3093582700,8.0842519800,8.3387199600,8.0548902900,113705586,946782090.0600
2024-08-13,8.0744647500,8.0548902900,8.0940392100,7.9668052200,61758939,505916707.4600
2024-08-14,8.0353158300,7.9863796800,8.0744647500,7.9472307600,50998610,415924234.5800
2024-08-15,7.9472307600,8.0353158300,8.1429753600,7.9080818400,109362816,897471887.3100
2024-08-16,8.0059541400,8.0059541400,8.0646775200,7.8982946100,78135610,636554935.5300
2024-08-19,7.9668052200,8.0059541400,8.1331881300,7.9080818400,81333000,667042041.6300
2024-08-20,8.0059541400,7.8689329200,8.0646775200,7.8297840000,79206663,638913686.8600
2024-08-21,7.8102095400,7.7025500100,7.8395712300,7.6242521700,113839398,896617550.0200
2024-08-22,7.7123372400,7.7906350800,7.8885073800,7.6829755500,123616189,985429545.1300
2024-08-23,7.7319117000,7.7416989300,7.9080818400,7.6829755500,94657088,754348740.8000
2024-08-26,7.7416989300,7.8493584600,8.0059541400,7.6438266300,117185902,943901354.0900
2024-08-27,7.8297840000,7.6340394000,7.8395712300,7.6046777100,86970603,681645294.7800
2024-08-28,7.6242521700,7.5459543300,7.6536138600,7.5263798700,64101509,495726650.0300
2024-08-29,7.5361671000,7.5459543300,7.6144649400,7.4676564900,60312484,466245375.0300
2024-08-30,7.5655287900,7.9472307600,8.2995710400,7.5361671000,295664365,2419334697.6900
2024-09-02,7.8395712300,7.6829755500,7.8689329200,7.6634010900,129416403,1022442167.7500
2024-09-03,7.6634010900,7.7221244700,7.8493584600,7.5557415600,122521167,965745414.8800
2024-09-04,7.6536138600,7.5361671000,7.8199967700,7.5165926400,139823949,1088970520.0600
2024-09-05,7.6144649400,7.6242521700,7.6927627800,7.5557415600,91529365,711791939.4000
2024-09-06,7.5753160200,7.5263798700,7.5948904800,7.5165926400,70593544,544099439.2700
2024-09-09,7.4578692600,7.3795714200,7.4676564900,7.3012735800,74544200,561747002.0000
2024-09-10,7.3599969600,7.2914863500,7.3991458800,7.1446779000,94511171,700696026.3500
2024-09-11,7.2621246600,7.3502097300,7.4480820300,7.2229757400,69862242,525280574.4000
2024-09-12,7.3404225000,7.3306352700,7.4872309500,7.3110608100,50465503,380069395.9500
2024-09-13,7.3697841900,7.3208480400,7.4382948000,7.3110608100,65166901,490379058.3500
2024-09-18,7.3502097300,7.4676564900,7.5753160200,7.2131885100,122346305,925070375.3500
2024-09-19,7.5361671000,7.7416989300,7.8885073800,7.5068054100,202320078,1593373527.1900
2024-09-20,7.5459543300,7.8787201500,7.8982946100,7.5263798700,184298619,1464732579.8100
2024-09-23,7.7906350800,7.9080818400,8.0255286000,7.7612733900,135316631,1096672371.8300
2024-09-24,8.0744647500,7.9961669100,8.1821242800,7.7319117000,279252468,2267065203.2200
2024-09-25,8.0646775200,8.1136136700,8.5051028700,8.0353158300,274756687,2327372453.7900
2024-09-26,8.0353158300,8.9259537600,8.9259537600,8.0353158300,349978064,3063646913.3000
2024-09-27,9.3957408000,9.8165916900,9.8165916900,9.3663791100,446630714,4385364980.9800
2024-09-30,10.7953146900,10.7953146900,10.7953146900,10.0319107500,635977736,6876364512.3500
2024-10-08,11.8719099900,10.7561657700,11.8719099900,10.1395702800,686120756,7761689306.1600
2024-10-09,10.3744638000,9.6795704700,10.3744638000,9.6795704700,395132044,3955323147.3100
2024-10-10,9.4055280300,9.8165916900,10.1297830500,9.2978685000,332952272,3317654925.9400
2024-10-11,9.7480810800,10.0319107500,10.1787192000,9.5523364800,282175686,2864943673.8600
2024-10-14,10.3646765700,10.5604211700,10.9127614500,10.1885064300,363826860,3894495699.2700
2024-10-15,10.3646765700,10.6974423900,10.9616976000,10.2472298100,290089419,3183282069.3000
2024-10-16,10.9029742200,11.1476549700,11.3140378800,10.6485062400,409158138,4598587525.9400
2024-10-17,11.1085060500,10.1004213600,11.1085060500,10.0808469000,380881709,4068332290.9100
2024-10-18,9.8851023000,10.2472298100,10.5114850200,9.6893577000,290448063,2985762301.6600
2024-10-21,10.2472298100,10.5310594800,10.5799956300,10.0123362900,233811713,2486453363.4000
2024-10-22,10.4723361000,10.7268040800,10.8051019200,10.4038254900,171052467,1857821068.4900
2024-10-23,10.6778679300,10.7072296200,10.8833997600,10.6191445500,147606018,1618899812.8500
2024-10-24,10.6289317800,10.4919105600,10.7463785400,10.4331871800,112316218,1212073846.5800
2024-10-25,10.4723361000,10.4821233300,10.7365913100,10.4429744100,115332666,1245209734.5800
2024-10-28,10.4331871800,10.6778679300,10.7463785400,10.4233999500,122909611,1333629137.2600
2024-10-29,10.5310594800,10.3940382600,10.8540380700,10.3842510300,124956084,1348794221.3800
2024-10-30,10.3940382600,10.4429744100,10.6387190100,10.2961659600,149861928,1604000282.9400
2024-10-31,10.3744638000,10.5702084000,10.9127614500,10.2961659600,182883554,1989913859.2100
2024-11-01,10.6680807000,10.7072296200,11.0693571300,10.6191445500,211500237,2339025204.4100
2024-11-04,10.7953146900,10.6485062400,10.8148891500,10.4527616400,141514511,1523861445.9900
2024-11-05,10.5897828600,10.9029742200,11.0106337500,10.5212722500,168047408,1856971741.2400
2024-11-06,10.8833997600,11.0987188200,11.3238251100,10.5702084000,256923810,2858841167.6700
2024-11-07,10.9225486800,11.4021229500,11.4510591000,10.8246763800,300394705,3455045465.1700
2024-11-08,11.5391441700,10.9421231400,11.5685058600,10.8638253000,260312637,2942131233.2100
2024-11-11,10.6974423900,10.6778679300,10.8246763800,10.4625488700,196476715,2125478296.6100
2024-11-12,10.6289317800,10.5897828600,10.8344636100,10.5212722500,130569187,1423286322.0600
2024-11-13,10.5310594800,10.4038254900,10.6191445500,10.3059531900,129420247,1378122581.8700
2024-11-14,10.5995700900,10.1591447400,10.6093573200,10.1591447400,156719226,1653802046.9500
2024-11-15,10.0906341300,9.8948895300,10.1885064300,9.8948895300,124318433,1270504259.2700
2024-11-18,9.9829746000,9.9634001400,10.2570170400,9.9046767600,158410414,1630767433.1900
2024-11-19,9.9927618300,9.9634001400,10.0319107500,9.7382938500,126835497,1275236372.9500
2024-11-20,9.8948895300,9.9340384500,9.9927618300,9.8068044600,85730371,867267202.7000
2024-11-21,9.8948895300,9.8459533800,9.9634001400,9.7676555400,76674816,770771821.2400
2024-11-22,9.8361661500,9.5229747900,9.8851023000,9.5034003300,110615055,1097490611.8000
2024-11-25,9.5229747900,9.5327620200,9.6502087800,9.4251024900,91711377,893139665.6500
2024-11-26,9.5131875600,9.6404215500,9.7774427700,9.4642514100,96042645,945151344.4600
2024-11-27,9.6208470900,9.7872300000,9.8165916900,9.5131875600,121033522,1197444720.0300
2024-11-28,9.7676555400,9.8165916900,9.9046767600,9.7187193900,106864014,1071849602.8200
2024-11-29,9.8165916900,10.0221235200,10.2080808900,9.7872300000,166431467,1708627654.4700
2024-12-02,9.9340384500,10.0221235200,10.1102085900,9.8263789200,132940371,1355802173.7300
2024-12-03,9.9927618300,10.0906341300,10.1885064300,9.9340384500,107875846,1109166369.8800
2024-12-04,10.0416979800,9.8948895300,10.1004213600,9.8557406100,80468570,820150109.7500
2024-12-05,9.8655278400,9.8361661500,9.9046767600,9.7480810800,63666087,638406115.4800
2024-12-06,9.8263789200,9.9340384500,10.0221235200,9.7774427700,83919300,850713199.4600
2024-12-09,9.9340384500,9.6599960100,9.9536129100,9.6306343200,128951124,1282290730.0400
2024-12-10,10.2276553500,9.8165916900,10.2276553500,9.8165916900,219481173,2243889132.9200
2024-12-11,9.7970172300,9.9438256800,10.0221235200,9.7480810800,131202115,1331278643.0000
2024-12-12,9.9438256800,9.9927618300,10.0416979800,9.8165916900,101663590,1031999452.5800
2024-12-13,9.9144639900,9.6306343200,9.9242512200,9.5914854000,181411783,1798913611.2100
2024-12-16,9.6404215500,9.2978685000,9.6893577000,9.2587195800,147861024,1420514728.1700
2024-12-17,9.2978685000,9.2097834300,9.3076557300,9.1804217400,80713586,761540604.2800
2024-12-18,9.2587195800,9.1999962000,9.3370174200,9.1706345100,75090262,708995115.3800
2024-12-19,9.0531877500,9.1902089700,9.1902089700,9.0238260600,74350864,693350916.3700
2024-12-20,9.1510600500,9.1412728200,9.2097834300,9.0238260600,98549043,915459717.8300
2024-12-23,9.1119111300,9.0238260600,9.2293578900,8.9944643700,95041784,882186494.4500
2024-12-24,9.0042516000,9.0434005200,9.0825494400,8.9748899100,92218778,850471644.2900
2024-12-25,9.0238260600,8.9944643700,9.0531877500,8.8672303800,109407910,999648469.1200
2024-12-26,8.9748899100,8.8868048400,9.0042516000,8.8476559200,104338724,948933817.5500
2024-12-27,8.8770176100,8.9357409900,8.9846771400,8.8378686900,86901308,792543634.6500
2024-12-30,8.8868048400,8.7987197700,8.9553154500,8.7595708500,124194080,1118876056.5000
2024-12-31,8.7987197700,8.6714857800,8.9259537600,8.6519113200,116544551,1045881147.6500
2025-01-02,8.6519113200,8.4953156400,8.7889325400,8.4268050300,127331073,1121639097.6200
2025-01-03,8.4953156400,8.3582944200,8.5638262500,8.3093582700,107856731,930058463.6800
2025-01-06,8.3485071900,8.3582944200,8.3582944200,8.1919115100,101029297,857093437.7600
2025-01-07,8.3289327300,8.4855284100,8.5148901000,8.2212732000,104231899,895668427.0900
2025-01-08,8.4268050300,8.4170178000,8.4855284100,8.3093582700,84375984,724363005.3600
2025-01-09,8.4072305700,8.4561667200,8.4953156400,8.3387199600,67124707,578095836.9300
2025-01-10,8.4365922600,8.2897838100,8.5736134800,8.2799965800,73884718,631963068.0000
2025-01-13,8.2212732000,8.4463794900,8.4463794900,8.1527625900,87119016,742674003.3100
2025-01-14,8.4170178000,8.5834007100,8.5931879400,8.4170178000,97104212,845954924.3900
2025-01-15,8.5638262500,8.5442517900,8.6029751700,8.4170178000,69014560,600489740.2700
2025-01-16,8.5540390200,8.4757411800,8.6519113200,8.3680816500,97005356,843912398.4300
2025-01-17,8.2702093500,8.4757411800,8.5834007100,8.2604221200,106514789,917489047.2400
2025-01-20,8.4561667200,8.4170178000,8.5442517900,8.2506348900,124404388,1067657473.7000
2025-01-21,8.4268050300,8.5148901000,8.8378686900,8.3778688800,237014463,2085028669.6200
2025-01-22,8.3876561100,8.1234009000,8.3974433400,8.1234009000,171908113,1447136458.2300
2025-01-23,8.2016987400,8.2114859700,8.4072305700,8.1723370500,162010676,1373062402.4900
2025-01-24,8.2114859700,8.2408476600,8.2995710400,8.1429753600,101235950,850806540.0200
2025-01-27,8.2506348900,8.1429753600,8.3876561100,8.1429753600,102810382,866288861.4600
2025-02-05,8.1723370500,8.0548902900,8.2016987400,7.9961669100,94153067,773236216.2900
2025-02-06,8.0451030600,8.1136136700,8.2016987400,8.0353158300,93014686,770609467.7600
2025-02-07,8.0940392100,8.2702093500,8.3582944200,8.0548902900,153273377,1293774169.3400
2025-02-10,8.2212732000,8.2897838100,8.3387199600,8.2114859700,91745328,776864271.5600
2025-02-11,8.3191455000,8.1136136700,8.3387199600,8.0940392100,109561782,913880384.9600
2025-02-12,8.1331881300,8.4072305700,8.4463794900,7.9961669100,183500830,1534537306.9800
2025-02-13,8.2995710400,8.4072305700,8.5344645600,8.2506348900,225634441,1941639232.8300
2025-02-14,8.3680816500,8.3387199600,8.4170178000,8.2310604300,117362254,995076551.7400
2025-02-17,8.3387199600,8.2995710400,8.4170178000,8.2799965800,130835785,1115031012.1000
2025-02-18,8.2995710400,8.1429753600,8.2995710400,8.0940392100,104591945,876119069.0800
2025-02-19,8.1234009000,8.1527625900,8.2114859700,8.0744647500,96786971,804220117.5200
2025-02-20,8.1136136700,8.0255286000,8.1429753600,8.0157413700,102229921,839784231.9000
2025-02-21,8.0255286000,8.0255286000,8.0940392100,7.9863796800,114791025,942200880.7800
2025-02-24,8.0255286000,8.1723370500,8.2506348900,7.9863796800,168454035,1401186605.0400
2025-02-25,8.1136136700,8.1625498200,8.2506348900,8.0744647500,133669461,1117773893.7100
2025-02-26,8.2506348900,8.4463794900,8.5344645600,8.2408476600,222484977,1913466378.4800
2025-02-27,8.4855284100,8.6225496300,8.6714857800,8.4561667200,216075723,1895483252.5600
2025-02-28,8.6323368600,8.5148901000,8.7595708500,8.5051028700,217380800,1916995821.4900
2025-03-03,8.5834007100,8.5540390200,8.7595708500,8.5148901000,156304205,1377346277.4500
2025-03-04,8.4953156400,8.5638262500,8.5736134800,8.3582944200,115279662,995884889.1900
2025-03-05,8.5442517900,8.4268050300,8.5834007100,8.3680816500,116443630,1004629402.2400
2025-03-06,8.4757411800,8.7106347000,8.7106347000,8.4365922600,186307833,1638145912.5100
2025-03-07,8.6323368600,8.6127624000,8.6519113200,8.5246773300,127714204,1120141242.1100
2025-03-10,8.6519113200,8.5051028700,8.7106347000,8.4561667200,92552287,808423898.5200
2025-03-11,8.4365922600,8.4463794900,8.4561667200,8.3387199600,98547083,844937012.9700
2025-03-12,8.4268050300,8.3582944200,8.4268050300,8.3191455000,96697994,826411567.9500
2025-03-13,8.3387199600,8.3191455000,8.3876561100,8.2506348900,73001858,620698892.2400
2025-03-14,8.3093582700,8.5051028700,8.5148901000,8.3093582700,191830598,1654291364.9300
2025-03-17,8.5148901000,8.5638262500,8.6323368600,8.5148901000,99853113,874435312.3200
2025-03-18,8.5638262500,8.5246773300,8.6323368600,8.4855284100,78795801,686764945.2900
2025-03-19,8.5246773300,8.4561667200,8.5344645600,8.4268050300,67672292,585930079.5000
2025-03-20,8.4561667200,8.4268050300,8.5051028700,8.3974433400,66608201,575480168.7500
2025-03-21,8.4072305700,8.3485071900,8.4365922600,8.2799965800,95905375,817589122.4000
2025-03-24,8.3289327300,8.2799965800,8.3387199600,8.2310604300,67626173,571500274.0400
2025-03-25,8.2702093500,8.3387199600,8.3974433400,8.2310604300,68233554,580055028.5300
2025-03-26,8.3289327300,8.3289327300,8.4463794900,8.2897838100,73571168,629168960.2100
2025-03-27,8.3191455000,8.2897838100,8.3485071900,8.2506348900,56925490,482752648.8000
2025-03-28,8.2995710400,8.2702093500,8.3191455000,8.2212732000,53956965,455574022.9800
2025-03-31,8.2408476600,8.0842519800,8.2506348900,8.0548902900,75291040,625423456.3700
2025-04-01,8.1038264400,8.0646775200,8.1234009000,8.0353158300,69463364,573528982.5100
2025-04-02,8.0548902900,8.1136136700,8.1331881300,8.0255286000,71208015,586792613.6300
2025-04-03,8.0646775200,8.2114859700,8.3778688800,8.0548902900,138055075,1165729800.6600
2025-04-07,7.9668052200,7.7612733900,8.0255286000,7.5361671000,193665728,1539066262.1300
2025-04-08,7.7710606200,8.3191455000,8.3680816500,7.7612733900,243871437,2016768610.2600
2025-04-09,8.2799965800,8.7302091600,8.7302091600,8.1919115100,256082161,2222875399.4700
2025-04-10,8.6127624000,8.7889325400,8.7889325400,8.4170178000,181545130,1605554229.0100
2025-04-11,8.6910602400,8.5442517900,8.6910602400,8.4855284100,118488292,1035347770.6000
2025-04-14,8.4463794900,8.4855284100,8.5442517900,8.4268050300,70063401,607478937.6600
2025-04-15,8.4561667200,8.4757411800,8.4855284100,8.3680816500,63694511,547839852.7600
2025-04-16,8.4659539500,8.6421240900,8.6421240900,8.4463794900,130831067,1143619998.7300
2025-04-17,8.6127624000,9.0042516000,9.1216983600,8.5736134800,275559566,2510236483.9800
2025-04-18,8.9063793000,9.0042516000,9.0434005200,8.8280814600,110891856,1014894831.5500
2025-04-21,8.9455282200,8.8672303800,8.9553154500,8.8476559200,80660205,732268795.3100
2025-04-22,8.8574431500,8.8182942300,8.9063793000,8.7791453100,65184536,589346924.8500
2025-04-23,8.8085070000,8.6519113200,8.8378686900,8.6225496300,96991845,864622605.5100
2025-04-24,8.6421240900,8.6714857800,8.7889325400,8.5638262500,82257172,729318323.6900
2025-04-25,8.6910602400,8.5736134800,8.9455282200,8.4953156400,194337467,1728377784.6200
2025-04-28,8.4268050300,8.1331881300,8.4659539500,8.1038264400,187845010,1575758679.8000
2025-04-29,8.1723370500,8.1527625900,8.2310604300,8.1331881300,63072456,526073922.3000
2025-04-30,8.1331881300,8.1919115100,8.3191455000,8.1136136700,86990865,731366454.0200
2025-05-06,8.2016987400,8.1723370500,8.2310604300,8.1625498200,108429769,906379833.9800
2025-05-07,8.4659539500,8.3191455000,8.5246773300,8.2506348900,160077028,1364689926.9700
2025-05-08,8.2604221200,8.2604221200,8.3093582700,8.2506348900,74845518,632574142.1800
2025-05-09,8.2702093500,8.0744647500,8.2799965800,8.0451030600,116704000,968421865.9900
2025-05-12,8.0940392100,8.1234009000,8.1331881300,8.0646775200,79853735,660666938.8500
2025-05-13,8.1527625900,8.1234009000,8.1821242800,8.1038264400,61724600,512852063.0000
2025-05-14,8.1136136700,8.1723370500,8.2408476600,8.0451030600,101344343,841372493.6500
2025-05-15,8.1331881300,8.0744647500,8.2016987400,8.0646775200,71194947,590233500.9200
2025-05-16,8.0842519800,8.0940392100,8.1136136700,8.0157413700,74657810,613823896.2800
2025-05-19,8.0842519800,8.1038264400,8.1429753600,8.0353158300,64889747,536904573.1900
2025-05-20,8.1038264400,8.0842519800,8.1136136700,8.0646775200,47951549,396162432.4700
2025-05-21,8.0842519800,8.0451030600,8.0940392100,8.0255286000,65293089,536759749.0600
2025-05-22,8.0353158300,7.9961669100,8.0451030600,7.9765924500,65422362,535260793.1000
2025-05-23,7.9863796800,7.9178690700,8.0451030600,7.9178690700,63255116,515798810.0600
2025-05-26,7.8982946100,7.8982946100,7.9472307600,7.8493584600,55179055,445274772.6900
2025-05-27,7.8982946100,7.9276563000,7.9668052200,7.8885073800,41007494,332444467.4900
2025-05-28,7.9472307600,7.9080818400,7.9570179900,7.8982946100,28336258,229370794.7000
2025-05-29,7.9178690700,7.9374435300,7.9668052200,7.8885073800,55153127,447365852.4100
2025-05-30,7.9374435300,7.9570179900,7.9668052200,7.9080818400,52873541,429052866.0200
2025-06-03,7.8982946100,7.9374435300,7.9570179900,7.8787201500,47752025,386987305.8900
2025-06-04,7.9374435300,7.9961669100,8.0059541400,7.9276563000,53255823,433569985.8700
2025-06-05,8.0059541400,8.0157413700,8.0744647500,7.9863796800,63575462,521516857.9800
2025-06-06,8.0157413700,7.9863796800,8.0353158300,7.9570179900,48275465,394044444.3500
2025-06-09,7.9961669100,7.9863796800,8.0059541400,7.9570179900,59400946,484387967.8600
2025-06-10,7.9863796800,7.9472307600,8.0646775200,7.8982946100,75473239,615418380.4200
2025-06-11,7.9472307600,7.9863796800,8.0059541400,7.9276563000,55466948,452403540.2600
2025-06-12,7.9863796800,7.9668052200,7.9961669100,7.9374435300,49935600,405852169.6600
2025-06-13,7.9472307600,7.8885073800,7.9570179900,7.8787201500,74994565,606245513.6300
2025-06-16,7.9276563000,8.0646775200,8.1038264400,7.9080818400,131241902,1077575738.9900
2025-06-17,8.0353158300,7.9472307600,8.0451030600,7.9374435300,70854029,578030818.4800
2025-06-18,7.9472307600,7.8395712300,7.9570179900,7.8102095400,94716646,759980094.3600
2025-06-19,7.8297840000,7.7123372400,7.8395712300,7.6340394000,91496219,722739335.9300
2025-06-20,7.7123372400,7.7221244700,7.7514861600,7.6536138600,58369335,459369993.0900
2025-06-23,7.6634010900,7.7123372400,7.7319117000,7.6144649400,51221756,402181159.0000
2025-06-24,7.7319117000,7.8004223100,7.8004223100,7.7025500100,69721928,553836013.8800
2025-06-25,7.7906350800,7.8787201500,7.8885073800,7.7514861600,79252471,633410322.0100
2025-06-26,7.8787201500,7.8689329200,7.8982946100,7.8493584600,66668050,536414360.4100
2025-06-27,7.8689329200,7.8787201500,8.0255286000,7.8591456900,95197560,771787648.1900
2025-06-30,7.8885073800,7.9276563000,7.9961669100,7.8591456900,62953381,510087311.9100
2025-07-01,7.9374435300,7.8493584600,7.9472307600,7.8199967700,91430793,733977317.8800
2025-07-02,7.8591456900,7.9080818400,7.9276563000,7.8297840000,82613610,664183338.3100
2025-07-03,7.9178690700,7.9374435300,7.9961669100,7.8982946100,82263441,667637251.4400
2025-07-04,7.9276563000,7.8982946100,7.9570179900,7.8885073800,83667605,676800579.5100
2025-07-07,7.8787201500,7.9863796800,8.0255286000,7.8689329200,118421200,966502694.2700
2025-07-08,7.9765924500,8.0451030600,8.0548902900,7.9472307600,94873807,776945185.4700
2025-07-09,8.0353158300,7.9765924500,8.0842519800,7.9668052200,129853810,1063609992.7200
2025-07-10,7.9765924500,8.1625498200,8.2506348900,7.9668052200,225925590,1873291123.2600
2025-07-11,8.1625498200,8.0842519800,8.2016987400,8.0842519800,144120627,1199874014.3200
2025-07-14,8.0744647500,7.9668052200,8.1234009000,7.9570179900,140926898,1152182596.7800
2025-07-15,7.9374435300,7.8395712300,7.9570179900,7.7808478500,172667019,1383517600.6800
2025-07-16,7.8199967700,7.8102095400,7.8689329200,7.7808478500,91855387,733824824.9500
2025-07-17,7.8102095400,7.8199967700,7.8395712300,7.7808478500,66262787,528381237.2200
2025-07-18,7.8297840000,7.8493584600,7.8493584600,7.8102095400,74775872,598139850.7500
2025-07-21,7.8493584600,7.8787201500,7.8885073800,7.8297840000,98304955,789929793.7200
2025-07-22,7.8885073800,8.0255286000,8.0451030600,7.8199967700,201934509,1638378033.3100
2025-07-23,8.0255286000,8.0255286000,8.1723370500,7.9961669100,196546305,1622514844.8200
2025-07-24,8.0059541400,8.1625498200,8.2016987400,8.0059541400,216083409,1797715392.6100
2025-07-25,8.1527625900,8.2016987400,8.2897838100,8.1234009000,180213331,1513151348.5300
2025-07-28,8.2016987400,8.3093582700,8.3680816500,8.0744647500,189697254,1600891637.7000
2025-07-29,8.2995710400,8.2408476600,8.3289327300,8.1919115100,133682997,1125164627.4800
2025-07-30,8.2212732000,8.1429753600,8.3387199600,8.1331881300,165038835,1388216743.9500
2025-07-31,8.1038264400,7.8102095400,8.1331881300,7.7808478500,286959825,2313289351.8100
2025-08-01,7.8004223100,7.7808478500,7.8395712300,7.7514861600,111441292,887515936.2600
2025-08-04,7.8199967700,7.8199967700,7.8199967700,7.7612733900,89911883,715582789.5200
2025-08-05,7.8199967700,7.8689329200,7.8787201500,7.8004223100,100854527,808491636.5900
2025-08-06,7.8591456900,7.8395712300,7.8591456900,7.8004223100,79003224,631882163.5400
2025-08-07,7.8297840000,7.8689329200,7.8787201500,7.7808478500,113334525,906715506.0400
2025-08-08,7.8493584600,7.8395712300,7.8689329200,7.8102095400,74432362,595825073.6200
2025-08-11,7.8689329200,7.8591456900,7.9178690700,7.8591456900,112944649,909883516.1700
2025-08-12,7.8591456900,7.8493584600,7.8982946100,7.8395712300,97401443,782492933.0600
2025-08-13,7.8689329200,7.8297840000,7.8787201500,7.8102095400,107251058,858448526.3200
2025-08-14,7.8395712300,7.8395712300,7.9570179900,7.8199967700,192971875,1553063262.7700
2025-08-15,7.8395712300,7.9765924500,8.0157413700,7.8199967700,263836630,2146463323.3700
2025-08-18,7.9863796800,7.8591456900,8.0059541400,7.8591456900,224015573,1810093423.1600
2025-08-19,7.8885073800,7.8199967700,7.9472307600,7.8102095400,266059421,2141878969.9500
2025-08-20,7.8300000000,7.8700000000,7.9300000000,7.7700000000,172426623,1352321101.7000
2025-08-21,7.8800000000,7.9300000000,7.9800000000,7.8500000000,175059733,1387634926.2800
2025-08-22,7.9200000000,7.9600000000,7.9700000000,7.8700000000,140611753,1112227440.5600
2025-08-25,8.0000000000,8.3000000000,8.5500000000,7.9900000000,524658268,4361891882.1200
2025-08-26,8.2600000000,8.2200000000,8.2700000000,8.1800000000,187156670,1539192641.0600
2025-08-27,8.2000000000,7.9800000000,8.2200000000,7.9700000000,261176653,2112402548.4100
2025-08-28,7.9900000000,7.9600000000,8.0400000000,7.8600000000,200020991,1591961393.4200
2025-08-29,8.0500000000,7.9600000000,8.1000000000,7.9200000000,307803522,2461717797.5800
2025-09-01,7.9600000000,7.8900000000,8.0100000000,7.8600000000,256017481,2024778429.1000
2025-09-02,7.8700000000,7.8200000000,7.9100000000,7.7700000000,221099231,1729956248.0800
2025-09-03,7.8300000000,7.7300000000,7.8500000000,7.6800000000,176382386,1366476149.4700
2025-09-04,7.7200000000,7.7200000000,7.7600000000,7.6800000000,128539301,992925159.2100
2025-09-05,7.7200000000,7.7400000000,7.7500000000,7.6900000000,136911327,1057441297.3700
2025-09-08,7.7800000000,7.7600000000,7.8300000000,7.7300000000,236123083,1836259500.2200
2025-09-09,7.7800000000,7.8800000000,7.8900000000,7.7500000000,284201696,2227984949.9700
2025-09-10,7.8500000000,7.8300000000,7.8500000000,7.7900000000,145072006,1133674957.2900
2025-09-11,7.8000000000,7.8200000000,7.8200000000,7.7500000000,159568744,1241479498.4700
2025-09-12,7.8300000000,7.8700000000,8.0000000000,7.8300000000,292658891,2306743161.4700
2025-09-15,7.8600000000,7.9600000000,7.9700000000,7.8100000000,247235797,1947498644.7000
2025-09-16,7.9400000000,7.9800000000,8.0100000000,7.8800000000,190679653,1514354510.4800
2025-09-17,7.9600000000,8.0000000000,8.0300000000,7.9000000000,203985378,1624688631.2800
2025-09-18,7.9500000000,7.7600000000,7.9600000000,7.7300000000,260694783,2046922099.3600
2025-09-19,7.7700000000,7.9300000000,7.9500000000,7.6900000000,261128175,2042664011.2900
2025-09-22,7.8600000000,7.8200000000,7.8900000000,7.7800000000,174040579,1360476418.8300
2025-09-23,7.7600000000,7.6200000000,7.7800000000,7.5800000000,194020300,1483754651.8900
2025-09-24,7.5800000000,7.6600000000,7.7800000000,7.5700000000,146177628,1123611696.5400
2025-09-25,7.6400000000,7.6600000000,7.6900000000,7.5900000000,142392293,1086918515.9800
2025-09-26,7.6300000000,7.7200000000,7.9000000000,7.6200000000,215922863,1676766901.7700
2025-09-29,7.7000000000,7.7200000000,7.7800000000,7.6100000000,162946345,1250500542.7500
2025-09-30,7.7000000000,7.8600000000,7.8800000000,7.6900000000,250893219,1964866939.8300
2025-10-09,7.8200000000,7.8800000000,7.8900000000,7.6200000000,274502587,2122546021.8400
2025-10-10,7.7900000000,7.9300000000,8.0000000000,7.7800000000,232527851,1838888495.0600
2025-10-13,7.7800000000,7.8900000000,7.9600000000,7.7100000000,238758212,1873259662.3100
2025-10-14,7.8800000000,7.8800000000,7.9900000000,7.8400000000,188776577,1492899089.9400
2025-10-15,7.8600000000,7.8700000000,7.9200000000,7.7800000000,137128713,1075586575.3700
2025-10-16,7.8400000000,7.8200000000,7.8700000000,7.7700000000,131681820,1029567464.4300
2025-10-17,7.8100000000,7.7500000000,7.9100000000,7.7400000000,179760804,1408988196.5800
2025-10-20,7.7800000000,7.7100000000,7.8000000000,7.6900000000,118655815,918295755.2700
2025-10-21,7.7100000000,7.7200000000,7.7700000000,7.6800000000,128550186,993734937.6700
2025-10-22,7.6400000000,7.5800000000,7.7100000000,7.5600000000,251663627,1917879432.8600
2025-10-23,7.5800000000,7.5100000000,7.5900000000,7.4400000000,161392323,1210242320.5800
2025-10-24,7.5000000000,7.4900000000,7.5200000000,7.4700000000,86630223,649084038.0400
2025-10-27,7.5000000000,7.4800000000,7.5100000000,7.4700000000,105048850,786538404.3900
2025-10-28,7.4800000000,7.4200000000,7.4900000000,7.4100000000,116844651,869694698.2400
2025-10-29,7.4200000000,7.4400000000,7.4400000000,7.3600000000,116082370,859315353.9600
2025-10-30,7.4200000000,7.3300000000,7.4400000000,7.3200000000,154201400,1137811237.0000
2025-10-31,7.3300000000,7.3300000000,7.3500000000,7.3100000000,92004060,674600073.4200
2025-11-03,7.3500000000,7.3000000000,7.3500000000,7.2700000000,90224231,659008539.3200
2025-11-04,7.2800000000,7.2100000000,7.2900000000,7.1900000000,141893065,1025493848.7200
2025-11-05,7.1500000000,7.1800000000,7.2100000000,7.1300000000,81714927,586881153.6400
2025-11-06,7.1600000000,7.1700000000,7.1900000000,7.1500000000,84661262,606899806.4000
2025-11-07,7.1500000000,7.1800000000,7.2300000000,7.1500000000,82669344,594405798.1200
2025-11-10,7.2100000000,7.2700000000,7.2800000000,7.1900000000,123597163,894924600.4400
2025-11-11,7.2800000000,7.2900000000,7.3200000000,7.2500000000,102921703,749519195.3400
2025-11-12,7.3000000000,7.2700000000,7.3100000000,7.2600000000,79832772,581156579.7300
2025-11-13,7.2600000000,7.2800000000,7.2900000000,7.2100000000,83074570,602462403.2900
2025-11-14,7.2600000000,7.2500000000,7.3100000000,7.2500000000,101066144,736370176.0100
2025-11-17,7.2400000000,7.2500000000,7.2700000000,7.2300000000,72601260,526164181.5800
2025-11-18,7.2400000000,7.0800000000,7.2500000000,7.0800000000,155128810,1107177403.0200
2025-11-19,7.0800000000,6.9500000000,7.0900000000,6.9300000000,151027509,1055118235.3300
2025-11-20,6.9500000000,7.0700000000,7.1800000000,6.8600000000,248897336,1750588531.7600
2025-11-21,6.9900000000,6.9300000000,7.0700000000,6.9300000000,126738095,887232560.9700
2025-11-24,6.9300000000,7.0000000000,7.0600000000,6.9300000000,109507754,767192206.3100
2025-11-25,6.9900000000,6.9800000000,7.0300000000,6.9500000000,84410192,589952817.7200
2025-11-26,6.9800000000,6.8700000000,6.9900000000,6.8700000000,106039305,733048274.0200
2025-11-27,6.7700000000,6.7700000000,6.8300000000,6.6600000000,129022053,872132020.6500
2025-11-28,6.7500000000,6.7600000000,6.7800000000,6.6800000000,98394984,661796939.6200
2025-12-01,6.7200000000,6.6200000000,6.7500000000,6.6100000000,169290928,1128383182.0100
2025-12-02,6.6200000000,6.5900000000,6.6500000000,6.5800000000,95153412,629087563.0800
2025-12-03,6.5900000000,6.4600000000,6.6100000000,6.4500000000,139391720,906474817.5100
2025-12-04,6.4600000000,6.4800000000,6.5900000000,6.4500000000,114628874,746108186.4900
2025-12-05,6.4600000000,6.5300000000,6.5400000000,6.3800000000,166957678,1076248859.1100
2025-12-08,6.4900000000,6.5100000000,6.5700000000,6.4900000000,103998342,678953539.3100
2025-12-09,6.4900000000,6.3500000000,6.5000000000,6.3400000000,144994040,926717510.2000
2025-12-10,6.3400000000,6.6800000000,6.8200000000,6.2800000000,299773707,1973751184.3800
2025-12-11,6.5800000000,6.4200000000,6.5800000000,6.4100000000,189509622,1227697245.0400
2025-12-12,6.4600000000,6.4200000000,6.5300000000,6.4000000000,161917428,1043300488.7300
2025-12-15,6.3200000000,6.2700000000,6.3800000000,6.2600000000,163874913,1035072474.3800
2025-12-16,6.2700000000,6.2800000000,6.3500000000,6.2500000000,125496127,789640471.5600
2025-12-17,6.2700000000,6.2800000000,6.3100000000,6.1900000000,120152970,752046920.8300
2025-12-18,6.2500000000,6.2500000000,6.2900000000,6.2300000000,94118234,588792043.8800
2025-12-19,6.2400000000,6.3300000000,6.3500000000,6.2300000000,134527857,848818942.8700
2025-12-22,6.3100000000,6.3400000000,6.3700000000,6.2700000000,106653695,675016677.6800
2025-12-23,6.3100000000,6.2700000000,6.3200000000,6.2600000000,81466117,512092331.2500
2025-12-24,6.2700000000,6.2600000000,6.3000000000,6.2300000000,105848211,662309921.7600
2025-12-25,6.2800000000,6.2800000000,6.3100000000,6.2400000000,65935549,413660865.1300
2025-12-26,6.2600000000,6.2600000000,6.3000000000,6.2500000000,71982286,451612414.7400
2025-12-29,6.2600000000,6.1900000000,6.2900000000,6.1800000000,120408077,749895042.9500
2025-12-30,6.1800000000,6.0900000000,6.1800000000,6.0900000000,114675553,702301241.7600
2025-12-31,6.1300000000,6.1000000000,6.1500000000,6.0800000000,82620724,504717620.0100
2026-01-05,6.1100000000,6.3200000000,6.3800000000,6.1000000000,251858719,1579586259.8100
2026-01-06,6.3000000000,6.4800000000,6.5500000000,6.2800000000,248151525,1596927903.4800
2026-01-07,6.4700000000,6.3900000000,6.5100000000,6.3800000000,142852922,917309735.6100
2026-01-08,6.3800000000,6.5900000000,6.6400000000,6.3400000000,225580415,1470872945.2400
2026-01-09,6.5700000000,6.5700000000,6.6300000000,6.4900000000,171997221,1127780589.6500
2026-01-12,6.5200000000,6.5100000000,6.5800000000,6.4900000000,149782242,977158416.6800
2026-01-13,6.5100000000,6.4700000000,6.6100000000,6.4600000000,169011206,1103625599.7100
2026-01-14,6.4500000000,6.2900000000,6.5300000000,6.2700000000,254157348,1624106650.9900
2026-01-15,6.3300000000,6.3900000000,6.5200000000,6.3200000000,222547330,1428050235.7700
2026-01-16,6.4200000000,6.2300000000,6.4400000000,6.2100000000,195001296,1226299918.8900
2026-01-19,6.2100000000,6.2600000000,6.3000000000,6.1600000000,120088421,749249138.7500
2026-01-20,6.2900000000,6.5300000000,6.6800000000,6.2800000000,420305377,2756034671.3000
2026-01-21,6.5100000000,6.5000000000,6.5700000000,6.4300000000,210906391,1371746058.4300
2026-01-22,6.5100000000,6.5800000000,6.6500000000,6.4200000000,520200411,3393722711.8900
2026-01-23,6.5600000000,6.7100000000,6.7400000000,6.5100000000,368266073,2437335177.9600
2026-01-26,6.6600000000,6.6500000000,6.7600000000,6.6200000000,240396199,1606299222.2400
2026-01-27,6.6600000000,6.6000000000,6.7000000000,6.5400000000,193873529,1282778736.0200
2026-01-28,6.6600000000,6.8000000000,6.9000000000,6.6400000000,358121802,2426028483.1300
2026-01-29,6.7900000000,7.1100000000,7.2000000000,6.7600000000,438362691,3083283160.9600
2026-01-30,7.0500000000,6.8100000000,7.0800000000,6.7900000000,321733736,2216078945.6200
2026-02-02,6.7000000000,6.6300000000,6.8700000000,6.6200000000,222322400,1497614631.3600
2026-02-03,6.7000000000,6.8000000000,6.8100000000,6.6700000000,167439385,1130301210.2400
2026-02-04,6.7600000000,7.1900000000,7.2200000000,6.7500000000,397289994,2804791359.1700
2026-02-05,7.1400000000,7.1700000000,7.2500000000,7.1100000000,190935006,1369370910.1100
2026-02-06,7.1100000000,6.9800000000,7.1500000000,6.9700000000,190975679,1343626748.1400
2026-02-09,7.0100000000,7.0800000000,7.2900000000,6.9900000000,233919168,1670548992.4200
2026-02-10,7.0600000000,6.8900000000,7.0800000000,6.8800000000,184071088,1276486361.4100
2026-02-11,6.8700000000,6.8800000000,6.9200000000,6.8200000000,97494623,670007886.6800
2026-02-12,6.8900000000,6.8100000000,6.9700000000,6.8100000000,106589667,731489687.1300
2026-02-13,6.8300000000,6.7400000000,6.8500000000,6.7100000000,114321623,774050917.5000
2026-02-24,6.7500000000,6.7900000000,6.8200000000,6.7100000000,109356222,741073558.2200
2026-02-25,6.8000000000,6.9600000000,7.1100000000,6.8000000000,247466030,1730941652.2100
2026-02-26,6.9300000000,6.7700000000,6.9500000000,6.7400000000,184826675,1259499352.6400
2026-02-27,6.7700000000,6.8000000000,6.8200000000,6.7400000000,87067521,590690175.9900
2026-03-02,6.7200000000,6.7900000000,6.9000000000,6.7000000000,151949718,1035661036.3300
2026-03-03,6.7800000000,6.6800000000,6.8400000000,6.6700000000,144782030,974183649.3200
2026-03-04,6.6600000000,6.5900000000,6.7000000000,6.5200000000,169397856,1117473790.2400
2026-03-05,6.6500000000,6.5700000000,6.6800000000,6.5400000000,106723059,703471517.3600
2026-03-06,6.5500000000,6.5300000000,6.5800000000,6.4100000000,154413258,1005230958.7200
2026-03-09,6.4200000000,6.3500000000,6.4400000000,6.2800000000,174962443,1108174159.5500
2026-03-10,6.3800000000,6.3500000000,6.4000000000,6.3100000000,99120331,629118587.0800
2026-03-11,6.3400000000,6.3900000000,6.4300000000,6.3200000000,95373043,608447733.7400
2026-03-12,6.3800000000,6.3900000000,6.4500000000,6.3500000000,109730924,702304038.0800
2026-03-13,6.4300000000,6.4600000000,6.6500000000,6.4300000000,205645825,1346676693.3600
2026-03-16,6.5000000000,6.4600000000,6.6100000000,6.4500000000,125586917,817518806.9900
2026-03-17,6.4800000000,6.5000000000,6.6400000000,6.4700000000,184780561,1213785656.7100
2026-03-18,6.5000000000,6.3600000000,6.5100000000,6.3400000000,138933839,886523733.5300
2026-03-19,6.3100000000,6.2400000000,6.3500000000,6.2200000000,102131709,640194108.6600
2026-03-20,6.2500000000,6.1600000000,6.2800000000,6.1600000000,77075252,478313580.5500
2026-03-23,6.1100000000,5.9200000000,6.1100000000,5.9000000000,154343392,927657965.2600
2026-03-24,5.9700000000,5.9700000000,6.0000000000,5.8800000000,97085144,576370224.5400
2026-03-25,5.9700000000,6.0100000000,6.0300000000,5.9500000000,90829309,545002929.0900
2026-03-26,6.0100000000,5.8800000000,6.0300000000,5.8800000000,82054257,488226456.3500
2026-03-27,5.8300000000,5.8900000000,5.9000000000,5.8100000000,67267070,394767571.0100
2026-03-30,5.8200000000,5.8400000000,5.8600000000,5.7700000000,75140683,437396133.9500
2026-03-31,5.8500000000,5.8200000000,5.9300000000,5.7900000000,82156948,481561660.8800
2026-04-01,5.8800000000,5.8900000000,5.9100000000,5.8300000000,69500465,408321919.5400
2026-04-02,5.8700000000,5.7000000000,5.8700000000,5.6800000000,125861948,724782457.5900
2026-04-03,5.7100000000,5.5100000000,5.7300000000,5.5000000000,123636393,689648535.2900
2026-04-07,5.5100000000,5.5000000000,5.5500000000,5.4700000000,66534437,366014415.2200
2026-04-08,5.5900000000,5.7000000000,5.7000000000,5.5900000000,112129864,632413780.9600
2026-04-09,5.6500000000,5.5700000000,5.6600000000,5.5300000000,108841016,606845051.9600
2026-04-10,5.5800000000,5.6000000000,5.6500000000,5.5700000000,83815448,470684665.6100
2026-04-13,5.5500000000,5.7300000000,5.7700000000,5.5400000000,146171562,830337285.5300
2026-04-14,5.7800000000,5.9500000000,5.9600000000,5.7400000000,178158601,1043629552.3100
2026-04-15,5.9500000000,5.9400000000,6.0900000000,5.8600000000,149630133,892479943.6400
2026-04-16,5.9300000000,5.9700000000,6.0300000000,5.9100000000,70092281,418603216.3700
2026-04-17,5.9800000000,6.0700000000,6.1600000000,5.9600000000,141425564,858050051.3800
2026-04-20,6.0600000000,5.9400000000,6.0600000000,5.8800000000,110657910,656636026.5600
2026-04-21,5.9300000000,5.9700000000,6.0000000000,5.9100000000,71136104,423906282.2200
2026-04-22,5.9400000000,5.9300000000,6.0000000000,5.9000000000,67225501,399281667.0200
2026-04-23,5.9300000000,5.8700000000,5.9300000000,5.8500000000,64080571,377394164.7300
2026-04-24,5.8400000000,5.7400000000,5.8600000000,5.6900000000,101028485,581036520.6300
2026-04-27,5.7500000000,5.7800000000,5.8000000000,5.7100000000,68359812,393316188.4300
2026-04-28,5.8600000000,6.0300000000,6.0900000000,5.8500000000,214819991,1292014481.9400
2026-04-29,5.9900000000,6.1400000000,6.1700000000,5.9900000000,150412225,920405067.4400
2026-04-30,6.1100000000,6.1400000000,6.2000000000,6.0400000000,117567446,723230443.9000
2026-05-06,6.1900000000,6.4000000000,6.4800000000,6.1600000000,232720458,1467785581.9000
2026-05-07,6.4000000000,6.4000000000,6.4500000000,6.3500000000,136794202,875567589.3700
2026-05-08,6.3800000000,6.4300000000,6.5000000000,6.3300000000,135449192,868601266.8800
2026-05-11,6.4300000000,6.6400000000,6.8600000000,6.4000000000,324231402,2163453479.4100
2026-05-12,6.6400000000,6.6200000000,6.7200000000,6.5500000000,220667845,1461815282.8600
2026-05-13,6.5800000000,6.5100000000,6.5900000000,6.4400000000,166734007,1086552444.3000
2026-05-14,6.5600000000,6.3200000000,6.5900000000,6.2900000000,132724967,848715141.8000
2026-05-15,6.3200000000,6.2100000000,6.3400000000,6.1600000000,98413697,614863091.1100
2026-05-18,6.1900000000,6.0500000000,6.2000000000,6.0000000000,136196748,825805443.1000
2026-05-19,6.0500000000,6.1700000000,6.2000000000,6.0500000000,107233168,659172256.9400
2026-05-20,6.1500000000,6.0800000000,6.1600000000,6.0100000000,82137423,498153531.1000
2026-05-21,6.0900000000,5.8700000000,6.1500000000,5.8500000000,131829129,788290037.2200
2026-05-22,5.9000000000,5.8200000000,5.9100000000,5.8000000000,93367022,545539215.6000
