日期,开盘,收盘,最高,最低,成交量,成交额
2020-01-02,15.4270950300,15.5823687900,15.6794148900,15.3688673700,15934570,765516493.1500
2020-01-03,15.5920734000,15.5403154800,15.8476281300,15.4238601600,12993607,628361961.3700
2020-01-06,15.3300489300,15.6179523600,15.9123255300,15.2653515300,16987138,822172472.9800
2020-01-07,15.6276569700,15.5435503500,15.6891195000,15.4529739900,9340058,449013435.6700
2020-01-08,15.3818068500,15.2944653600,15.6405964500,15.2524120500,11097445,529249404.0700
2020-01-09,15.4465042500,15.4141555500,15.5920734000,15.3268140600,8921700,425352462.6000
2020-01-10,15.4173904200,15.1780100400,15.4173904200,15.0777290700,10929463,512929719.0800
2020-01-13,16.6951640700,16.6951640700,16.6951640700,16.3393283700,51882759,2662873914.8000
2020-01-14,17.7917850000,17.2871452800,18.1120371300,17.1448110000,61497596,3356918724.9100
2020-01-15,17.4715328700,17.2450919700,17.7109132500,16.9119003600,29870523,1594534514.3000
2020-01-16,17.3033196300,17.4974118300,17.6429809800,16.7501568600,33573707,1778235678.3600
2020-01-17,17.4230098200,18.7460716500,19.2474765000,17.2095084000,53060038,3022542423.3600
2020-01-20,18.5358051000,19.0080961200,19.3768713000,18.2770155000,30077562,1742179866.5400
2020-01-21,18.6716696400,18.3481826400,18.6749045100,18.2931898500,20383657,1161444870.5400
2020-01-22,18.2770155000,19.1730744900,19.5709635000,18.1476207000,32797995,1927419433.5500
2020-01-23,18.7590111300,19.3542272100,20.0173755600,18.6037373700,29158496,1735366427.8700
2020-02-03,17.4197749500,17.4197749500,17.6235717600,17.4197749500,10039800,540735185.5300
2020-02-04,17.4682980000,18.2317273200,18.6005025000,17.4682980000,36777530,2057907669.3000
2020-02-05,18.6651999000,19.6712444700,20.0561940000,18.4355241300,44623025,2698234964.6800
2020-02-06,18.9078151500,19.6518352500,19.6841839500,18.8916408000,30113181,1792085752.6200
2020-02-07,19.6486003800,18.7298973000,19.6486003800,18.3287734200,32128159,1868897083.3800
2020-02-10,19.1504304000,19.7100629100,20.4961363200,19.0372099500,35279646,2143782477.4700
2020-02-11,19.4092200000,19.0986724800,19.4480384400,18.8528223600,19617574,1162310506.2400
2020-02-12,19.0986724800,19.1471955300,19.6033122000,18.8754664500,19745556,1171671704.8500
2020-02-13,18.9239895000,18.6166768500,19.4512733100,18.6005025000,23694703,1387055829.5900
2020-02-14,18.6199117200,18.4064103000,18.7298973000,18.2576062800,21117383,1205977325.2900
2020-02-17,18.4096451700,18.9175197600,18.9433987200,18.4096451700,20988900,1215249654.9100
2020-02-18,18.6975486000,19.2377718900,19.4092200000,18.6878439900,22836532,1350970758.8600
2020-02-19,20.8552068900,20.0270801700,20.8584417600,19.9462084200,43747653,2773613068.1100
2020-02-20,20.4346737900,22.0294647000,22.0294647000,20.4152645700,64939094,4366081680.3500
2020-02-21,21.6736290000,21.8353725000,22.0844574900,21.2466261600,45518916,3046190980.6700
2020-02-24,21.1625195400,21.4148394000,21.7189171800,21.0137155200,35796879,2351741646.7300
2020-02-25,20.8325628000,22.9190539500,23.3525265300,20.7581607900,40743409,2786635361.1100
2020-02-26,22.5729228600,23.1940179000,24.5203146000,22.3206030000,52276832,3774510844.1900
2020-02-27,23.1875481600,22.6602643500,23.6630740500,22.0229949600,27269996,1912686987.0200
2020-02-28,21.5636434200,21.1463451900,22.3173681300,21.0104806500,33825352,2251947903.3400
2020-03-02,21.2207472000,21.6251059500,21.7480310100,20.7031680000,22564321,1492112197.8200
2020-03-03,22.5793926000,21.9550626900,22.7087874000,21.8224330200,27425292,1880749812.2100
2020-03-04,21.6574546500,21.5377644600,21.9324186000,20.9360786400,18093253,1198529239.8100
2020-03-05,21.6800987400,21.6121664700,21.8741909400,21.1883985000,17000367,1128290419.9000
2020-03-06,21.1883985000,21.1431103200,21.8515468500,21.1334057100,14720960,972613004.9700
2020-03-09,20.4734922300,19.2313021500,20.4734922300,19.1439606600,29247882,1789143869.3800
2020-03-10,18.6328512000,19.4642127900,19.8944505000,18.5455097100,26680523,1578089168.4900
2020-03-11,19.6583049900,19.0048612500,19.7812300500,18.9563382000,22221247,1327803130.2000
2020-03-12,18.5390399700,18.4484636100,18.6522604200,18.0829233000,23238254,1319050413.3900
2020-03-13,17.4036006000,18.0052864200,18.2770155000,16.9345444500,21319807,1162290579.7400
2020-03-16,18.3061293300,17.4294795600,18.5455097100,17.4294795600,23877348,1326361268.9500
2020-03-17,17.4294795600,17.1577504800,17.7788455200,16.7825055600,18091852,961588993.5600
2020-03-18,17.3356683300,16.8504378300,17.6850342900,16.8277937400,17268432,925695049.5000
2020-03-19,16.8569075700,16.6142923200,16.9895372400,16.1355315600,19445000,993678521.1700
2020-03-20,16.9183701000,16.9895372400,17.0768787300,16.6272318000,14829620,772921084.9500
2020-03-23,16.2552217500,15.5758990500,16.4331396000,15.4917924300,24273976,1190535685.0400
2020-03-24,15.9349696200,16.0870085100,16.1355315600,15.3300489300,20502711,1002130021.7400
2020-03-25,16.6757548500,16.9021957500,17.0801136000,16.5107764800,28978742,1504804536.9400
2020-03-26,16.9830675000,17.5556394900,17.8500126600,16.6951640700,29662084,1588496992.7800
2020-03-27,17.9211798000,17.7206178600,18.1314463500,17.6106322800,22997249,1269534018.5500
2020-03-30,17.7917850000,18.1896740100,18.6910788600,17.7497316900,32893740,1855914322.0900
2020-03-31,18.3611221200,19.3995153900,19.4059851300,17.9373541500,35017444,2037070401.5600
2020-04-01,19.3768713000,18.4775774400,19.6227214200,18.4452287400,36556547,2139092105.5500
2020-04-02,18.3417129000,18.3061293300,18.3417129000,17.7270876000,23384169,1300691383.2300
2020-04-03,18.3061293300,17.7917850000,18.3061293300,17.7626711700,16918966,940495658.7000
2020-04-07,18.2576062800,18.2155529700,18.4128800400,17.9858772000,18911589,1061432559.7500
2020-04-08,18.0505746000,17.8953008400,18.0505746000,17.8047244800,12954327,717031923.6400
2020-04-09,18.0538094700,18.0020515500,18.2899549800,17.9697028500,13333832,746729511.3900
2020-04-10,18.2058483600,17.6526855900,18.2058483600,17.5168210500,13185472,727755054.0500
2020-04-13,17.7044435100,18.0505746000,18.0958627800,17.7044435100,10255956,569833086.6800
2020-04-14,18.0505746000,18.7363670400,18.7622460000,17.9147100600,23386305,1338857701.5200
2020-04-15,19.2021883200,19.4545081800,20.1823539300,18.8851710600,30622736,1847393286.1000
2020-04-16,19.4415687000,19.4124548700,19.8297531000,19.1019073500,16525891,992639139.0300
2020-04-17,19.6033122000,19.0210356000,19.7262372600,18.9822171600,15649005,931863464.8800
2020-04-20,19.2151278000,19.0404448200,19.2151278000,18.8140039200,10747360,630616732.0300
2020-04-21,18.9239895000,19.2054231900,19.3057041600,18.6975486000,14714834,864113083.5100
2020-04-22,18.8916408000,19.2248324100,19.4092200000,18.7234275600,12145802,715492487.4100
2020-04-23,19.4059851300,18.8431177500,19.5871378500,18.7751854800,11602798,686078406.9400
2020-04-24,18.9789822900,18.9983915100,19.5677286300,18.9239895000,13594893,806969227.6900
2020-04-27,19.0922027400,18.4322892600,19.1148468300,18.3999405600,13826532,799777332.9400
2020-04-28,18.4387590000,18.4322892600,18.6296163300,17.7141481200,12865794,725365013.9700
2020-04-29,18.8269434000,18.7622460000,19.2313021500,18.6199117200,16512556,964564485.8800
2020-04-30,19.0275053400,19.3962805200,19.5968424600,18.9272243700,21887625,1303496245.7700
2020-05-06,19.2151278000,20.1144216600,20.2179375000,19.1180817000,23190623,1420097901.5800
2020-05-07,20.1111867900,19.4383338300,20.1111867900,19.4027502600,22511802,1362997620.5800
2020-05-08,19.4448035700,19.3380528600,19.5709635000,19.1827791000,17147173,1025569471.3000
2020-05-11,19.1795442300,19.0469145600,19.2992344200,18.7978295700,19071621,1121805579.7800
2020-05-12,19.0501494300,19.1277863100,19.1310211800,18.8269434000,10401966,610124974.3800
2020-05-13,19.1277863100,19.0824981300,19.3283482500,18.9239895000,11111516,657743992.7000
2020-05-14,19.0533843000,18.6619650300,19.0533843000,18.6166768500,11836313,688315256.9700
2020-05-15,18.6943137300,18.7493065200,18.9498684600,18.5358051000,10277106,595823315.5400
2020-05-18,18.5681538000,18.4969866600,18.8916408000,18.2446668000,10474339,601110774.9400
2020-05-19,18.7622460000,18.8334131400,18.9563382000,18.6813742500,9404190,547143039.5600
2020-05-20,18.9886869000,19.0889678700,19.5062661000,18.9789822900,16470785,981282457.3400
2020-05-21,19.1213165700,18.4872820500,19.2054231900,18.4419938700,12096788,697047198.0300
2020-05-22,18.4905169200,18.1249766100,18.6554952900,17.9567633700,9234961,522767760.1300
2020-05-25,18.1249766100,18.2834852400,18.2931898500,17.8920659700,5969703,334368698.2100
2020-05-26,18.3740616000,18.8592921000,18.8851710600,18.3740616000,9854368,570419227.9900
2020-05-27,19.2798252000,18.5358051000,19.3930456500,18.4614030900,11361742,662802627.2700
2020-05-28,18.5519794500,18.5940327600,18.8366480100,18.2446668000,8630023,494679180.3300
2020-05-29,18.4775774400,18.5713886700,18.7687157400,18.3772964700,6803639,390882856.8800
2020-06-01,18.6813742500,19.1924837100,19.3089390300,18.5810932800,16106781,949983296.7800
2020-06-02,19.2701205900,19.7327070000,20.1144216600,19.0469145600,20479610,1235513478.8500
2020-06-03,19.6647747300,19.3865759100,19.7488813500,19.2410067600,14635695,882603748.2800
2020-06-04,19.5644937600,19.4448035700,19.7974044000,19.3154087700,10574332,637797409.7300
2020-06-05,19.7327070000,20.4443784000,20.4702573600,19.5159707100,26545122,1643855456.3100
2020-06-08,20.3796810000,20.3117487300,20.6481752100,20.2017631500,17244111,1087013121.7800
2020-06-09,20.3796810000,20.0497242600,20.8357976700,19.9559130300,20443053,1285542235.2300
2020-06-10,20.1403006200,19.7488813500,20.1920585400,19.6291911600,18619403,1140629413.2100
2020-06-11,20.0141406900,20.3279230800,20.7678654000,19.8976853700,28023252,1764678741.0200
2020-06-12,19.8621018000,19.8879807600,20.0335499100,19.6130168100,17549710,1075893063.6500
2020-06-15,20.2179375000,20.2179375000,20.6643495600,19.8135787500,19574028,1225432620.4100
2020-06-16,20.6384706000,20.7355167000,20.8519720200,20.4217343100,21411572,1367780377.4000
2020-06-17,20.7031680000,20.7387515700,20.7387515700,20.1726493200,14437818,912074334.7600
2020-06-18,20.6384706000,21.5895223800,21.5959921200,20.3602717800,27903336,1829902632.3900
2020-06-19,21.5733480300,21.6703941300,22.2170871600,21.4471881000,22061887,1487253014.8700
2020-06-22,21.5442342000,21.9971160000,22.2494358600,21.4439532300,19625480,1325805162.2600
2020-06-23,21.8580165900,22.9772816100,23.3201778300,21.6736290000,26037491,1812606801.8400
2020-06-24,22.9999257000,23.1940179000,23.6339602200,22.8899401200,19668098,1414432114.0500
2020-06-29,23.1293205000,22.8381822000,23.4301634100,22.7411361000,17337630,1233307830.7500
2020-06-30,23.1002066700,23.2263666000,23.5660279500,22.9255236900,16983101,1223207515.8000
2020-07-01,23.6824832700,23.4431028900,24.4070941500,22.9772816100,23509322,1726221255.5200
2020-07-02,23.4948608100,23.3363521800,24.1353650700,23.2263666000,21407418,1559734669.1300
2020-07-03,23.7115971000,25.6686934500,25.6686934500,23.6889530100,45538812,3497719615.7000
2020-07-06,25.6622237100,26.1700983000,26.3933043300,25.0411286700,46122416,3661516239.9000
2020-07-07,27.4187581200,26.8494210000,28.6285995000,26.8494210000,46670587,3978641289.7900
2020-07-08,26.5065247800,26.7685492500,27.2634843600,26.4806458200,31915588,2647763129.4600
2020-07-09,26.7685492500,27.3217120200,27.9169281000,26.3512510200,32797352,2764110590.9000
2020-07-10,27.3249468900,28.7903430000,29.8772593200,26.8655953500,39602931,3495161210.7600
2020-07-13,29.9548962000,31.6693773000,31.6693773000,29.8546152300,57987128,5536512876.4400
2020-07-14,31.6693773000,31.2326698500,31.6726121700,29.3014524600,53638869,5075817585.6700
2020-07-15,31.3782390000,30.5695215000,31.4720502300,29.9840100300,38869586,3699030985.0200
2020-07-16,30.5371728000,27.5125693500,30.8930085000,27.5125693500,56046663,4984540817.6500
2020-07-17,26.8558907400,26.3933043300,27.6128503200,25.9016040900,43096874,3549101616.6000
2020-07-20,27.0758619000,28.1983617900,28.8873891000,26.3997740700,43173031,3684539642.1700
2020-07-21,29.0814813000,28.4959698300,29.5440677100,28.3633401600,31722234,2834375732.0800
2020-07-22,27.8198820000,28.2048315300,28.9456167600,27.6581385000,26954483,2367987141.1000
2020-07-23,27.8392912200,28.7871081300,28.7903430000,27.6840174600,32728656,2869841089.1300
2020-07-24,28.3956888600,26.8494210000,28.5121441800,26.6876775000,38817374,3298033865.2100
2020-07-27,27.0111645000,27.0176342400,27.5610924000,26.6229801000,20882846,1753284470.4500
2020-07-28,27.8134122600,27.1437941700,28.0333834200,26.8494210000,21644067,1829407614.8100
2020-07-29,26.9497019700,28.1207249100,28.3051125000,26.6941472400,28797550,2464892396.7100
2020-07-30,28.1498387400,27.4963950000,28.3471658100,27.2699541000,22449269,1917850499.3500
2020-07-31,27.4834555200,27.6225549300,28.0333834200,26.9982250200,25812289,2201963263.8000
2020-08-03,27.6290246700,27.8748747900,27.9816255000,27.3023028000,28030360,2394349093.0200
2020-08-04,28.1271946500,28.7903430000,29.4373170000,28.1045505600,38395587,3414415346.4000
2020-08-05,28.7903430000,28.5153790500,28.7903430000,28.0075044600,19022684,1667411299.2300
2020-08-06,28.7288804700,28.7030015100,28.9844352000,28.1433690000,20533266,1815887526.9400
2020-08-07,28.3374612000,27.6193200600,28.7127061200,27.1114454700,24597416,2120266841.3200
2020-08-10,27.1049757300,26.5194642600,27.2861284500,25.8789600000,33653884,2752165156.4900
2020-08-11,26.4935853000,26.2024470000,26.9141184000,26.1862726500,19417260,1596334584.3800
2020-08-12,26.2606746600,26.5194642600,26.5194642600,25.3775551500,22097173,1768144489.0400
2020-08-13,27.0111645000,26.4612366000,27.1082106000,26.4127135500,13582779,1119875379.0900
2020-08-14,26.5582827000,26.5032899100,26.7167913300,25.8789600000,12062031,981262741.9200
2020-08-17,26.5906314000,26.8235420400,26.9238230100,26.3091977100,15103194,1246372799.7100
2020-08-18,27.1958852200,26.6034739600,27.3577462200,26.4804596000,16155250,1335564954.3400
2020-08-19,26.3509708000,25.7844573000,26.4286640800,25.7423734400,18735826,1504274090.2500
2020-08-20,25.7812200800,25.4283631000,25.8977600000,25.2826882000,12272430,967851099.1600
2020-08-21,25.8977600000,25.7617967600,26.1049420800,25.5416658000,11190548,893244022.5700
2020-08-24,25.8653878000,26.3639196800,26.6358461600,25.7974061800,17128061,1384872483.5200
2020-08-25,26.2214820000,26.2991752800,26.8300793600,26.0596210000,14510634,1182125999.3400
2020-08-26,26.5452040000,27.0048892400,27.6167238200,26.4416129600,32047153,2691953337.8600
2020-08-27,28.0019530000,27.6523332400,28.3418611000,27.4192534000,25203489,2168640349.3500
2020-08-28,27.5163700000,27.6426215800,27.8595153200,26.8754004400,18647043,1572760241.0000
2020-08-31,28.1702884400,27.5163700000,28.5587548400,27.4775233600,21534690,1864842718.1500
2020-09-01,28.1605767800,30.2680070000,30.2680070000,27.9404458200,39461265,3573272701.8300
2020-09-02,31.0384653600,30.5269846000,31.0773120000,29.6626468600,39704708,3719378787.6800
2020-09-03,30.0672993600,29.9734199800,30.8053855200,29.8309823000,22779495,2129704437.9800
2020-09-04,28.7465136000,29.1349800000,29.3259759800,28.4940104400,22202132,1979126649.3200
2020-09-07,28.9666445600,30.6694222800,31.5628950000,28.9407468000,40998653,3862436332.8900
2020-09-08,31.0384653600,29.4587020000,31.0384653600,29.3615854000,27908409,2590896624.1800
2020-09-09,28.4907732200,27.8368547800,28.7141414000,27.4678117000,26329156,2281813618.4800
2020-09-10,28.4357404800,28.1929489800,29.1900127400,28.1314418000,21706271,1923920285.1300
2020-09-11,28.4389777000,29.5234464000,29.5234464000,28.2350328400,20576370,1843068555.0100
2020-09-14,29.5558186000,29.9442850000,30.5917290000,29.5558186000,22383909,2078549015.7000
2020-09-15,30.4331052200,32.7930386000,32.9387135000,30.2680070000,57922128,5761285366.1000
2020-09-16,32.4628421600,34.1202988000,34.9198921400,32.0484780000,49378934,5154280712.8800
2020-09-17,34.1559082200,37.5323286800,37.5323286800,34.0393683000,60235110,6707262639.4500
2020-09-18,36.9010707800,37.3898910000,37.3898910000,36.0950030000,47375377,5363840116.2700
2020-09-21,37.5517520000,34.2400759400,38.6265090400,33.7771534800,58877087,6535043671.2900
2020-09-22,34.4763930000,34.5637979400,35.8198393000,33.6703252200,46288194,4971987390.6200
2020-09-23,35.2856980000,35.7389088000,35.9363792200,34.4116486000,38140914,4146613365.7800
2020-09-24,34.9231293600,34.4440208000,35.6191316600,34.3177692200,26612570,2864183119.8600
2020-09-25,35.0267204000,34.0199449800,35.5414383800,33.6023436000,32436317,3457966850.3000
2020-09-28,34.3760391800,34.4440208000,34.9943482000,34.2012293000,21188287,2260356210.6600
2020-09-29,35.1529719800,34.9263665800,35.4507962200,33.7480185000,27004576,2884125029.1800
2020-09-30,35.1497347600,37.6294452800,38.2736520600,34.6706262000,44420102,5073415251.2400
2020-10-09,39.8501782000,38.9599427000,40.8342930800,38.5876624000,55967807,6870685597.3900
2020-10-12,40.0767836000,41.5982770000,41.7698496600,38.9923149000,52808892,6521180717.4200
2020-10-13,41.4364160000,41.8540173800,42.6924573600,40.4652500000,46052746,5958597982.7300
2020-10-14,41.8086963000,42.2457210000,42.8348950400,41.4687882000,31047158,4041272251.3600
2020-10-15,43.5729812000,42.5856291000,44.5862310600,42.5144102600,40289307,5425288384.9100
2020-10-16,42.9125883200,41.3716716000,43.3301897000,40.4652500000,41353551,5301212698.3100
2020-10-19,41.4364160000,41.4623137600,42.0223528200,40.8860886000,22200611,2832538854.1500
2020-10-20,40.8472419600,45.3210800000,45.4279082600,40.8472419600,54167901,7240427470.2800
2020-10-21,44.6703987800,44.5117750000,45.2239634000,43.4337807400,38056707,5212917457.7000
2020-10-22,44.4243700600,46.5479863800,46.9396900000,42.7539645400,43438939,6061013977.1800
2020-10-23,45.9749984400,44.8905297400,47.1921931600,44.1880530000,40099412,5645291379.9800
2020-10-26,44.1880530000,45.3081311200,46.2436877000,43.0873982000,30979604,4319369738.8300
2020-10-27,44.4858772400,45.4117221600,45.8066630000,43.9711592600,29654540,4122784516.5600
2020-10-28,45.1624562200,49.0762552000,49.6848525600,45.0038324400,51797365,7669731453.6500
2020-10-29,47.8817210200,51.2710903600,53.9838807200,47.8817210200,63470495,10022998772.1300
2020-10-30,51.7955200000,51.7340128200,55.1298566000,49.9179324000,67329183,10882457196.1200
2020-11-02,52.0901070200,54.3788215600,54.6280875000,51.9573810000,52491093,8660252633.6400
2020-11-03,55.6801840000,53.1163057600,55.8258589000,51.6595567600,66161664,10960743413.7000
2020-11-04,54.0615740000,54.3950076600,55.1395682600,52.7666860000,46094823,7689440146.7000
2020-11-05,56.6513500000,59.8335372600,59.8335372600,55.3564620000,67409211,11951954710.6500
2020-11-06,61.3453190000,61.6496176800,64.3721197000,58.2343505800,80766685,15261972051.2000
2020-11-09,62.0251352000,61.8147159000,62.6952397400,59.6036946400,52501612,9934097169.9800
2020-11-10,60.4906929200,59.1051627600,60.4971673600,57.2599473600,63534950,11543486452.8900
2020-11-11,57.2664218000,53.2037107000,58.8817945800,53.1939990400,80567515,13840949837.0000
2020-11-12,54.3852960000,54.8158462600,56.1010226000,53.6666331600,58663961,9953360351.7200
2020-11-13,58.2699600000,56.9426998000,58.9238784400,56.0977853800,60919392,10790305828.0200
2020-11-16,55.3661736600,55.0392144400,55.5183230000,52.9285470000,54256539,9094656059.2200
2020-11-17,56.1657670000,54.0615740000,56.7096199600,53.2393201200,56840934,9641027028.0300
2020-11-18,53.6990053600,54.0615740000,54.7672879600,52.5238945000,41703316,6941378987.7900
2020-11-19,54.3852960000,52.3199496400,54.6119014000,51.6401334400,47005440,7652210663.6000
2020-11-20,53.3008273000,56.9944953200,57.3764872800,52.8379048400,70752694,12067220425.7300
2020-11-23,57.2664218000,59.6295924000,59.8950444400,55.7028445400,60402664,10841291967.5400
2020-11-24,62.0801679400,59.6263551800,63.1225527800,58.4998026200,64675209,12193378658.2100
2020-11-25,59.2411260000,59.4126986600,62.0575074000,58.4641932000,47385764,8798105734.0400
2020-11-26,59.4385964200,56.9168020400,59.8238256000,55.4309180600,49653819,8751195066.6700
2020-11-27,56.7517038200,56.3600002000,57.5901438000,54.8158462600,39747615,6868605930.0100
2020-11-30,55.5183230000,55.7287423000,57.2146262800,53.7410892200,37921283,6493585105.9400
2020-12-01,54.6119014000,57.2372868200,57.2987940000,54.0615740000,40156431,6983133536.8200
2020-12-02,55.3888342000,54.9518095000,55.8420450000,54.3852960000,49240138,8354836225.8100
2020-12-03,54.9518095000,55.3855969800,56.2175625200,54.0486251200,36558081,6251135998.3700
2020-12-04,55.5506952000,55.6348629200,57.8814936000,55.1622288000,39448988,6888910896.8900
2020-12-07,55.4535786000,56.7452293800,57.1887285200,54.7446274200,32218589,5617848450.0700
2020-12-08,57.6548882000,57.6128043400,58.9174040000,57.2016774000,44574324,7995315241.1200
2020-12-09,57.9462380000,56.0815992800,58.6033936600,56.0039060000,31571447,5563503434.3300
2020-12-10,54.3852960000,54.8773534400,55.5701185200,53.7443264400,37043628,6243808669.9300
2020-12-11,54.8223207000,54.0615740000,54.8223207000,52.7019416000,35487818,5902635219.6700
2020-12-14,53.9968296000,55.0974844000,55.3176153600,52.7666860000,30213225,5064250844.4700
2020-12-15,55.1136705000,56.5542334000,56.6675361000,54.5471570000,36221802,6234488461.7800
2020-12-16,56.9750720000,55.6381001400,57.2016774000,55.3240898000,23815385,4110951042.6000
2020-12-17,55.4147319600,55.6122023800,55.9812454600,54.7122552200,18977260,3245175544.7800
2020-12-18,55.8420450000,56.9750720000,58.2990949800,55.4276808400,48848510,8625943227.2500
2020-12-21,57.1369330000,62.6725792000,62.6725792000,56.8132110000,66779763,12342923957.8700
2020-12-22,62.4718715600,59.5648480000,62.4718715600,59.4547825200,58681041,11044848425.5500
2020-12-23,59.5292385800,60.4680323800,61.7661576000,59.2281771200,42707945,7982526892.9100
2020-12-24,59.8885700000,59.2411260000,59.8885700000,58.2699600000,26045354,4739171492.3700
2020-12-25,59.3447170400,59.9597888400,60.2608503000,58.6260542000,21133069,3892733282.9800
2020-12-28,59.6619646000,60.8370754600,61.6269571400,59.1116372000,30338431,5674752366.1400
2020-12-29,60.2122920000,57.8167492000,60.2122920000,57.7714281200,36117782,6530622526.5300
2020-12-30,58.4836165200,60.2122920000,62.1384379000,58.4836165200,51043108,9559070846.6500
2020-12-31,61.1381369200,62.8991846000,63.3944792600,59.6490157200,50511942,9665582055.5600
2021-01-04,61.1834580000,66.9327607200,68.3571375200,60.5651489800,58950161,11803190657.2500
2021-01-05,66.6867320000,71.1864678000,71.6170180600,65.3950812200,54530597,11642247812.9800
2021-01-06,71.1281978400,70.0210686000,71.9245539600,68.6290640000,43465214,9376648611.7100
2021-01-07,70.1181852000,72.8503988800,73.9122070400,69.3412524000,42860254,9516502256.3900
2021-01-08,75.4272260000,73.6499922200,75.8545390400,71.4454454000,42675836,9705879745.6600
2021-01-11,75.9419439800,76.0293489200,79.3118900000,74.7733075600,53425466,12681067407.9800
2021-01-12,75.0387596000,76.7188767800,77.6123495000,71.2188400000,43312458,9980651742.6000
2021-01-13,77.0458360000,77.4666746000,80.8916533600,74.3557061800,48034787,11590837002.0700
2021-01-14,75.1035040000,72.4975419000,76.2203449000,71.9763494800,44595502,10176085741.1700
2021-01-15,71.8662840000,72.9021944000,74.1064402400,70.0858130000,37705046,8420560824.9700
2021-01-18,71.2188400000,71.7659301800,72.5137280000,70.0081197200,26378933,5826658747.5000
2021-01-19,71.8857073200,69.9886964000,72.9021944000,69.1340703200,27625013,6035553036.4400
2021-01-20,71.1864678000,71.8662840000,73.2582886000,70.5746332200,38140108,8483028913.2300
2021-01-21,71.2188400000,76.2430054400,77.5637912000,70.1861668200,58570987,13384594647.5900
2021-01-22,76.3077498400,78.6385482400,78.8781025200,74.9448802200,42388678,10112061191.3700
2021-01-25,79.7974730000,84.1677200000,85.1226999000,79.3118900000,55938894,14213433428.7300
2021-01-26,83.1965540000,82.2966068400,85.0061599800,81.2509847800,39455544,10115831947.5400
2021-01-27,80.9952444000,83.1965540000,83.9864356800,75.9128090000,52135100,12813494921.2000
2021-01-28,79.6259003400,79.1047079200,81.7398050000,78.6579715600,32646175,8081858717.1100
2021-01-29,80.6067780000,79.9593340000,81.0697004600,76.8839750000,33598269,8182542031.0400
2021-02-01,79.3118900000,79.9237245800,80.9725838600,77.3695580000,26379450,6500021796.1800
2021-02-02,81.5779440000,86.5956350000,86.7574960000,81.0923610000,47109997,12220620147.8100
2021-02-03,86.7898682000,85.1388860000,88.4958831400,84.2648366000,38402952,10231620474.0600
2021-02-04,83.5202760000,84.1353478000,85.7507205800,82.6591754800,31035090,8061146636.2900
2021-02-05,84.8151640000,80.6067780000,86.8481381600,80.1211950000,48055051,12356334243.9800
2021-02-08,80.6035407800,80.9952444000,81.8951915600,77.6965172200,37246177,9210843639.0200
2021-02-09,81.9340382000,83.1965540000,83.8504724400,80.1211950000,37495428,9540424163.0400
2021-02-10,84.4914420000,86.4175879000,87.6185965200,81.9016660000,41893871,10995341387.7100
2021-02-18,87.0358969200,83.8407607800,87.0358969200,82.6559382600,47264558,12353076536.0100
2021-02-19,82.5167378000,83.3098567000,83.4102105200,79.5482070600,38258702,9607262916.0100
2021-02-22,83.0670652000,77.5378934400,83.0864885200,77.5152329000,42713093,10558143268.1400
2021-02-23,74.3233339800,72.8374500000,76.0811444400,72.1576338000,47651022,10877530627.3900
2021-02-24,72.8374500000,67.6546607800,73.9996119800,65.9097992000,67648518,14532205192.8400
2021-02-25,69.8494959400,67.7388285000,69.8753937000,66.6219876000,36953222,7788184186.8200
2021-02-26,63.6113730000,63.8606389400,66.0392880000,62.8020680000,50361602,9978745767.8400
2021-03-01,65.0681220000,68.2729698000,68.3021047800,63.9350950000,44429351,9087918556.5300
2021-03-02,69.4869273000,68.4348308000,69.8592076000,66.4342288400,38792835,8178911875.2300
2021-03-03,66.3630100000,67.9006895000,68.0787366000,65.3821323400,26306180,5431739316.5500
2021-03-04,66.3630100000,64.2588170000,66.3953822000,63.8703506000,34684991,6955695359.9700
2021-03-05,60.6557911400,63.5692891400,64.5857762200,60.2705619600,32531909,6313240677.6400
2021-03-08,63.5692891400,57.2113890600,63.8800622600,57.2113890600,59132823,10922889310.4600
2021-03-09,55.8129100200,55.2528709600,57.8167492000,52.4526756600,59920495,10247665524.5500
2021-03-10,58.2699600000,57.3603011800,58.8785573600,56.9038531600,43150717,7706833381.5000
2021-03-11,57.2826079000,59.2314143400,59.8885700000,56.3600002000,36782790,6671343291.0600
2021-03-12,60.2673247400,58.8138129600,60.8564987800,57.9138658000,30184822,5517620552.7000
2021-03-15,57.8005631000,56.4117957200,58.5936820000,55.6801840000,29560239,5187723277.5300
2021-03-16,57.4865527600,57.1272213400,57.9786102000,56.1236831400,19705640,3474844999.2900
2021-03-17,56.3341024400,57.2599473600,58.2602483400,55.5118485600,21370528,3770679570.5400
2021-03-18,57.8782563800,57.8005631000,58.4739048600,57.3894361600,20106437,3593541020.4200
2021-03-19,56.0039060000,55.4050203000,56.7711271400,54.9226745200,25822722,4438615910.6400
2021-03-22,55.7870122600,56.2628836000,56.8067365600,55.0359772200,18568291,3221954915.9100
2021-03-23,56.9103276000,54.6993063400,57.0333419600,53.8349686000,22664897,3844462853.7900
2021-03-24,54.3820587800,52.6825182800,54.7867112800,52.4429640000,24826930,4082242404.7600
2021-03-25,50.8243540000,52.1839864000,52.9123609000,50.3711432000,25619064,4082120997.8800
2021-03-26,52.7699232200,55.3532247800,55.6801840000,52.7343138000,32853032,5528686167.4400
2021-03-29,55.0359772200,54.4176682000,55.1881265600,53.3493856000,23472864,3941708905.3000
2021-03-30,52.1192420000,54.7090180000,54.7090180000,51.5041702000,33893090,5574391479.4900
2021-03-31,54.7769996200,53.2555062200,55.8873660800,52.6242483200,27015303,4488285761.6900
2021-04-01,54.3852960000,54.7316785400,55.6478118000,54.0648112200,29995780,5089544668.1600
2021-04-02,55.3532247800,56.9329881400,57.6872604000,54.5730547600,34953200,6083577384.5100
2021-04-06,57.2340496000,57.0042069800,58.0239312800,55.9391616000,25590985,4492985632.8000
2021-04-07,57.3473523000,55.3532247800,57.6484137600,54.8708790000,28170350,4848030064.1900
2021-04-08,54.7090180000,55.1881265600,55.5183230000,54.1004206400,16004306,2723993028.0600
2021-04-09,55.6478118000,53.9709318400,55.7125562000,53.7378520000,20499577,3436476688.2900
2021-04-12,53.9741690600,52.9155981200,54.8352695800,52.6371972000,20126800,3320602667.3600
2021-04-13,52.9220725600,53.0936452200,54.2655188600,52.9220725600,15857894,2617908978.0300
2021-04-14,54.0615740000,55.3402759000,55.3564620000,54.0615740000,29847317,5057752083.3200
2021-04-15,54.5471570000,53.5759910000,54.5957153000,52.9285470000,24991213,4136742969.6500
2021-04-16,53.5436188000,53.5112466000,53.8673408000,51.9023482600,23459944,3837152368.0300
2021-04-19,53.4141300000,56.9912581000,57.2987940000,53.1486779600,50735050,8764759455.3300
2021-04-20,56.6513500000,55.4341552800,56.6513500000,54.9615211600,37567703,6460740489.5400
2021-04-21,54.7090180000,54.5762919800,55.2237359800,54.1166067400,23048888,3880491430.3600
2021-04-22,55.0327400000,54.6151386200,55.6089651600,54.1327928400,19750844,3336754764.5200
2021-04-23,54.1198439600,54.7899485000,55.4794763600,53.8252569400,22882799,3878511212.8900
2021-04-26,55.0327400000,54.2234350000,56.0039060000,54.1425045000,31951410,5432612153.7100
2021-04-27,53.7378520000,53.3947066800,54.1910628000,52.8961748000,25563921,4211994738.0600
2021-04-28,53.3688089200,53.5759910000,54.5601058800,52.7537371200,21841198,3621682455.6900
2021-04-29,52.7666860000,52.7504999000,53.3914694600,52.5077084000,27585404,4496785166.0300
2021-04-30,52.2778657800,51.3325975400,52.5077084000,50.7304746200,35989914,5715463804.9800
2021-05-06,50.8243540000,48.5583000000,50.8243540000,48.5583000000,42315808,6423783465.0800
2021-05-07,47.9497026400,46.5997819000,48.5453511200,46.4184975800,37798038,5528741179.9500
2021-05-10,46.5997819000,47.5871340000,48.0241587000,45.7872396800,26073875,3802268898.2300
2021-05-11,46.5188514000,47.4446963200,48.1568847200,45.6350903400,26963996,3893703682.6200
2021-05-12,47.9950237200,49.7657830600,50.1769100000,47.9950237200,38465914,5872804588.4700
2021-05-13,48.8010915000,48.2313407800,48.8820220000,48.0921403200,21269609,3180710318.9600
2021-05-14,47.8784838000,49.7010386600,49.8855602000,47.3637658200,30027866,4532481587.0000
2021-05-17,50.3161104600,51.7243011600,52.0803953600,49.9988629000,36300256,5761021601.6200
2021-05-18,51.7955200000,51.3746814000,52.3782196000,50.7855073600,19495212,3094498220.4900
2021-05-19,51.7631478000,55.9326871600,56.3276280000,51.7566733600,59649087,10150054899.5900
2021-05-20,55.0327400000,55.9844826800,57.4800783200,54.7413902000,49988848,8686052329.5200
2021-05-21,56.3308652200,56.0686504000,57.6192787800,55.0651122000,33496551,5822862674.4900
2021-05-24,55.6510490200,56.1560553400,56.8132110000,55.0262655600,27172287,4685927113.6600
2021-05-25,56.6513500000,57.1434074400,57.6225160000,55.9067894000,33152287,5830353651.7100
2021-05-26,57.6225160000,57.0301047400,59.7526067600,56.9750720000,34557799,6206769477.3100
2021-05-27,57.9462380000,57.4444689000,58.1663689600,56.4894890000,23402610,4146048380.8900
2021-05-28,57.4444689000,58.8138129600,59.8885700000,56.9977325400,37119487,6754993796.2500
2021-05-31,56.7355177200,57.8491214000,57.9818474200,55.0910099600,43755316,7660152240.1600
2021-06-01,57.8588330600,61.3323701200,61.7985298000,57.8588330600,51360412,9530431696.8900
2021-06-02,61.5071800000,60.3741530000,62.1060657000,59.9533144000,29434964,5527643767.4600
2021-06-03,60.4065252000,59.5324758000,60.6978750000,58.3282299600,25080057,4608194800.0000
2021-06-04,58.7911524200,61.3129468000,62.1546240000,58.4382954400,31984839,6004827146.8500
2021-06-07,61.8309020000,61.6204827000,62.4362621400,60.5360140000,25451802,4842637639.7500
2021-06-08,62.8020680000,65.6540588200,66.5572432000,62.5592765000,55923856,11191285973.6800
2021-06-09,65.6831938000,65.3918440000,65.8774270000,63.7797084400,31655582,6342951329.2500
2021-06-10,65.4080301000,69.3121174200,69.9401381000,65.0681220000,44100032,9339300343.0100
2021-06-11,69.3736246000,73.4913684400,74.4398739000,68.6549617600,54008511,11985830243.3400
2021-06-15,74.9545918800,75.2070950400,76.9810916000,72.7953661400,51810075,12090497119.8300
2021-06-16,73.1611720000,68.3053420000,74.9934385200,68.1952765200,61817590,13579272747.6900
2021-06-17,68.2923931200,75.1358762000,75.1358762000,68.2503092600,51997758,11627218257.9100
2021-06-18,76.3983920000,79.3118900000,81.6815350400,75.9613673000,57189601,13931101474.0600
2021-06-21,78.9493213600,78.5284827600,80.7880623200,75.1455878600,43052635,10400538802.7600
2021-06-22,78.6644460000,77.0069893600,79.9593340000,76.3983920000,31642808,7571777590.8800
2021-06-23,75.4272260000,78.7615626000,80.8657556000,75.2653650000,39450060,9605891907.1500
2021-06-24,78.9881680000,79.2762805800,81.5358601400,77.7515499600,31228504,7696250339.6400
2021-06-25,79.9593340000,79.3086527800,80.4967125200,77.0458360000,29650236,7205570873.7700
2021-06-28,79.3086527800,82.1056108600,82.5491100000,78.8327814400,34727198,8732379669.9800
2021-06-29,83.3260428000,81.9987826000,84.0382312000,80.9305000000,30625754,7778037778.8100
2021-06-30,80.9305000000,81.2542220000,83.0346930000,79.6356120000,28540731,7146112745.9400
2021-07-01,81.2542220000,76.5926252000,81.7398050000,76.2689032000,42260287,10182009938.1400
2021-07-02,75.4272260000,77.3825068800,78.8263070000,74.0967285800,37426013,8897622556.2200
2021-07-05,76.4113408800,80.7848251000,80.9305000000,76.2591915400,32490116,7984671152.3700
2021-07-06,82.5491100000,81.0923610000,84.4979164400,78.0170020000,51791670,13098186044.3300
2021-07-07,78.9881680000,82.5782449800,83.7145092000,77.9781553600,38638656,9711793849.8700
2021-07-08,81.9016660000,81.5649951200,84.6662518800,81.2930686400,39390995,10127585813.0100
2021-07-09,81.2153753600,80.5485080400,82.5458727800,78.3018773600,36494699,9057948774.5400
2021-07-12,81.9987826000,86.2654385600,88.3469710200,81.4160830000,56005708,14759940060.4200
2021-07-13,86.2686757800,85.8187022000,87.3175350600,84.2389388400,27731391,7330680655.6400
2021-07-14,84.4914420000,79.4057693800,84.4914420000,79.3118900000,61271686,15300069250.3000
2021-07-15,77.3695580000,76.5278808000,78.8424931000,74.4560600000,55189867,13026880866.9700
2021-07-16,76.3174615000,72.1641082400,76.3174615000,71.5522736600,56274148,12801309443.7600
2021-07-19,71.2188400000,72.5040163400,75.1002667800,69.3736246000,37218723,8367318503.6700
2021-07-20,71.2188400000,73.6467550000,74.2812501200,70.9307274200,24674966,5582671898.4300
2021-07-21,74.8445264000,78.0914580600,79.3086527800,74.4592972200,47151119,11232169397.2400
2021-07-22,79.7327286000,80.5938291200,80.7492156800,77.7483127400,37477327,9242619143.2300
2021-07-23,80.1017716800,83.7404069600,84.8151640000,79.3377877600,46056227,11846110496.8100
2021-07-26,81.1182587600,80.4611031000,84.0835522800,78.0202392200,40442824,10130659972.4100
2021-07-27,79.6356120000,77.2756786200,83.4814293600,76.7868584000,37770720,9406136905.4700
2021-07-28,74.4528227800,76.5602530000,78.0493742000,72.5104907800,33219863,7758094419.1100
2021-07-29,79.9399106800,83.2612984000,83.2936706000,78.6061760400,42885105,10764228893.9900
2021-07-30,83.2580611800,85.6924506200,86.8546126000,81.6200278600,45799399,11995907836.1500
2021-08-02,89.3472720000,94.2613719600,94.2613719600,88.4732226000,62225903,17648921236.4000
2021-08-03,96.7928780000,90.6680577600,96.7928780000,89.0267872200,48934853,13975748744.5000
2021-08-04,91.6165632200,99.7355109800,99.7355109800,91.2896040000,53430639,16003136931.9300
2021-08-05,97.4403220000,96.9417901200,99.1398625000,95.4559061400,36882291,11063466319.9600
2021-08-06,101.3756920000,98.2923163200,102.7683932000,96.6793740000,45362627,13945125845.1500
2021-08-09,95.5457800000,95.0761482000,96.3231016000,91.6591720000,34162079,9914944523.2100
2021-08-10,95.0793870400,94.5741280000,97.9133720400,91.3352880000,33103516,9604456927.9400
2021-08-11,93.6024760000,95.5425411600,96.7862557200,92.6826454400,26399395,7742097441.0500
2021-08-12,94.8980120000,100.0736783200,101.4987679200,93.7223130800,38277898,11687505016.8700
2021-08-13,98.1368520000,97.1716776800,101.2137500000,96.5141931600,24690646,7475335873.3400
2021-08-16,96.1935480000,92.4364936000,96.1935480000,92.3069400000,30506701,8815872752.5200
2021-08-17,91.8049198000,90.7879240400,94.0883020000,90.0397520000,27205840,7713091722.3400
2021-08-18,92.4397324400,91.8729354400,93.3077415600,90.1012899600,22172302,6281190851.4400
2021-08-19,91.8729354400,95.1312084800,96.7376731200,90.2243658800,36167179,10474777900.5000
2021-08-20,93.6024760000,92.3360895600,95.0923424000,91.3352880000,24717320,7084185439.5400
2021-08-23,91.1733460000,93.8615832000,95.3644049600,89.2462362000,29582687,8526532884.9800
2021-08-24,94.8299963600,96.5984030000,97.8129680000,93.9425542000,27439906,8152952115.2600
2021-08-25,96.4526552000,95.9344408000,97.1004232000,94.2502440000,17914538,5272706497.5500
2021-08-26,96.1935480000,91.4972300000,96.7668226800,91.4972300000,26368159,7570972707.0300
2021-08-27,91.0081651600,93.3271746000,95.8793805200,90.6875200000,26288930,7628216261.3600
2021-08-30,89.8583769600,91.3255714800,93.2785920000,88.7312606400,41909234,11735714830.8900
2021-08-31,92.9158419200,89.7158680000,92.9158419200,86.3312802000,32966834,9041075460.8100
2021-09-01,89.7158680000,86.2503092000,90.0300354800,83.4325184000,28767422,7678475358.7900
2021-09-02,86.4802668400,86.4770280000,88.0932091600,85.0843268000,16524443,4421950962.7600
2021-09-03,86.4802668400,82.3021632400,87.7725640000,81.1005536000,28796413,7420408930.0500
2021-09-06,84.2066011600,89.9101984000,90.3636360000,83.8859560000,39778881,10725519555.4000
2021-09-07,89.9101984000,89.3757898000,91.0470312400,88.5077806800,20763353,5743962165.3500
2021-09-08,90.0073636000,87.3158875600,90.4543235200,86.9984812400,18257806,4971116497.1300
2021-09-09,88.0964480000,88.0025216400,90.5514887200,86.0883672000,21625641,5891876583.8200
2021-09-10,88.0025216400,86.0268292400,88.2681065200,85.0648937600,23875736,6341377790.9000
2021-09-13,86.9077937200,84.6503222400,88.0899703200,83.9442551200,21349179,5623333361.1200
2021-09-14,84.6600387600,87.1992893200,89.3919840000,83.2576210400,35469000,9581432835.3100
2021-09-15,86.7652847600,84.5823066000,87.4486800000,84.2098400000,21880911,5742276749.6100
2021-09-16,84.5823066000,81.2948840000,85.7547666800,81.1426585200,22080971,5613770464.0500
2021-09-17,81.9426520000,82.6292860800,83.2381880000,81.1297031600,13942107,3544731219.9400
2021-09-22,80.3232320000,80.0641248000,81.4373929600,79.0374125200,16341286,4037944329.3500
2021-09-23,82.2114757200,80.9450892800,83.4066076800,80.6082499200,14978418,3773864372.3200
2021-09-24,81.2819286400,81.5442746800,83.4001300000,79.9993480000,15826700,4002973166.8800
2021-09-27,82.2665360000,81.7807100000,83.3968911600,79.9345712000,17999094,4548951212.2600
2021-09-28,81.5863796000,79.9540042400,82.2082368800,79.7693903600,16244438,4060118403.7500
2021-09-29,78.7038120000,76.4366240000,79.3127139200,76.1127400000,24555481,5859195956.9700
2021-09-30,77.1491688000,80.8122968400,80.8738348000,76.8252848000,22503801,5528259622.4100
2021-10-08,83.5555943200,81.9426520000,84.2033623200,80.9710000000,19410395,4939109186.2800
2021-10-11,81.9750404000,82.8333330000,85.2138804000,80.3232320000,21197273,5448306885.6100
2021-10-12,82.5904200000,83.2414268400,85.1491036000,81.9458908400,21165134,5464868602.0000
2021-10-13,83.2414268400,87.8373408000,88.6146624000,82.3734177200,32197810,8631470872.9800
2021-10-14,87.7725640000,88.4008989600,89.3887451600,86.8462557600,17779932,4844827927.5100
2021-10-15,89.0681000000,91.7660537200,93.1166500000,87.7725640000,28784505,8089636933.3200
2021-10-18,92.0640270000,92.6049132800,93.4826389200,90.7004753600,21621378,6155818958.1700
2021-10-19,93.2785920000,92.2389243600,95.5166304400,91.9830560000,19385785,5581983586.1300
2021-10-20,92.6308240000,94.1206904000,95.5457800000,92.3846721600,21704509,6300647166.9500
2021-10-21,94.2502440000,92.9579468400,94.7684584000,91.9862948400,18062575,5184267795.7900
2021-10-22,94.6389048000,97.1652000000,97.4890840000,93.6024760000,33654868,10022899338.6800
2021-10-25,98.1724792400,102.7845874000,103.2056366000,97.8874613200,33518976,10469605348.1400
2021-10-26,107.0436620000,103.3222348400,107.9602537200,102.9173798400,31324434,10148404490.6400
2021-10-27,101.3756920000,104.2064381600,105.8226193200,100.8186115200,21906777,7024365486.2400
2021-10-28,103.5165652400,99.7497943200,104.8736392000,98.9141736000,29826714,9334453596.5800
2021-10-29,98.8267249200,100.8283280400,101.6218438400,95.1474026800,34715958,10585996588.0900
2021-11-01,97.6218764400,97.8129680000,99.8890644400,95.1635968800,28478587,8570609748.0500
2021-11-02,100.4040400000,101.6607099200,103.5781032000,99.6396737600,29008740,9102548555.0600
2021-11-03,101.4177969200,98.1400908400,101.6509934000,97.1198562400,19724814,6017080222.9900
2021-11-04,100.7700289200,105.2623000000,106.5578360000,100.0898725200,34996434,11223980650.8100
2021-11-05,104.9384160000,101.6995760000,105.9100680000,101.3789308400,19418326,6178126193.5700
2021-11-08,99.7854215600,102.0234600000,103.5165652400,99.4323880000,16984947,5344230944.1200
2021-11-09,102.0396542000,103.8663599600,106.8720034800,102.0396542000,20330504,6580787588.7200
2021-11-10,101.6995760000,100.4882498400,102.2177904000,97.6769367200,27487850,8480095668.8000
2021-11-11,101.3756920000,101.0485691600,102.6679891600,99.7724662000,13885150,4327235823.8900
2021-11-12,102.2825672000,99.3611335200,102.5870181600,98.9465620000,14888382,4590558597.6300
2021-11-15,99.3611335200,95.5263469600,99.3611335200,94.0688689600,22537224,6667949870.9000
2021-11-16,95.2218960000,95.0631928400,96.4170279600,93.2785920000,15180848,4462067584.6800
2021-11-17,97.1652000000,96.1449654000,98.2145841600,95.2218960000,16337775,4875749071.9200
2021-11-18,95.4810032000,95.6753336000,96.8024499200,93.9263600000,12909722,3802420935.7700
2021-11-19,95.7789764800,96.1352488800,97.1652000000,93.2785920000,17515864,5144668932.1100
2021-11-22,96.6469856000,100.7279240000,100.8931048400,96.5822088000,28702045,8785850014.8700
2021-11-23,99.7174059200,99.9117363200,100.3165913200,98.4542583200,15036257,4609989313.8800
2021-11-24,98.9238901200,98.2016288000,100.2744864000,97.4890840000,14193817,4319711029.3800
2021-11-25,98.2016288000,96.5174320000,98.6194391600,94.3474092000,17097144,5070667609.7700
2021-11-26,95.5457800000,96.4073114400,98.7101266800,95.2380902000,12249393,3671367398.2800
2021-11-29,94.5093512000,98.6097226400,99.4550598800,93.9036881200,20015675,6053231132.2600
2021-11-30,99.4323880000,98.6874548000,99.7562720000,98.1368520000,13178826,4023809746.7200
2021-12-01,98.8493968000,98.8882628800,99.5943300000,97.2882759200,10827864,3295906128.9900
2021-12-02,98.7846200000,100.0153792000,101.7190090400,98.1692404000,18007211,5567674844.6800
2021-12-03,99.4291491600,99.3999996000,100.3392632000,96.7959722400,21032715,6367075408.5000
2021-12-06,97.4890840000,97.7319970000,100.8931048400,97.4437402400,17880086,5465317712.7100
2021-12-07,99.1117428400,95.4810032000,99.2218634000,94.2761547200,22767860,6727286964.8000
2021-12-08,95.8729028400,97.4210683600,97.4890840000,95.3838380000,15438176,4606774780.2000
2021-12-09,97.1652000000,97.0032580000,97.3692469200,96.2032645200,11295711,3375316207.2500
2021-12-10,95.8664251600,97.6251152800,97.8226845200,94.8332352000,14487273,4325991091.9700
2021-12-13,98.1336131600,96.6469856000,98.1368520000,96.5174320000,14294124,4278869484.0100
2021-12-14,95.7077220000,95.0275656000,96.2162198800,94.4737239600,15711128,4609509733.5900
2021-12-15,95.0308044400,95.0113714000,95.7077220000,94.4802016400,9815036,2877855925.6500
2021-12-16,94.8980120000,92.6956008000,95.0567151600,90.3636360000,27866516,7928142188.1600
2021-12-17,91.9830560000,90.3571583200,92.5919579200,90.2373212400,15111815,4240478259.4400
2021-12-20,90.4381293200,87.6106220000,91.1636294800,86.8915995200,21784503,5964658201.3200
2021-12-21,87.6106220000,89.4599996400,89.6446135200,87.2575884400,14965305,4098708738.0200
2021-12-22,90.6907588400,90.4348904800,92.3652391200,89.7191068400,14444230,4061024216.1200
2021-12-23,91.3450045200,90.6842811600,92.2745516000,89.7676894400,12302134,3451820145.6400
2021-12-24,91.3288103200,87.4486800000,91.3352880000,85.8163046400,20996881,5675961283.7800
2021-12-27,87.1247960000,86.4867445200,87.9474613600,86.1531440000,10718995,2874395592.4900
2021-12-28,86.8494946000,87.7239814000,87.7725640000,86.2211596400,11854284,3183320996.0600
2021-12-29,88.1450306000,87.1247960000,88.1677024800,85.1814920000,14160304,3783958091.8300
2021-12-30,86.8009120000,86.5191329200,88.4138543200,86.1531440000,11732673,3158736176.8800
2021-12-31,88.4203320000,86.8397780800,88.8057539600,86.4770280000,11629197,3136714687.5900
2022-01-04,89.3919840000,87.7725640000,90.5093838000,85.9005144800,24466089,6673692547.7600
2022-01-05,85.6835122000,82.0268618400,86.3086083200,81.5280804800,30170891,7725244308.6200
2022-01-06,80.9710000000,80.9774776800,82.4381945200,80.2876047600,17590784,4396413606.7000
2022-01-07,81.5539912000,79.8374060000,81.9296966400,79.3515800000,16193355,4009535493.3300
2022-01-10,79.3515800000,79.7726292000,80.7993414800,77.4179925200,16214182,3964485468.3600
2022-01-11,79.7661515200,77.4374255600,79.7661515200,77.0196152000,21244147,5100240704.5800
2022-01-12,79.6754640000,82.9143040000,82.9143040000,79.1281000400,32360224,8103336076.6700
2022-01-13,83.4778621600,82.6908240400,83.7434470400,80.5208012400,21710390,5516666113.4000
2022-01-14,81.2301072000,81.9879957600,83.3353532000,80.9710000000,14954815,3798549606.9800
2022-01-17,81.9491296800,86.3118471600,86.6357311600,81.9491296800,24114466,6349270849.3000
2022-01-18,86.2859364400,86.1790547200,87.1118406400,84.9547732000,12505443,3325099879.9700
2022-01-19,86.1369498000,81.9329354800,86.7620459200,81.0714040400,23188180,5960665206.5200
2022-01-20,81.6511564000,81.3175558800,82.1726096400,79.9993480000,14998647,3759819343.7500
2022-01-21,81.3207947200,81.1005536000,82.8300941600,79.7823457200,11239432,2822719636.1200
2022-01-24,79.7013747200,81.4244376000,81.9037859200,79.1151446800,10837686,2706367141.7300
2022-01-25,80.3232320000,77.8325640400,81.2948840000,77.7321600000,17277223,4222848972.6600
2022-01-26,79.3515800000,80.8058191600,81.4179599200,78.4803320400,17444584,4321964224.9700
2022-01-27,79.9993480000,78.1434926800,80.7442812000,78.0560440000,13264963,3242987819.7600
2022-01-28,77.7256823200,73.4568912000,78.3799280000,71.1767478400,32437311,7392709579.1500
2022-02-07,77.9880283600,79.1572496000,80.7378035200,77.0876308400,25112453,6117950238.0800
2022-02-08,78.7038120000,76.7507914800,78.7038120000,74.7006057600,19903953,4669048973.0700
2022-02-09,77.4244702000,79.4098791200,79.8050176000,76.1224565200,19992864,4854528826.3800
2022-02-10,79.9248546800,77.7710260800,80.3232320000,77.1167804000,14628460,3521519984.3300
2022-02-11,76.4528182000,74.5548579600,77.7710260800,74.0074940000,19943926,4646313004.1600
2022-02-14,74.5580968000,75.1346103200,76.1127400000,72.8739000000,13319949,3079221402.3100
2022-02-15,75.1993871200,77.1847960400,77.7192046400,75.1993871200,15852428,3757722229.8500
2022-02-16,78.3799280000,77.9264904000,79.3483411600,77.8584747600,12872491,3117890740.7500
2022-02-17,78.4576601600,79.4843724400,80.5629061600,77.4082760000,19106386,4670631745.1200
2022-02-18,78.0560440000,78.6908566400,79.4778947600,77.7321600000,9910466,2407158413.0000
2022-02-21,78.0560440000,78.3443007600,79.6106872000,77.6155617600,10953804,2657589017.3900
2022-02-22,77.4082760000,76.9062558000,77.4082760000,75.8860212000,12545211,2966441429.5700
2022-02-23,78.3475396000,81.6187680000,81.7871876800,77.4115148400,29114890,7232161935.2900
2022-02-24,80.3588592400,79.3062362400,81.5475135200,78.2438967200,23821988,5865805706.6300
2022-02-25,80.9386116000,80.2714105600,81.7418439200,80.2681717200,14601353,3646918799.6100
2022-02-28,79.9669596000,80.8414464000,81.0325379600,79.6754640000,11829090,2936223648.0000
2022-03-01,82.5904200000,81.5475135200,83.1118732400,80.7280870000,17651958,4476715008.0000
2022-03-02,80.6471160000,80.5175624000,80.7637142400,79.0147406400,12124247,2998567648.0000
2022-03-03,80.8155356800,79.4195956400,81.2495402400,79.0276960000,9963340,2449485392.0000
2022-03-04,76.8609120400,75.7240792000,78.3345842400,74.4933200000,29170634,6857430784.0000
2022-03-07,73.4860407600,72.4237012400,73.7451479600,71.2609576800,23612920,5286036224.0000
2022-03-08,71.6042747200,70.0204819600,73.0326031600,68.0156400000,29149934,6317187584.0000
2022-03-09,70.2828280000,72.4172235600,72.4204624000,68.0156400000,25113522,5484773632.0000
2022-03-10,75.4358224400,74.2018244000,75.6042421200,74.1694360000,24834283,5744788992.0000
2022-03-11,71.9022480000,74.4447374000,75.0730723600,71.2609576800,18611604,4186645904.0000
2022-03-14,72.8739000000,70.9305960000,72.8739000000,70.9305960000,15084061,3336922832.0000
2022-03-15,68.3816289200,68.9225152000,71.9022480000,67.8310261200,19820362,4269341888.0000
2022-03-16,71.5783640000,74.3087061200,74.4933200000,69.3759528000,33376627,7432043520.0000
2022-03-17,77.8552359200,76.0803516000,78.0171779200,76.0026194400,31584430,7518685440.0000
2022-03-18,76.0803516000,75.9507980000,77.3661710800,75.1572822000,15054856,3530653259.4700
2022-03-21,77.7321600000,79.4746559200,80.6050110800,77.1394522800,27917768,6829415269.7700
2022-03-22,79.3515800000,79.2868032000,80.1289016000,78.3864056800,11507907,2815900951.7100
2022-03-23,80.9710000000,80.0544082800,81.2948840000,79.7629126800,14850096,3696654258.3600
2022-03-24,78.9305308000,80.0252587200,80.9710000000,78.5094816000,11368127,2794432827.6200
2022-03-25,80.0317364000,76.2131440400,80.6341606400,75.7920948400,20802373,4984988435.7200
2022-03-28,76.0803516000,74.6228736000,76.0803516000,74.1305699200,14310354,3306510715.7000
2022-03-29,75.4390612800,74.8172040000,76.5985660000,74.1046592000,13858731,3224438270.0900
2022-03-30,73.5216680000,76.7669856800,76.7669856800,71.9735024800,25125996,5807876452.3300
2022-03-31,75.8568716400,74.4285432000,76.1127400000,73.4860407600,16173143,3721363312.2800
2022-04-01,73.4536523600,76.4236686400,77.5896510400,73.3921144000,18294805,4301758390.4800
2022-04-06,79.3515800000,78.3475396000,79.6754640000,77.6058452400,20529330,4976485481.5200
2022-04-07,77.7321600000,77.7321600000,79.4487452000,77.4115148400,12269953,2964659964.3500
2022-04-08,77.7353988400,79.0212183200,79.8374060000,77.4406644000,17171897,4185742781.5500
2022-04-11,77.7321600000,75.4649720000,78.2115083200,74.3313780000,19307007,4519392606.6300
2022-04-12,75.1410880000,77.1362134400,77.2657670400,74.8819808000,12888867,3034073575.1000
2022-04-13,76.1192176800,76.7605080000,78.3637338000,75.4682108400,10967251,2614119776.5700
2022-04-14,78.3799280000,78.1499703600,79.3483411600,78.0139390800,13163750,3198011078.0700
2022-04-15,77.2463340000,76.5014008000,77.7321600000,75.3840010000,12923931,3049510858.0400
2022-04-18,76.0447243600,77.4406644000,78.0560440000,74.4933200000,11059238,2613800696.9300
2022-04-19,78.7556334400,79.3062362400,81.2624956000,78.7459169200,20778154,5140377761.5700
2022-04-20,80.2131114400,78.3086735200,80.4301137200,78.0107002400,13078093,3187144240.0400
2022-04-21,77.0098986800,75.8018113600,77.9815506800,75.1734764000,15404876,3625535264.8400
2022-04-22,74.4965588400,76.2422936000,76.3265034400,74.1888690400,10816219,2522975078.6800
2022-04-25,74.4933200000,73.6836100000,76.5791329600,73.3985920800,16188917,3741670659.6300
2022-04-26,74.1661971600,75.0795500400,76.3880414000,73.9848221200,15817620,3670084739.1900
2022-04-27,73.3953532400,76.1159788400,76.3750860400,70.8690580400,25434167,5794106499.6000
2022-04-28,75.9831864000,75.1346103200,76.2746820000,74.4933200000,14637213,3405250082.3700
2022-04-29,75.7240792000,78.7038120000,78.9726357200,74.7362330000,24816310,5912448351.2200
2022-05-05,79.7402408000,80.5823392000,81.7450827600,78.3054346800,25325879,6282897504.4800
2022-05-06,78.0625216800,78.4058387200,79.6754640000,77.7645484000,14548866,3530097270.2600
2022-05-09,74.8172040000,75.3775233200,76.7248807600,74.8172040000,17511635,4086613976.4200
2022-05-10,72.5824044000,75.5718537200,75.6787354400,71.9929355200,20969664,4792958516.7700
2022-05-11,75.1410880000,81.8454868000,83.1280674400,74.9791460000,45952571,11482476078.3400
2022-05-12,80.9677611600,82.2956855600,83.4649068000,80.5531896400,24115606,6107994847.8400
2022-05-13,84.1450632000,87.4745907200,87.9345060000,82.8851544400,36712061,9733352389.7800
2022-05-16,87.8081912400,86.5158940800,88.4203320000,85.9264252000,20236880,5441551549.9100
2022-05-17,87.1183183200,91.4972300000,92.3069400000,86.9628540000,29348903,8193618911.2800
2022-05-18,91.4972300000,91.1474352800,93.2785920000,90.3636360000,20530270,5812000945.5500
2022-05-19,89.1685040400,92.1482368400,92.4202994000,88.8413812000,17363651,4879756542.5400
2022-05-20,92.9579468400,93.1814268000,94.4478132400,91.0761808000,17868336,5125699547.2900
2022-05-23,94.8008468000,95.6105568000,96.5174320000,93.2170540400,25558816,7496178213.0300
2022-05-24,93.9263600000,91.0114040000,94.8850566400,91.0114040000,29049653,8303003901.4400
2022-05-25,91.0956138400,93.0194848000,93.4891166000,90.0494685200,23085773,6563211986.8100
2022-05-26,93.0745450800,92.8381097600,94.3214984800,91.4972300000,14309499,4106312149.1500
2022-05-27,94.8818178000,93.5636099200,96.3911172400,92.8413486000,15318685,4467796258.8500
2022-05-30,94.5741280000,96.5562980800,97.0680348000,94.2761547200,21852350,6485731976.7700
2022-05-31,97.1652000000,95.8405144400,97.4761286400,95.0631928400,17701119,5242211080.4300
2022-06-01,96.5174320000,97.1587223200,98.7198432000,94.9368780800,21691175,6501902117.0900
2022-06-02,95.8696640000,97.4955616800,98.7846200000,95.6170344800,17772777,5355773611.1500
2022-06-06,98.4607360000,103.0696053200,103.7951054800,97.9911042000,29475729,9260502506.9900
2022-06-07,102.9951120000,101.9878327600,103.6007750800,100.7635512400,20022089,6296538085.7700
2022-06-08,103.1894424000,106.0428604400,106.2533850400,101.3789308400,29051340,9321932807.2200
2022-06-09,108.1869725200,104.4234404400,108.4363632000,103.9667640000,30754172,10050640389.7600
2022-06-10,104.1287060000,112.9707392000,113.3594000000,103.9861970400,43824900,14790622514.6100
2022-06-13,112.0638640000,112.9707392000,116.2290122400,110.3148904000,36068132,12573534324.2700
2022-06-14,110.7683280000,111.2833035600,111.6719643600,105.9845613200,40478934,13634616447.5800
2022-06-15,111.4063794800,108.5011400000,112.1383573200,107.6979076800,30394787,10285857694.7200
2022-06-16,108.6630820000,108.8250240000,110.9950468000,107.9861644400,19017245,6410739473.5000
2022-06-17,106.9141084000,109.4727920000,110.5092208000,105.9327398800,26214759,8830738833.5700
2022-06-20,109.4987027200,110.8266271200,112.9253954400,108.5076176800,24541557,8405361560.3300
2022-06-21,110.0428278400,110.4444440000,110.7035512000,107.5942648000,19782739,6666969508.6600
2022-06-22,110.9043592800,110.0816939200,112.5917949200,109.4727920000,18678783,6412052153.0500
2022-06-23,111.6428148000,114.4929940000,114.6711302000,109.4727920000,32314226,11251775973.6000
2022-06-24,114.3278131600,113.6994782000,115.3933915200,112.0671028400,23598355,8273168196.7200
2022-06-27,114.0298398800,113.2589959600,115.6265880000,112.8185137200,21715524,7630684844.7900
2022-06-28,112.3877480000,114.2986636000,116.2095792000,110.9982856400,26963471,9447959127.7300
2022-06-29,113.3561611600,107.4031732400,113.3594000000,107.3643071600,36114602,12246017194.8400
2022-06-30,107.2056040000,108.0120751600,109.9100354000,106.8817200000,22014478,7372602921.3400
2022-07-01,107.5877871200,106.6226128000,107.8533720000,103.6752684000,23411263,7658689347.6400
2022-07-04,107.5294880000,108.8768454400,109.5408076400,106.9464968000,20951206,7020823754.3500
2022-07-05,109.1489080000,108.1416287600,110.3148904000,106.7489275600,17375703,5819208075.4900
2022-07-06,108.1124792000,108.8574124000,110.3148904000,107.5262491600,18343420,6179119713.1400
2022-07-07,109.3756268000,113.1585919200,113.9909738000,107.9732090800,30464874,10511816688.8500
2022-07-08,113.1585919200,109.4727920000,113.9683019200,109.4727920000,19047757,6547699048.4200
2022-07-11,108.7861579200,105.0355812000,108.7861579200,103.2801299200,25431744,8284856773.0300
2022-07-12,103.6428800000,100.0801560000,103.9667640000,97.1911107200,45051469,13935271930.6600
2022-07-13,100.0801560000,100.3651739200,101.6477545600,96.1190546800,34106695,10439432846.3700
2022-07-14,100.0510064400,104.6145320000,104.6145320000,99.4323880000,27248936,8631732044.2400
2022-07-15,108.5011400000,109.5343299600,113.3237727600,107.8533720000,44450784,15284697866.3300
2022-07-18,111.7399800000,109.1812964000,112.0638640000,106.2339520000,23891156,8007559906.5700
2022-07-19,109.1812964000,107.2379924000,109.1812964000,106.1108760800,15818025,5239778187.4200
2022-07-20,107.8468943200,107.4323228000,108.1319122400,106.5837467200,10326348,3425066981.2700
2022-07-21,106.5578360000,105.1003580000,107.2056040000,104.5950989600,13200328,4303073903.0600
2022-07-22,105.5894228400,106.7586440800,108.3910194400,105.5861840000,14177374,4687025063.1900
2022-07-25,105.5861840000,104.5983378000,105.9100680000,103.6428800000,11501710,3705167359.3500
2022-07-26,104.4461123200,105.2623000000,106.1303091200,103.6428800000,10765616,3493834391.4800
2022-07-27,104.9384160000,105.5214072000,106.8169432000,103.9700028400,9105572,2961812248.5900
2022-07-28,106.5643136800,105.4015701200,107.3513518000,104.9384160000,10906517,3572559081.5700
2022-07-29,104.6465090000,103.7911938800,106.2016274000,103.0136346800,11485364,3695131506.0700
2022-08-01,103.0201143400,107.0893408200,107.5882746400,102.4823025600,18758376,6141512246.2800
2022-08-02,105.2620767000,105.8128478000,107.0699018400,104.0957379000,15664266,5110091377.5200
2022-08-03,105.8452461000,104.3192861700,108.4857075500,103.3149388700,18872311,6197191078.2200
2022-08-04,106.2664240000,105.8776444000,107.3906450100,104.3549243000,18663677,6098858888.6100
2022-08-05,106.9143900000,105.1292436700,107.5267178700,103.1173092400,15756385,5115620394.3800
2022-08-08,104.3581641300,104.1119370500,105.2620767000,103.3505770000,12948786,4158491944.2000
2022-08-09,104.0568599400,103.5838447600,104.9056954000,103.0751914500,11610661,3719885520.1500
2022-08-10,103.5773651000,99.9001580500,103.5773651000,98.8148150000,25849901,7998810820.7600
2022-08-11,100.8980256900,102.0611246600,102.3429898700,99.0092048000,16544481,5159742999.3200
2022-08-12,102.0611246600,101.0600171900,102.4693432400,100.4347300000,10133763,3165436406.2400
2022-08-15,101.1474926000,102.1226814300,103.4250930900,100.8299892600,13511926,4265356111.5600
2022-08-16,102.3138314000,103.3246583600,104.2868878700,102.2166365000,15724331,5029761317.3900
2022-08-17,103.6713201700,106.2437451900,106.7847968000,102.6118957600,21087113,6808620193.7800
2022-08-18,105.9424410000,105.6314173200,106.9143900000,104.9186547200,14279044,4659424798.7700
2022-08-19,105.3041944900,103.4769303700,106.0849935200,102.7026110000,12428923,3993178339.9000
2022-08-22,102.3786280000,104.6756674700,105.6476164700,101.1539722600,14766765,4747212897.2100
2022-08-23,104.9704920000,104.1961726300,105.4726656500,103.3440973400,9299975,2989844194.5900
2022-08-24,104.2188514400,100.2727385000,104.6335496800,100.2079419000,18678283,5854016197.0500
2022-08-25,100.2921774800,100.2986571400,100.7846316400,98.0566947800,14022073,4308297636.8100
2022-08-26,101.4034391700,102.2911525900,103.0039151900,100.4347300000,12212655,3849213721.0300
2022-08-29,101.6237476100,101.5848696500,102.6604932100,100.9174646700,8591166,2696123150.7800
2022-08-30,102.2166365000,100.7101155500,103.1885855000,100.4347300000,11024737,3454778559.8700
2022-08-31,94.2790530000,93.3006243400,96.0933578000,92.0111720000,40805974,11841919126.4400
2022-09-01,92.3351550000,92.8859261000,95.4453918000,92.0208914900,19258233,5566420144.7200
2022-09-02,93.5338921000,91.3632060000,93.8254768000,90.0996723000,16166192,4561284361.6700
2022-09-05,87.1514270000,87.0736710800,87.7605150400,84.5919613000,35120827,9364600412.1000
2022-09-06,87.0769109100,88.4279200200,88.9171343500,86.5714974300,18990284,5154529157.9300
2022-09-07,88.1233760000,91.5899941000,92.3513541500,87.6697998000,19087317,5345727757.1200
2022-09-08,91.6871890000,90.1515095800,92.3319151700,89.7432910000,11642911,3267426058.8400
2022-09-09,91.0359831700,90.6180451000,91.1979746700,89.7400511700,7609826,2125233636.1000
2022-09-13,91.3632060000,92.2703584000,92.8826862700,90.5111307100,11152411,3162351106.7900
2022-09-14,91.3632060000,90.1741883900,91.9463754000,89.5035435800,10515106,2935617132.7200
2022-09-15,90.7152400000,87.3134185000,90.8772315000,86.4743025300,15239523,4126260384.9900
2022-09-16,86.8274440000,86.1729983400,87.9451853500,85.6481458800,10447636,2797971959.0200
2022-09-19,86.8274440000,87.5888040500,88.7389437000,86.3997864400,11094999,3006108121.1800
2022-09-20,88.7065454000,88.8393784300,89.9020426700,88.1266158300,11124502,3058894058.5900
2022-09-21,88.0585794000,87.4754100000,88.3210056300,86.5034610000,8375363,2258898397.5200
2022-09-22,86.6622126700,87.0056346500,87.2745405400,84.6567579000,9279950,2468839436.3200
2022-09-23,86.5326194700,86.3090712000,87.4008939100,85.6222272400,7964412,2125444094.9700
2022-09-26,86.3090712000,88.4311598500,89.4193080000,85.3954391400,14360640,3911414126.9700
2022-09-27,88.4343996800,88.7583826800,89.0402478900,87.4948489800,8309593,2262822665.4700
2022-09-28,88.4473590000,86.0563644600,88.4473590000,86.0174865000,8562018,2293531516.4400
2022-09-29,87.4754100000,85.7161823100,88.0585794000,85.5315120000,8835668,2355802795.7600
2022-09-30,85.2075290000,81.6469558300,85.3857196500,80.6717670000,21403588,5421385039.3200
2022-10-10,81.7311914100,81.3845296000,83.0692412000,80.8143195200,11747850,2967008053.9000
2022-10-11,81.6437160000,82.6189048300,83.3867445400,80.7786813900,13282039,3370369988.0900
2022-10-12,82.2916820000,84.9937002200,85.2885247500,80.9795508500,14487143,3708582158.1100
2022-10-13,84.2355800000,83.6459309400,85.2075290000,83.6135326400,9618660,2497932932.3100
2022-10-14,84.9094646400,85.7064628200,87.1838253000,84.2193808500,14569451,3854443048.8100
2022-10-17,85.2075290000,84.4494087800,85.2075290000,83.1631962700,10967836,2842978644.5200
2022-10-18,90.3912570000,88.6644276100,90.3912570000,88.2853675000,24414179,6717206760.9600
2022-10-19,88.6644276100,86.6654525000,89.5618605200,86.4645830400,13400403,3642369173.8500
2022-10-20,85.5315120000,85.3727603300,86.0434051400,83.3932242000,12841678,3355270263.2400
2022-10-21,85.3760001600,86.2766729000,87.7605150400,84.8867858300,10478554,2794657481.9600
2022-10-24,85.8230967000,82.8003353100,86.2799127300,82.1523693100,16741256,4324097663.2800
2022-10-25,81.9676990000,83.5584555300,84.4267299700,81.0054694900,11324267,2897739554.1900
2022-10-26,84.2355800000,83.5454962100,85.5444713200,82.7096200700,12641527,3279130695.6100
2022-10-27,83.9083571700,82.6156650000,84.4688477600,82.6156650000,9776582,2516238985.3200
2022-10-28,81.9676990000,77.7202818700,81.9676990000,76.3984312300,26316393,6372054067.3800
2022-10-31,76.9459625000,79.9168866100,81.3197330000,76.8196091300,18794233,4625511532.2300
2022-11-01,80.0594391300,84.8252290600,84.9483426000,80.0238010000,21928271,5620272304.0300
2022-11-02,84.5595630000,86.6848914800,87.9937828000,83.7042478800,18731929,4980989814.6300
2022-11-03,85.8619746600,86.8209643400,88.0456200800,85.5639103000,10238397,2747240766.4300
2022-11-04,87.1449473400,90.7800366000,91.6936686600,86.8274440000,22488689,6270505264.3600
2022-11-07,89.0953250000,90.3523790400,91.3729254900,88.4441191700,13584206,3781158419.5000
2022-11-08,90.5370493500,89.5521410300,91.5575958000,88.6093505000,10563449,2925766812.0000
2022-11-09,90.1158714500,87.3555362900,90.3523790400,87.0347931200,11194636,3038705770.1500
2022-11-10,85.7356212900,84.3198155800,85.8457755100,82.8748514000,15549677,4039239830.4600
2022-11-11,87.6374015000,87.0866304000,88.4376395100,85.9073322800,16609959,4467701122.2900
2022-11-14,87.2259430900,85.4634755700,88.2983268200,85.1297730800,11523697,3071390410.2900
2022-11-15,85.5282721700,86.5034610000,86.9246389000,84.2679783000,11284835,2985500713.7800
2022-11-16,86.1082017400,84.5854816400,86.3738678000,84.2679783000,10354941,2719934793.3500
2022-11-17,84.2064215300,83.2636310000,84.2064215300,82.1556091400,11126057,2842104512.8000
2022-11-18,83.5130979100,82.5119904400,84.0930274800,82.1296905000,10118376,2595461705.1300
2022-11-21,81.9158617200,82.3564786000,82.4860718000,80.5130153300,8251507,2082807824.6000
2022-11-22,82.6156650000,81.1545016700,82.6966607500,80.9957500000,8014551,2013576333.0600
2022-11-23,81.1545016700,81.4817245000,81.4817245000,80.0885976000,8846881,2209509305.6400
2022-11-24,82.0810930500,80.7981203700,82.6156650000,80.4384992400,8531406,2137710347.9200
2022-11-25,80.6717670000,79.3920341500,80.6717670000,79.3758350000,8782164,2160628974.4200
2022-11-28,77.7559200000,79.4114731300,79.4179527900,76.8552472600,9910928,2387430972.8400
2022-11-29,79.7905332400,80.4449789000,80.8920754400,78.7278690000,12358078,3051509362.1700
2022-11-30,80.4644178800,84.0800681600,84.2355800000,79.8553298400,21287338,5434244562.9400
2022-12-01,86.8274440000,86.3933067800,87.7831938500,85.8295763600,25798585,6927128718.2400
2022-12-02,85.8295763600,84.9094646400,86.6881313100,84.3910918400,11607538,3062453851.9800
2022-12-05,86.1632788500,85.3241628800,86.6946109700,84.8511477000,10523309,2776465998.9100
2022-12-06,84.4137706500,86.6978508000,88.0035022900,84.2388198300,12300679,3283672654.4600
2022-12-07,86.7140499500,88.6871064200,90.1579892400,86.7140499500,19266593,5284876702.7900
2022-12-08,88.6903462500,88.8652970700,89.0953250000,87.7572752100,9458065,2587392485.8500
2022-12-09,89.2508368400,88.9981301000,89.9700791000,87.9451853500,10099232,2768392889.3800
2022-12-12,88.1104166800,87.4365320400,88.5996310100,86.8274440000,8012821,2168695196.0800
2022-12-13,88.1233760000,87.4106134000,89.0953250000,87.3134185000,6138433,1667300817.7600
2022-12-14,87.2842600300,86.3090712000,87.2939795200,85.4019188000,9436462,2507895816.8300
2022-12-15,86.2863923900,87.9484251800,88.2140912400,85.3727603300,9712345,2610706543.7200
2022-12-16,87.4980888100,87.6406413300,87.9192667100,86.6816516500,5619664,1512400641.3700
2022-12-19,87.1481871700,86.3414695000,89.0953250000,86.0531246300,8403891,2264390154.8600
2022-12-20,86.1470797000,84.7539528000,86.1470797000,83.8079224400,8490821,2218820934.7000
2022-12-21,84.7474731400,84.4947664000,85.1589315500,84.1059868000,4196630,1095313221.6800
2022-12-22,85.2075290000,83.9731537700,85.3695205000,83.7528453300,5920995,1543323319.1000
2022-12-23,82.9720463000,81.7020329400,83.0692412000,81.1577415000,9081868,2294101017.9100
2022-12-26,81.7085126000,85.0196188600,85.3695205000,81.7052727700,9354753,2430254724.8300
2022-12-27,85.3565611800,84.9224239600,85.5250323400,84.1707834000,5553654,1453871979.2600
2022-12-28,83.4256225000,82.4925514600,83.9763936000,81.9676990000,10256378,2612261022.4600
2022-12-29,82.2884421700,82.5379090800,83.8662393800,81.6858337900,7225577,1841122253.6400
2022-12-30,83.7496055000,83.2539115100,84.3554537100,83.1048793300,7488973,1931977379.4600
2023-01-03,83.0724810300,84.3910918400,84.8576273600,80.9957500000,12137430,3108609040.5900
2023-01-04,84.2355800000,83.9439953000,84.3910918400,83.1016395000,7267459,1881537611.8900
2023-01-05,85.0520171600,85.8814136400,86.6946109700,84.5790019800,11893600,3143084205.3500
2023-01-06,86.7982855300,86.2442746000,87.8641896000,85.8878933000,13885523,3726792588.7700
2023-01-09,86.8274440000,85.3306425400,86.8274440000,84.9775010700,11416882,3020383479.8800
2023-01-10,84.8997451500,86.3706279700,87.3393371400,83.3640657300,17351254,4568518534.9000
2023-01-11,85.8230967000,87.1481871700,87.7993930000,84.6923960300,12836375,3429408754.4800
2023-01-12,87.9646243300,89.8404859000,92.1569643500,87.7021981000,22347919,6213489747.3400
2023-01-13,89.8761240300,90.2551841400,90.6925611900,89.0953250000,12841101,3556565563.2900
2023-01-16,90.2551841400,88.7065454000,90.3167409100,88.1233760000,16499989,4536354778.2500
2023-01-17,88.7097852300,87.4721701700,88.9333335000,87.1287481900,11166571,3020383061.2700
2023-01-18,87.4268125500,87.1514270000,88.2853675000,86.3382296700,8610817,2315435132.6400
2023-01-19,86.7885660400,87.6374015000,87.7507955500,86.3479491600,8123863,2185520061.1400
2023-01-20,87.7993930000,87.4980888100,88.0844980400,86.5099406600,10464935,2819530181.0100
2023-01-30,92.3351550000,91.3599661700,93.3071040000,91.0392230000,28185441,8014418507.9200
2023-01-31,92.3351550000,92.5943414000,93.5662904000,90.8415933700,18711017,5339962478.4800
2023-02-01,93.3006243400,98.5977463900,98.5977463900,92.7044956200,27298697,8144001077.4200
2023-02-02,99.0966802100,98.0437354600,99.1809157900,97.1819406800,14802993,4485489933.0800
2023-02-03,97.1787008500,95.5749850000,97.1787008500,94.8622224000,15294828,4517779880.1300
2023-02-06,94.5026012700,93.9485903400,94.5026012700,93.1807506300,10044660,2906251550.2700
2023-02-07,94.5997961700,93.6310870000,94.7585478400,93.1775108000,7683474,2223584357.9000
2023-02-08,93.6310870000,92.5489837800,93.6310870000,91.6223924000,9290144,2653105085.3900
2023-02-09,92.0111720000,93.4140183900,93.5727700600,91.4604009000,9064889,2602093563.5200
2023-02-10,92.6202600400,91.3178483800,92.6267397000,90.7152400000,12970811,3659502383.7600
2023-02-13,90.3944968300,91.4668805600,91.7811440700,89.7627299800,9346144,2628940179.1300
2023-02-14,92.0111720000,91.3534865100,92.1731635000,90.4236553000,7364368,2068766543.4900
2023-02-15,91.6871890000,90.3912570000,91.9787737000,90.2487044800,9083216,2549250813.7500
2023-02-16,90.7152400000,89.7497706600,91.2951695700,89.0467275500,10334815,2883947589.3100
2023-02-17,89.5780596700,88.0132217800,90.0996723000,87.8901082400,10099650,2764372531.1200
2023-02-20,87.9905429700,88.3825624000,88.5445539000,86.5034610000,13070148,3524868434.6800
2023-02-21,88.1233760000,89.0143292500,89.6007384800,87.5661252400,11369006,3115649014.0300
2023-02-22,88.0909777000,87.6114828600,88.3242454600,87.1190287000,8508796,2301668445.4800
2023-02-23,87.4430117000,87.6179625200,88.0164616100,86.9894355000,10035821,2705234150.2500
2023-02-24,87.1579066600,86.6913711400,87.4365320400,86.5034610000,6686761,1790064871.9400
2023-02-27,85.8554950000,84.1740232300,86.1438398700,83.5876140000,16970381,4428436083.0800
2023-02-28,84.5595630000,84.4947664000,84.8835460000,83.4483013100,12033003,3122819223.8800
2023-03-01,84.4785672500,86.0174865000,86.3544288200,83.5098580800,14365761,3781045100.6900
2023-03-02,86.2183559600,85.4375569300,86.8695617900,84.8835460000,11490496,3043464760.1300
2023-03-03,85.8522551700,85.4634755700,85.9300110900,84.9094646400,6398161,1686348718.1100
2023-03-06,85.5315120000,85.6189874100,85.7356212900,83.5876140000,11212447,2932174904.5100
2023-03-07,85.5898289400,84.4558884400,86.5002211700,84.3975715000,10593288,2789608646.1300
2023-03-08,83.7496055000,83.2603911700,84.1675435700,82.6156650000,12089760,3104294281.1700
2023-03-09,83.1016395000,82.9623268100,84.1805028900,82.2949218300,9673143,2481897868.2000
2023-03-10,81.6437160000,78.7732266200,81.9676990000,78.5010809000,28346408,6951755744.4200
2023-03-13,78.3131707600,77.9146716700,78.7116698500,76.7839710000,16734341,4010230472.0900
2023-03-14,77.7559200000,77.7494403400,78.5658775000,75.4977584900,19856816,4715842057.4200
2023-03-15,78.2418945000,77.3088234600,78.5593978400,76.9168040300,12071459,2895736124.3200
2023-03-16,76.1360050000,76.0679685700,77.6328064600,75.8120220000,11837025,2793057410.9000
2023-03-17,76.7126947400,77.0787955300,78.0734233400,76.3077159900,13500262,3213067915.6700
2023-03-20,77.0787955300,76.3206753100,77.5485708800,76.0064118000,8632333,2041533811.3300
2023-03-21,76.7483328700,77.5971683300,77.5971683300,76.0679685700,10887269,2585297267.8700
2023-03-22,78.4686826000,78.7926656000,80.2117111400,78.4298046400,15533932,3800940795.9000
2023-03-23,78.7246291700,79.5345866700,79.5378265000,77.5939285000,9746104,2374450292.8600
2023-03-24,79.5378265000,79.7062976600,80.2279102900,78.8866206700,8101826,1990565427.1500
2023-03-27,79.6965781700,78.9384579500,79.6965781700,77.8531149000,9249536,2246213086.3900
2023-03-28,79.2138435000,79.3790748300,79.5929036100,78.5334792000,8184504,1998797290.6700
2023-03-29,79.8780086500,80.2505891000,81.0767457500,79.8780086500,14430262,3588758349.3300
2023-03-30,80.9957500000,83.3284276000,83.3284276000,80.9957500000,20926722,5317797712.1700
2023-03-31,83.9018775100,82.9461276600,84.5142053800,82.6156650000,16700761,4304295451.6500
2023-04-03,82.9396480000,82.9137293600,83.6653699200,81.7279515800,13369125,3412119592.7500
2023-04-04,82.8780912300,81.2938143600,82.8780912300,80.3445441700,13774433,3448255050.9600
2023-04-06,80.3477840000,80.9957500000,81.2808550400,79.5961434400,8194227,2036216982.2100
2023-04-07,81.0119491500,80.7624822400,81.6858337900,80.4546983900,6872291,1718631440.7200
2023-04-10,80.7624822400,81.3197330000,81.3845296000,79.6998180000,9805791,2436804938.7100
2023-04-11,81.6923134500,80.9406728900,82.4504336700,80.5421738000,8745512,2194591845.3000
2023-04-12,80.6069704000,78.8574622000,80.6069704000,78.8347833900,11232970,2751446164.0000
2023-04-13,77.9438301400,78.6695520600,78.7278690000,77.0334379100,8096464,1952037226.0400
2023-04-14,78.8574622000,79.7192569800,80.1760730100,78.7246291700,10550644,2589957802.9600
2023-04-17,79.3758350000,80.8143195200,80.8920754400,79.1198884300,9039385,2244153586.5800
2023-04-18,81.1253432000,80.6717670000,81.7020329400,80.4903365200,7843220,1961474846.3700
2023-04-19,80.6717670000,81.2711355500,82.0324956000,79.7289764700,11192747,2793037791.0700
2023-04-20,80.9730711900,79.3823146600,80.9730711900,79.3758350000,10030830,2470721410.2300
2023-04-21,79.2138435000,78.7278690000,80.6555678500,78.7278690000,10405248,2553937672.0500
2023-04-24,79.0842503000,82.1264506700,83.7820038000,78.7861859400,26701734,6747607047.4000
2023-04-25,81.3197330000,79.1490469000,81.5789194000,78.4686826000,18741873,4589549733.2000
2023-04-26,78.7278690000,81.3197330000,82.4666328200,78.0799030000,17449204,4353221179.8300
2023-04-27,80.9957500000,83.8856783600,83.9083571700,80.8499576500,24246438,6228404692.6200
2023-04-28,84.7118350100,82.8942903800,85.1978095100,82.2916820000,19194480,4933612984.1100
2023-05-04,82.6156650000,81.8121871600,83.4612606300,81.4493262000,11812427,3002183826.9500
2023-05-05,81.8219066500,81.0184288100,82.2268854000,80.3315848500,10243959,2560075787.1700
2023-05-08,81.9676990000,82.3014014900,83.9439953000,81.8121871600,12162620,3104234523.9500
2023-05-09,81.0087093200,81.0313881300,82.0843328800,80.6717670000,8988483,2253697878.8700
2023-05-10,81.3197330000,84.1675435700,84.9418629400,80.7365636000,25369089,6542224182.8200
2023-05-11,84.4850469100,85.4505162500,87.4106134000,83.8079224400,21423687,5669565807.8400
2023-05-12,86.1794780000,84.2679783000,86.9084397500,84.0800681600,10457353,2750523183.8800
2023-05-15,84.2679783000,85.8230967000,86.3576686500,83.8144021000,13692627,3615695775.8800
2023-05-16,85.6578653700,85.8976127900,86.6395338600,85.2723256000,8163931,2162966660.8000
2023-05-17,85.8522551700,84.5595630000,86.1146814000,83.9148368300,8955605,2336687603.0800
2023-05-18,84.9807409000,83.9375156400,85.4926340400,83.1210784800,10069665,2610927790.5700
2023-05-19,83.6459309400,83.9699139400,84.5336443600,83.0368429000,6010582,1557739695.3600
2023-05-22,84.5336443600,85.8878933000,86.1794780000,83.2895496400,12016521,3160916356.9100
2023-05-23,85.8684543200,85.1848501900,86.4645830400,85.1848501900,9061940,2401159868.8300
2023-05-24,84.7539528000,84.8543875300,85.8554950000,84.0800681600,6809295,1787131273.3700
2023-05-25,84.8705866800,82.8100548000,85.4829145500,82.6610226200,13207895,3413072493.9700
2023-05-26,81.9676990000,80.0205611700,81.9676990000,78.6630724000,18581340,4583193890.3200
2023-05-29,80.9957500000,79.3531561900,81.1739406500,78.4038860000,12472291,3051361332.8500
2023-05-30,79.6836188500,81.7085126000,82.6156650000,79.6447408900,16688058,4201064907.2500
2023-05-31,81.7085126000,82.1815277800,82.5832667000,80.8823559500,11838117,2995495153.9400
2023-06-01,82.1815277800,82.7614573500,83.5487360400,82.0422150900,8673571,2217698925.9800
2023-06-02,83.5487360400,83.9310359800,84.1027469700,82.8100548000,11067975,2854069098.1200
2023-06-05,83.9115970000,83.6912885600,83.9310359800,81.5368016100,10479452,2682476683.9000
2023-06-06,83.5714148500,84.5206850400,85.8554950000,82.9979649400,12898111,3371155484.9700
2023-06-07,84.8835460000,83.1178386500,85.3500815200,82.7776565000,10049028,2598158541.1500
2023-06-08,83.0012047700,82.6156650000,83.8597597200,82.4439540100,6445426,1650438581.6000
2023-06-09,83.8468004000,83.5876140000,83.9439953000,81.8057075000,10748401,2753073834.5700
2023-06-12,83.1016395000,84.4008113300,85.2075290000,82.7776565000,10289121,2682484319.8100
2023-06-13,84.3975715000,84.6308392600,84.8835460000,83.3057487900,8151147,2117925895.6500
2023-06-14,85.1038544400,85.2075290000,85.9818483700,84.7215545000,12577600,3318766725.9300
2023-06-15,85.3695205000,88.0844980400,89.0985648300,85.3014840700,24396107,6622887119.0500
2023-06-16,88.7259843800,87.8253116400,89.3739503800,87.4754100000,15229682,4146755899.3600
2023-06-19,87.8253116400,87.2194634300,89.0920851700,86.7885660400,12356475,3342857528.6100
2023-06-20,87.1546668300,86.9084397500,87.2162236000,85.8230967000,10236616,2734002024.9300
2023-06-21,86.5067008300,86.7561677400,88.5380742400,86.2604737500,10781176,2906861071.1400
2023-06-26,85.0228586900,85.1718908700,87.0509922700,84.9807409000,10151222,2681452521.6900
2023-06-27,84.8900256600,84.2517791500,85.4829145500,83.2895496400,9902865,2570404963.7500
2023-06-28,84.2355800000,84.3165757500,85.0455375000,83.6200123000,5726951,1489543300.7900
2023-06-29,84.3165757500,82.8424531000,84.4882867400,82.6901810900,8348505,2148587117.0700
2023-06-30,82.3337997900,83.6750894100,84.2355800000,82.1944871000,7572436,1952424866.3200
2023-07-03,83.8727190400,86.6589728400,87.2389024100,83.8727190400,16256506,4313305226.4300
2023-07-04,86.9894355000,87.9613845000,89.0953250000,86.3447093300,15712002,4271284305.3200
2023-07-05,87.9646243300,86.5034610000,88.2788878400,86.0790432700,9303313,2493339683.1600
2023-07-06,86.5034610000,86.8598423000,88.1233760000,86.4386644000,8371185,2249759122.7800
2023-07-07,86.5034610000,85.6611052000,86.7172897800,85.5671501300,6219150,1650354364.4400
2023-07-10,86.5034610000,85.3857196500,87.3134185000,85.1265332500,6887762,1824432454.2900
2023-07-11,85.8554950000,87.2583413900,87.6989582700,85.4667154000,10240520,2744333128.6900
2023-07-12,87.6374015000,86.0531246300,87.8479904500,85.7453407800,8703195,2328017075.5100
2023-07-13,86.6654525000,86.7723668900,87.3134185000,85.8587348300,8275301,2213414441.0500
2023-07-14,86.7626474000,85.6643450300,86.7626474000,85.3695205000,10272203,2718639360.5400
2023-07-17,86.5034610000,85.6902636700,86.5034610000,84.9969400500,7892663,2086663750.6200
2023-07-18,85.9364907500,86.0110068400,86.6881313100,84.3975715000,9845648,2603934532.0600
2023-07-19,86.0142466700,85.8004178900,86.1470797000,85.1232934200,5025000,1328126186.9000
2023-07-20,86.0174865000,85.8392958500,87.3134185000,85.5315120000,9127051,2434017185.0200
2023-07-21,85.5315120000,85.6351865600,85.7906984000,84.7377536500,7528703,1979318622.2000
2023-07-24,84.5628028300,83.4256225000,85.1330129100,83.4223826700,9595037,2491708305.5800
2023-07-25,85.1038544400,85.7226619700,86.5002211700,85.0941349500,17388284,4604657751.5400
2023-07-26,85.4537560800,84.9127044700,85.4537560800,84.4299698000,6586488,1723363551.3600
2023-07-27,85.6935035000,84.7636722900,86.1049619100,84.4947664000,11265069,2962230531.8800
2023-07-28,84.6042600000,86.8820670000,87.0935776500,84.0250462200,17330825,4584230665.5600
2023-07-31,87.8582700000,88.5090720000,89.9994085800,87.8192218800,21506016,5874722582.9300
2023-08-01,88.4309757600,87.3701685000,88.7563767600,86.7193665000,12033993,3239067594.4900
2023-08-02,88.0860507000,87.2074680000,88.5090720000,86.6738103600,8739351,2346829431.2900
2023-08-03,86.9731792800,87.2823102300,87.3636604800,86.3972195100,6616988,1766952896.1900
2023-08-04,87.5296149900,87.3050883000,87.8810480700,86.7681766500,8805315,2358257628.1400
2023-08-07,87.1846899300,86.8788129900,87.1846899300,86.2930911900,6420380,1710317723.0100
2023-08-08,86.2963452000,85.6780833000,86.7193665000,85.4210165100,9171188,2419517104.5200
2023-08-09,85.2550620000,85.5479229000,85.7431635000,84.6791022300,7249937,1897124687.5600
2023-08-10,85.5804630000,85.4828427000,86.1889628700,84.8450567400,6001610,1575799641.4600
2023-08-11,85.4795886900,84.3602092500,85.4828427000,84.2821130100,8612528,2242256361.1900
2023-08-14,82.9772550000,79.9900738200,83.6248029900,79.2318894900,25289035,6237439722.0000
2023-08-15,79.9900738200,79.5735605400,80.0909481300,78.7145019000,11502129,2804377792.9100
2023-08-16,79.1635552800,79.4629242000,79.8859455000,78.8153762100,7997936,1953463841.6400
2023-08-17,79.1928413700,80.0519000100,80.1592823400,78.2264004000,8683555,2118628433.0500
2023-08-18,79.9054695600,78.1906062900,79.9054695600,78.0962400000,9846650,2385483842.9100
2023-08-21,78.0311598000,76.2772484100,78.0571918800,76.1601040500,12787920,3022536162.1400
2023-08-22,77.4356759700,76.3195505400,77.6081385000,75.1350909000,11211589,2620973083.4900
2023-08-23,76.3195505400,74.8715160900,76.3195505400,74.8519920300,8123755,1882331986.3200
2023-08-24,75.1708850100,76.4366949000,77.1200370000,75.1708850100,10681059,2501734160.9500
2023-08-25,75.9095452800,75.6882726000,76.2512163300,75.3303315000,6677526,1554437026.7800
2023-08-28,80.6994480000,76.6416975300,80.6994480000,76.2251842500,13352736,3189524811.1800
2023-08-29,77.0582108100,80.2796807100,80.5367475000,77.0582108100,21322346,5201525920.4900
2023-08-30,81.1322313300,81.2851698000,81.8285894700,80.6473838400,15218735,3798606951.3200
2023-08-31,81.5162045100,81.1550094000,81.6723969900,80.6994480000,8873396,2214559038.9300
2023-09-01,82.3264530000,81.0638971200,82.8047924700,80.6994480000,7777183,1949444068.9500
2023-09-04,81.8708916000,82.1474824500,82.3264530000,80.9858008800,9651160,2427791468.6800
2023-09-05,82.0661322000,81.0346110300,82.0661322000,80.9239746900,7457050,1864915960.4800
2023-09-06,81.3502500000,81.4966804500,82.0986723000,81.1224693000,6592856,1653726026.5900
2023-09-07,81.4869184200,80.8296084000,81.4869184200,80.7352421100,6091302,1517662851.6500
2023-09-08,80.3773010100,79.4141140500,80.3773010100,78.9715686900,6763440,1651599177.6900
2023-09-11,79.3002237000,80.3773010100,80.8621485000,78.8121222000,7651344,1876707032.3600
2023-09-12,80.9272287000,81.9977979900,82.4468513700,80.4065871000,11953240,3004363229.2000
2023-09-13,82.0010520000,81.8546215500,82.7429662800,81.4804104000,9147897,2305291959.7100
2023-09-14,80.3089668000,79.2774456300,80.3577769500,78.7470420000,15258025,3722930909.0400
2023-09-15,79.3978440000,79.4922102900,80.3219828400,78.5875955100,8225595,2010812283.7300
2023-09-18,79.5605445000,80.4976993800,81.7407312000,79.4922102900,9640522,2395846502.9800
2023-09-19,80.0486460000,80.4293651700,80.7905602800,79.3327638000,6239693,1533948926.6000
2023-09-20,79.7232450000,79.3978440000,80.1397582800,79.3978440000,5449710,1332673932.9100
2023-09-21,79.0724430000,77.9921116800,79.3555418700,77.6244085500,9296462,2232606210.0500
2023-09-22,77.9400475200,79.7395150500,79.9380096600,77.6081385000,9676396,2356419361.2000
2023-09-25,80.3187288300,79.9835658000,80.3675389800,79.5117343500,6478680,1592828380.1500
2023-09-26,79.7232450000,77.6081385000,79.7232450000,77.5430583000,11846263,2846103699.6600
2023-09-27,77.8066331100,77.3901198300,78.8186302200,77.3771037900,7573367,1808518865.6500
2023-09-28,77.7057588000,77.0224167000,77.9335395000,76.8109060500,8525768,2022931183.5100
2023-10-09,77.0224167000,77.4356759700,77.6113925100,74.7315936600,9179071,2162900146.9000
2023-10-10,77.4324219600,77.4161519100,78.1027480200,77.1200370000,6393661,1524841110.7900
2023-10-11,78.7340259600,77.6374245900,78.9097425000,77.4454380000,7668373,1838352973.9800
2023-10-12,78.2264004000,79.5442744500,79.8859455000,77.7708390000,13934094,3391600251.1800
2023-10-13,78.7145019000,78.2133843600,78.9976007700,78.0311598000,6644523,1598611951.8900
2023-10-16,78.2264004000,77.2859915100,78.4476730800,76.9573365000,6602221,1573224653.2400
2023-10-17,77.2892455200,77.4454380000,78.0929859900,76.9573365000,4916359,1169236111.5900
2023-10-18,79.9184856000,81.0476270700,81.6756510000,79.3978440000,30786284,7646061770.5900
2023-10-19,80.3577769500,78.2914806000,80.6896859700,78.2068763400,14775328,3595894522.3900
2023-10-20,78.0962400000,77.8359192000,78.6819618000,77.5137722100,8565861,2050294970.8500
2023-10-23,78.0962400000,77.6569486500,78.0962400000,76.8597162000,7353683,1747793907.1500
2023-10-24,77.8684593000,76.6482055500,78.2589405000,76.3618526700,11077892,2614866693.5700
2023-10-25,77.4356759700,77.2501974000,78.0994940100,76.8662242200,8367573,1993861827.7600
2023-10-26,76.8141600600,77.6439326100,77.7057588000,76.6970157000,7319935,1738279509.5200
2023-10-27,77.4454380000,78.7307719500,79.2351435000,77.2892455200,10320556,2490630304.5700
2023-10-30,77.9367935100,79.5930846000,79.7199909900,77.6732187000,11729547,2849732929.0100
2023-10-31,79.2351435000,77.6211545400,79.3945899900,77.2827375000,12720475,3044814889.0400
2023-11-01,77.4454380000,76.8597162000,77.4454380000,76.6059034200,9339042,2206820550.5700
2023-11-02,77.3998818600,76.4041548000,77.4063898800,76.4041548000,8541416,2015702321.1500
2023-11-03,76.6351895100,77.6569486500,77.8196491500,76.4301868800,9067942,2154652391.2500
2023-11-06,78.2621945100,79.0399029000,79.2123654300,78.0962400000,14354786,3472633480.4100
2023-11-07,79.0724430000,78.4118789700,79.4954643000,78.2621945100,9451293,2287202177.2100
2023-11-08,78.2133843600,78.0962400000,78.3760848600,77.8294111800,8012814,1921682141.4400
2023-11-09,78.0962400000,77.8684593000,78.3402907500,77.5560743400,7318274,1750698708.0300
2023-11-10,77.7708390000,77.1070209600,77.7708390000,76.6839996600,8190190,1940054002.5500
2023-11-13,77.4063898800,77.1590851200,77.5040101800,76.5017751000,6973846,1649215950.5500
2023-11-14,77.2176573000,77.3250396300,77.5105182000,76.9898766000,5521655,1310694854.0500
2023-11-15,78.0636999000,77.6536946400,78.0962400000,77.5430583000,7869167,1881360640.9000
2023-11-16,78.0311598000,77.5430583000,78.0311598000,77.1916252200,6169007,1471253077.4000
2023-11-17,77.1200370000,77.0419407600,77.6374245900,76.7946360000,5946229,1408060177.5900
2023-11-20,76.7295558000,76.4692350000,76.9573365000,76.3325665800,7677094,1804923944.2500
2023-11-21,76.6937616900,76.2089142000,77.0159086800,76.0331976600,8238634,1937039109.3100
2023-11-22,75.9811335000,74.8422300000,75.9811335000,74.8031818800,10557108,2440478826.7700
2023-11-23,75.0049305000,74.4615108300,75.2587432800,73.9050751200,10576394,2425947586.3300
2023-11-24,74.4517488000,70.5632068500,74.4517488000,70.0913754000,28065948,6162803841.0700
2023-11-27,68.9850120000,67.9762689000,68.9850120000,66.7072050000,21548087,4487132026.7900
2023-11-28,67.9827769200,68.3049239100,68.9101697700,67.3612610100,12221143,2562912238.2900
2023-11-29,68.2951618800,65.7244939800,68.3016699000,65.5325073900,21924630,4464902232.0300
2023-11-30,65.6008416000,64.8036091500,65.9685447300,64.5758284500,18724215,3745049005.8200
2023-12-01,65.2363924800,64.1202670500,65.3470288200,62.7405668100,19418985,3799477664.2100
2023-12-04,64.1202670500,63.9055023900,64.8491652900,62.9976336000,11761315,2317283540.3000
2023-12-05,64.1039970000,63.8892323400,65.0671839600,63.6516896100,15237247,3021632365.0000
2023-12-06,63.8924863500,65.4674271900,65.4836972400,63.7785960000,17634737,3523669817.7200
2023-12-07,65.4674271900,64.9012294500,65.4706812000,64.2016173000,10316924,2051259486.3400
2023-12-08,64.7645610300,64.6083685500,65.1973443600,64.5335263200,7770019,1547061882.4500
2023-12-11,64.0226467500,64.8166251900,64.9435315800,63.3360506400,10108635,1989856427.6700
2023-12-12,64.4879701800,63.8859783300,64.6669407300,63.8176441200,7979721,1572793711.1600
2023-12-13,63.7200238200,62.4119118000,63.7200238200,62.3858797200,11753492,2270646820.8800
2023-12-14,62.8023930000,62.2101631800,63.8371681800,62.1873851100,9249670,1787086925.2300
2023-12-15,62.8284250800,62.8935052800,63.2547003900,62.1776230800,10184134,1966549057.2100
2023-12-18,62.1711150600,61.5203130600,62.6396925000,61.2762623100,10051147,1906643035.5700
2023-12-19,61.3478505300,61.1753880000,61.3966606800,60.5766501600,7936972,1487629708.8300
2023-12-20,61.2827703300,60.1601368800,61.6081713300,60.1568828700,8492482,1585187696.7700
2023-12-21,59.6557653300,61.7220616800,61.8196819800,59.4995728500,13314943,2494208947.4500
2023-12-22,61.7936499000,62.5583422500,63.5768473800,61.1884040400,11799766,2267509852.2900
2023-12-25,62.8023930000,62.5355641800,63.1928742000,61.8945242100,5376986,1032287275.2500
2023-12-26,62.5290561600,62.3956417500,62.5290561600,61.8261900000,4138033,790091023.1000
2023-12-27,62.8023930000,62.2980214500,62.9650935000,62.0539707000,6136402,1174486108.2700
2023-12-28,62.1613530300,64.4456680500,64.6441626600,62.0409546600,13877780,2722971139.9400
2023-12-29,64.7450369700,64.4293980000,65.0151198000,64.1528071500,8036729,1591969845.9000
2024-01-02,64.9532936100,62.6722326000,64.9565476200,62.5973903700,11392832,2212162400.3600
2024-01-03,62.6396925000,62.8577111700,63.0854918700,62.0539707000,8448596,1624093056.0500
2024-01-04,63.2384303400,62.8089010200,63.3393046500,62.1841311000,8987036,1731882120.2000
2024-01-05,62.6299304700,62.6982646800,64.2666975000,62.1938931300,11240188,2187835615.0600
2024-01-08,62.7373128000,61.6309494000,63.0171576600,61.5495991500,8107839,1543893918.7400
2024-01-09,62.1515910000,62.7568368600,63.7785960000,61.8912702000,11218651,2167747851.7900
2024-01-10,62.3793717000,61.9205562900,62.9000133000,61.6960296000,7141623,1364589161.6900
2024-01-11,61.8912702000,64.0324087800,64.6571787000,61.4389628100,15986174,3120354835.7600
2024-01-12,64.0324087800,63.7362938700,64.5107482500,63.5475612900,8702264,1711086655.6100
2024-01-15,63.3620827200,63.3262886100,64.1039970000,62.6136604200,7021993,1364639692.1800
2024-01-16,63.0952539000,63.5508153000,63.9575665500,62.8251710700,8380860,1633959522.5200
2024-01-17,63.1928742000,60.7849068000,63.3067645500,60.7849068000,16079471,3050944390.4400
2024-01-18,60.4106956500,61.9823824800,62.1515910000,60.1698989100,11459165,2150839668.1300
2024-01-19,61.6602354900,61.6114253400,62.7893769600,61.4031687000,8090516,1540978198.7500
2024-01-22,61.4584868700,60.3098213400,62.2492113000,60.0560085600,13223973,2487370788.5600
2024-01-23,60.1991850000,61.1265778500,61.4877729600,59.9714043000,11072562,2072060503.5900
2024-01-24,61.5919012800,61.4031687000,61.7773798500,59.8998160800,9664121,1805379382.4000
2024-01-25,61.4617408800,61.7936499000,62.1190509000,60.4139496600,13076908,2470818453.0700
2024-01-26,61.5007890000,60.4790298600,61.5007890000,60.3618855000,11585464,2160578276.2200
2024-01-29,60.4920459000,58.0645544400,60.5245860000,58.0222523100,14604252,2647388165.7100
2024-01-30,56.3204050800,55.9592099700,57.1013674800,55.4157903000,19076118,3296016841.4600
2024-01-31,55.6728570900,55.5557127300,57.0362872800,55.4222983200,12536841,2155163736.0000
2024-02-01,55.3181700000,55.6077768900,56.2943730000,54.7845123600,11665074,1996429636.6200
2024-02-02,55.6305549600,54.3419670000,55.9299238800,53.0436170100,14799171,2485326236.0500
2024-02-05,53.6911650000,54.6673680000,55.8973837800,52.9655207700,18621620,3122618402.6000
2024-02-06,54.0165660000,57.2282738700,57.3063701100,53.8538655000,17618975,3054635572.8500
2024-02-07,57.6773272500,58.4290035600,59.5483830000,57.3031161000,16009370,2880398921.9100
2024-02-08,59.0570274900,58.9528991700,59.6622733500,58.7999607000,11924566,2168509150.2200
2024-02-19,59.8347358800,59.7110835000,60.3130753500,59.1709178400,11968707,2192419553.4900
2024-02-20,59.7110835000,58.2532870200,59.7696556800,57.5959770000,11335736,2023820071.6400
2024-02-21,57.6285171000,59.5483830000,60.3944256000,57.4853406600,14769298,2700340930.5000
2024-02-22,59.5158429000,59.5451289900,59.7566396400,58.9821852600,8090613,1476863326.4400
2024-02-23,59.5451289900,59.4442546800,59.8705299900,58.8422628300,9117490,1660682308.4300
2024-02-26,60.5245860000,60.5245860000,61.8684921300,60.3781555500,15546076,2912982360.4700
2024-02-27,60.9964174500,63.0301737000,63.1050159300,60.9150672000,20634265,3958101886.8800
2024-02-28,63.7785960000,61.1753880000,63.9478045200,61.1753880000,16829153,3223632042.6400
2024-02-29,60.8532410100,62.2166712000,62.3500856100,60.5864121900,12236289,2323915656.9700
2024-03-01,62.1190509000,62.5355641800,62.7958849800,61.4259467700,12215828,2336111333.5700
2024-03-04,61.8261900000,61.5886472700,62.3793717000,61.2079281000,12686510,2401200046.0600
2024-03-05,61.0126875000,62.0930188200,62.3631016500,60.3618855000,14962443,2826124074.2600
2024-03-06,61.8261900000,62.3631016500,62.7958849800,61.5007890000,10010040,1914828108.5800
2024-03-07,62.4965160600,61.4649948900,63.1147779600,61.4357088000,10132688,1935953171.6500
2024-03-08,61.2730083000,61.2046740900,61.8750001500,60.9313372500,6714968,1263993368.0500
2024-03-11,61.1753880000,64.6701947400,65.0476599000,61.1753880000,27808046,5440726382.8100
2024-03-12,65.4056010000,66.7397451000,67.2473706600,64.3545557700,24502892,4958824423.4400
2024-03-13,67.3319749200,67.1497503600,68.4643704000,66.9772878300,17781291,3691839468.9500
2024-03-14,67.8200764200,69.0110440800,70.0783593600,67.8200764200,21135219,4497086169.9800
2024-03-15,68.3342100000,68.1617474700,68.7832633800,67.0911781800,14662802,3057950743.5000
2024-03-18,68.9362018500,70.9471800300,71.0187682500,68.8581056100,19698182,4250885883.5300
2024-03-19,70.9471800300,70.5469368000,71.5394098500,69.7627203900,14697268,3194716172.7500
2024-03-20,70.6152710100,71.0936104800,71.8420327800,70.6152710100,9680523,2118610339.1500
2024-03-21,71.2367869200,71.2465489500,71.5231398000,70.6120170000,8866709,1938901107.6700
2024-03-22,71.2465489500,70.5957469500,71.2530569700,70.0262952000,10467161,2266796544.3300
2024-03-25,70.4070143700,69.7008942000,70.8690837900,69.2616028500,9910940,2133902461.9700
2024-03-26,70.2866160000,71.4580596000,71.5849659900,70.0490732700,13134627,2864082716.9300
2024-03-27,71.4613136100,68.9785039800,71.4905997000,68.3374640100,18884898,4058093219.7200
2024-03-28,68.2853998500,67.8070603800,68.9329478400,67.0358600100,15943531,3327175192.2100
2024-03-29,67.8233304300,66.0759270600,67.8526165200,65.4609191700,14138108,2873380485.7500
2024-04-01,66.0759270600,68.9882660100,69.3039049800,66.0759270600,14290927,2995671850.5800
2024-04-02,68.9882660100,69.0956483400,70.7096373000,68.9199318000,10758479,2301699125.8700
2024-04-03,68.4969105000,67.7354721600,68.6954051100,67.5369775500,8363379,1747159207.0300
2024-04-08,67.3580070000,68.9850120000,69.9612150000,67.1595123900,12822718,2722271577.7900
2024-04-09,68.9036617500,69.0110440800,69.9579609900,68.7735013500,8420846,1791256312.5600
2024-04-10,69.7334343000,68.9329478400,69.7985145000,68.3342100000,7241085,1537375543.4800
2024-04-11,68.0088090000,69.3039049800,70.1043914400,67.6183278000,10085395,2130444827.9700
2024-04-12,68.9850120000,68.5294506000,70.6738431900,68.1845255400,11491789,2453371047.1100
2024-04-15,68.3342100000,69.5121616200,70.1239155000,68.0380950900,11333192,2418635356.9200
2024-04-16,69.1151724000,68.8646136300,70.0751053500,68.5652447100,9832304,2090984650.2300
2024-04-17,68.6596110000,69.3104130000,69.3689851800,68.2040496000,9692162,2046775944.7300
2024-04-18,68.9850120000,69.5056536000,70.4493165000,68.1389694000,13399756,2863779538.2200
2024-04-19,69.0468381900,68.3765121300,69.2681108700,67.3775310600,11177043,2342512356.4900
2024-04-22,68.3342100000,67.8656325600,68.8320735300,67.7159481000,6469478,1353615963.0800
2024-04-23,67.8623785500,66.7202210400,67.8656325600,66.3785499900,8729994,1793533842.5100
2024-04-24,67.3222128900,67.4946754200,67.9437288000,66.5445045000,7497892,1546983915.5400
2024-04-25,67.4881674000,67.9892849400,68.8255655100,67.2343546200,9468384,1980120669.2400
2024-04-26,68.3342100000,71.3832173700,71.5101237600,68.3342100000,25345378,5502292294.4800
2024-04-29,71.9396530800,72.0372733800,73.3453854000,71.1749607300,19167593,4256800047.7500
2024-04-30,72.7271235000,71.1001185000,73.0134763800,71.1001185000,11555966,2542063035.1100
2024-05-06,73.2152250000,73.6382463000,74.3183343900,72.7271235000,18677887,4226418539.2200
2024-05-07,73.6382463000,74.8031818800,75.4897779900,72.9028400400,14419048,3301364339.7200
2024-05-08,74.3671445400,73.6154682300,74.4777808800,73.5406260000,9113178,2070673827.4000
2024-05-09,73.6382463000,74.2402381500,74.3215884000,73.5894361500,7900735,1796491172.5900
2024-05-10,73.8660270000,74.1263478000,74.6860375200,73.5406260000,8061330,1833828035.6700
2024-05-13,73.2803052000,73.4430057000,73.9831713600,72.4277545800,8248116,1857506899.2600
2024-05-14,73.4462597100,73.1859389100,74.0515055700,72.9256181100,6261853,1414943425.0100
2024-05-15,73.0525245000,71.3083751400,73.5406260000,71.0350383000,9973351,2204936672.7700
2024-05-16,71.3116291500,71.0382923100,71.5752039600,70.4851106100,8715722,1901165661.7400
2024-05-17,71.3897253900,71.4548055900,71.6956023300,70.8267816600,7148666,1564639157.8700
2024-05-20,71.0936104800,72.5221208700,72.8898240000,71.0936104800,7595857,1688534368.2700
2024-05-21,72.2325139800,71.1912307800,72.2357679900,70.7486854200,8408043,1838619340.9500
2024-05-22,70.9992441900,70.5859849200,71.4255195000,70.0132791600,8839817,1916325810.2300
2024-05-23,70.2378058500,69.9449449500,70.2378058500,69.4763675100,6228723,1336506236.8700
2024-05-24,69.6293059800,68.1064293000,69.6358140000,67.9437288000,10287552,2166851356.3500
2024-05-27,68.3342100000,67.7972983500,68.5945308000,67.2278466000,7604551,1580461907.4900
2024-05-28,67.9437288000,67.4816593800,67.9795229100,67.2213385800,6094646,1265112510.5600
2024-05-29,68.6596110000,73.1176047000,73.5406260000,68.6563569900,30264777,6633165250.9700
2024-05-30,73.0264924200,74.1458718600,74.6404813800,72.8572839000,22379181,5070762670.7000
2024-05-31,74.4517488000,74.5233370200,75.3628716000,73.8627729900,18542984,4264400521.5800
2024-06-03,74.5200830100,77.1525771000,78.2524324800,73.5373719900,27014589,6370453739.0000
2024-06-04,77.0874969000,77.4942481500,78.0311598000,76.7783659500,15742916,3744672009.9900
2024-06-05,77.6016304800,78.3533067900,80.1462663000,77.6016304800,19443395,4732184009.3400
2024-06-06,78.4867212000,77.6081385000,79.3327638000,77.2827375000,17586542,4227834836.2300
2024-06-07,77.7806010300,76.6319355000,78.5485473900,75.5353341300,18259398,4304211408.7100
2024-06-11,76.3488366300,79.6028466300,80.0486460000,76.2512163300,22159693,5386278075.6400
2024-06-12,78.6266436300,79.0399029000,80.5530175500,78.6266436300,18733197,4573251956.6900
2024-06-13,80.9597688000,82.3231989900,84.0445702800,80.7352421100,29251928,7423395269.9100
2024-06-14,81.8318434800,82.3427230500,82.6290759300,80.2211085300,20260976,5066109116.7200
2024-06-17,82.0010520000,83.6963912100,84.5619578700,81.6333488700,20864880,5371512599.8200
2024-06-18,83.1724956000,83.1855116400,83.7256773000,82.3264530000,12878911,3282495366.5000
2024-06-19,83.3026560000,82.6518540000,83.9534580000,82.4598674100,9910811,2529117363.5300
2024-06-20,82.2874048800,81.8383515000,82.5770117700,81.1224693000,11619994,2921098947.8800
2024-06-21,81.9977979900,81.5682686700,82.7722523700,80.6376218100,11633012,2916085593.7600
2024-06-24,81.3502500000,81.3307259400,82.6453459800,80.6278597800,10842302,2719528810.0300
2024-06-25,82.0010520000,82.6551080100,84.1942547400,81.4673943600,19574643,4998561939.2200
2024-06-26,82.0010520000,82.2353407200,82.7494743000,81.1485013800,11191676,2814435213.5300
2024-06-27,81.6821590200,81.1875495000,82.1181963600,80.8361164200,8291084,2074271452.0900
2024-06-28,80.6994480000,81.4316002500,82.0433541300,80.3349988800,9298207,2324520983.8900
2024-07-01,81.4316002500,80.3089668000,81.9522418500,78.9097425000,12927332,3179627870.4900
2024-07-02,80.3317448700,79.3880819700,80.6018277000,79.0887130500,10262737,2515326294.9900
2024-07-03,79.3848279600,79.1049831000,79.8468973800,78.0962400000,9657403,2340645421.0700
2024-07-04,79.7232450000,79.6028466300,81.2493756900,79.5605445000,9919634,2449191850.8300
2024-07-05,79.1277611700,78.7568040300,79.5605445000,77.7317908800,9566478,2308221433.2000
2024-07-08,78.6819618000,79.7199909900,80.7710362200,78.4802131800,10537466,2591239966.7100
2024-07-09,79.7883252000,82.1962926000,82.4924075100,78.5875955100,14076255,3506898661.2200
2024-07-10,82.1604984900,82.1637525000,83.4751185300,81.8383515000,10928256,2767913672.4400
2024-07-11,82.9772550000,82.3459770600,83.3872602600,81.8969236800,10035945,2546645361.9400
2024-07-12,82.4956615200,85.4568106200,85.9058640000,81.9652578900,18886322,4891988725.1700
2024-07-15,85.3526823000,85.1606957100,86.1661848000,84.8027546100,9871552,2590423501.8800
2024-07-16,84.8027546100,84.2756049900,85.3201422000,83.4165463500,11758768,3043326155.8200
2024-07-17,84.2788590000,84.4448135100,85.0988695200,83.5044046200,10519171,2726321475.4600
2024-07-18,83.9209179000,85.0695834300,85.5479229000,83.7940115100,9532204,2487441703.5800
2024-07-19,84.7669605000,85.9253880600,86.5566660000,84.5196557400,13621379,3593320511.7800
2024-07-22,85.9384041000,86.4297596100,87.8908101000,85.9384041000,10074955,2688874276.2800
2024-07-23,86.2280109900,82.4012952300,86.3646794100,82.3264530000,16741049,4318283785.4200
2024-07-24,82.4012952300,81.3469959900,83.0260651500,80.8588944900,11864005,2976544505.0700
2024-07-25,81.3404879700,81.4771563900,82.8275705400,80.5367475000,10110420,2533958369.1100
2024-07-26,82.3166909700,82.9609849500,83.8330596300,81.7244611500,12484165,3180235006.5100
2024-07-29,83.3169125100,82.0552837000,83.3399710000,81.2251780600,7885932,1960649994.0700
2024-07-30,81.5578791300,80.3456613700,81.6270546000,79.5913193400,11039339,2686057413.6300
2024-07-31,79.9174322700,81.3799993500,81.6995241400,79.9042559900,8749003,2153504528.3900
2024-08-01,81.6929360000,80.4411894000,81.9366971800,79.0576800000,10363488,2519341335.4000
2024-08-02,79.7131999300,77.3381754600,79.8021398200,77.2788822000,14567117,3453944602.5500
2024-08-05,76.0403118800,76.1523102600,77.9607546900,75.7669040700,10526835,2457359662.2400
2024-08-06,77.0812380000,75.4144385800,77.2854703400,74.4393938600,12910151,2955783827.3700
2024-08-07,75.4473792800,75.4177326500,76.0930170000,74.6008032900,8202186,1882919963.4900
2024-08-08,75.0389146000,74.5942151500,75.0389146000,73.6224645000,8535741,1925911439.1800
2024-08-09,75.1245604200,76.2972493400,77.7005231600,75.1179722800,11985218,2790790707.0100
2024-08-12,76.4257180700,75.8953728000,76.9132404300,75.5989065000,5377901,1242071532.3400
2024-08-13,75.8821965200,75.3452631100,75.8920787300,74.4459820000,6043650,1378452593.3600
2024-08-14,75.3024402000,74.6436262000,75.3024402000,74.1824564000,5632985,1276584732.1000
2024-08-15,74.6337439900,76.2544264300,76.5871275000,74.0770461600,8854538,2039684342.3900
2024-08-16,76.4586587700,77.4468797700,78.5042762400,75.9283135000,10221858,2406276093.8400
2024-08-19,77.4929967500,77.5489959400,78.7216848600,77.4139390700,7018242,1662452527.0700
2024-08-20,77.7400520000,77.8981673600,78.1781633100,76.8934760100,6248422,1475807675.6800
2024-08-21,77.2986466200,79.3870870000,80.0887239100,76.4224240000,11104338,2658947673.9100
2024-08-22,79.3870870000,79.2289716400,79.9701373900,78.9325053400,6248845,1506260848.3100
2024-08-23,78.9917986000,78.8402713800,79.4859091000,78.4482770500,4978602,1193437029.7400
2024-08-26,78.8929765000,78.8633298700,80.0459010000,78.3033379700,5651342,1354660288.1800
2024-08-27,78.2374565700,79.3212056000,79.4793209600,77.9047555000,5092646,1219258016.1600
2024-08-28,79.1466198900,78.0200479500,79.1499139600,76.6859496000,8904070,2098577189.5100
2024-08-29,76.8605353100,77.3612339500,77.9047555000,76.1918391000,7938487,1858678051.4100
2024-08-30,78.3922778600,82.1606939400,82.9413885300,78.1551048200,19302792,4764660206.0100
2024-09-02,81.6995241400,79.4200277000,82.4901009400,79.3870870000,10113482,2468600915.4500
2024-09-03,79.1894428000,81.3898815600,81.5117621500,79.1894428000,10181990,2497421913.2500
2024-09-04,80.8694185000,82.4571602400,82.9776233000,80.8496540800,10060596,2506778350.9900
2024-09-05,82.3517500000,83.2905599500,84.1964292000,82.2199872000,10012555,2542189362.9600
2024-09-06,83.2938540200,82.8788012000,84.0317257000,82.8195079400,7814152,1982245013.0500
2024-09-09,82.1804583600,82.3451618600,83.6562017200,81.8839920600,7085126,1774845243.8400
2024-09-10,82.3517500000,82.2364575500,83.2740896000,81.8971683400,6124829,1533462723.8700
2024-09-11,82.3517500000,85.0199467000,85.8434642000,82.1672820800,15536148,4001603969.4800
2024-09-12,85.2175909000,84.6608930700,85.6458200000,84.6575990000,7725108,1995755898.5100
2024-09-13,84.7234804000,83.9954909300,84.9870060000,83.9493739500,5699161,1458587905.7600
2024-09-18,84.0053731400,85.1286510100,85.4251173100,83.7023187000,6681981,1715595537.6400
2024-09-19,85.3197070700,84.1173715200,85.4415876600,83.4387931000,9104323,2326365318.9000
2024-09-20,84.1239596600,84.3611327000,85.2505316000,83.3004421600,8989793,2292829764.9300
2024-09-23,84.3117216500,82.3517500000,84.6444227200,81.9531675300,10758273,2712153559.7900
2024-09-24,83.3399710000,83.7649060300,84.1634885000,81.2844713200,15649454,3949080823.0500
2024-09-25,84.9870060000,86.5681596000,88.8278916200,84.8750076200,20571034,5442651982.0100
2024-09-26,86.9634480000,88.8114212700,88.8410679000,86.3375747000,14906641,3960197853.8700
2024-09-27,89.9281110000,93.5482939300,96.1835499300,89.4340005000,30992240,8683447958.4200
2024-09-30,95.5280300000,101.2300651700,101.4837085600,95.5280300000,38880459,11640545413.1000
2024-10-08,111.3527422800,107.8412636600,111.3527422800,101.2300651700,44343939,14484952068.3400
2024-10-09,103.7632050000,100.6964258300,105.6441189700,98.9868035000,32591858,10166970123.4900
2024-10-10,102.1161700000,104.0563772300,106.0690540000,102.1095818600,25016687,7918647495.8300
2024-10-11,103.4403861400,98.8385703500,103.4403861400,97.5077660700,18641849,5671879376.7200
2024-10-14,99.1482129300,101.1279490000,102.1095818600,98.8879814000,17236482,5268100404.7300
2024-10-15,100.6338385000,98.1632860000,101.5825306600,98.1632860000,12214902,3695577335.2300
2024-10-16,96.5162510000,95.4588545300,97.4978838600,94.5398090000,15032187,4362898826.7800
2024-10-17,96.3548415700,95.3369739400,98.1138749500,95.2381518400,10245654,3005198739.7400
2024-10-18,95.3468561500,98.9209221000,100.8644234000,94.8955685600,19109242,5674148204.6900
2024-10-21,99.8103210000,100.9467751500,101.6550002000,99.1185663000,15781602,4819617233.2500
2024-10-22,100.4691350000,100.3867832500,102.1556988400,99.8103210000,10373266,3174859558.8400
2024-10-23,100.3867832500,101.7472341600,102.7091026000,99.7049107600,12669500,3911383612.4000
2024-10-24,101.7472341600,100.0343177600,102.1062877900,99.6719700600,9688514,2959755260.6800
2024-10-25,100.1397280000,101.5034729800,102.7091026000,100.1397280000,13982037,4306245200.8400
2024-10-28,101.7867630000,100.5020757000,101.7867630000,99.3985622500,10932439,3323177977.1800
2024-10-29,101.7867630000,100.6008978000,102.2084039600,100.0738466000,11854561,3635542203.3700
2024-10-30,99.8103210000,100.6503088500,101.2959465700,99.3162105000,10844820,3301164357.4700
2024-10-31,99.4842080700,96.5788383300,99.8070269300,96.5162510000,24085199,7127704551.2500
2024-11-01,96.5821324000,95.6301461700,97.3727092000,95.5609707000,14304086,4174457395.2800
2024-11-04,97.5044720000,101.1213608600,101.7604104400,97.3760032700,21731889,6600399617.2500
2024-11-05,100.1594924200,101.2926525000,101.6022950800,98.9868035000,16781998,5124245708.8000
2024-11-06,101.4573560000,98.9406865200,102.0338182500,98.1632860000,18486120,5611830833.8500
2024-11-07,97.1849472100,99.4084444600,99.4413851600,96.8456580000,15067592,4484370171.8300
2024-11-08,101.1674778400,98.1303453000,101.2992406400,97.8338790000,16671572,5022195686.3700
2024-11-11,97.1750650000,98.5882210300,98.6475142900,96.3844882000,18085930,5349190917.2800
2024-11-12,98.8715110500,99.0889196700,102.1161700000,98.5948091700,24655746,7520312653.8000
2024-11-13,98.1632860000,99.0098619900,99.2602113100,97.2738871000,14511579,4326957543.6200
2024-11-14,98.8221000000,97.0927132500,98.9209221000,96.8456580000,12458290,3690676831.4200
2024-11-15,97.1058895300,95.5280300000,97.4352965300,94.8758041400,15323594,4471450174.2400
2024-11-18,95.5313240700,95.0932127600,96.4997806500,94.4278106200,11620595,3364288894.4200
2024-11-19,95.0932127600,94.8659219300,96.0155523600,92.8993621400,13194669,3785016710.4400
2024-11-20,94.8725100700,95.0207432200,95.6597928000,94.0456985000,10601693,3049973686.3400
2024-11-21,95.0240372900,94.2104020000,95.0306254300,93.5515880000,9553294,2727230001.4100
2024-11-22,94.0456985000,91.7365554300,94.1642850200,91.5751460000,12514178,3529973028.9700
2024-11-25,93.2221810000,93.2221810000,95.3172095200,92.5271322300,17453315,4981714331.7800
2024-11-26,92.2339600000,92.5666610700,94.2104020000,91.5356171600,9520645,2686423189.1300
2024-11-27,91.9967869600,92.5633670000,92.5633670000,91.2457390000,11000281,3068303752.0700
2024-11-28,92.6292484000,90.4485740600,92.7478349200,89.9281110000,15858922,4365779156.5400
2024-11-29,89.9281110000,90.5309258100,91.5356171600,89.6151743500,12800460,3516186178.7400
2024-12-02,91.1172702700,93.0245368000,93.5515880000,90.2838705600,15135721,4255616768.3800
2024-12-03,93.8151136000,93.1068885500,94.1708731600,92.4250160600,9144971,2585320048.3700
2024-12-04,92.6753653800,92.2273718600,93.3308853100,91.8386716000,8501286,2389151937.2600
2024-12-05,91.3083263300,90.6725708200,91.7332613600,90.3596341700,9026771,2486214937.2900
2024-12-06,90.8076276900,92.3261939600,92.8861858600,90.2608120700,12469840,3469413044.8800
2024-12-09,91.9803166100,92.3953694300,93.5482939300,91.4697357600,9215268,2590143544.3900
2024-12-10,96.5162510000,93.0739478500,96.8456580000,92.8927740000,17592915,5057037510.8300
2024-12-11,92.9026562100,92.4876033900,93.5087650900,92.0363158000,9335988,2623997225.7200
2024-12-12,92.2669007000,93.4461777600,93.4461777600,91.7069088000,10013395,2816818034.7400
2024-12-13,92.6720713100,91.0843295700,92.7675993400,91.0546829400,11235863,3130392699.0700
2024-12-16,91.0876236400,90.5704546500,91.6344392600,90.1191670600,7149026,1967314539.0500
2024-12-17,90.5605724400,93.1562996000,94.0984036200,90.2509298600,17568207,4960329885.5600
2024-12-18,93.3045327500,93.7657025500,94.5002801600,93.1003004100,8410638,2397657885.4300
2024-12-19,92.8301866700,94.0127578000,94.5200445800,92.2339600000,8672852,2465377213.9000
2024-12-20,93.8842890700,92.2998414000,94.4574572500,92.2998414000,9670711,2730666916.6600
2024-12-23,92.3986635000,92.4645449000,93.3177090300,91.8650241600,8151596,2291275853.0900
2024-12-24,92.1977252300,95.0075669400,95.0372135700,91.9473759100,14228738,4072070487.7400
2024-12-25,95.1096831100,94.1840494400,95.9760235200,94.1115799000,8339103,2405517152.1900
2024-12-26,94.1840494400,93.8348780200,94.4739276000,93.5515880000,6760455,1928774413.5500
2024-12-27,94.4739276000,94.3026359600,94.7209828500,93.2221810000,7868319,2249658028.4600
2024-12-30,94.6056904000,93.8777009300,95.3633265000,93.3308853100,8294681,2371257353.7900
2024-12-31,93.8809950000,93.1101826200,94.3751055000,92.8927740000,7761976,2201903440.1000
2025-01-02,93.2221810000,89.3022377000,93.2485335600,88.7488339400,16878404,4624073917.8600
2025-01-03,89.4340005000,89.1803571100,90.4518681300,88.3601336800,9936476,2693072230.1900
2025-01-06,89.5789395800,89.3615309600,90.2212832300,88.6203652100,8244683,2236590143.8800
2025-01-07,89.3615309600,90.2674002100,91.4862061100,88.1163725000,9572218,2627167272.8300
2025-01-08,89.9248169300,88.6697762600,90.2542239300,87.5596746700,10908247,2933447141.9700
2025-01-09,88.6104830000,88.7389517300,89.4998819000,87.8396706200,6561288,1766873664.3500
2025-01-10,88.6104830000,87.6288501400,89.0683587300,87.2203854600,8054821,2147363099.9200
2025-01-13,86.6340410000,87.6222620000,88.4358972900,86.3738094700,6721375,1787448697.2600
2025-01-14,87.7342603800,91.0151541000,91.2951500500,87.6255560700,12578973,3438827616.8700
2025-01-15,90.9822134000,90.4848088300,91.3478551700,90.4222215000,6233583,1718769123.1700
2025-01-16,90.4881029000,89.8490533200,91.3544433100,89.1144757100,7257175,1984685717.9000
2025-01-17,90.0994026400,91.1139762000,91.9704344000,89.7568193600,8614153,2376770800.0500
2025-01-20,91.9045530000,93.6932330100,94.3520470100,91.8782004400,13579709,3863727458.0800
2025-01-21,93.8809950000,94.2268723500,94.6814540100,93.2221810000,7644144,2184132797.3000
2025-01-22,93.8809950000,93.0574775000,94.3092241000,92.1680786000,8105689,2287303620.4200
2025-01-23,93.8744068600,91.2819737700,93.8809950000,91.2457390000,9617392,2690601164.0400
2025-01-24,91.0843295700,91.9309055600,92.3986635000,90.9163320000,6814367,1898979250.7700
2025-01-27,91.9341996300,90.4222215000,92.2734888400,90.4222215000,6340768,1755529339.7000
2025-02-05,93.1332411100,93.1562996000,94.4574572500,92.7610112000,14535090,4128876836.0500
2025-02-06,93.1595936700,102.4719295600,102.4719295600,93.0410071500,38145868,11416508784.3100
2025-02-07,105.4102400000,107.6831483000,108.7043100000,103.4337980000,48707526,15691989047.5700
2025-02-10,107.6864423700,108.7471329100,109.3631240000,105.9307030600,27271140,8908518536.6000
2025-02-11,111.7677951000,108.6713693000,112.0972021000,107.3899760700,28036356,9315885530.0500
2025-02-12,107.8807925000,113.6618853500,114.2844645800,106.2831685500,27935722,9451048634.3000
2025-02-13,112.3936684000,112.4266091000,114.0901144500,111.8336765000,19983985,6859997620.5100
2025-02-14,112.4990786400,117.2853623500,118.4547572000,112.4990786400,24364461,8574633633.1700
2025-02-17,117.2853623500,114.7983395000,118.1912316000,113.4807115000,23201509,8111345838.9400
2025-02-18,115.7536198000,117.3413615400,119.7328563600,114.9103378800,25179738,8977762526.0200
2025-02-19,116.4519626400,118.0924095000,118.5865200000,116.2806710000,16191782,5784129670.2100
2025-02-20,119.7328563600,119.5022714600,121.1097776200,117.9935874000,15693717,5695876654.9500
2025-02-21,120.5629620000,126.1628810000,127.3158055000,120.3093186100,23929245,9089497618.4100
2025-02-24,126.8216950000,123.9492659600,128.0273246200,123.0269263600,19940747,7586289373.7800
2025-02-25,121.8805900000,122.7008134300,125.1746600000,121.4885956700,16110252,6008878409.2600
2025-02-26,122.7008134300,122.5723447000,123.7911506000,120.2335550000,13852896,5125594765.1800
2025-02-27,125.8334740000,123.6923285000,126.4889939300,122.2132910700,16844614,6350435990.2400
2025-02-28,122.2429377000,119.1860407400,123.4518613900,118.2604070700,23930429,8762214821.8700
2025-03-03,121.5511830000,118.6556954700,121.8805900000,117.8585305300,15207822,5524500397.1700
2025-03-04,112.0082622100,113.5927098800,114.6336360000,111.3494482100,26345330,9062924960.4900
2025-03-05,114.3042290000,116.5969017200,117.0020723300,114.3042290000,13906886,4885879812.3900
2025-03-06,118.6458132600,118.2340545100,119.3013331900,117.5982990000,11460099,4120637644.5000
2025-03-07,118.2241723000,117.4006548000,118.9159270000,117.0185426800,8758413,3131517605.2000
2025-03-10,117.2359513000,115.6218570000,117.7267677300,114.9630430000,9917660,3484351089.3200
2025-03-11,113.6454150000,115.4176246600,115.8755003900,113.6058861600,9536997,3314689326.4300
2025-03-12,116.7583111500,115.6218570000,118.5469911600,115.6218570000,12951056,4593312533.2600
2025-03-13,115.9084410900,116.7747815000,117.7168855200,115.6646799100,10221085,3624758940.8400
2025-03-14,117.5982990000,123.8372675800,124.2457322600,117.1437173400,22469718,8292987453.8600
2025-03-17,125.9388842400,125.2570117500,126.1628810000,123.8438557200,13306887,5060211612.5500
2025-03-18,127.9910898500,126.6800499900,128.4687300000,125.1779540700,17333878,6672881109.1300
2025-03-19,126.6668737100,130.7976374900,131.4333930000,126.0113537800,18835150,7404859764.8400
2025-03-20,131.7628000000,131.7595059300,132.8827838000,130.4418779300,15941284,6372989565.1800
2025-03-21,129.4602450700,122.5394040000,129.5590671700,121.8805900000,28210676,10685254370.8300
2025-03-24,124.1864390000,123.6462115200,124.6805495000,121.1756590200,14789405,5522974120.0000
2025-03-25,124.5092578600,121.7455331300,125.0428972000,121.5445948600,12308536,4595791802.1800
2025-03-26,121.7455331300,123.8603260700,124.8452530000,121.2217760000,12020484,4503762855.0400
2025-03-27,123.8899727000,127.3158055000,128.8903709600,123.8866786300,14439437,5554865370.9100
2025-03-28,127.3158055000,125.9981775000,128.7322556000,125.6687705000,11493982,4428715749.3100
2025-03-31,125.1746600000,123.4946843000,126.2551149600,123.1982180000,11578391,4370400299.4200
2025-04-01,124.4400823900,120.3982585000,124.4730230900,120.0227345200,15407199,5663384880.3200
2025-04-02,120.2335550000,118.7512235000,120.4542576900,118.2175841600,11710041,4226638862.5200
2025-04-03,117.1041885000,117.7662965700,119.0905127100,116.6957238200,10102322,3618676870.2800
2025-04-07,109.8045293800,105.9899963200,111.2407439000,105.9899963200,27349840,8911483833.6600
2025-04-08,105.9899963200,107.8840865700,110.6412231600,104.7514260000,27464351,8924529992.9600
2025-04-09,105.3443586000,106.9255122000,108.0454960000,103.3217996200,21193856,6822376377.2700
2025-04-10,110.1866415000,110.8125148000,114.3239934200,110.0219380000,21089578,7165511480.5300
2025-04-11,111.0101590000,116.9328968600,117.7794728500,110.8125148000,18994493,6621821826.8600
2025-04-14,119.6406224000,118.2571130000,119.8053259000,117.1371292000,14206917,5115484102.7000
2025-04-15,120.1017922000,118.5766377900,120.2335550000,117.7070033100,11651557,4195947008.5000
2025-04-16,117.4731243400,116.0006750500,117.5982990000,114.6665767000,13182793,4618462218.3200
2025-04-17,115.2726855800,115.1870397600,116.4289041500,114.1955246900,8528864,2985985218.9400
2025-04-18,114.6006953000,113.9748220000,114.6006953000,113.3160080000,7386013,2553879766.8500
2025-04-21,113.9748220000,114.8839853200,115.2496270900,113.7244726800,7495341,2609226235.1700
2025-04-22,114.8839853200,116.8867798800,117.5752405100,114.2317594600,11212206,3956085869.0500
2025-04-23,124.1864390000,122.5361099300,124.5158460000,120.9681326100,24792689,9216822110.0300
2025-04-24,122.6975193600,120.5629620000,123.3958622000,119.6900334500,15089211,5557113198.7800
2025-04-25,121.8805900000,122.1539978100,123.6264471000,121.2547167000,13386942,4975314905.1200
2025-04-28,120.9351919100,118.5865200000,120.9351919100,117.4533599200,17978320,6459136359.6400
2025-04-29,118.2900537000,116.9394850000,118.7940464100,116.2806710000,11898307,4237606410.1300
2025-04-30,116.9065443000,116.3103176300,116.9164265100,115.0618651000,13047947,4599074534.6500
2025-05-06,118.5865200000,118.5733437200,119.3441561000,117.2425394400,14829353,5326196143.2800
2025-05-07,120.2335550000,118.3229944000,120.4575517600,117.9738229800,10883990,3937980382.2300
2025-05-08,117.4401836400,118.3493469600,119.2387458600,117.1700699000,8338169,2994908337.1100
2025-05-09,118.8335752500,119.6472105400,120.5629620000,118.3559351000,14372616,5218995470.8900
2025-05-12,120.2335550000,121.9728239600,121.9728239600,118.7775760600,16137017,5890708994.2700
2025-05-13,123.8570320000,120.7276655000,124.0480880600,120.5728442100,13177107,4874657843.9100
2025-05-14,120.7276655000,122.9017517000,122.9017517000,119.6933275200,13569307,5012059706.8000
2025-05-15,122.8688110000,124.1205576000,126.8216950000,121.6434169600,20880137,7894571014.5200
2025-05-16,123.5375072100,128.1953221900,128.7948429300,123.0598670600,22932794,8858484483.8100
2025-05-19,127.8099160000,126.1002936700,127.8099160000,124.1864390000,16137281,6159126224.0500
2025-05-20,126.3275845000,130.0498836000,130.0498836000,125.6687705000,17209991,6705400029.4500
2025-05-21,129.7665935800,131.7628000000,133.0804280000,128.8014310700,19947886,7967115092.1600
2025-05-22,131.7562118600,131.3675116000,133.5943029200,131.1039860000,14636280,5868800084.1400
2025-05-23,131.4333930000,133.4098350000,137.3561308600,131.1468089100,23557418,9627525188.0400
2025-05-26,132.3590266700,125.5040670000,132.7510210000,125.1746600000,30955063,12014228946.4600
2025-05-27,123.8175031600,122.6744608700,125.5040670000,121.5116541600,23027544,8594833865.3300
2025-05-28,122.6744608700,119.5352121600,122.8523406500,119.2683924900,17775388,6513230208.8300
2025-05-29,118.4514631300,118.9587499100,120.5629620000,116.9658375600,19206113,6942900394.8700
2025-05-30,117.6048871400,116.0500861000,118.1912316000,115.7206791000,19055991,6733498590.7200
2025-06-03,115.7042087500,117.2688920000,117.9244119300,114.9630430000,18189270,6453885813.1900
2025-06-04,118.4218165000,118.7578116400,120.0095582400,117.9771170500,14690410,5311224036.6500
2025-06-05,119.3738027300,118.8335752500,119.4890951800,117.2787742100,10861275,3908084317.5100
2025-06-06,118.9159270000,118.5733437200,119.3705086600,117.7630025000,8969768,3228098167.5900
2025-06-09,117.3084208400,114.6797529800,117.4039488700,113.6816497700,25509134,8932441522.5600
2025-06-10,115.1606872000,116.3234939100,116.9394850000,114.7093996100,17178588,6042960183.1200
2025-06-11,116.6133720700,119.2420399300,120.5563738600,116.6133720700,20310674,7326544793.7300
2025-06-12,118.5502852300,116.3597286800,118.5502852300,116.2839650700,14404696,5117764843.9500
2025-06-13,115.1277465000,113.9748220000,115.2628033700,112.4891964300,21023987,7256548253.5800
2025-06-16,113.9715279300,113.4576530100,114.3174052800,112.2619056000,10228405,3508947839.1900
2025-06-17,113.3160080000,113.2303621800,114.1065848000,112.7889568000,7004530,2408912943.9500
2025-06-18,112.9273077400,114.2877586500,115.0289244000,112.6473117900,10289697,3565398001.6800
2025-06-19,113.3258902100,112.1630835000,113.7409430300,112.1136724500,10038121,3437688886.9400
2025-06-20,112.0082622100,112.0807317500,112.9767187900,111.9324986000,7353816,2507526429.8100
2025-06-23,110.9607479500,111.4054474000,111.9028519700,109.8901752000,9459334,3185477391.0500
2025-06-24,112.4035506100,113.1117756600,114.0407034000,112.4035506100,14471259,4979495319.1700
2025-06-25,113.9715279300,115.0519828900,115.2035101100,112.9931891400,12573827,4352301719.6500
2025-06-26,113.4181241700,111.1550980800,113.4181241700,110.9541598100,20493214,6967640374.1700
2025-06-27,110.0219380000,110.1009956800,110.9179250400,109.8374700800,13861749,4633461708.4500
2025-06-30,110.1009956800,109.3334773700,110.1009956800,108.2398461300,14400344,4768270278.1300
2025-07-01,108.8031321000,109.1457153800,109.8078234500,108.3057275300,8851804,2931303336.6600
2025-07-02,109.3631240000,108.9217186200,109.9758210200,108.3518445100,9327011,3083342650.3500
2025-07-03,109.0271288600,110.2064059200,110.4336967500,108.9250126900,12349781,4123732531.2300
2025-07-04,109.5442978500,109.0337170000,110.3480509300,108.6285463900,10410355,3454495463.0500
2025-07-07,108.4407844000,108.2398461300,108.8657194300,108.1904350800,8820772,2901015557.3800
2025-07-08,107.7160890000,107.6765601600,108.6318404600,107.2944480400,11691814,3825413668.2000
2025-07-09,107.6831483000,107.3208006000,108.1146714700,107.3142124600,12163311,3969384130.1000
2025-07-10,107.3240946700,105.8154106100,107.4163286300,105.0314219500,21002206,6741345468.0900
2025-07-11,105.3772993000,106.6982213700,107.6666779500,105.0874211400,16826983,5456832017.9500
2025-07-14,106.6982213700,104.9128354300,106.6982213700,104.6064869200,17230914,5502331853.7200
2025-07-15,104.8173074000,106.4149313500,107.0572750000,104.7514260000,16279094,5252631321.9200
2025-07-16,106.4182254200,106.6356340400,107.3570353700,106.4182254200,11075835,3594544238.0900
2025-07-17,107.0572750000,108.0520841400,108.2826690400,106.7608087000,15689135,5138610960.7300
2025-07-18,108.4177259100,108.4111377700,108.5396065000,107.1396267500,13686649,4482466755.0800
2025-07-21,108.0422019300,110.0614668400,110.0614668400,107.8017348200,15394503,5102459145.6100
2025-07-22,110.3513450000,112.5550778300,112.6604880700,109.7617064700,21416417,7227731006.6300
2025-07-23,112.6868406300,111.3626244900,112.9866010000,111.0101590000,15890735,5395840274.1800
2025-07-24,111.3659185600,112.8943670400,114.1527017800,111.2176854100,18906327,6489370095.9500
2025-07-25,112.3277870000,111.3165075100,112.4595498000,110.3513450000,15704076,5307866610.5900
2025-07-28,111.3165075100,111.0101590000,111.7019137000,110.5259307100,11705670,3947000993.5300
2025-07-29,112.0100000000,111.4200000000,112.5000000000,109.7700000000,38735984,4322742015.4100
2025-07-30,108.0500000000,108.7000000000,111.1600000000,107.1200000000,52483427,5743878668.3800
2025-07-31,108.2000000000,105.2400000000,108.2000000000,105.0000000000,59949943,6344900790.8300
2025-08-01,104.9500000000,105.8000000000,106.2400000000,104.3600000000,36233692,3816659557.8700
2025-08-04,104.0000000000,104.8800000000,105.1400000000,102.5700000000,41293694,4293903589.5800
2025-08-05,104.8800000000,104.8600000000,105.2100000000,103.7800000000,33834986,3539636639.5300
2025-08-06,104.8600000000,104.3500000000,105.0000000000,103.9000000000,30561960,3184784992.5900
2025-08-07,104.2700000000,105.3300000000,106.4300000000,104.1600000000,42876298,4526612773.4300
2025-08-08,105.0000000000,103.9300000000,105.0300000000,103.9100000000,32661461,3405317252.0100
2025-08-11,103.8800000000,105.5200000000,105.6600000000,103.2300000000,35669790,3741329572.1000
2025-08-12,105.4000000000,105.6700000000,106.4300000000,104.7000000000,31219504,3302639096.4100
2025-08-13,106.2900000000,106.8300000000,107.6500000000,105.8400000000,45983014,4908744877.1500
2025-08-14,107.3700000000,106.3700000000,107.5000000000,105.7900000000,41954793,4478119017.4100
2025-08-15,105.8500000000,106.0700000000,106.6400000000,105.3200000000,36135346,3831047052.1100
2025-08-18,105.6600000000,108.3700000000,109.4900000000,105.6600000000,61925173,6680761816.2800
2025-08-19,108.6700000000,107.6300000000,108.9200000000,107.1800000000,38973519,4205349328.8600
2025-08-20,107.1800000000,108.2500000000,108.2600000000,106.0100000000,38505345,4130459251.5000
2025-08-21,107.8000000000,107.1000000000,108.8300000000,107.0000000000,44946378,4843670255.1000
2025-08-22,107.1100000000,110.6600000000,110.9700000000,107.1100000000,76312005,8351469725.9500
2025-08-25,111.3100000000,111.6100000000,112.4900000000,110.3100000000,61162758,6803182882.9200
2025-08-26,111.7500000000,113.7500000000,114.6900000000,110.7100000000,69291585,7850511029.3600
2025-08-27,113.9600000000,110.6800000000,114.0600000000,110.6600000000,68974693,7761766930.9800
2025-08-28,109.3900000000,109.3200000000,110.1900000000,107.1100000000,76252199,8278465955.8300
2025-08-29,108.8800000000,114.0600000000,116.5900000000,108.1200000000,114490194,12973326090.9900
2025-09-01,108.5000000000,109.7000000000,111.4800000000,108.5000000000,132986738,14546890246.6300
2025-09-02,108.7900000000,110.0200000000,111.1000000000,108.6000000000,77322410,8495472755.1400
2025-09-03,110.5000000000,107.2100000000,110.7300000000,107.0100000000,73522327,7975948715.5600
2025-09-04,106.5900000000,104.0000000000,107.0900000000,103.7100000000,81574074,8588835880.9300
2025-09-05,103.8600000000,107.2600000000,107.5000000000,103.1100000000,78752385,8307907947.5700
2025-09-08,106.1500000000,106.2500000000,107.1300000000,105.5100000000,55592345,5910440231.7300
2025-09-09,106.0000000000,105.4900000000,107.2000000000,105.2700000000,38163622,4049249506.5400
2025-09-10,105.5200000000,105.2000000000,106.4500000000,105.0200000000,32236895,3401353898.3600
2025-09-11,105.2500000000,106.5900000000,106.6000000000,104.8900000000,53778149,5683446688.5100
2025-09-12,106.6000000000,105.9100000000,107.5800000000,105.9000000000,45591018,4859782579.0600
2025-09-15,106.0000000000,108.7000000000,110.8500000000,106.0000000000,97480407,10620465040.6300
2025-09-16,109.0000000000,107.8000000000,109.0000000000,107.2200000000,53316021,5753437964.2200
2025-09-17,108.2000000000,110.9900000000,112.0000000000,108.2000000000,98123971,10827682692.1600
2025-09-18,110.9900000000,109.7100000000,112.8000000000,108.5600000000,93401380,10362193293.4600
2025-09-19,109.8000000000,109.0900000000,110.8000000000,109.0000000000,47297748,5188176204.4000
2025-09-22,108.8700000000,107.9900000000,108.9100000000,107.1500000000,49155923,5293961578.0200
2025-09-23,107.4500000000,105.6000000000,107.6900000000,104.6400000000,65096262,6888232045.7100
2025-09-24,105.0000000000,105.7100000000,105.8300000000,104.0000000000,54816227,5758922304.8100
2025-09-25,105.3400000000,107.5000000000,108.8000000000,104.8700000000,69348204,7421942404.6400
2025-09-26,107.4500000000,107.2900000000,111.2300000000,107.0000000000,75661207,8250492997.1800
2025-09-29,107.0000000000,108.6100000000,109.1400000000,106.3900000000,61398368,6621874267.3500
2025-09-30,108.1900000000,109.2100000000,109.9800000000,107.7600000000,56775550,6200518749.8600
2025-10-09,108.6700000000,110.6000000000,112.4800000000,108.0700000000,100872197,11196004666.7800
2025-10-10,110.5500000000,107.7900000000,110.5500000000,107.5800000000,59010253,6420415513.3200
2025-10-13,105.0000000000,105.6900000000,105.9800000000,104.1000000000,74442980,7841774365.1200
2025-10-14,106.6800000000,105.9900000000,109.3600000000,105.6200000000,76778627,8244228528.6300
2025-10-15,106.4500000000,107.1000000000,107.5100000000,105.5000000000,47579133,5063179652.0600
2025-10-16,107.0000000000,106.9600000000,109.3000000000,106.5100000000,52309638,5628738804.3900
2025-10-17,106.6000000000,104.4300000000,106.6300000000,104.2600000000,62572494,6576614911.1000
2025-10-20,105.2200000000,104.5200000000,105.6300000000,104.0800000000,35561452,3721699722.1000
2025-10-21,104.6900000000,104.7600000000,105.0700000000,104.2400000000,29907419,3133789475.4200
2025-10-22,104.1000000000,103.7800000000,104.3200000000,103.3700000000,35787419,3715302135.6800
2025-10-23,103.3000000000,103.6900000000,103.7300000000,102.0000000000,37860342,3889661810.8100
2025-10-24,103.9800000000,103.7600000000,104.3700000000,103.6100000000,30554268,3173964302.2300
2025-10-27,104.0000000000,104.0100000000,104.9700000000,103.8800000000,34598784,3607756848.4700
2025-10-28,104.0200000000,103.7200000000,104.3200000000,103.5000000000,26541583,2755526046.7300
2025-10-29,103.7300000000,104.5200000000,105.1800000000,103.0000000000,39734040,4128608368.7200
2025-10-30,104.0000000000,103.6100000000,104.8600000000,103.5000000000,35898945,3733925602.8400
2025-10-31,101.0000000000,100.7900000000,101.3200000000,100.0000000000,63705259,6418551106.3300
2025-11-03,100.7900000000,99.6000000000,100.9900000000,98.5000000000,55167021,5472679664.5400
2025-11-04,99.0000000000,97.8000000000,99.5400000000,97.7100000000,43501704,4274197473.7500
2025-11-05,96.6600000000,95.8000000000,96.6600000000,94.7300000000,58721510,5617215879.1900
2025-11-06,95.5800000000,97.5200000000,97.7500000000,95.4000000000,40200367,3897723836.0100
2025-11-07,97.0000000000,97.2000000000,98.1500000000,96.8300000000,32256073,3145817990.5400
2025-11-10,97.3500000000,99.3900000000,100.3500000000,97.3500000000,55487690,5513238812.7600
2025-11-11,99.5000000000,98.7100000000,99.7800000000,98.1400000000,31985788,3161124109.6700
2025-11-12,98.8000000000,97.7700000000,98.9900000000,97.5400000000,26064335,2555847684.2200
2025-11-13,97.0100000000,99.8300000000,100.5000000000,97.0100000000,57999022,5759429263.9800
2025-11-14,99.0000000000,98.3700000000,100.5000000000,98.3300000000,34298466,3396134915.9400
2025-11-17,97.8000000000,98.0800000000,98.5900000000,97.2500000000,20724759,2029207778.6200
2025-11-18,97.5400000000,96.4900000000,97.8500000000,96.0200000000,30475645,2949162764.5200
2025-11-19,96.4000000000,95.1700000000,96.6600000000,95.0100000000,34829235,3327809283.9400
2025-11-20,95.1700000000,93.6100000000,95.5000000000,93.5000000000,39181087,3692348084.8900
2025-11-21,92.4900000000,92.7000000000,94.3900000000,91.7000000000,45171313,4182916492.5400
2025-11-24,93.1000000000,93.9300000000,94.4100000000,92.2000000000,32730213,3064736738.5200
2025-11-25,94.0000000000,93.9100000000,95.3800000000,93.7000000000,27748887,2620855758.2300
2025-11-26,94.7500000000,95.0900000000,95.4400000000,94.4500000000,30657697,2914626392.7000
2025-11-27,94.6000000000,94.2900000000,95.1600000000,94.2200000000,20227996,1915349541.0800
2025-11-28,94.6000000000,95.1700000000,95.2300000000,94.2000000000,21935062,2080615710.1000
2025-12-01,95.3900000000,95.7700000000,96.3000000000,95.1400000000,23371272,2237016414.3000
2025-12-02,96.4200000000,96.6200000000,97.8000000000,96.2500000000,35921746,3483571735.4000
2025-12-03,96.6400000000,95.0500000000,96.6500000000,94.8900000000,23157284,2207429345.9000
2025-12-04,94.9200000000,95.2400000000,95.2900000000,94.2000000000,16614164,1576759405.2200
2025-12-05,95.2900000000,95.9800000000,96.2200000000,94.7100000000,21161847,2021250208.5000
2025-12-08,96.2100000000,96.5300000000,97.1500000000,96.2100000000,24780498,2397261754.4200
2025-12-09,96.2100000000,96.0300000000,96.6600000000,95.7000000000,16322702,1568057388.3300
2025-12-10,95.6000000000,96.4700000000,96.6500000000,94.9000000000,19840224,1902988179.7200
2025-12-11,96.9800000000,96.2300000000,97.1200000000,95.8500000000,25090767,2422448208.2700
2025-12-12,96.2000000000,97.0000000000,97.7000000000,95.6500000000,55462088,5390456375.3800
2025-12-15,96.5500000000,95.5300000000,97.1600000000,95.5300000000,29330099,2824248327.3700
2025-12-16,95.5000000000,94.2500000000,95.7000000000,94.1400000000,25876771,2450336536.0100
2025-12-17,94.5000000000,95.2100000000,95.7000000000,93.6800000000,27282500,2584139144.7200
2025-12-18,94.3900000000,93.5300000000,94.6000000000,93.5000000000,25279734,2376126962.2700
2025-12-19,94.0000000000,94.2300000000,95.2700000000,93.7300000000,27206794,2573037717.7500
2025-12-22,94.7000000000,94.3700000000,95.3600000000,94.2500000000,20623482,1952361858.3100
2025-12-23,94.5000000000,94.8100000000,95.5000000000,94.5000000000,23661741,2247679864.3500
2025-12-24,94.8000000000,94.4200000000,94.8000000000,94.0500000000,19280995,1819358258.5100
2025-12-25,94.4300000000,94.8400000000,95.2300000000,94.1200000000,18220163,1725723850.6000
2025-12-26,95.2800000000,100.0100000000,101.4500000000,95.2500000000,102095895,10178557961.8300
2025-12-29,100.5000000000,100.2100000000,101.3000000000,99.6000000000,51916696,5209488142.0300
2025-12-30,99.2600000000,99.7500000000,100.1500000000,98.7400000000,31875638,3174697985.9900
2025-12-31,99.9800000000,97.7200000000,100.2000000000,97.3800000000,40285887,3955310311.3600
2026-01-05,98.4000000000,98.1100000000,99.4800000000,97.9000000000,38262521,3762797878.2600
2026-01-06,98.2200000000,99.9900000000,100.5000000000,98.1200000000,52178486,5185026166.4200
2026-01-07,99.9600000000,97.6000000000,99.9600000000,97.0600000000,56084881,5502570730.8800
2026-01-08,97.2000000000,96.8800000000,97.2000000000,96.3300000000,30065475,2908439428.9300
2026-01-09,97.0500000000,97.0100000000,97.9500000000,96.9000000000,35034058,3412630184.7900
2026-01-12,97.0100000000,97.4700000000,98.0000000000,96.3000000000,42525719,4125432529.1200
2026-01-13,99.0000000000,97.1900000000,99.6000000000,96.8800000000,49872272,4905229941.7600
2026-01-14,96.8100000000,96.1000000000,97.7400000000,95.5100000000,51474973,4975154616.4100
2026-01-15,96.0800000000,95.6700000000,96.6400000000,95.6000000000,29563546,2835803089.8600
2026-01-16,96.7000000000,95.8600000000,97.4400000000,95.6000000000,38458802,3705328915.5200
2026-01-19,96.8100000000,96.1900000000,97.3000000000,95.7700000000,33492715,3227653861.7400
2026-01-20,96.2200000000,94.7400000000,96.2600000000,94.6800000000,38914947,3699337566.2500
2026-01-21,94.0100000000,94.1000000000,94.9400000000,94.0000000000,30833393,2910327666.1200
2026-01-22,94.7200000000,94.1200000000,95.1300000000,93.8900000000,29101425,2741536605.2900
2026-01-23,94.2400000000,93.6500000000,94.3600000000,93.5100000000,38330272,3598066420.8600
2026-01-26,93.6500000000,92.6300000000,93.6600000000,92.5000000000,37545961,3485372554.2800
2026-01-27,92.6700000000,91.8100000000,92.9900000000,91.8000000000,36298092,3340756010.2600
2026-01-28,91.8000000000,93.3400000000,93.5000000000,90.0100000000,71556618,6553150013.2900
2026-01-29,92.6600000000,92.3100000000,92.9200000000,91.6100000000,37182481,3423462524.9300
2026-01-30,92.2700000000,90.8900000000,92.2700000000,90.7000000000,32917560,3001871204.2700
2026-02-02,88.0000000000,87.0500000000,89.0900000000,86.9700000000,64697385,5676850726.5100
2026-02-03,87.2000000000,87.3700000000,87.4000000000,85.8800000000,37782685,3275997178.8500
2026-02-04,86.9900000000,89.1400000000,89.3300000000,86.4500000000,37650471,3322530225.3900
2026-02-05,88.5000000000,90.1100000000,91.2300000000,88.3300000000,35424031,3184480192.9800
2026-02-06,89.3900000000,89.8200000000,90.6600000000,89.0000000000,24708779,2217096985.3200
2026-02-09,90.5000000000,90.0600000000,90.6500000000,89.8300000000,20817951,1875980039.2800
2026-02-10,90.0000000000,90.8100000000,91.5700000000,89.8400000000,26760481,2434219974.8500
2026-02-11,90.8800000000,92.2800000000,92.9500000000,90.8800000000,39694959,3662117778.5400
2026-02-12,92.2900000000,91.1600000000,92.3500000000,91.0800000000,23031332,2106032227.1200
2026-02-13,90.0500000000,90.2700000000,91.0900000000,89.8800000000,21733887,1963579416.6800
2026-02-24,91.9800000000,90.8700000000,91.9900000000,90.6100000000,20644458,1879888761.4500
2026-02-25,90.8900000000,91.4500000000,92.7900000000,90.8900000000,32478010,2985714580.0900
2026-02-26,91.4000000000,89.8500000000,91.4000000000,89.6100000000,29101894,2619922211.4900
2026-02-27,89.4000000000,89.3200000000,89.9400000000,89.1000000000,21934083,1962319079.4000
2026-03-02,88.0000000000,96.7900000000,97.2500000000,87.7200000000,143513688,13507227574.2900
2026-03-03,96.3900000000,95.2100000000,96.9900000000,93.9900000000,86574145,8272503575.7400
2026-03-04,95.2000000000,95.9900000000,96.8000000000,93.7000000000,70096892,6674964517.7900
2026-03-05,96.8000000000,94.4700000000,96.8200000000,93.8900000000,55243997,5235746090.4500
2026-03-06,96.0000000000,93.6200000000,96.0000000000,93.2500000000,50354037,4743654924.9300
2026-03-09,93.6200000000,97.5200000000,98.0000000000,93.0000000000,109340899,10562485734.5300
2026-03-10,97.1800000000,96.6000000000,97.4900000000,96.0800000000,50746243,4907397250.9600
2026-03-11,96.7500000000,99.2200000000,100.3400000000,95.6700000000,90374375,8925093667.9400
2026-03-12,99.2300000000,99.1000000000,100.6900000000,98.7000000000,50252357,4995016177.1900
2026-03-13,99.0000000000,99.6700000000,100.7900000000,98.3000000000,51976482,5199004697.4700
2026-03-16,99.6700000000,104.6200000000,105.0000000000,98.7900000000,108781426,11184164654.6700
2026-03-17,104.6300000000,102.8700000000,106.6600000000,102.7100000000,84138860,8793237612.7300
2026-03-18,102.8200000000,101.6900000000,102.8200000000,100.0500000000,61799648,6257459329.8500
2026-03-19,100.9900000000,102.3100000000,103.8800000000,100.4700000000,53105939,5450382395.3600
2026-03-20,102.0000000000,103.0300000000,104.4500000000,101.5600000000,62878324,6495105103.6300
2026-03-23,103.8700000000,107.6300000000,111.8200000000,103.1800000000,178244551,19284919428.9500
2026-03-24,108.4000000000,106.6400000000,108.4000000000,104.9300000000,92144617,9784806490.8100
2026-03-25,106.7200000000,106.6000000000,107.6600000000,105.2800000000,66266489,7061311677.5700
2026-03-26,106.6200000000,103.1400000000,107.6800000000,102.7000000000,82812067,8655663075.4300
2026-03-27,103.9900000000,105.3000000000,105.8900000000,102.7500000000,65845464,6893710025.9900
2026-03-30,103.5100000000,106.0500000000,108.0000000000,103.2500000000,72755723,7713482118.3100
2026-03-31,107.0000000000,105.2500000000,108.4900000000,105.1000000000,58865901,6283345063.1500
2026-04-01,105.9000000000,102.6500000000,106.5000000000,102.3700000000,71519811,7383168511.5400
2026-04-02,102.4900000000,101.6500000000,103.4800000000,100.5000000000,60434947,6153958207.6000
2026-04-03,101.8000000000,99.0100000000,102.3000000000,99.0000000000,49174516,4921224065.5100
2026-04-07,99.5000000000,97.9800000000,99.7700000000,97.4500000000,37969746,3731963029.9000
2026-04-08,98.5000000000,101.2200000000,101.2800000000,98.1100000000,56281840,5621410290.0600
2026-04-09,100.2100000000,99.0300000000,100.2100000000,98.8100000000,37906293,3764528220.2000
2026-04-10,99.3900000000,101.6700000000,102.2000000000,99.0300000000,60573135,6130392651.8600
2026-04-13,101.5700000000,104.2500000000,104.9900000000,100.8100000000,66313598,6887089022.3600
2026-04-14,103.0000000000,103.8200000000,104.1900000000,102.5000000000,54334283,5614541232.0600
2026-04-15,103.8200000000,103.0300000000,104.7700000000,102.5000000000,42871917,4431952619.7100
2026-04-16,103.2800000000,105.5400000000,105.9700000000,103.2800000000,64366146,6763624066.8800
2026-04-17,104.9900000000,103.7800000000,105.4600000000,103.1200000000,44204763,4595671718.3300
2026-04-20,103.7800000000,102.9100000000,103.9500000000,102.6200000000,38367696,3957213043.2700
2026-04-21,102.9100000000,101.5300000000,103.1900000000,101.3300000000,43225769,4398233494.9700
2026-04-22,101.1100000000,101.6200000000,102.3800000000,100.6000000000,34373337,3485648244.0200
2026-04-23,101.5700000000,99.9800000000,101.5900000000,99.0100000000,49216375,4915554212.2100
2026-04-24,99.9100000000,99.4600000000,99.9100000000,98.7000000000,33773878,3348015918.7300
2026-04-27,100.0000000000,102.3400000000,104.0000000000,99.8800000000,60167020,6169037081.8600
2026-04-28,101.8500000000,101.4800000000,103.3000000000,101.3400000000,36155004,3687912785.4100
2026-04-29,101.4700000000,105.4000000000,105.6400000000,101.0000000000,105655781,11021927729.2400
2026-04-30,104.5400000000,102.9800000000,105.4500000000,102.3700000000,60097853,6206126903.4800
2026-05-06,101.7000000000,100.7500000000,101.8900000000,100.2000000000,67048711,6746578445.3700
2026-05-07,101.0500000000,100.4600000000,101.2600000000,100.0100000000,46884596,4708289850.7600
2026-05-08,100.4700000000,100.0200000000,101.0000000000,99.8000000000,38215750,3823821997.5700
2026-05-11,100.0200000000,100.4400000000,100.7300000000,99.0000000000,48281004,4812920714.7200
2026-05-12,99.9700000000,99.2300000000,100.1000000000,99.1000000000,35344129,3514548835.6300
2026-05-13,99.2300000000,98.6000000000,99.2500000000,97.8100000000,45619352,4481395883.5400
2026-05-14,99.0000000000,98.7300000000,100.0000000000,98.4500000000,33917988,3361151176.2200
2026-05-15,98.0000000000,96.3000000000,98.0300000000,96.2600000000,46621723,4507893857.5100
2026-05-18,95.3400000000,94.5100000000,95.9400000000,94.3000000000,35461317,3359745462.5600
2026-05-19,94.5100000000,96.0000000000,96.0800000000,93.8000000000,29618439,2822346576.2500
2026-05-20,95.3000000000,93.3600000000,95.4900000000,93.3000000000,41500993,3900216298.8700
2026-05-21,93.4100000000,93.5100000000,96.2000000000,93.4100000000,37394974,3540792198.9700
2026-05-22,93.5500000000,93.7500000000,94.1900000000,92.6100000000,26859177,2510615943.9000
