日期,开盘,收盘,最高,最低,成交量,成交额
2020-01-02,977.3127360000,979.0455600000,992.0937247200,966.9157920000,14809916,16696837095.0000
2020-01-03,967.7822040000,934.4773267200,967.7822040000,933.0390828000,13031878,14266380596.0000
2020-01-06,927.8059543200,933.9834718800,946.9016748000,924.7215276000,6341478,6853917601.0000
2020-01-07,933.5589300000,948.3139263600,952.1867880000,932.6058768000,4785359,5220697068.0000
2020-01-08,940.1003406000,942.7775536800,949.1543460000,937.9603029600,2500825,2720371915.0000
2020-01-09,947.8547280000,955.3925124000,957.7231606800,944.3890800000,3740587,4110949814.0000
2020-01-10,960.8509080000,963.8833500000,966.9071278800,955.2192300000,3597587,3993457118.0000
2020-01-13,963.8833500000,974.0810192400,978.3524304000,963.4501440000,3851575,4325687959.0000
2020-01-14,974.0203704000,959.4646488000,974.6181946800,955.6524360000,3514465,3916300790.0000
2020-01-15,960.8595721200,963.5627775600,971.7676992000,957.3852600000,2602911,2895603674.0000
2020-01-16,969.4023944400,959.1180840000,969.4023944400,955.2885429600,2319165,2571593141.0000
2020-01-17,961.7173200000,959.5512900000,964.1259453600,953.9282761200,2347275,2599645144.0000
2020-01-20,963.3288463200,945.2554920000,963.3288463200,937.4577840000,3539130,3858246844.0000
2020-01-21,936.5913720000,931.6528236000,941.7898440000,929.0535876000,3287405,3542441308.0000
2020-01-22,927.0608400000,931.8347701200,939.1906080000,914.3938965600,3620004,3875275065.0000
2020-01-23,932.2593120000,912.1585536000,932.2593120000,898.4692440000,5346843,5638945742.0000
2020-02-03,853.4158200000,869.8083350400,875.6652801600,849.0837600000,12344288,12314991759.0000
2020-02-04,879.4081800000,899.3443201200,915.7974840000,875.9511961200,6262418,6490469043.0000
2020-02-05,909.7326000000,909.7239358800,913.1982480000,895.0295883600,4741824,4956355235.0000
2020-02-06,917.9028651600,927.9272520000,931.3929000000,911.4827522400,4717121,5011246407.0000
2020-02-07,927.0695041200,932.2593120000,933.1257240000,919.2804602400,3127871,3348894576.0000
2020-02-10,920.1295440000,924.0197338800,931.0463352000,915.9707664000,3053342,3251908506.0000
2020-02-11,920.9959560000,951.3203760000,952.7759481600,920.8226736000,4791793,5222918915.0000
2020-02-12,943.5226680000,950.6878952400,952.0048414800,940.8194625600,2812543,3072293973.0000
2020-02-13,951.3203760000,945.2554920000,965.0876626800,942.6649201200,3035736,3335277425.0000
2020-02-14,944.7789654000,942.6562560000,947.4301861200,938.4195013200,2328760,2534568401.0000
2020-02-17,937.8909900000,947.6987738400,949.7521702800,937.8043488000,2702822,2946182657.0000
2020-02-18,944.3977441200,939.1906080000,950.3499945600,938.3241960000,2666496,2897729692.0000
2020-02-19,940.0570200000,950.0207580000,954.3528180000,933.9921360000,3705147,4052365602.0000
2020-02-20,950.1940404000,968.6486160000,973.8470880000,949.0763689200,4680262,5220660940.0000
2020-02-21,962.9822815200,964.2125865600,973.4485384800,961.7259841200,2894008,3225337160.0000
2020-02-24,957.8184660000,941.9457981600,961.7173200000,940.4902260000,3865036,4221857466.0000
2020-02-25,933.9921360000,931.2282817200,937.5357610800,925.2240465600,3838562,4127432130.0000
2020-02-26,920.1295440000,930.2665644000,939.1906080000,914.0646600000,4356097,4663278433.0000
2020-02-27,932.2593120000,942.1277446800,948.7124758800,932.2593120000,3449829,3758783810.0000
2020-02-28,927.3207636000,915.7974840000,937.4577840000,909.7066076400,4994657,5307929213.0000
2020-03-02,909.8279053200,940.9320961200,950.0640786000,909.7412641200,4766304,5154329159.0000
2020-03-03,951.3203760000,964.3165560000,969.4110585600,951.3203760000,5025015,5585227657.0000
2020-03-04,974.7135000000,978.1098350400,986.8432680000,967.1237308800,5379299,6080149243.0000
2020-03-05,984.5126197200,1014.5684520000,1018.0254358800,979.5307507200,6242645,7210485104.0000
2020-03-06,1007.6371560000,1001.1390660000,1018.9005120000,998.0892957600,3064100,3553622358.0000
2020-03-09,983.3776200000,965.1916321200,983.3776200000,962.8523197200,4340409,4865288500.0000
2020-03-10,964.3165560000,1001.5722720000,1011.9692160000,964.3165560000,5806293,6635936156.0000
2020-03-11,1001.1390660000,1003.7556302400,1013.3381469600,988.5760920000,3554757,4124607952.0000
2020-03-12,988.7667026400,986.4100620000,998.9730360000,974.8001412000,3663063,4172606105.0000
2020-03-13,944.3890800000,963.4761363600,978.1618197600,935.7249600000,7588531,8348496480.0000
2020-03-16,956.5015197600,924.4616040000,959.9411754000,920.1295440000,5123254,5548946745.0000
2020-03-17,914.0646600000,905.4871812000,933.9921360000,876.0465014400,7935912,8277472787.0000
2020-03-18,901.0684800000,873.3346318800,918.3967200000,873.3346318800,7345988,7582762547.0000
2020-03-19,861.2048638800,862.9463520000,879.4081800000,831.8421612000,10226507,10075880470.0000
2020-03-20,875.9425320000,896.9790153600,903.6677160000,875.9425320000,6013919,6169094444.0000
2020-03-23,866.4120000000,882.8738280000,896.9790153600,859.0648262400,4847210,4918121944.0000
2020-03-24,903.6677160000,914.9310720000,917.4263385600,896.7364200000,4665096,4900364144.0000
2020-03-25,942.6389277600,935.8116012000,945.5674003200,930.6997704000,3704866,4015061222.0000
2020-03-26,929.9459919600,922.6594670400,945.4287744000,920.1295440000,3004856,3231754298.0000
2020-03-27,940.0570200000,931.8261060000,946.1219040000,931.4015641200,3626112,3931759353.0000
2020-03-30,918.6133230000,928.7936640000,933.1257240000,915.7974840000,3068741,3279823025.0000
2020-03-31,937.4577840000,962.5837320000,966.0493800000,937.2845016000,4798437,5293170703.0000
2020-04-01,967.7822040000,955.6524360000,978.1791480000,955.6524360000,3320535,3700184247.0000
2020-04-02,956.5188480000,992.0417400000,992.0417400000,956.4148785600,4520561,5095167594.0000
2020-04-03,986.8692603600,987.5277334800,994.6063195200,980.7610557600,2761761,3148421866.0000
2020-04-07,1006.7274234000,1004.9945994000,1010.6695980000,995.4120826800,4348800,5041525481.0000
2020-04-08,998.1066240000,1004.8299811200,1010.5049797200,998.1066240000,2422442,2809422100.0000
2020-04-09,1010.2363920000,1003.7383020000,1012.8356280000,994.6063195200,2281697,2640230492.0000
2020-04-10,1003.2011265600,1009.3699800000,1023.6657780000,999.4062420000,2780434,3252600672.0000
2020-04-13,1009.3699800000,1007.0306676000,1013.6847117600,995.0741820000,1598147,1854563731.0000
2020-04-14,1018.9005120000,1026.7848612000,1032.3732186000,1010.2363920000,3679955,4340858665.0000
2020-04-15,1032.7631040000,1030.6837152000,1043.1513838800,1028.5176852000,2933229,3501318260.0000
2020-04-16,1033.6035236400,1037.1818052000,1037.1818052000,1025.9184492000,2172774,2588431844.0000
2020-04-17,1048.3585200000,1062.2211120000,1069.6375987200,1044.0351241200,3824569,4676618151.0000
2020-04-20,1057.8890520000,1063.3474476000,1066.9863780000,1054.2501216000,2423864,2963483323.0000
2020-04-21,1057.9063802400,1039.6944000000,1060.4796238800,1033.6295160000,2922422,3517018487.0000
2020-04-22,1044.8928720000,1078.2497340000,1082.5817940000,1041.6178346400,4403473,5430377598.0000
2020-04-23,1083.0150000000,1084.9730911200,1096.6003401600,1081.0829012400,2689851,3377042463.0000
2020-04-24,1081.2821760000,1083.5001907200,1091.5838146800,1070.1747741600,1912240,2390444036.0000
2020-04-27,1089.0798840000,1105.5417120000,1107.4218260400,1083.8467555200,2590391,3284513346.0000
2020-04-28,1113.6080077200,1108.2535815600,1126.2836152800,1101.9720945600,3466190,4458549425.0000
2020-04-29,1107.1012536000,1104.5886588000,1116.0252972000,1089.9462960000,2344406,2976724957.0000
2020-04-30,1101.2096520000,1096.6176684000,1113.3480841200,1090.7087385600,2466087,3134408881.0000
2020-05-06,1083.8814120000,1126.3356000000,1126.3356000000,1083.0150000000,3583481,4598589768.0000
2020-05-07,1125.8157528000,1136.7325440000,1139.3231158800,1120.2707160000,2793474,3647628296.0000
2020-05-08,1141.0646040000,1138.9938793200,1159.2592560000,1133.7087661200,2907868,3839218026.0000
2020-05-11,1143.6638400000,1146.2717401200,1156.6600200000,1138.1794520400,2367119,3135990964.0000
2020-05-12,1141.9310160000,1154.9271960000,1156.6513558800,1140.1981920000,1972181,2621824685.0000
2020-05-13,1154.9271960000,1157.4831114000,1159.2505918800,1146.1591065600,2201431,2931464950.0000
2020-05-14,1152.3279600000,1149.3734950800,1156.5560505600,1148.0912053200,1857492,2467976357.0000
2020-05-15,1151.4615480000,1137.5989560000,1155.3604020000,1127.9644545600,2639808,3469736812.0000
2020-05-18,1131.5340720000,1166.3724985200,1170.9558180000,1130.7802935600,3436211,4587989708.0000
2020-05-19,1181.7859680000,1166.2858573200,1181.7859680000,1159.2592560000,2478746,3342210487.0000
2020-05-20,1166.2858573200,1170.5226120000,1177.6098621600,1158.2282257200,2118340,2859455106.0000
2020-05-21,1173.9882600000,1183.6054332000,1188.6826075200,1172.1341383200,2305158,3147105462.0000
2020-05-22,1183.5187920000,1150.7684184000,1183.6054332000,1146.1591065600,3442746,4608696074.0000
2020-05-25,1152.3279600000,1180.8329148000,1184.0213109600,1144.5302520000,3156100,4260387678.0000
2020-05-26,1186.8804705600,1176.5874960000,1186.9411194000,1173.9882600000,2247019,3056188321.0000
2020-05-27,1177.4539080000,1159.2592560000,1178.3203200000,1154.9271960000,2677741,3596654307.0000
2020-05-28,1159.2332636400,1164.4577280000,1167.0049792800,1144.6428855600,2648591,3536546893.0000
2020-05-29,1154.1474252000,1184.0386392000,1186.9671117600,1154.1474252000,3044435,4144247222.0000
2020-06-01,1196.5149720000,1229.8718340000,1230.3916812000,1196.5149720000,3547976,4986178912.0000
2020-06-02,1226.8480561200,1222.2560725200,1237.1496948000,1218.7471039200,2596010,3679210598.0000
2020-06-03,1225.9729800000,1212.3703116000,1228.1390100000,1209.3118772400,2355736,3308382799.0000
2020-06-04,1209.5111520000,1219.8994318800,1222.5073320000,1209.5111520000,1803741,2534459742.0000
2020-06-05,1217.5254630000,1234.6371000000,1237.9987785600,1213.9125249600,1834706,2597524609.0000
2020-06-08,1234.6371000000,1218.2619132000,1243.3012200000,1214.7182881200,2930045,4145298455.0000
2020-06-09,1219.9080960000,1227.3159186000,1234.6371000000,1213.5659601600,2261191,3199849660.0000
2020-06-10,1234.6371000000,1233.4761079200,1241.8543119600,1227.7058040000,2270074,3234843851.0000
2020-06-11,1222.5159961200,1213.3753495200,1228.5635518800,1210.3688998800,3071171,4314846228.0000
2020-06-12,1201.8607340400,1227.1599644400,1227.1599644400,1198.5163837200,2842742,3992323389.0000
2020-06-15,1214.7096240000,1198.2477960000,1223.0271792000,1196.5149720000,3461541,4819512189.0000
2020-06-16,1211.6771820000,1216.3384785600,1225.1065680000,1207.0245495600,2920664,4099718932.0000
2020-06-17,1223.2524463200,1217.3088600000,1223.2871028000,1208.6620682400,1945307,2730097120.0000
2020-06-18,1217.2222188000,1224.2401560000,1224.4134384000,1213.0634412000,2101041,2956800081.0000
2020-06-19,1230.3050400000,1247.4946540800,1252.1386224000,1226.0596212000,3895833,5603232657.0000
2020-06-22,1243.3878612000,1246.7668680000,1251.0036226800,1241.7416784000,2324700,3343536637.0000
2020-06-23,1243.3012200000,1277.5244940000,1284.0225840000,1242.0189302400,3393426,4963194685.0000
2020-06-24,1282.8893080000,1279.7425653000,1284.7387863000,1266.5858500000,2513899,3663537115.0000
2020-06-29,1269.2154400000,1282.5124001000,1284.9929800000,1259.5823753000,2808061,4064048236.0000
2020-06-30,1282.4685736000,1282.2582064000,1287.6050394000,1275.4563336000,2244614,3281641199.0000
2020-07-01,1286.7460400000,1309.7724831000,1320.1418330000,1283.2574506000,3868249,5759640251.0000
2020-07-02,1313.9184700000,1353.3623200000,1359.4103770000,1310.4123500000,4588372,7014289615.0000
2020-07-03,1358.6215000000,1351.4251887000,1360.8128250000,1329.5908264000,3512581,5395637032.0000
2020-07-06,1348.1031400000,1402.4480000000,1416.4724800000,1342.6774193000,5182196,8228068998.0000
2020-07-07,1405.1564777000,1479.5826400000,1529.3870746000,1403.3245300000,6666393,11219852098.0000
2020-07-08,1472.5704000000,1473.7449502000,1506.7550700000,1455.0398000000,5316998,8963189092.0000
2020-07-09,1482.2122300000,1495.3601800000,1500.6193600000,1474.3234600000,3503324,5951732803.0000
2020-07-10,1480.4591700000,1502.2409405000,1522.1819980000,1480.4065782000,3710044,6352507468.0000
2020-07-13,1502.9684604000,1561.9676947000,1566.3591100000,1502.9684604000,6072716,10679460274.0000
2020-07-14,1561.9676947000,1544.4458600000,1562.0027559000,1532.5250520000,4609351,8135834910.0000
2020-07-15,1529.4396664000,1536.1451209000,1562.5023780000,1529.2906563000,4071294,7176560649.0000
2020-07-16,1516.3180123000,1414.7194200000,1516.3180123000,1402.4480000000,10224219,16901373196.0000
2020-07-17,1419.9786000000,1444.5652665000,1466.0753127000,1419.9786000000,6590206,10863420089.0000
2020-07-20,1448.4658250000,1434.8445488000,1458.5371547000,1392.7009864000,4528033,7363822989.0000
2020-07-21,1443.3293592000,1462.0520400000,1492.5552840000,1429.6116647000,4196950,7026353150.9800
2020-07-22,1453.2867400000,1470.8874624000,1498.8663000000,1453.2867400000,3920121,6637265371.7100
2020-07-23,1465.5581600000,1469.0642800000,1482.2122300000,1446.2745000000,3432052,5739050333.4200
2020-07-24,1450.5256705000,1398.3283090000,1460.2989800000,1389.3000500000,7875201,12705941887.2200
2020-07-27,1416.4812453000,1422.2137515000,1428.5685940000,1402.4480000000,3878817,6279664443.7100
2020-07-28,1428.7439000000,1463.8051000000,1472.5704000000,1428.7439000000,5491152,9133721867.3100
2020-07-29,1481.3357000000,1465.5581600000,1481.3357000000,1431.3734900000,5074843,8411789966.5000
2020-07-30,1464.8569360000,1472.5704000000,1490.6181527000,1464.2433650000,3837304,6486855474.9900
2020-07-31,1476.9530500000,1470.9751154000,1494.4836500000,1442.7683800000,4068474,6846747330.2200
2020-08-03,1478.6009264000,1462.0520400000,1487.1032674000,1455.0398000000,3466114,5790041421.9300
2020-08-04,1468.1877500000,1463.7963347000,1475.1912247000,1455.0398000000,3194051,5337185768.0100
2020-08-05,1456.8717477000,1462.0520400000,1466.5135777000,1440.4105143000,2552169,4236612469.3400
2020-08-06,1463.8051000000,1435.7210788000,1467.3375159000,1428.7439000000,3264878,5372942644.9600
2020-08-07,1441.6902481000,1429.6204300000,1445.9852451000,1401.1332050000,3424205,5560065753.2700
2020-08-10,1426.9645441000,1432.2412547000,1441.8567888000,1409.5566583000,2362354,3857721122.3800
2020-08-11,1437.5092000000,1439.7092903000,1460.6758879000,1437.5092000000,3581818,5936904875.6400
2020-08-12,1431.3734900000,1426.0704835000,1438.3857300000,1407.0497825000,2793392,4529267492.9800
2020-08-13,1428.7439000000,1433.1265500000,1436.5274864000,1410.3367700000,2054134,3341652185.8900
2020-08-14,1437.4215470000,1455.9163300000,1460.0360210000,1429.6204300000,3765318,6230475427.2400
2020-08-17,1467.3112200000,1481.3357000000,1493.9139055000,1463.8051000000,4357201,7363610867.3300
2020-08-18,1487.8044914000,1494.4836500000,1507.6316000000,1482.2122300000,3042281,5192751797.1100
2020-08-19,1490.1010000000,1478.7061100000,1505.0020100000,1475.1912247000,2691498,4578143762.2000
2020-08-20,1467.3112200000,1458.5459200000,1471.6938700000,1451.5336800000,2238233,3727183935.4500
2020-08-21,1466.4346900000,1469.0642800000,1488.3479400000,1464.6816300000,2508241,4217048420.2400
2020-08-24,1490.1010000000,1486.9016655000,1497.1132400000,1482.2209953000,3093344,5260286523.4600
2020-08-25,1494.3083440000,1513.7673100000,1531.1050734000,1488.9001539000,4187249,7227309774.1400
2020-08-26,1519.9030200000,1513.7673100000,1529.5448500000,1503.2664806000,2621573,4530374186.4700
2020-08-27,1518.1411947000,1517.2734300000,1519.8854894000,1494.4836500000,2263553,3896759446.1700
2020-08-28,1517.2734300000,1540.0632100000,1546.1989200000,1508.9463950000,4229962,7389242302.4900
2020-08-31,1551.9664874000,1565.9208450000,1591.7784800000,1551.9664874000,4781036,8608932570.4100
2020-09-01,1570.7417600000,1579.4895294000,1579.5070600000,1555.8495153000,3163992,5661594315.1600
2020-09-02,1599.6672500000,1573.3713500000,1602.2968400000,1551.4581000000,3200929,5746351923.0100
2020-09-03,1573.3713500000,1571.6182900000,1588.2723600000,1559.9604410000,3043735,5471333880.1000
2020-09-04,1547.9519800000,1551.4581000000,1557.5850447000,1530.4213800000,3085796,5433479408.0000
2020-09-07,1542.6928000000,1510.6994550000,1558.4615747000,1493.5808241000,3111202,5446354619.0300
2020-09-08,1518.1499600000,1500.0934420000,1523.2338340000,1470.0021671000,3447238,5865962723.7500
2020-09-09,1489.8117451000,1479.5826400000,1499.7428300000,1472.6054612000,2596355,4401806095.1400
2020-09-10,1493.3792222000,1495.1848740000,1507.6316000000,1490.1010000000,2477833,4236694401.5200
2020-09-11,1479.5826400000,1519.0264900000,1521.6560800000,1479.5826400000,3108800,5339883407.7600
2020-09-14,1529.5448500000,1547.9519800000,1550.5815700000,1516.9052874000,3105601,5448188995.3800
2020-09-15,1551.4493347000,1542.6928000000,1551.4493347000,1531.9553075000,2082087,3654872008.5100
2020-09-16,1542.6928000000,1512.1019030000,1546.9089093000,1506.7550700000,2251598,3916457761.6500
2020-09-17,1490.1010000000,1464.2608956000,1490.1010000000,1453.2867400000,6367985,10683350186.5000
2020-09-18,1459.4224500000,1485.7183500000,1485.7183500000,1433.1353153000,4720140,7853673240.8700
2020-09-21,1483.7549228000,1461.0002040000,1483.7549228000,1460.8774898000,2244407,3756765108.0700
2020-09-22,1446.2745000000,1460.0272557000,1478.6885794000,1446.2745000000,2326547,3890070212.3900
2020-09-23,1433.1265500000,1446.2569694000,1460.3077453000,1420.8726606000,3572552,5878691068.9300
2020-09-24,1433.9767841000,1428.1478596000,1454.0580864000,1425.9390040000,3005078,4915392273.4900
2020-09-25,1428.7439000000,1433.2229683000,1446.2745000000,1424.3612500000,2258296,3700843486.0000
2020-09-28,1433.2930907000,1455.9163300000,1462.4903050000,1433.2930907000,2423222,4019640150.4200
2020-09-29,1463.2178249000,1448.2905190000,1463.2791820000,1448.2905190000,1743078,2895081365.6100
2020-09-30,1455.0398000000,1462.4903050000,1483.0011070000,1455.0398000000,2708781,4536012539.9100
2020-10-09,1483.0887600000,1486.5948800000,1495.7283226000,1479.5826400000,3423988,5817280604.6200
2020-10-12,1490.1010000000,1534.4621833000,1534.4621833000,1490.1010000000,4372904,7597987786.3300
2020-10-13,1534.4709486000,1524.2856700000,1534.4709486000,1520.7795500000,2294389,3995560518.3300
2020-10-14,1525.1622000000,1515.5203700000,1531.2803794000,1512.8907800000,2048139,3554316588.7400
2020-10-15,1508.6220789000,1512.0142500000,1520.7795500000,1508.5081300000,1620436,2801250556.4800
2020-10-16,1512.0142500000,1500.6193600000,1520.4114074000,1492.7305900000,1737738,2991246892.1300
2020-10-19,1512.0142500000,1489.2244700000,1519.8854894000,1483.0011070000,1922632,3284383414.7100
2020-10-20,1490.0922347000,1519.9030200000,1520.7532541000,1485.7183500000,2773493,4787807535.8200
2020-10-21,1519.9906730000,1519.3157449000,1527.0467395000,1510.2611900000,1890137,3275357440.3000
2020-10-22,1516.3969000000,1527.3535250000,1529.5448500000,1503.6959803000,2248087,3897729793.1000
2020-10-23,1525.8458934000,1503.5382049000,1531.8150627000,1502.3724200000,1929169,3339987454.0800
2020-10-26,1419.1020700000,1440.1387900000,1457.5992676000,1402.4480000000,6601529,10821908227.1200
2020-10-27,1440.1387900000,1424.3612500000,1441.0153200000,1416.5776636000,4394440,7156688306.5800
2020-10-28,1425.2377800000,1459.2559093000,1469.9408100000,1424.4313724000,3463653,5739452181.1400
2020-10-29,1450.5169052000,1469.0642800000,1497.1132400000,1443.6449100000,3937376,6633168612.7700
2020-10-30,1470.8173400000,1463.8226306000,1486.5948800000,1459.4224500000,2605545,4379602067.6800
2020-11-02,1468.1877500000,1467.3199853000,1485.7183500000,1465.5581600000,2106643,3544422245.4300
2020-11-03,1476.9442847000,1485.7183500000,1495.2725270000,1468.6260150000,2349749,3976621208.0600
2020-11-04,1490.1010000000,1489.7328574000,1493.6071200000,1476.9530500000,1644371,2788396252.9400
2020-11-05,1505.0020100000,1509.2970070000,1518.5706944000,1500.7070130000,2352414,4053043270.7100
2020-11-06,1516.8789915000,1490.6444486000,1517.7905827000,1481.3357000000,2305153,3932702366.7000
2020-11-09,1491.3106114000,1527.4148821000,1534.5235404000,1490.6444486000,4146970,7198679682.9500
2020-11-10,1536.4869676000,1529.5448500000,1546.6196544000,1521.6560800000,3018944,5287968172.7400
2020-11-11,1529.5448500000,1517.5802155000,1558.0320750000,1517.2734300000,3485073,6122365404.4100
2020-11-12,1516.4056653000,1520.5954787000,1533.9275000000,1509.6213231000,2347309,4071729791.5600
2020-11-13,1511.1377200000,1494.4836500000,1515.4151864000,1482.2122300000,2815548,4791276459.4700
2020-11-16,1499.7428300000,1516.4407265000,1516.4407265000,1487.6993078000,3061349,5247897160.8600
2020-11-17,1525.1622000000,1503.9501740000,1527.2220455000,1491.0388871000,2522403,4355288046.5600
2020-11-18,1503.2489500000,1484.5350345000,1508.0961609000,1475.3402348000,3517895,5973146815.3200
2020-11-19,1476.5147850000,1507.7981407000,1512.0142500000,1473.0963180000,2781576,4767508752.8100
2020-11-20,1507.6316000000,1507.5965388000,1521.6560800000,1501.1891045000,2187466,3771894859.4900
2020-11-23,1552.3433953000,1569.1727713000,1586.4316470000,1552.3433953000,6663724,11926870594.6000
2020-11-24,1551.4493347000,1545.7606550000,1562.4147250000,1535.2159991000,3246536,5736960168.0700
2020-11-25,1544.0075950000,1513.6621264000,1550.4763864000,1511.1377200000,2822632,4910540740.6500
2020-11-26,1512.8907800000,1520.2448667000,1525.1534347000,1512.1720254000,2322830,4027749312.8100
2020-11-27,1518.7284698000,1523.3214870000,1525.1884959000,1505.8785400000,2156861,3737697984.7000
2020-11-30,1520.7795500000,1502.2935323000,1524.1980170000,1502.2935323000,3194007,5520322173.1600
2020-12-01,1512.8907800000,1522.5326100000,1524.2769047000,1507.6403653000,2819620,4891829153.1700
2020-12-02,1530.4213800000,1523.4179053000,1533.0509700000,1517.2734300000,2357169,4101369305.9900
2020-12-03,1523.4179053000,1533.0509700000,1538.8886598000,1518.2376130000,2950578,5147357780.6500
2020-12-04,1535.6805600000,1571.7147083000,1577.8416530000,1535.6805600000,6249119,11176048846.8700
2020-12-07,1580.1206310000,1588.6229720000,1613.1570467000,1578.2360915000,5833133,10617305103.9500
2020-12-08,1590.9019500000,1621.5805000000,1643.4937500000,1589.1488900000,6145400,11333352154.2700
2020-12-09,1635.5611535000,1612.8152000000,1635.6049800000,1611.9386700000,3115212,5766037608.8400
2020-12-10,1612.8152000000,1606.5918370000,1621.3788981000,1602.2968400000,3265354,6009239910.8600
2020-12-11,1608.2397134000,1595.2846000000,1610.4660996000,1581.9701093000,3077579,5595359665.3900
2020-12-14,1602.0952381000,1603.1733700000,1604.0323694000,1590.9019500000,3305200,6026813427.8500
2020-12-15,1607.1177550000,1591.7872453000,1610.3784466000,1582.1366500000,2960497,5383582284.1700
2020-12-16,1604.4881650000,1612.8152000000,1617.7851251000,1595.4686713000,3215016,5901298274.8500
2020-12-17,1617.6361150000,1635.1754803000,1637.3580400000,1612.8152000000,3603064,6683421886.3900
2020-12-18,1623.1670193000,1617.1978500000,1638.2433353000,1613.7618524000,2707698,5020968993.2200
2020-12-21,1612.8152000000,1615.0065250000,1622.6586319000,1610.7115280000,3069672,5663526809.1300
2020-12-22,1621.5542041000,1648.7529300000,1664.5217047000,1615.0152903000,4065060,7618583444.2900
2020-12-23,1663.6451747000,1614.2614745000,1670.8414860000,1596.1786606000,4770609,8901002261.8800
2020-12-24,1593.5315400000,1604.3479202000,1629.3640864000,1573.3888806000,3785714,6921989374.4200
2020-12-25,1580.3748247000,1604.0499000000,1618.9509100000,1577.7540000000,2308805,4218997634.2700
2020-12-28,1601.0696980000,1641.7406900000,1655.5898640000,1600.5876065000,3008037,5616528738.0700
2020-12-29,1641.7406900000,1636.4815100000,1653.8368040000,1625.9631500000,2286759,4275994833.5500
2020-12-30,1639.1111000000,1694.3324900000,1694.3324900000,1639.1023347000,3445210,6604461376.1100
2020-12-31,1701.3447300000,1751.3069400000,1752.1659394000,1699.5916700000,3886007,7682300728.3200
2021-01-04,1753.0424694000,1750.4304100000,1757.4338847000,1738.8689793000,4351400,8686920261.1200
2021-01-05,1744.2947000000,1805.1697085000,1805.1697085000,1737.6856638000,5211605,10592557369.7000
2021-01-06,1809.8591440000,1840.7130000000,1862.6262500000,1784.6413759000,4741020,9882593867.1000
2021-01-07,1838.0834100000,1875.7742000000,1875.7742000000,1818.7997500000,3793139,7991178754.0700
2021-01-08,1877.5272600000,1831.9477000000,1885.3108464000,1808.2989206000,5386164,11345202869.1500
2021-01-11,1831.9477000000,1840.4763369000,1884.9777650000,1804.4246580000,5107990,10768565414.6600
2021-01-12,1830.1946400000,1894.0936770000,1894.0936770000,1827.5650500000,4105859,8800558287.6600
2021-01-13,1896.8109200000,1896.8109200000,1904.9889449000,1871.3915500000,3438993,7418330853.8200
2021-01-14,1889.7986800000,1870.5150200000,1895.9343900000,1854.8338983000,3615220,7722089683.7200
2021-01-15,1853.8609500000,1824.9354600000,1870.8218055000,1778.4793700000,5950939,12372103226.5500
2021-01-18,1806.5809218000,1808.2813900000,1833.2449644000,1788.3578631000,3914404,8076715789.5000
2021-01-19,1817.1431083000,1761.3081473000,1837.4698390000,1759.0642305000,4634519,9479278513.1900
2021-01-20,1760.0722400000,1788.6734139000,1801.6986497000,1737.7207250000,4508242,9126453276.9800
2021-01-21,1795.1334400000,1814.4171000000,1831.9652306000,1788.9977300000,3831017,7953455966.9300
2021-01-22,1813.5405700000,1823.1385735000,1840.7130000000,1805.7394530000,2924761,6090260363.6000
2021-01-25,1825.8119900000,1906.4527500000,1910.3971350000,1825.8119900000,5595716,12029474557.6700
2021-01-26,1915.2180500000,1877.4308417000,1916.9711100000,1862.7226683000,3174746,6820173361.7100
2021-01-27,1877.4308417000,1831.0711700000,1877.4308417000,1827.5650500000,3712017,7809446386.5400
2021-01-28,1823.1824000000,1830.1946400000,1849.1802798000,1805.6693306000,3512864,7337084454.9800
2021-01-29,1841.7560707000,1854.8952554000,1884.0837044000,1832.1405366000,3370133,7166179277.1700
2021-02-01,1867.0089000000,1848.8822596000,1893.3048000000,1836.3303500000,2934059,6219639110.8000
2021-02-02,1851.4241966000,1880.1568500000,1884.5307347000,1842.5537130000,3458225,7372233581.9000
2021-02-03,1884.5395000000,1919.5218123000,1926.8496031000,1875.7742000000,3871415,8384049314.3100
2021-02-04,1920.4772300000,2034.2946505000,2042.3149000000,1920.4772300000,6385101,14596930187.5000
2021-02-05,2037.9322500000,2027.4138900000,2072.6428380000,2008.1302300000,3972906,9253566204.8200
2021-02-08,2048.4506100000,2076.3242640000,2085.1596864000,2027.4138900000,3578573,8420758624.8100
2021-02-09,2076.3242640000,2153.1345879000,2153.1345879000,2059.8455000000,3329655,7972930044.9800
2021-02-10,2178.1770500000,2279.8545300000,2280.0298360000,2178.1770500000,6137057,15675929713.5000
2021-02-18,2268.4421094000,2165.9056300000,2303.4156564000,2160.6464500000,6591232,16704135269.4700
2021-02-19,2148.5152748000,2156.2638000000,2188.3973898000,2087.5438480000,5938546,14525164524.5700
2021-02-22,2151.8811500000,2005.5181706000,2151.8811500000,1996.9281766000,7893547,18498777222.5400
2021-02-23,1985.4631642000,2022.1547100000,2055.3664317000,1985.3404500000,5745460,13316110795.1600
2021-02-24,2023.0224747000,1918.7241700000,2031.7965400000,1893.7430650000,8211578,18195034445.0100
2021-02-25,1936.2547700000,1884.5395000000,1949.8409850000,1859.3042013000,5972643,12982145755.1200
2021-02-26,1840.7130000000,1860.6803534000,1910.7915735000,1812.0504690000,6652506,14097015493.7000
2021-03-01,1909.9588700000,1891.5517400000,1909.9588700000,1858.2436000000,4491626,9686945528.9200
2021-03-02,1910.8354000000,1803.8987400000,1910.8354000000,1781.9854900000,7076450,14796698645.5200
2021-03-03,1788.1212000000,1875.7742000000,1884.3378981000,1781.9854900000,5421546,11366685429.0800
2021-03-04,1836.3303500000,1781.9854900000,1837.2068800000,1761.9129530000,6508829,13297304315.6500
2021-03-05,1753.0600000000,1805.7482183000,1836.3303500000,1742.5416400000,6377920,13100315985.4200
2021-03-08,1818.7646888000,1717.9988000000,1827.5650500000,1717.9988000000,6309959,12724245990.3800
2021-03-09,1713.6161500000,1697.8298447000,1753.0600000000,1665.5647754000,8226581,16100769578.8700
2021-03-10,1732.8998100000,1726.7728653000,1752.9460511000,1724.1345100000,5117174,10136910283.8200
2021-03-11,1731.1467500000,1795.1334400000,1823.1736347000,1719.2960644000,5676897,11521736383.8500
2021-03-12,1814.4171000000,1775.8497800000,1820.5528100000,1754.8218253000,4032251,8181594631.1700
2021-03-15,1796.8865000000,1731.5411885000,1814.2417940000,1710.2415095000,6248487,12459955712.1900
2021-03-16,1731.0853929000,1762.2635650000,1770.5818347000,1722.3814500000,3464850,6918600717.4100
2021-03-17,1753.0600000000,1779.6714508000,1796.8865000000,1732.0320453000,3137491,6352656523.2400
2021-03-18,1783.7385500000,1814.1541410000,1828.7571308000,1783.7385500000,3386488,6997030294.3800
2021-03-19,1783.7385500000,1761.8253000000,1790.7507900000,1746.2493619000,3578077,7211521835.4800
2021-03-22,1753.1476530000,1744.2859347000,1775.9286677000,1714.0982415000,3691407,7323391310.9300
2021-03-23,1752.0782864000,1749.5538800000,1760.7734640000,1726.7641000000,2744619,5459520703.3100
2021-03-24,1736.4059300000,1743.4181700000,1764.4548900000,1736.4059300000,2935739,5857848160.3300
2021-03-25,1726.7728653000,1727.6406300000,1743.3129864000,1706.4286040000,3157523,6216733243.7000
2021-03-26,1739.9120500000,1764.4548900000,1772.3436600000,1716.2457400000,5001642,9987629443.8100
2021-03-29,1790.9260960000,1782.9496730000,1837.5136655000,1775.9812595000,5699220,11740129412.7900
2021-03-30,1788.1212000000,1802.1895065000,1828.4415800000,1783.8086724000,3262697,6717493349.5500
2021-03-31,1792.5915030000,1760.9487700000,1793.3979106000,1753.0600000000,3715441,7489086233.4300
2021-04-01,1771.4671300000,1792.0655850000,1794.0816040000,1754.1293666000,2658763,5379775870.0200
2021-04-02,1802.1456800000,1895.0578600000,1897.6874500000,1802.1456800000,5202757,10981752657.5800
2021-04-06,1894.1813300000,1863.5290759000,1895.0403294000,1842.7290190000,3274177,6967525036.5900
2021-04-07,1844.2717118000,1806.5283300000,1855.8769690000,1796.8865000000,4020097,8317799924.6500
2021-04-08,1794.2832059000,1814.4171000000,1822.3058700000,1791.6273200000,2854762,5893307514.4700
2021-04-09,1789.8742600000,1770.5906000000,1800.3926200000,1757.4514153000,2880886,5832453811.8000
2021-04-12,1762.7018300000,1760.8523517000,1779.3559000000,1745.7848010000,3194307,6409917317.5800
2021-04-13,1770.5906000000,1771.4671300000,1796.7111940000,1760.9487700000,2899215,5883787293.2700
2021-04-14,1783.7385500000,1794.2569100000,1795.1334400000,1767.0844800000,2411465,4908790022.8400
2021-04-15,1780.1447770000,1766.7338680000,1794.1692570000,1744.2947000000,3436621,6903769489.5100
2021-04-16,1775.0433724000,1801.2516194000,1812.6640400000,1763.5783600000,3029370,6183895053.7500
2021-04-19,1801.2691500000,1830.1946400000,1839.2754908000,1781.9854900000,3175391,6610577917.1800
2021-04-20,1815.3812830000,1836.1550440000,1866.1323700000,1814.4171000000,2829037,5949669952.6800
2021-04-21,1819.6762800000,1823.1824000000,1838.7846340000,1810.1221030000,2614975,5446145952.1300
2021-04-22,1831.8600470000,1801.7074150000,1839.8364700000,1798.2012950000,2685002,5539295655.7700
2021-04-23,1802.1193841000,1848.5491782000,1858.1384164000,1799.0778250000,3346277,7002695288.1000
2021-04-26,1868.7619600000,1821.2715646000,1871.3915500000,1817.5726080000,3404511,7160836874.3600
2021-04-27,1829.3882324000,1835.8394932000,1836.5494825000,1810.1133377000,2210785,4607779001.5600
2021-04-28,1761.8253000000,1789.8742600000,1794.6951750000,1755.6895900000,8134295,16463574636.6000
2021-04-29,1794.2919712000,1776.1653308000,1796.8339082000,1765.3314200000,4128378,8370431227.6800
2021-04-30,1775.8497800000,1759.0028734000,1784.6150800000,1756.3119263000,3840137,7723747038.4300
2021-05-06,1753.0600000000,1717.1222700000,1759.0554652000,1711.8630900000,5354614,10584968907.1400
2021-05-07,1722.3814500000,1668.0365900000,1724.9935094000,1666.2835300000,5249339,10101703446.0600
2021-05-10,1665.4070000000,1647.0261659000,1673.2957700000,1635.6137453000,4600318,8677753607.6000
2021-05-11,1644.3702800000,1717.1222700000,1723.2579800000,1642.0036490000,4249412,8209251913.8800
2021-05-12,1708.4270924000,1739.0355200000,1752.1834700000,1708.3569700000,3269887,6473203286.0600
2021-05-13,1723.0388475000,1728.0788950000,1739.9558765000,1711.8630900000,2507751,4934954969.1400
2021-05-14,1737.2824600000,1761.6938205000,1779.7941650000,1732.0232800000,3561129,7150302044.3700
2021-05-17,1775.0609030000,1803.8636788000,1827.7403560000,1775.0609030000,4452400,9178509985.3700
2021-05-18,1810.0344500000,1805.0469943000,1820.5528100000,1792.5564418000,1750428,3595891741.8300
2021-05-19,1804.7752700000,1796.0099700000,1818.6332093000,1788.1212000000,2240972,4606452358.4700
2021-05-20,1817.9232200000,1804.6700864000,1818.0108730000,1792.8194008000,2185716,4500663211.2500
2021-05-21,1801.3392724000,1789.9619130000,1823.0772164000,1785.5091406000,2424823,4976601457.7900
2021-05-24,1797.7630300000,1815.5478237000,1823.2349918000,1780.2324300000,3254808,6705879397.2900
2021-05-25,1827.5650500000,1923.5450850000,1928.4536530000,1827.5650500000,6775695,14636718750.4200
2021-05-26,1935.3607094000,1945.8966000000,1965.0049540000,1922.3004124000,3860420,8558038173.7100
2021-05-27,1938.0253606000,1967.8098500000,2033.5496000000,1929.3301830000,4537338,10240368980.3600
2021-05-28,1964.2774341000,1954.6619000000,1972.1925000000,1933.1956803000,2580731,5741331985.5200
2021-05-31,1941.9522150000,1944.1435400000,1944.4503255000,1903.8231600000,3173900,6960864260.2000
2021-06-01,1947.6496600000,1964.2599035000,1971.2721435000,1933.6251800000,3061634,6832594465.5000
2021-06-02,1972.1925000000,1947.6496600000,1984.4639200000,1935.5360154000,2286277,5088908383.9800
2021-06-03,1945.8966000000,1947.8424966000,1981.2558202000,1937.2014224000,2345031,5242453018.5000
2021-06-04,1941.5139500000,1973.5072950000,2005.5006400000,1940.6724812000,3142219,7058715114.6800
2021-06-07,1985.3404500000,1990.5996300000,1997.6118700000,1963.4359653000,2546627,5756592694.1700
2021-06-08,1980.9578000000,1920.4772300000,1998.4796347000,1894.3128095000,4731363,10479943156.1000
2021-06-09,1921.3537600000,1927.9277350000,1940.6374200000,1893.4012183000,2550235,5591378816.6100
2021-06-10,1923.9833500000,1962.0948744000,1973.3933461000,1919.6708224000,2556663,5707338424.2300
2021-06-11,1962.5506700000,1909.7923293000,1966.9333200000,1909.7923293000,3397066,7513797036.4300
2021-06-15,1924.0710030000,1922.2302900000,1936.1495864000,1882.7864400000,2936130,6412821567.2300
2021-06-16,1921.3537600000,1891.5517400000,1923.9833500000,1882.7864400000,2759315,5978924528.0600
2021-06-17,1889.4918945000,1890.5963223000,1917.8476400000,1879.5958708000,2106753,4558702643.1100
2021-06-18,1881.9099100000,1832.7716382000,1890.2369450000,1810.0344500000,5402821,11329180836.3200
2021-06-21,1827.5650500000,1824.6199092000,1840.4412757000,1796.8865000000,3548826,7367986470.8000
2021-06-22,1833.7007600000,1818.7734541000,1838.9599400000,1800.2962017000,3322818,6900830616.2100
2021-06-23,1823.1824000000,1786.3681400000,1825.8119900000,1782.9934995000,3707901,7596735684.4500
2021-06-24,1788.1299653000,1812.7078665000,1823.1824000000,1771.4671300000,3147370,6452557072.5600
2021-06-25,1813.7697586800,1850.9660360000,1866.0073470000,1807.2577558000,3587543,7459680452.0000
2021-06-28,1858.0443000000,1860.7074968300,1873.9703940000,1834.1551590000,2745242,5750241214.0900
2021-06-29,1865.1225640000,1824.4225460000,1871.3160450000,1814.6899330000,3303063,6835635172.0600
2021-06-30,1827.0768950000,1819.7331961000,1835.0399420000,1810.5314529000,2191566,4511484217.0600
2021-07-01,1822.6264365100,1862.4682150000,1866.8921300000,1797.5251428000,3370124,6970730877.5800
2021-07-02,1835.9247250000,1781.0681790000,1835.9247250000,1779.7410045000,4627531,9388640194.1800
2021-07-05,1769.5660000000,1764.2573020000,1787.1554860400,1756.2942550000,3442095,6872797767.5200
2021-07-06,1765.1420850000,1780.9797007000,1781.9529620000,1734.1835278300,3528251,7015883090.9900
2021-07-07,1778.4138300000,1773.1051320000,1795.1185330400,1768.6900648300,2812212,5658210730.1800
2021-07-08,1769.6544783000,1756.2942550000,1773.1051320000,1741.2529440000,3551669,7027713779.8700
2021-07-09,1738.1738991600,1744.8894021300,1757.0994075300,1720.9029350000,3090790,6072340992.9500
2021-07-12,1747.9330556500,1735.0594630000,1768.4865647400,1716.9214115000,3901024,7658786228.0000
2021-07-13,1741.2529440000,1754.4362107000,1774.4323065000,1738.5985950000,2992471,5946287258.9100
2021-07-14,1746.5616420000,1735.9442460000,1747.0040335000,1720.9029350000,3077069,6011814880.1500
2021-07-15,1729.7684606600,1767.7875861700,1781.0681790000,1725.8577198000,4219005,8391506228.5100
2021-07-16,1751.8703400000,1730.5470697000,1766.5577378000,1725.3268500000,3540764,6958296858.7500
2021-07-19,1730.5382218700,1747.4464250000,1757.1790380000,1717.3638030000,3005234,5900348209.6300
2021-07-20,1747.4464250000,1751.8703400000,1759.7714521900,1735.4222240300,2347521,4639300956.0500
2021-07-21,1759.8333870000,1742.1377270000,1774.8746980000,1735.9530938300,2978013,5902656220.5300
2021-07-22,1734.1746800000,1716.4878678300,1746.4731637000,1715.5588456800,3909047,7619076855.1100
2021-07-23,1714.5501930600,1681.0877000000,1714.5501930600,1676.7434154700,4758547,9057761875.7100
2021-07-26,1662.5072570000,1596.2458581300,1662.5072570000,1574.9137400000,9861948,17894360803.1900
2021-07-27,1595.2637490000,1515.5359528700,1601.4572300000,1506.7854490000,8657699,15230805685.4800
2021-07-28,1506.7854490000,1565.0926487000,1582.1689606000,1488.3111799600,8536884,14792470948.0500
2021-07-29,1601.4660778300,1548.1844455700,1612.9594090000,1534.5145482200,6386385,11299569856.9800
2021-07-30,1526.2506750000,1485.5418091700,1526.2506750000,1466.7578660800,7773589,13109725032.4200
2021-08-02,1472.2789120000,1552.7941650000,1553.6612523400,1433.9855037600,9740065,16515259088.9600
2021-08-03,1530.6745900000,1547.7509019000,1565.1722791700,1494.2215304000,5437475,9447823227.1700
2021-08-04,1534.2668089800,1525.3658920000,1557.2180800000,1520.0571940000,3817549,6614683378.4300
2021-08-05,1497.8314450400,1503.2463170000,1543.9463350000,1483.2148298800,4805969,8177369850.6300
2021-08-06,1494.3984870000,1478.4723930000,1498.8312498300,1456.8836878000,4568610,7616109614.9700
2021-08-09,1460.7767330000,1498.6454454000,1512.0941470000,1459.8919500000,4769775,8028155490.3800
2021-08-10,1504.1311000000,1591.7246170000,1595.1575750400,1482.0115250000,8328505,14549496462.9100
2021-08-11,1574.9225878300,1548.8126415000,1579.3465028300,1548.3790978300,3866259,6821292779.0100
2021-08-12,1532.4441560000,1495.2832700000,1547.4854670000,1491.9122467700,4755097,8130692626.4600
2021-08-13,1495.2832700000,1504.1664913200,1515.6332790000,1485.5506570000,3790452,6418412543.9000
2021-08-16,1500.5919680000,1503.4232736000,1516.1641488000,1490.9301376400,2805697,4773049794.4000
2021-08-17,1504.1311000000,1446.6202050000,1504.1311000000,1441.2053330400,6120077,10140291982.1800
2021-08-18,1437.4715487800,1433.3484600000,1453.6896211700,1415.6528000000,5997026,9701556273.1500
2021-08-19,1435.3126782600,1433.3219165100,1453.8754256000,1415.6528000000,4129195,6682355677.8700
2021-08-20,1375.9879781100,1369.6440840000,1413.4850816500,1349.7364665000,11454454,17825198285.9800
2021-08-23,1360.6900800400,1389.2774187700,1414.7680170000,1359.7079709100,7159720,11218832882.5300
2021-08-24,1393.5332250000,1437.9316359400,1453.3003166500,1385.3666779100,7259447,11703813763.5000
2021-08-25,1457.8038621200,1473.1813906600,1487.2052012100,1453.6984690000,5423890,9037626406.2100
2021-08-26,1473.1548471700,1411.2288850000,1473.1548471700,1410.9811457600,5402037,8722233200.5900
2021-08-27,1405.9201870000,1412.1402114900,1437.7723750000,1401.5847503000,3609545,5791426192.0500
2021-08-30,1420.0767150000,1403.2658380000,1427.1549790000,1367.8302788500,5158770,8098190333.4100
2021-08-31,1406.6280134000,1378.4919140000,1430.1190020500,1375.9260433000,4367709,6888080926.7100
2021-09-01,1379.3766970000,1435.1268738300,1446.6113571700,1354.6912513000,7731610,12370243405.1900
2021-09-02,1444.8417911700,1432.2867204000,1453.6984690000,1416.4402568700,4283679,6939707277.2300
2021-09-03,1424.5183256600,1467.1648662600,1468.5539755700,1399.7267060000,5283518,8631165695.8900
2021-09-06,1459.0071670000,1478.1804146100,1511.3509292800,1438.7898754500,5533806,9306030671.1900
2021-09-07,1469.6511064900,1476.7028270000,1490.3992678400,1460.7767330000,3121122,5204051657.3000
2021-09-08,1468.7397800000,1444.9391173000,1478.6316539400,1440.4975066400,3306367,5428265636.1300
2021-09-09,1438.6571580000,1445.8062046400,1455.4680350000,1436.8964398300,1995013,3257785762.0200
2021-09-10,1445.8062046400,1471.0225201400,1476.5258704000,1444.8506390000,3338811,5528034093.4400
2021-09-13,1473.1636950000,1463.4310820000,1489.9745720000,1451.1325983000,2772002,4605031710.5300
2021-09-14,1467.8549970000,1466.0854310000,1489.0897890000,1462.5462990000,3376061,5638962653.7000
2021-09-15,1459.8919500000,1429.5792844200,1468.7397800000,1424.5006300000,4157005,6781755393.3700
2021-09-16,1418.3071490000,1449.3364888100,1454.5832520000,1402.3810550000,4596802,7458455126.2000
2021-09-17,1433.3484600000,1491.7441380000,1509.0858848000,1433.3484600000,5513025,9242101551.8800
2021-09-22,1467.7045838900,1449.0002712700,1493.5137040000,1446.6202050000,3174300,5227723003.3700
2021-09-23,1449.2745540000,1446.6202050000,1465.0944740400,1437.8431576400,3034181,4964210090.5000
2021-09-24,1440.4267240000,1498.8224020000,1521.8090643400,1440.4267240000,6953660,11756596091.1100
2021-09-27,1548.3702500000,1641.2724650000,1648.7046422000,1548.3702500000,12686892,23270689701.9700
2021-09-28,1635.0789840000,1612.1277129800,1645.6963800000,1588.1854850000,4922105,8973408813.2400
2021-09-29,1600.5724470000,1610.3050600000,1632.4334828300,1580.1339597000,4329065,7870151768.1700
2021-09-30,1608.6947549400,1619.1528900000,1637.0432022600,1595.6176622000,4053929,7411735790.2300
2021-10-08,1612.4462348600,1627.6468068000,1661.6224740000,1599.0063810900,4745196,8780381117.9600
2021-10-11,1627.5671763300,1651.9960349600,1672.1513917000,1620.0465208300,3767557,7040475326.6600
2021-10-12,1651.0050780000,1655.4201451700,1660.7376910000,1630.1418948600,3060642,5688160837.0600
2021-10-13,1654.5442100000,1707.5427117000,1725.2826108500,1647.4659460000,5014261,9625769126.6300
2021-10-14,1706.6844721900,1690.8203130000,1718.0716294000,1677.5485680000,2662255,5097602232.3700
2021-10-15,1672.3283483000,1696.1024675100,1707.6223421700,1672.3283483000,2856078,5452953878.9800
2021-10-18,1670.4703040000,1592.6094000000,1670.4703040000,1581.1072210000,6965202,12651498606.5900
2021-10-19,1592.6094000000,1603.3860569400,1626.9389804000,1592.5032260400,4031456,7330114082.0200
2021-10-20,1621.8072390000,1628.8855030000,1636.6715934000,1597.9269458300,2866339,5246404614.9800
2021-10-21,1628.9739813000,1631.5398520000,1645.6963800000,1618.2681070000,2301870,4238584293.9600
2021-10-22,1641.2724650000,1681.9724830000,1699.6769908300,1640.3876820000,3596260,6794850055.7200
2021-10-25,1663.3920400000,1657.2251024900,1667.8248028300,1643.9268140000,3246133,6076219947.6200
2021-10-26,1649.2620554900,1646.6254021500,1662.4984091700,1631.5398520000,2113026,3934223713.9200
2021-10-27,1638.8835509000,1609.4202770000,1644.1922489000,1592.6978783000,3464729,6302270905.0800
2021-10-28,1614.9059316000,1615.1625186700,1631.3451997400,1594.3789660000,2949093,5383196101.3900
2021-10-29,1614.7289750000,1615.6845406400,1635.0789840000,1604.1115790000,2877586,5266898950.1900
2021-11-01,1574.9137400000,1595.2637490000,1615.8791929000,1557.2180800000,4168998,7486936394.4800
2021-11-02,1589.6896161000,1596.7147931200,1631.7345042600,1581.9920040000,3250024,5875341368.8400
2021-11-03,1592.6094000000,1561.6419950000,1601.4395343400,1558.2709717700,2782931,4958314535.2500
2021-11-04,1573.0910870200,1596.3254886000,1606.7659280000,1565.5527358600,3113043,5592211730.8300
2021-11-05,1596.3343364300,1610.2519730200,1632.4157871700,1596.3343364300,2707723,4956331383.2000
2021-11-08,1610.3050600000,1610.3935383000,1619.8607164000,1594.4232051500,1770572,3220439333.6200
2021-11-09,1610.2873643400,1583.7704178300,1617.2683022100,1576.6833060000,2735192,4915170027.8600
2021-11-10,1583.7704178300,1551.9005341700,1588.1854850000,1535.0985050000,3534877,6204803249.6500
2021-11-11,1550.9626641900,1565.7119968000,1565.7119968000,1540.8495945000,2265187,3987243284.9000
2021-11-12,1573.1441740000,1569.4103897400,1579.3818941500,1563.1107347800,1760663,3124400971.8400
2021-11-15,1569.3219114400,1558.2267326200,1578.4528720000,1548.3702500000,2494735,4410975373.3100
2021-11-16,1564.2963440000,1599.6876640000,1608.5354940000,1561.6419950000,3352624,6033536262.2100
2021-11-17,1597.0333150000,1588.1854850000,1610.7474515000,1583.7704178300,2450546,4411450908.4900
2021-11-18,1575.9931752600,1585.5311360000,1598.8028810000,1566.0659100000,1952089,3485674964.2100
2021-11-19,1587.4688107700,1617.7460850300,1635.9637670000,1582.1689606000,3115559,5699883799.6800
2021-11-22,1635.9637670000,1640.6265734100,1689.0507470000,1635.0789840000,4257268,7994018410.0100
2021-11-23,1638.6181160000,1677.9290246900,1696.1290110000,1638.6181160000,4578220,8676297615.5500
2021-11-24,1681.0877000000,1717.3638030000,1739.4833780000,1678.4333510000,5451235,10555736753.3800
2021-11-25,1727.9811990000,1730.6620914900,1757.3559946000,1722.0089137500,3975288,7803035266.4600
2021-11-26,1738.4481818900,1717.3726508300,1740.3681610000,1703.2072750000,3265557,6337346210.9400
2021-11-29,1734.1746800000,1756.2942550000,1760.7181700000,1726.2824156400,4239934,8372476082.5200
2021-11-30,1756.6481682000,1708.3124729100,1760.6296917000,1705.4192325000,3692487,7192172533.0600
2021-12-01,1725.3268500000,1710.2766911700,1734.1304408500,1697.9162726600,2625440,5071457098.1800
2021-12-02,1716.4790200000,1711.1703220000,1718.3813034500,1698.4294468000,2042182,3939731543.1900
2021-12-03,1709.4007560000,1744.6859020400,1759.4971694600,1708.5602121500,3581839,7045848179.8700
2021-12-06,1754.5246890000,1740.6335959000,1760.7181700000,1725.3268500000,3106388,6122543819.1800
2021-12-07,1752.5250794200,1730.5205262100,1758.8335822100,1722.4336095900,3697989,7286659622.0700
2021-12-08,1738.4924210400,1807.6116690000,1809.3812350000,1725.3268500000,6104807,12285101988.3700
2021-12-09,1818.1759780200,1846.1439686500,1873.0148283600,1809.3812350000,6423918,13404724467.3600
2021-12-10,1822.6529800000,1849.1964700000,1854.3105157400,1819.1138480000,4314822,8944582264.8400
2021-12-13,1905.8225820000,1874.1473506000,1928.8269400000,1873.9703940000,6580656,14139012289.8800
2021-12-14,1874.1473506000,1902.2834500000,1918.1210657000,1858.0443000000,4044941,8673733690.9200
2021-12-15,1895.3379034500,1889.0117050000,1915.5109558500,1880.1815706600,3007827,6444715085.8300
2021-12-16,1871.3160450000,1874.8463291700,1897.0189911500,1845.8608380900,3721136,7865499277.8500
2021-12-17,1858.4866915000,1814.4244981000,1865.1225640000,1801.4181880000,4840318,9988869784.7900
2021-12-20,1814.4244981000,1821.7328056800,1845.3565117800,1805.8421030000,3225769,6654596507.9700
2021-12-21,1809.3812350000,1803.3647106000,1830.7310487900,1780.9177658900,2628589,5354186590.1800
2021-12-22,1804.9573200000,1812.0355840000,1825.3073290000,1804.9573200000,1743079,3570928372.4900
2021-12-23,1816.4594990000,1875.7399600000,1875.7399600000,1791.6855750000,3909854,8126298013.2300
2021-12-24,1901.2924930400,1941.2935324700,1961.5285196800,1901.2924930400,5612959,12295953399.5300
2021-12-27,1918.2095440000,1886.1980950600,1918.2095440000,1868.6616960000,3755590,8020677686.4300
2021-12-28,1887.2421390000,1891.8253149400,1907.1497565000,1872.7316978000,2765070,5901940632.9500
2021-12-29,1902.2834500000,1805.8421030000,1906.0437777500,1805.8421030000,5404902,11195625154.3700
2021-12-30,1805.8421030000,1835.9247250000,1848.2939913400,1794.3399240000,3526136,7272866656.6100
2021-12-31,1831.5008100000,1813.8051500000,1834.1374633400,1794.3399240000,2966491,6061415343.6200
2022-01-04,1818.2290650000,1814.8934330900,1830.5717878500,1781.9529620000,3384262,6913653122.1000
2022-01-05,1809.3812350000,1790.8007920000,1827.0768950000,1785.4920940000,2839551,5774992117.1900
2022-01-06,1789.0400738300,1753.8345582600,1801.4181880000,1715.1606933300,5179475,10226933846.7300
2022-01-07,1747.4464250000,1718.2485860000,1759.7272130400,1715.8773675600,2981669,5831695310.9100
2022-01-10,1705.8704718300,1739.4833780000,1749.2159910000,1696.6156416500,2962670,5792738145.0500
2022-01-11,1723.5572840000,1716.9656506500,1738.5985950000,1708.6663861100,2227664,4332180603.5400
2022-01-12,1723.5572840000,1740.3681610000,1750.8086004000,1723.5572840000,2747410,5384359627.7500
2022-01-13,1738.4393340600,1661.0827563700,1741.2440961700,1650.6157734800,5674735,10781720543.5100
2022-01-14,1661.0827563700,1651.8898610000,1674.8942190000,1648.3507290000,2932164,5506186026.0300
2022-01-17,1652.7746440000,1647.1208806300,1661.8879089000,1623.8776312200,2735382,5074077664.8500
2022-01-18,1647.1828154400,1674.2483274100,1688.9180295500,1638.6181160000,3121577,5906705861.1900
2022-01-19,1697.8985770000,1691.7050960000,1697.8985770000,1671.2489130400,2637094,5026993463.3600
2022-01-20,1695.2442280000,1742.5978141600,1751.8614921700,1695.2442280000,3401391,6665294953.7300
2022-01-21,1734.1746800000,1756.2854071700,1763.8060626700,1726.2204808300,3081258,6091427695.4100
2022-01-24,1729.7507650000,1725.5038066000,1755.4094720000,1708.9052775200,2398580,4685441775.0500
2022-01-25,1719.1333690000,1719.1333690000,1739.4833780000,1708.5159730000,2551012,4971078497.8800
2022-01-26,1718.2839773200,1729.7507650000,1742.1377270000,1697.8985770000,2390513,4655706528.0700
2022-01-27,1770.4596308300,1738.5985950000,1779.1393520600,1727.0964160000,4266516,8450329057.7600
2022-01-28,1729.7507650000,1669.5855210000,1741.2529440000,1663.4008878300,4102011,7889492895.4700
2022-02-07,1681.9636351700,1652.7392526800,1693.0853574800,1636.8485500000,3515042,6601799703.3100
2022-02-08,1653.5532530400,1627.1159370000,1657.0835372100,1583.7615700000,4171306,7585130458.7100
2022-02-09,1627.1955674700,1677.5308723400,1688.1659640000,1616.4719975100,3388479,6346699783.6100
2022-02-10,1681.0877000000,1657.1985590000,1686.3079197000,1643.3870963700,2303183,4315456867.5700
2022-02-11,1643.0420310000,1636.8220065100,1681.7866785700,1628.8855030000,3374649,6296909575.4600
2022-02-14,1628.0007200000,1653.3674486100,1660.7376910000,1625.6206537300,2019587,3762313349.4600
2022-02-15,1653.4824704000,1672.7884354600,1690.8203130000,1644.8115970000,2710586,5131842112.3400
2022-02-16,1681.0877000000,1674.4960666500,1687.2811810000,1670.4703040000,1458685,2769034315.5600
2022-02-17,1681.6274176300,1669.5766731700,1691.2450088400,1664.2768230000,1821366,3450265031.6700
2022-02-18,1661.2951042900,1687.2811810000,1688.1482683400,1650.7042517800,1938549,3670339742.1300
2022-02-21,1681.0877000000,1660.7288431700,1687.1927027000,1653.6151878500,2081573,3920377358.2400
2022-02-22,1645.7052278300,1599.5726422100,1646.5811630000,1592.6270956600,5229881,9473992638.0000
2022-02-23,1602.7047740300,1616.5073888300,1622.6920220000,1592.6801826400,2811161,5118197819.7800
2022-02-24,1599.6876640000,1560.8545381300,1604.9875141700,1546.6891623000,6535925,11578557074.6500
2022-02-25,1570.4898250000,1591.7777039800,1599.9354032400,1570.4898250000,3897913,6999524161.0700
2022-02-28,1581.1603079800,1584.1154832000,1589.9550510000,1563.4115610000,2892303,5158148352.0000
2022-03-01,1594.3789660000,1644.3515098400,1648.8550553100,1594.3789660000,4737930,8721229312.0000
2022-03-02,1628.0007200000,1632.3184610400,1637.7244851700,1614.7289750000,2007448,3690612336.0000
2022-03-03,1633.1324614000,1592.6094000000,1637.0697457500,1587.3007020000,3154693,5703580672.0000
2022-03-04,1567.8354760000,1575.3561315000,1586.3185928700,1552.8826433000,3104703,5509157632.0000
2022-03-07,1557.3950366000,1510.3245810000,1564.2963440000,1507.4932754000,4915581,8487507456.0000
2022-03-08,1557.2003843400,1551.2015556000,1580.8063947800,1532.4441560000,5721546,10087484416.0000
2022-03-09,1560.8456903000,1574.1882179400,1597.0333150000,1522.8088691300,5643442,10018589952.0000
2022-03-10,1599.6876640000,1587.6811586900,1611.1898430000,1584.6463530000,3646178,6587438848.0000
2022-03-11,1562.5267780000,1565.1899748300,1572.2593910000,1520.1279766400,4772677,8335618304.0000
2022-03-14,1530.6745900000,1504.1311000000,1548.3702500000,1504.1311000000,4900661,8416841984.0000
2022-03-15,1459.8919500000,1418.3071490000,1490.8593550000,1418.3071490000,8905587,14567142656.0000
2022-03-16,1445.7354220000,1481.9672858500,1489.8860937000,1409.4593190000,7759281,12753010176.0000
2022-03-17,1521.8267600000,1521.9594774500,1552.7941650000,1514.4476697800,6835196,11843531776.0000
2022-03-18,1520.0571940000,1511.0235595700,1543.9463350000,1497.3005752400,3834868,6564085393.7800
2022-03-21,1525.3658920000,1507.9356669000,1526.8257839500,1499.7160328300,2787716,4763083282.9200
2022-03-22,1525.2597180400,1499.7071850000,1525.2597180400,1492.0361163900,2105404,3578291198.3400
2022-03-23,1508.5550150000,1550.3079247700,1566.0659100000,1501.4767510000,5806739,10096341448.2300
2022-03-24,1537.7528540000,1522.6496081900,1539.5224200000,1519.4820850500,2581532,4457504429.6000
2022-03-25,1514.7484960000,1495.2832700000,1534.2137220000,1490.8593550000,2970866,5054831352.2000
2022-03-28,1437.7723750000,1469.4476064000,1472.9867384000,1419.1919320000,5754164,9392008017.0200
2022-03-29,1470.0669545000,1474.9332610000,1496.6104445000,1470.0669545000,2593498,4343365463.7100
2022-03-30,1502.3615340000,1530.7630683000,1530.7630683000,1499.7071850000,4243343,7276379090.5600
2022-03-31,1521.8267600000,1520.9419770000,1538.2837238000,1511.9171904000,2517386,4338022921.7100
2022-04-01,1530.6215030200,1574.9225878300,1586.4159190000,1523.3220432700,4486191,7936957251.7700
2022-04-06,1551.0245990000,1561.6419950000,1582.6378955900,1551.0245990000,2781977,4910792426.0800
2022-04-07,1555.4485140000,1561.6419950000,1579.3376550000,1548.4587283000,2019571,3568182341.3100
2022-04-08,1564.2963440000,1578.4528720000,1582.6113521000,1563.0045608200,2294132,4081618542.8600
2022-04-11,1566.0659100000,1521.8267600000,1566.0659100000,1509.4663414900,4386359,7568782591.4700
2022-04-12,1529.7898070000,1576.6833060000,1581.9654605100,1511.2093640000,4162956,7284546260.7800
2022-04-13,1563.4115610000,1565.1811270000,1588.1854850000,1549.3258156400,3114766,5534915752.9600
2022-04-14,1581.9920040000,1600.5724470000,1624.3731097000,1575.0906966000,3764986,6834657201.4900
2022-04-15,1594.5559226000,1597.9092501700,1608.5354940000,1588.9729418700,2104113,3800797635.0500
2022-04-18,1575.9135447900,1584.4870920600,1590.8398340000,1564.2963440000,1979315,3525102976.5400
2022-04-19,1592.6094000000,1584.0270049000,1621.7983911700,1570.9322165000,2420476,4359851980.1000
2022-04-20,1594.1046832700,1589.9550510000,1610.3050600000,1564.8979964400,2415572,4342043328.4800
2022-04-21,1583.9385266000,1574.8960443400,1597.9180980000,1566.0659100000,2895261,5160788004.0800
2022-04-22,1559.8724290000,1568.7202590000,1581.8858300400,1557.3773409400,2789975,4955360846.2300
2022-04-25,1548.3702500000,1511.2093640000,1571.8169995000,1505.9006660000,5365802,9352986851.6100
2022-04-26,1507.0774273900,1532.8688518400,1547.4677713400,1504.1311000000,4456396,7692845225.5400
2022-04-27,1563.5177349600,1588.1147023600,1601.4572300000,1563.5177349600,5740244,10289893014.2000
2022-04-28,1586.4159190000,1623.5768050000,1632.4246350000,1580.6648295000,4401006,8038681950.1000
2022-04-29,1624.4615880000,1617.7195415400,1635.9637670000,1602.3243173400,3488527,6384066536.9900
2022-05-05,1619.1528900000,1625.3463710000,1654.5442100000,1618.2504113400,3366094,6235017580.1600
2022-05-06,1605.8722971700,1586.4159190000,1609.4202770000,1575.7985230000,2859618,5138176680.3200
2022-05-09,1574.9137400000,1550.1398160000,1574.9137400000,1537.7528540000,3035182,5324616273.0900
2022-05-10,1521.8267600000,1562.6948867700,1579.3022636800,1508.5638628300,4011919,7018451096.9000
2022-05-11,1552.7941650000,1564.2963440000,1582.4166998400,1550.1398160000,3031267,5372950032.7000
2022-05-12,1551.0245990000,1559.5804506100,1573.1441740000,1548.3702500000,2203823,3888480084.0000
2022-05-13,1574.9137400000,1573.3565219200,1590.7867470200,1562.5267780000,2073052,3690141230.7900
2022-05-16,1589.9550510000,1555.4485140000,1589.9550510000,1541.8847906100,2776531,4881208652.7100
2022-05-17,1565.9597360400,1564.2963440000,1570.4898250000,1552.7941650000,2014474,3557048801.4100
2022-05-18,1569.3042157800,1558.1028630000,1569.5342593600,1542.1944646600,2485044,4362486906.8700
2022-05-19,1543.9463350000,1553.6789480000,1554.5637310000,1538.6376370000,1977626,3459059182.4600
2022-05-20,1557.2092321700,1592.6182478300,1593.6269004500,1550.1398160000,4194960,7493460271.9800
2022-05-23,1592.6094000000,1575.7985230000,1596.0512058700,1567.8354760000,2215713,3950856593.6200
2022-05-24,1580.2224380000,1557.2180800000,1581.1072210000,1553.2365565000,2734222,4824599922.4300
2022-05-25,1561.8808864100,1553.2454043300,1567.8354760000,1545.7159010000,2238869,3929477101.9400
2022-05-26,1558.1028630000,1541.9998124000,1558.1028630000,1530.6745900000,2805344,4888109192.1300
2022-05-27,1557.2092321700,1552.9357302800,1574.9137400000,1551.0334468300,2511958,4436904895.6500
2022-05-30,1562.5267780000,1573.5069350300,1584.2482006500,1562.5267780000,3446569,6135631304.0400
2022-05-31,1570.2863249100,1596.1750754900,1605.7926667000,1563.3938653400,4075082,7329201058.4300
2022-06-01,1594.3789660000,1582.2131997500,1605.6864927400,1574.0289570000,2176001,3897858998.8900
2022-06-02,1581.9654605100,1580.2224380000,1588.8933114000,1574.9137400000,1691473,3019718031.7500
2022-06-06,1583.7615700000,1581.9920040000,1588.1854850000,1555.4485140000,3674126,6535329351.7900
2022-06-07,1578.5767416200,1608.4470157000,1614.7289750000,1566.3401927300,3504859,6356031009.1700
2022-06-08,1614.7289750000,1650.6511648000,1665.1616060000,1614.7289750000,4435381,8236953845.7000
2022-06-09,1656.3137760000,1639.5028990000,1670.7799780500,1635.9637670000,2632902,4897066622.1600
2022-06-10,1632.4334828300,1681.6185698000,1687.2811810000,1623.5768050000,4734462,8882462597.8800
2022-06-13,1672.2398700000,1642.1572480000,1674.0094360000,1635.1497666400,3675518,6847248995.1400
2022-06-14,1622.6920220000,1655.4289930000,1659.3397338600,1620.9224560000,2941623,5467949347.6100
2022-06-15,1654.5442100000,1659.0566033000,1685.5116150000,1648.3418811700,3366362,6354869099.9500
2022-06-16,1676.3010239700,1660.7376910000,1687.8385942900,1659.2601033900,2688670,5087605390.5200
2022-06-17,1661.7021044700,1726.2116330000,1727.0964160000,1661.7021044700,5054161,9749530915.5300
2022-06-20,1725.3268500000,1718.2662816600,1743.0225100000,1707.6311900000,3497478,6802792459.3700
2022-06-21,1724.4420670000,1721.5576744200,1740.3593131700,1705.8616240000,2371702,4617805127.2400
2022-06-22,1729.7507650000,1712.9398880000,1732.4051140000,1709.4007560000,1964665,3813775293.5700
2022-06-23,1718.8679341000,1731.6088093000,1738.6339863200,1716.4790200000,2684352,5239860443.0100
2022-06-24,1743.0225100000,1777.5378948300,1787.2616600000,1738.5985950000,3963465,7921199792.2300
2022-06-27,1787.2085730200,1778.9004606500,1813.7520630200,1769.8314349000,4011517,8124448900.3200
2022-06-28,1787.0316164200,1801.4181880000,1805.8421030000,1770.4507830000,2524571,5112298786.5500
2022-06-29,1794.3399240000,1796.1094900000,1806.7268860000,1779.3074608300,3036012,6142508407.9700
2022-06-30,1788.6580000000,1828.9028050000,1857.5213330000,1788.6490567100,3898243,7984019437.5600
2022-07-01,1837.8460950000,1814.6382574500,1849.2666763300,1802.2607440900,2159645,4385555298.5700
2022-07-04,1806.5535232900,1804.7559220000,1810.3812514100,1789.5612722900,2507589,5042804258.4800
2022-07-05,1811.2666371200,1818.1798002900,1837.3542140500,1797.6012900000,2632940,5345189851.7400
2022-07-06,1817.2765280000,1790.4466580000,1823.5368310000,1776.1373940000,3275166,6566374982.4000
2022-07-07,1793.1296450000,1779.7147100000,1797.0199761500,1775.2520082900,2093177,4179088240.3300
2022-07-08,1793.1296450000,1787.7636710000,1801.9745588100,1785.2237766400,1564389,3134903462.4800
2022-07-11,1779.8935758000,1756.1044244000,1783.9806593300,1744.3887145000,2394921,4709248309.8700
2022-07-12,1757.3564850000,1742.5195668900,1764.3322512000,1726.1086297400,2344686,4562731380.5200
2022-07-13,1739.4699050000,1751.8921348100,1763.6167880000,1735.5974604300,1985377,3893406034.0900
2022-07-14,1752.8848400000,1746.6245370000,1767.9095672000,1735.8925890000,2052724,4014985518.4700
2022-07-15,1739.5682811900,1743.4943855000,1788.3718147200,1739.0316837900,3341623,6588730698.5300
2022-07-18,1746.0521664400,1745.4261361400,1751.9905110000,1718.9003380000,2422072,4701936867.9000
2022-07-19,1739.4699050000,1737.7706799000,1745.4171928500,1722.4776540000,2195603,4250852885.9500
2022-07-20,1751.7669287500,1744.0309829000,1761.8281300000,1739.4699050000,1870461,3659970960.8800
2022-07-21,1737.7706799000,1734.1039310000,1749.2180911000,1730.0883937900,1406137,2735503093.4400
2022-07-22,1743.2439733800,1741.2585630000,1754.6734980000,1730.5266150000,2511357,4894378604.9000
2022-07-25,1743.5033287900,1739.1568898500,1745.9985067000,1726.9492990000,1691244,3285451347.0600
2022-07-26,1746.6155937100,1744.1293590900,1757.3296551300,1741.2764495800,2068510,4041100077.1100
2022-07-27,1736.7869180000,1716.7539484000,1742.1528920000,1714.4286930000,2148987,4149807165.6100
2022-07-28,1718.0954419000,1697.4364420000,1733.2096020000,1692.6607251400,3486986,6669448409.0700
2022-07-29,1694.8428879000,1697.8299467600,1716.2084077100,1679.6392949000,3703236,7028415880.6900
2022-08-01,1690.2907532900,1690.5501087000,1706.3797320000,1682.3938282200,2103741,3988198589.9100
2022-08-02,1681.3385200000,1681.3206334200,1688.4752654200,1661.6722252900,2822088,5284516567.6800
2022-08-03,1690.2728667100,1685.8101650000,1702.8024160000,1678.6555330000,2459842,4642442195.7200
2022-08-04,1690.2818100000,1713.5433072900,1719.8840999000,1681.4547827700,3035714,5797110733.0000
2022-08-05,1724.0874462000,1720.6532228400,1730.5266150000,1703.6073121000,2008584,3857406327.0000
2022-08-08,1712.7741843500,1709.5367133700,1728.6306375200,1705.9415107900,1679901,3220702892.0000
2022-08-09,1709.5367133700,1708.1683900000,1716.2084077100,1703.6967450000,1387461,2651800008.0000
2022-08-10,1708.1505034200,1677.7612040000,1715.3230220000,1667.5479668200,2792662,5259452686.0000
2022-08-11,1686.7044940000,1705.3959701000,1705.4854030000,1679.5588052900,2606149,4940834195.0000
2022-08-12,1705.3959701000,1724.2663120000,1726.0549700000,1699.2251000000,2025983,3882570566.0000
2022-08-15,1717.5230713400,1717.0133038100,1734.5510955000,1713.1319159500,1932314,3717178491.2400
2022-08-16,1720.6353362600,1715.1799293600,1729.4444769100,1713.5343640000,1483584,2854189585.5600
2022-08-17,1726.0549700000,1715.3230220000,1726.0549700000,1694.7534550000,1836063,3508295540.7700
2022-08-18,1706.3797320000,1695.2006195000,1710.9229233200,1682.2954520300,2316777,4384060205.3200
2022-08-19,1697.4364420000,1694.7623982900,1706.6927471500,1688.4931520000,1354417,2572000761.5000
2022-08-22,1685.8191082900,1693.8412394200,1705.4854030000,1682.5726940200,1542667,2925285473.0600
2022-08-23,1697.9730394000,1672.4041732900,1697.9730394000,1669.7122430000,2375636,4452538978.2400
2022-08-24,1672.3862867100,1658.2648318000,1677.0725706700,1655.4029790000,1872761,3486382969.3400
2022-08-25,1662.5576110000,1685.8101650000,1688.4931520000,1658.2648318000,2192534,4107597895.1300
2022-08-26,1699.2251000000,1697.4364420000,1709.9570480000,1686.7044940000,2314195,4397161134.7000
2022-08-29,1684.0215070000,1680.2832117800,1699.1982701300,1675.9725460000,1356962,2555981192.1500
2022-08-30,1683.4401931500,1672.3952300000,1685.8101650000,1658.2648318000,1823539,3400091357.6200
2022-08-31,1663.5413729000,1720.6889960000,1722.0841492400,1663.4608832900,4469151,8518225336.6700
2022-09-01,1710.0911973500,1682.1344728100,1713.5343640000,1682.1344728100,2684508,5088658954.7300
2022-09-02,1690.2281502600,1676.8668750000,1692.9290238400,1668.9699499300,1939132,3635162803.5800
2022-09-05,1665.8129685600,1641.0937150000,1671.5009010000,1627.6787800000,3682187,6764549172.7500
2022-09-06,1641.4156734400,1650.0370050000,1652.8988578000,1632.1504250000,2083004,3832086313.1900
2022-09-07,1641.1205448700,1625.8990652900,1643.4726301400,1619.6387622900,2830616,5151537330.2900
2022-09-08,1627.6787800000,1623.2071350000,1638.4107280000,1623.2071350000,1659057,3026766447.8000
2022-09-09,1632.1504250000,1649.8491959100,1656.2973080000,1624.1014640000,2708986,4991679522.9200
2022-09-13,1681.3385200000,1680.4441910000,1688.8329970200,1661.8689776700,2869309,5387987148.0400
2022-09-14,1667.0381992900,1671.5009010000,1681.3385200000,1666.1349270000,1604157,3002693246.6400
2022-09-15,1672.3952300000,1681.3385200000,1693.0721164800,1672.3594568400,2081021,3917954255.6700
2022-09-16,1674.0050222000,1662.5576110000,1686.3467624000,1659.0786711900,2412127,4501527357.2400
2022-09-19,1658.9802950000,1673.8619295600,1689.0208061100,1657.0843175200,1858351,3479680770.6500
2022-09-20,1672.3773434200,1679.5498620000,1685.4524334000,1662.1551629500,1411630,2645281859.2100
2022-09-21,1678.3604044300,1652.7199920000,1684.0215070000,1652.7199920000,2099454,3904096420.8300
2022-09-22,1645.5653600000,1628.4031864900,1646.4775755800,1624.8616436500,2270429,4147900996.4500
2022-09-23,1628.4031864900,1640.5839474700,1658.9802950000,1628.4031864900,2828769,5191904759.5300
2022-09-26,1627.6787800000,1666.1349270000,1688.4931520000,1627.6608934200,3513492,6566771226.6200
2022-09-27,1671.3756949400,1688.4931520000,1696.5421130000,1655.5013551900,2882019,5422668135.0700
2022-09-28,1681.7856845000,1684.0215070000,1698.6885026000,1675.9814892900,2144597,4042506329.8300
2022-09-29,1697.4185554200,1681.6515351500,1701.1747372200,1673.4058217700,2158966,4075515187.3900
2022-09-30,1697.9909259800,1674.6310525000,1701.0048147100,1668.8179140000,2128908,4000917950.9400
2022-10-10,1690.2818100000,1597.2715940000,1691.1761390000,1592.0844858000,4858413,8865386495.5000
2022-10-11,1599.9545810000,1591.8966767100,1615.1581740000,1574.0190400000,3204719,5712249507.4300
2022-10-12,1586.2355741400,1574.0190400000,1591.0112910000,1527.5139320000,4819500,8372252823.4900
2022-10-13,1538.6572713400,1520.3503567100,1551.6608150000,1517.6763130000,6396927,10919727537.3100
2022-10-14,1529.3025900000,1553.9950136900,1569.5473950000,1522.0942982600,4651970,8045032622.5100
2022-10-17,1543.6118540000,1536.9043865000,1545.3915687100,1518.3917762000,3354951,5740146639.2400
2022-10-18,1542.7175250000,1525.5732380700,1547.1891700000,1521.2536290000,2808277,4800689502.2000
2022-10-19,1522.1300714200,1473.8541920000,1522.1300714200,1473.8541920000,6012093,9997656284.4600
2022-10-20,1449.7073090000,1469.8297115000,1492.1253334700,1440.7640190000,4277807,7020555512.3000
2022-10-21,1466.6995600000,1452.3902960000,1473.6753262000,1439.8696900000,3890740,6317945876.4000
2022-10-24,1404.0965300000,1342.6382411200,1421.0887810000,1330.7704952900,13209804,20217576174.4500
2022-10-25,1323.0882091800,1323.3833377500,1354.9084350000,1316.4522880000,8136156,12136909034.2600
2022-10-26,1331.4770152000,1309.3692023200,1354.8994917100,1305.7203400000,8178083,12120993864.4400
2022-10-27,1323.6069200000,1252.9549290000,1330.7436654200,1237.6171866500,10710590,15258551283.1500
2022-10-28,1243.8059433300,1216.2874400000,1257.4265740000,1215.1337555900,9314275,12823821843.1100
2022-10-31,1207.3441500000,1207.3441500000,1235.9716212900,1192.1405570000,7184665,9758303070.6300
2022-11-01,1215.3931110000,1307.5179412900,1314.1270326000,1215.3931110000,11876648,16859775303.5000
2022-11-02,1305.7203400000,1316.4165148400,1346.8594740000,1284.2564440000,7977715,11717204099.4000
2022-11-03,1291.0265145300,1287.3865955000,1307.9561625000,1277.1912449000,4515970,6509550786.9200
2022-11-04,1286.0093288400,1356.3125315300,1366.3290163300,1286.0093288400,8000795,11996968945.3400
2022-11-07,1336.1722424500,1347.8521791900,1358.0206999200,1329.5005481100,4269835,6414049133.4400
2022-11-08,1348.6481320000,1327.9712455200,1357.5824787100,1313.7335278400,3932491,5842320995.4700
2022-11-09,1327.1395195500,1305.6309071000,1331.5485615200,1296.7770500000,3609016,5276777530.3900
2022-11-10,1291.4110760000,1319.1352750000,1328.0785650000,1283.4962643500,3771967,5518325849.4500
2022-11-11,1366.5347120000,1366.6688613500,1381.2464240500,1337.0039684200,7394715,11252112275.0100
2022-11-14,1380.3968115000,1371.0063570000,1398.3102213700,1366.5347120000,5737015,8858049580.5600
2022-11-15,1370.1120280000,1420.1944520000,1430.0052411300,1360.2744090000,5631760,8858377894.3100
2022-11-16,1413.9341490000,1417.7350472500,1429.1377420000,1402.3078720000,2684776,4250886805.4900
2022-11-17,1422.4302745000,1401.4135430000,1427.6173827000,1388.7856175200,3057988,4793001162.4500
2022-11-18,1409.4625040000,1401.5298057700,1416.6171360000,1391.5759240000,2360871,3703793426.0300
2022-11-21,1378.4740041500,1359.3621934200,1378.4740041500,1340.1788363700,3909600,5917086070.3100
2022-11-22,1357.0905977600,1377.2219435500,1394.9207144600,1355.9011401900,2990062,4582790131.0100
2022-11-23,1366.5347120000,1385.3156210000,1392.4702530000,1360.3101821600,2217746,3428793051.7500
2022-11-24,1394.2589110000,1359.3711367100,1403.0948815200,1353.9962194200,2768738,4241974248.2800
2022-11-25,1359.8361877900,1361.1776812900,1370.1120280000,1350.4367900000,1862104,2833988373.4700
2022-11-28,1327.8818126200,1350.3294705200,1354.9084350000,1297.6713790000,4772321,7040991068.0200
2022-11-29,1403.7030252400,1430.0320710000,1430.9264000000,1387.1042790000,7342013,11587859175.7900
2022-11-30,1419.4074424800,1430.0320710000,1434.5037160000,1417.5114650000,3149730,5019450678.4200
2022-12-01,1484.5861400000,1458.4717332000,1502.4727200000,1458.4627899100,5135768,8480772923.0900
2022-12-02,1462.2279150000,1461.2262665200,1478.3168937100,1449.8861748000,2388390,3910860617.5900
2022-12-05,1491.7407720000,1488.9683521000,1501.5783910000,1474.7485210000,3612746,6018521303.7900
2022-12-06,1480.1144950000,1509.6273520000,1544.4167501000,1477.4315080000,4414748,7477917193.6500
2022-12-07,1500.5141394900,1506.0500360000,1538.2458800000,1493.5562598700,3552626,6012253044.6800
2022-12-08,1504.2613780000,1508.7509095800,1515.8876550000,1489.0577850000,1972956,3323420876.5500
2022-12-09,1513.2046680000,1547.1891700000,1547.1891700000,1504.2613780000,3921526,6716944492.7700
2022-12-12,1534.5433579400,1555.2560175800,1579.3850140000,1533.7742350000,3475517,6063957619.1000
2022-12-13,1553.4494730000,1565.0757500000,1574.6361270100,1547.1891700000,2138546,3735089151.7400
2022-12-14,1558.8154470000,1583.7403962300,1592.6210832000,1558.8154470000,2909840,5141262368.0000
2022-12-15,1614.2638450000,1598.1569797100,1624.1014640000,1591.9056200000,3063444,5497063389.6200
2022-12-16,1585.8688992500,1598.0496602300,1601.7432390000,1558.8154470000,3330266,5901587127.5400
2022-12-19,1608.7190052000,1585.6453170000,1608.7190052000,1574.1710759300,2498710,4447236355.7900
2022-12-20,1578.7858135700,1533.7742350000,1578.7858135700,1504.6638260500,4619840,7944120660.9600
2022-12-21,1541.8231960000,1555.2381310000,1555.2381310000,1536.1442068500,2281614,3948926226.8200
2022-12-22,1571.0677543000,1581.1736720000,1594.5886070000,1560.6041050000,2317534,4093861570.3000
2022-12-23,1567.2221396000,1583.8566590000,1593.6942780000,1560.6041050000,1731921,3063608408.7800
2022-12-26,1583.8566590000,1557.9747777400,1583.8566590000,1551.6787015800,2138380,3749121030.3900
2022-12-27,1574.1430980000,1569.6144930000,1582.4304451500,1562.8215855000,1790505,3109270166.2200
2022-12-28,1581.2801794800,1569.6144930000,1582.2945870000,1546.9805252100,2143790,3699948994.8100
2022-12-29,1555.1229570000,1556.9343990000,1564.1711097900,1540.6767070500,2241780,3844499655.3000
2022-12-30,1572.3316560000,1564.1801670000,1587.7198557900,1564.1801670000,2533312,4409544296.5200
2023-01-03,1567.9841952000,1566.9063872100,1574.5325580300,1545.1690832100,2603380,4487760230.8800
2023-01-04,1566.8973300000,1562.3777822100,1574.7771027000,1554.2172360000,2041575,3523582305.6800
2023-01-05,1573.2373770000,1631.2035210000,1631.2035210000,1569.6144930000,4794285,8541587088.5700
2023-01-06,1635.8408125200,1633.7123681700,1641.0758799000,1618.5234270000,2490375,4480838898.3500
2023-01-09,1661.9980350000,1667.6135052000,1675.5657355800,1637.3805382200,3097723,5684181146.5700
2023-01-10,1665.6752622600,1679.6143084500,1688.7168045000,1657.9222905000,2273173,4204783734.0400
2023-01-11,1681.0181760000,1671.0099589500,1684.6410600000,1663.6645616400,2272031,4201487772.7800
2023-01-12,1673.7724080000,1661.0923140000,1681.0181760000,1660.1865930000,1719317,3162637136.1100
2023-01-13,1670.3125537800,1709.0955270000,1710.0012480000,1666.5266400000,3193965,5969876222.2700
2023-01-16,1708.1898060000,1732.5537009000,1752.5701350000,1703.6612010000,3684826,7059982640.3600
2023-01-17,1732.7891883600,1728.1156680000,1741.7014830000,1716.3412950000,2129923,4068321408.7400
2023-01-18,1733.5499940000,1714.5298530000,1743.7846413000,1711.8126900000,2106293,4008665437.5800
2023-01-19,1714.0769925000,1702.9456814100,1714.0951069200,1690.0753860000,2343889,4401994436.6000
2023-01-20,1711.0790559900,1684.6501172100,1719.2848882500,1682.8296180000,2560875,4807356070.5000
2023-01-30,1729.0213890000,1710.0012480000,1729.0213890000,1702.7554800000,3592255,6799756571.4700
2023-01-31,1717.6998765000,1671.7435929600,1720.8246139500,1660.2499934700,3299068,6128311547.6500
2023-02-01,1680.0943405800,1671.0280733700,1683.7353390000,1640.6230194000,3397389,6244678924.6100
2023-02-02,1674.1165819800,1663.0033853100,1683.7353390000,1653.8465460000,2975886,5465509509.9800
2023-02-03,1648.4122200000,1646.6007780000,1653.8465460000,1626.3850852800,3494490,6324635031.3500
2023-02-06,1612.1833800000,1625.7691950000,1625.7691950000,1594.0689600000,4266095,7595739043.7100
2023-02-07,1637.6160256800,1627.5806370000,1638.2681448000,1619.1846033300,2432171,4373671735.4800
2023-02-08,1630.3068572100,1615.8062640000,1635.7049543700,1607.6547750000,1667577,2980574806.0200
2023-02-09,1610.3719380000,1646.6007780000,1657.2429997500,1607.6638322100,2975366,5401399087.9700
2023-02-10,1639.4455821000,1639.3550100000,1647.0445812900,1631.2488070500,1798451,3253859316.6500
2023-02-13,1639.3550100000,1681.3351783500,1697.7740145000,1639.3550100000,3814670,7058382497.5800
2023-02-14,1681.4348076600,1669.9593225900,1682.2861854000,1661.9980350000,1956576,3601769573.5600
2023-02-15,1669.9502653800,1667.4323610000,1680.3841713000,1662.7316690100,1817691,3351422210.8300
2023-02-16,1667.7403061400,1686.2894722200,1709.0955270000,1655.6579880000,3324595,6196915129.8100
2023-02-17,1675.7287653600,1649.1186823800,1696.4154330000,1648.4575060500,2644283,4880328952.3100
2023-02-20,1649.3179410000,1698.2268750000,1701.6686148000,1645.8762012000,2966869,5488800056.2200
2023-02-21,1697.3211540000,1690.9811070000,1697.3211540000,1676.4895710000,1875052,3491633509.9100
2023-02-22,1680.1215122100,1662.9037560000,1688.1733719000,1659.0997278000,2186916,4031016044.6700
2023-02-23,1666.5266400000,1646.6007780000,1674.4969848000,1635.0528352500,2188097,3983991207.9900
2023-02-24,1639.4546393100,1619.4291480000,1639.5270969900,1614.1578517800,2463461,4415621498.3900
2023-02-27,1610.8247985000,1639.7263556100,1643.8836150000,1607.6728894200,2206489,3978128676.1400
2023-02-28,1647.5064990000,1642.7424065400,1650.2327192100,1615.1722593000,2395181,4314877096.4900
2023-03-01,1642.0721730000,1665.1952301300,1673.7724080000,1633.2232788300,2445810,4475592194.7200
2023-03-02,1656.5637090000,1655.6579880000,1665.6118617900,1649.4085131000,1314419,2405292304.3000
2023-03-03,1666.3183241700,1646.6370068400,1667.9848508100,1632.5439880800,1619806,2946842659.1300
2023-03-06,1646.7638077800,1636.7646479400,1647.0536385000,1627.3723211700,2064586,3730079521.7200
2023-03-07,1635.7140115800,1619.7008643000,1645.3327686000,1619.4291480000,2278539,4101302455.8700
2023-03-08,1612.2014944200,1603.5065728200,1617.5633627400,1595.0833675200,2276370,4035787172.3300
2023-03-09,1601.3147280000,1603.1442844200,1616.7119850000,1575.9545400000,2761150,4881442709.8700
2023-03-10,1586.4337319700,1585.0117500000,1613.0891010000,1585.0117500000,2116082,3725139075.3700
2023-03-13,1585.9174710000,1595.8804020000,1607.6547750000,1584.1060290000,2056043,3626476291.1900
2023-03-14,1597.4925853800,1599.5032860000,1612.0746934800,1574.5959585000,2370492,4177289026.6900
2023-03-15,1610.7070547700,1585.8450133200,1616.6032984800,1585.1204365200,1921253,3392698489.5000
2023-03-16,1575.9545400000,1586.8141347900,1603.1261700000,1575.0578762100,1764624,3096791141.7400
2023-03-17,1603.1261700000,1577.7659820000,1608.4608666900,1572.3316560000,2702291,4744249368.6500
2023-03-20,1585.9174710000,1566.5350416000,1589.5403550000,1565.0858880000,2049093,3557872017.4100
2023-03-21,1571.4259350000,1607.6547750000,1617.4818478500,1561.4358323700,3114182,5491052283.5000
2023-03-22,1612.1833800000,1606.1603353500,1623.9577530000,1599.0957115500,1533026,2727648673.6700
2023-03-23,1599.5032860000,1607.5279740600,1622.2459403100,1598.6066222100,1735566,3082821550.7300
2023-03-24,1602.2929066800,1610.9334850200,1615.4439756000,1599.5032860000,1276996,2269649178.7100
2023-03-27,1610.9153706000,1601.1245265900,1610.9153706000,1590.4460760000,1529555,2700755932.7000
2023-03-28,1603.1261700000,1613.8136778000,1621.2405900000,1598.6156794200,1726135,3073113077.2600
2023-03-29,1629.3920790000,1621.2405900000,1630.2978000000,1616.7753854700,1539299,2761909332.8300
2023-03-30,1623.9577530000,1630.2978000000,1634.8264050000,1611.2776590000,1925701,3453573052.0600
2023-03-31,1652.9408250000,1648.4122200000,1673.7724080000,1647.5064990000,2744633,5024790356.0500
2023-04-03,1652.9408250000,1632.1726424700,1655.4496721700,1630.3702576800,2141743,3875811672.6600
2023-04-04,1641.1664520000,1643.5122693900,1644.0375875700,1618.5234270000,2006626,3614275263.4600
2023-04-06,1634.8264050000,1627.5444081600,1644.6987639000,1619.6284066200,1487422,2676251955.7200
2023-04-07,1625.7691950000,1622.1372537900,1635.7411832100,1619.7370931400,1352468,2428160574.1500
2023-04-10,1622.0376244800,1604.6658957000,1622.0376244800,1579.5774240000,2941822,5171150567.2900
2023-04-11,1623.9577530000,1580.9360055000,1623.9577530000,1579.5774240000,2920919,5138854627.3600
2023-04-12,1582.5300744600,1534.3819461000,1585.0117500000,1533.2226232200,5110492,8732657375.7500
2023-04-13,1530.6684900000,1560.5572830000,1561.0916583900,1525.2432212100,2954268,5049310126.1300
2023-04-14,1563.2744460000,1551.8804758200,1569.6144930000,1544.0731608000,2123162,3646526766.4800
2023-04-17,1575.9545400000,1587.7289130000,1587.7289130000,1565.0858880000,3046723,5303401394.5500
2023-04-18,1587.7289130000,1592.2575180000,1602.2204490000,1581.4069804200,1831389,3220107647.2100
2023-04-19,1595.8804020000,1593.1632390000,1599.0504255000,1585.0117500000,1460056,2568632844.6900
2023-04-20,1594.1685893100,1577.6572954800,1598.5975650000,1565.9916090000,1988537,3468366834.7900
2023-04-21,1581.3888660000,1562.7944138700,1583.2727656800,1558.9994428800,1851787,3210937221.6200
2023-04-24,1558.7458410000,1544.2543050000,1559.6515620000,1540.6314210000,2023091,3456728717.8900
2023-04-25,1545.1600260000,1567.2415039800,1572.3135415800,1541.5371420000,2058251,3534989916.7600
2023-04-26,1579.5774240000,1579.4959091100,1594.9746810000,1557.8401200000,2789160,4861477657.1700
2023-04-27,1583.2003080000,1592.1850603200,1603.1261700000,1566.8973300000,2560504,4489906863.5700
2023-04-28,1596.7951802100,1594.5399349200,1614.6922271700,1588.6074623700,2622464,4636084177.0900
2023-05-04,1602.2204490000,1584.9211779000,1610.0730500700,1572.3316560000,2746642,4818999650.4800
2023-05-05,1599.5032860000,1585.0117500000,1599.5032860000,1572.6848871900,2071421,3621305973.0100
2023-05-08,1601.6045587200,1558.3110949200,1602.2204490000,1555.2769295700,3317126,5742915994.0000
2023-05-09,1553.3115150000,1559.6515620000,1575.9364255800,1546.1291474700,2937796,5057346564.0200
2023-05-10,1553.4836019900,1562.3687250000,1572.3316560000,1553.3115150000,2077260,3588550877.4900
2023-05-11,1567.8030510000,1555.1863574700,1571.4259350000,1553.3115150000,1524612,2623835905.1800
2023-05-12,1553.3115150000,1545.5223144000,1566.7886434800,1544.2633622100,1946045,3335038590.3800
2023-05-15,1541.5371420000,1554.4889523000,1555.1229570000,1531.7553552000,2574018,4384647977.0500
2023-05-16,1552.3967367900,1542.7055220900,1557.8310627900,1537.0085370000,2222377,3785811907.3400
2023-05-17,1546.9714680000,1540.6314210000,1551.5000730000,1538.8290362100,1677691,2858697941.9300
2023-05-18,1544.2452477900,1531.5742110000,1544.6165934000,1530.6684900000,1921928,3260170684.3300
2023-05-19,1513.4597910000,1539.2728395000,1543.6474719300,1499.4664015500,2674116,4504022548.8800
2023-05-22,1530.6775472100,1581.3888660000,1586.8231920000,1530.6684900000,4128432,7165754128.6800
2023-05-23,1588.6255767900,1561.9611505500,1588.6346340000,1561.9611505500,1689421,2934118393.7800
2023-05-24,1569.0076599300,1549.5980589000,1570.1126395500,1548.8825393100,1847927,3182416490.6900
2023-05-25,1545.1509687900,1540.6314210000,1548.7829100000,1530.6684900000,2246560,3814504092.8300
2023-05-26,1541.5371420000,1531.1756937600,1544.2543050000,1517.0917322100,1829110,3090691545.8400
2023-05-29,1537.0085370000,1529.7627690000,1538.2312603500,1519.7998380000,1777141,2998147158.8300
2023-05-30,1529.7627690000,1511.0052870900,1538.7203496900,1502.1926217600,2645340,4424706687.6300
2023-05-31,1504.4116382100,1475.3289369000,1508.6775841200,1473.3091790700,3695697,6053737281.2800
2023-06-01,1465.4565780000,1481.6870983200,1517.0736177900,1465.4565780000,2864525,4708722933.1700
2023-06-02,1489.9110450000,1513.0975026000,1515.4070911500,1481.8591853100,2505802,4163116244.4500
2023-06-05,1509.0761013600,1508.0254650000,1524.2197564800,1506.2140230000,1620050,2704294313.2500
2023-06-06,1512.5540700000,1509.8278497900,1525.2341640000,1495.8435175500,1991392,3326778182.8300
2023-06-07,1515.2621757900,1495.2547989000,1520.5244148000,1494.4396500000,1788964,2971782063.8700
2023-06-08,1499.7200034300,1510.7426280000,1517.0826750000,1494.4487072100,1470272,2441569676.5800
2023-06-09,1514.3564547900,1508.9311860000,1519.7726663700,1508.9311860000,1758041,2938014322.0900
2023-06-12,1508.9493004200,1536.1028160000,1546.9714680000,1504.8735559200,2702944,4562308598.8500
2023-06-13,1534.1826874800,1538.8199790000,1543.9010738100,1526.1398850000,1466254,2485398902.4400
2023-06-14,1556.9343990000,1564.0714804800,1570.7375870400,1545.3502274100,3150580,5438040355.8500
2023-06-15,1567.2052751400,1589.5403550000,1590.1290736500,1560.5572830000,2522257,4395900801.5100
2023-06-16,1591.3517970000,1628.2055844900,1630.2978000000,1585.1023221000,3791789,6742301360.9600
2023-06-19,1621.2405900000,1579.5774240000,1628.4410719500,1574.1430980000,3169992,5584248724.9300
2023-06-20,1575.9545400000,1579.0883346600,1598.5975650000,1571.4259350000,2094674,3659824529.0300
2023-06-21,1575.9545400000,1572.1776834300,1590.9895086000,1571.4259350000,1772061,3088635933.9800
2023-06-26,1557.9397493100,1547.8771890000,1566.8973300000,1535.1970950000,2399268,4098619509.8400
2023-06-27,1548.7738527900,1549.7339170500,1557.5684037000,1539.8072148900,1517446,2598138743.7800
2023-06-28,1551.6631027800,1565.4300619800,1570.5202140000,1549.6886310000,1857356,3199294221.2100
2023-06-29,1567.8030510000,1552.1431349100,1571.4168777900,1551.5091302100,1423116,2446524133.5200
2023-06-30,1563.3625000000,1555.0858750000,1571.6299287500,1550.9291700000,2045869,3472586730.4900
2023-07-03,1562.4428750000,1585.5254625000,1586.6106200000,1556.0055000000,1913909,3286737792.2800
2023-07-04,1585.6174250000,1591.5030250000,1595.0343850000,1579.9893200000,1247238,2155553634.6600
2023-07-05,1590.9512500000,1577.5063325000,1592.7629112500,1563.3625000000,1474539,2523960724.5100
2023-07-06,1571.7862650000,1566.1029825000,1593.7101250000,1563.3625000000,1514062,2589459002.0500
2023-07-07,1564.2821250000,1554.1938387500,1571.6299287500,1554.1662500000,1516742,2571458552.9600
2023-07-10,1567.9606250000,1564.1901625000,1577.1200900000,1563.3625000000,1347741,2298241728.0300
2023-07-11,1572.5587500000,1572.5587500000,1577.3132112500,1565.2937125000,1258270,2151079269.9100
2023-07-12,1575.3544100000,1576.0533250000,1584.5138750000,1573.7818512500,1328467,2280785350.6200
2023-07-13,1583.5850537500,1598.6761000000,1605.1226712500,1580.8445712500,2580654,4479772500.3600
2023-07-14,1614.8615000000,1612.1026250000,1617.1605625000,1601.2510500000,1855030,3245530255.3300
2023-07-17,1610.2633750000,1590.9236612500,1610.2633750000,1587.8245250000,1433648,2482069845.8500
2023-07-18,1594.2435075000,1584.3299500000,1595.0987587500,1582.6746250000,1473765,2544005062.8800
2023-07-19,1577.1660712500,1584.5138750000,1589.1120000000,1576.0533250000,1248322,2147704434.6900
2023-07-20,1589.1028037500,1585.4335000000,1608.4057325000,1583.5942500000,1669265,2897176490.4100
2023-07-21,1592.6801450000,1628.9317625000,1630.0353125000,1587.2727500000,3937740,6931535725.8300
2023-07-24,1609.8219550000,1628.7938187500,1628.7938187500,1609.8219550000,1971337,3476648177.4400
2023-07-25,1655.3250000000,1681.5802937500,1681.8837700000,1655.3158037500,4308646,7837450018.6600
2023-07-26,1681.5802937500,1681.5802937500,1688.4223037500,1669.1929450000,1961145,3580171484.2900
2023-07-27,1688.4315000000,1690.2983387500,1705.7112537500,1681.7182375000,2034043,3749635290.0900
2023-07-28,1684.7530000000,1744.5286250000,1747.2875000000,1681.0836962500,3901792,7330314112.2400
2023-07-31,1754.6445000000,1729.4283825000,1779.4743750000,1723.3772500000,4537861,8615279839.3400
2023-08-01,1727.0649462500,1737.1716250000,1753.6788937500,1726.9545912500,1923062,3635857283.1500
2023-08-02,1732.0217250000,1728.8950000000,1738.0912500000,1716.7559500000,1850872,3478674238.7200
2023-08-03,1719.6987500000,1727.4879737500,1738.0912500000,1701.7660625000,2154347,4031087705.2100
2023-08-04,1736.0864675000,1741.2823487500,1753.2834550000,1730.7342500000,2457364,4655813751.3300
2023-08-07,1729.7686437500,1736.1876262500,1745.4482500000,1720.6459637500,2389245,4491893139.8300
2023-08-08,1728.9225887500,1738.0912500000,1741.5030587500,1714.2545700000,1773618,3333559504.8700
2023-08-09,1738.0912500000,1738.3487450000,1751.8856250000,1731.6170900000,1852346,3506306394.3100
2023-08-10,1730.7342500000,1724.2968750000,1737.1716250000,1712.6176375000,1843619,3454219139.5400
2023-08-11,1733.4931250000,1686.5922500000,1733.8609750000,1686.4818950000,2678649,4959166750.5700
2023-08-14,1664.5212500000,1658.0838750000,1678.2972325000,1651.6465000000,2373119,4285362052.5200
2023-08-15,1663.6016250000,1667.2617325000,1671.8782500000,1656.2538212500,1481799,2682125118.6900
2023-08-16,1662.2957575000,1673.7175000000,1676.7982437500,1660.8427500000,1318431,2396261790.6400
2023-08-17,1660.9163200000,1681.1204812500,1686.5922500000,1656.7504187500,1729037,3141408018.0700
2023-08-18,1684.7438037500,1657.7068287500,1687.5026787500,1657.7068287500,1702334,3084761576.7700
2023-08-21,1648.8876250000,1647.0483750000,1668.1905537500,1646.1931237500,1891181,3405415644.5200
2023-08-22,1656.2354287500,1644.2895000000,1657.6792400000,1628.6742675000,2665036,4763131152.4500
2023-08-23,1652.5661250000,1631.4147500000,1655.3250000000,1627.8098200000,1991222,3556178583.8200
2023-08-24,1636.5830425000,1670.3148875000,1681.0745000000,1632.3343750000,2605509,4703417599.8500
2023-08-25,1663.4085037500,1678.2972325000,1690.0592362500,1660.8519462500,1883086,3433296756.2900
2023-08-28,1745.9816325000,1687.4842862500,1745.9816325000,1684.6426450000,4105213,7633221011.5000
2023-08-29,1681.0745000000,1702.5293512500,1718.8526950000,1681.0745000000,2895028,5371260173.3300
2023-08-30,1717.7675375000,1706.8240000000,1717.8595000000,1695.4758275000,1981181,3672570259.6800
2023-08-31,1710.5025000000,1698.5473750000,1710.5025000000,1693.0388212500,1482022,2738445519.0900
2023-09-01,1703.9087887500,1702.2718562500,1715.5328487500,1697.6553387500,1314519,2438622738.3800
2023-09-04,1712.8935250000,1716.0202500000,1728.8398225000,1704.5525262500,2387100,4453823216.3800
2023-09-05,1717.8595000000,1709.3069875000,1717.8595000000,1707.5597000000,1565874,2915625960.9600
2023-09-06,1708.6632500000,1711.4221250000,1716.6272025000,1700.3958212500,1112143,2067605990.0000
2023-09-07,1703.6972750000,1690.2707500000,1707.6424662500,1684.0081037500,1698157,3128587115.7200
2023-09-08,1687.4566975000,1672.3380625000,1687.4566975000,1669.0733937500,1221178,2224338143.8500
2023-09-11,1662.6820000000,1675.7130862500,1692.1100000000,1662.6820000000,1592600,2902617736.3700
2023-09-12,1679.7870250000,1673.6807150000,1680.1364825000,1670.0573925000,1216801,2214514112.2200
2023-09-13,1682.8401800000,1673.6347337500,1682.8401800000,1655.3709812500,1950143,3540583633.3600
2023-09-14,1676.0441512500,1672.5127912500,1680.1364825000,1660.8427500000,1750459,3180447848.4400
2023-09-15,1672.7978750000,1638.7625537500,1673.5151825000,1638.1280125000,2843146,5105749077.0900
2023-09-18,1633.5390837500,1682.1780500000,1682.4539375000,1630.4951250000,3255892,5905120999.6600
2023-09-19,1675.7406750000,1680.0996975000,1681.9941250000,1662.6820000000,1498950,2727858952.9500
2023-09-20,1675.5567500000,1677.3960000000,1682.9137500000,1671.9242312500,1250178,2281583949.3500
2023-09-21,1671.8874462500,1653.8444037500,1675.5567500000,1653.8444037500,1948919,3521486754.5200
2023-09-22,1660.5024887500,1700.3866250000,1701.2694650000,1648.3450462500,3439046,6287832574.8300
2023-09-25,1699.0071875000,1685.1024575000,1699.4670000000,1679.7778287500,1397913,2565773541.0400
2023-09-26,1681.0745000000,1670.0390000000,1687.4015200000,1667.3720875000,1576196,2870852363.4700
2023-09-27,1669.1193750000,1668.1997500000,1686.1324375000,1657.8999500000,2087994,3791876118.5000
2023-09-28,1678.2972325000,1653.9915437500,1678.2972325000,1653.3018250000,2053784,3704812959.8400
2023-10-09,1652.5109475000,1634.1736250000,1652.5109475000,1623.0461625000,2976268,5279950405.9700
2023-10-10,1639.5902162500,1627.7362500000,1654.3869825000,1625.8970000000,2028392,3615557182.2300
2023-10-11,1641.2087562500,1635.5530625000,1641.2087562500,1625.8970000000,2194486,3896568648.2600
2023-10-12,1653.3937875000,1642.4502500000,1653.6972637500,1634.3575500000,1486507,2657095942.1600
2023-10-13,1628.5455200000,1610.2633750000,1635.1024462500,1598.4829787500,2502788,4387687934.1000
2023-10-16,1610.2449825000,1590.8592875000,1614.8615000000,1584.0080812500,2078965,3603604610.3900
2023-10-17,1599.2278750000,1587.2727500000,1599.6325100000,1578.0765000000,1494523,2577312288.0100
2023-10-18,1580.6514500000,1589.1120000000,1601.9867500000,1579.1616575000,2031750,3511987514.2000
2023-10-19,1563.3625000000,1498.9887500000,1563.3900887500,1495.3378387500,7349237,12146921769.3400
2023-10-20,1498.9887500000,1512.7831250000,1521.9793750000,1486.3439062500,4537601,7421390806.3800
2023-10-23,1498.9611612500,1511.8451075000,1526.5775000000,1491.2639000000,2523423,4138279588.3500
2023-10-24,1515.5420000000,1510.8978937500,1520.4711900000,1490.9052462500,2986146,4894807616.6800
2023-10-25,1535.8749087500,1542.6709375000,1561.5232500000,1533.0332675000,3617898,6075417064.2100
2023-10-26,1533.0148750000,1537.8245137500,1552.3270000000,1528.4259462500,2238635,3741418873.6700
2023-10-27,1530.2560000000,1541.9444337500,1555.8951450000,1527.1292750000,3426239,5754795486.1100
2023-10-30,1534.8541250000,1545.8896250000,1553.1362700000,1534.8541250000,2408642,4050573178.4000
2023-10-31,1544.9700000000,1549.1818825000,1554.1662500000,1533.7965562500,1985877,3335804698.6500
2023-11-01,1701.3062500000,1637.8429287500,1701.3062500000,1631.2216287500,9314308,16747292689.4000
2023-11-02,1650.7268750000,1636.4726875000,1650.7268750000,1633.3091775000,2790764,4982090752.5800
2023-11-03,1636.9325000000,1665.6615850000,1669.0182162500,1631.4147500000,3017600,5433116880.7200
2023-11-06,1673.7175000000,1666.3605000000,1677.2028787500,1656.3549800000,2552392,4624102375.0900
2023-11-07,1659.9231250000,1647.2047112500,1664.5212500000,1640.6845700000,1958159,3511590028.4100
2023-11-08,1640.6569812500,1653.7984225000,1658.8195750000,1639.5718237500,1454567,2610041958.5000
2023-11-09,1646.2299087500,1649.9084087500,1654.4053750000,1639.6913750000,1280048,2291996819.2800
2023-11-10,1637.4382937500,1633.1068600000,1644.2895000000,1630.5870875000,1646557,2928380667.6600
2023-11-13,1629.8329950000,1622.2185000000,1641.4202700000,1615.7627325000,1836995,3244573620.5700
2023-11-14,1622.2185000000,1623.3864237500,1632.3251787500,1618.5491962500,1281675,2263963956.5800
2023-11-15,1636.0128750000,1630.4307512500,1639.5902162500,1624.9773750000,1843486,3271230274.5200
2023-11-16,1631.4147500000,1618.5859812500,1633.2540000000,1618.5859812500,1255757,2215937272.6400
2023-11-17,1611.1830000000,1612.4888675000,1617.6203750000,1598.2162875000,2171363,3793781119.2400
2023-11-20,1613.9418750000,1620.8390625000,1627.2764375000,1597.0759525000,1860804,3265514009.9600
2023-11-21,1640.0776175000,1646.1287500000,1653.4857500000,1627.8282125000,3009845,5383107809.5500
2023-11-22,1639.9672625000,1638.3211337500,1650.1291187500,1637.4290975000,1266457,2263460167.1500
2023-11-23,1635.3691375000,1642.4502500000,1644.2895000000,1628.6558750000,1154964,2055272192.8000
2023-11-24,1645.2091250000,1634.1736250000,1645.2091250000,1632.3343750000,1308540,2329345658.1000
2023-11-27,1630.7710125000,1621.2988750000,1630.7710125000,1613.9418750000,1626074,2865075216.8100
2023-11-28,1619.4596250000,1626.8534100000,1631.3043950000,1616.7007500000,1451976,2562905659.3300
2023-11-29,1625.8970000000,1632.0676837500,1633.2540000000,1616.7007500000,1714933,3034175613.9400
2023-11-30,1633.9161300000,1647.5081875000,1650.5061650000,1628.7294450000,2135342,3817513544.9500
2023-12-01,1645.4942087500,1618.7974950000,1645.8528625000,1607.5045000000,3305131,5830850111.1200
2023-12-04,1618.7974950000,1609.9966837500,1620.2229137500,1605.0031200000,1844047,3233102118.3700
2023-12-05,1608.2218075000,1571.6391250000,1608.3137700000,1570.7378925000,2990301,5168983316.9000
2023-12-06,1565.7811137500,1566.1213750000,1581.2675987500,1564.4016762500,2385129,4078003021.8000
2023-12-07,1567.0410000000,1563.3625000000,1571.7126950000,1551.6832625000,2504150,4249170905.9400
2023-12-08,1563.3625000000,1567.8870550000,1571.4919850000,1556.2078175000,2628801,4474160126.2900
2023-12-11,1554.1662500000,1561.5232500000,1567.0410000000,1523.8186250000,3683098,6172810248.1300
2023-12-12,1551.9591500000,1572.5495537500,1572.5495537500,1548.6485000000,2101066,3564305866.1400
2023-12-13,1568.1629425000,1526.5775000000,1568.6227550000,1523.8921950000,3878870,6480807499.5700
2023-12-14,1532.0584650000,1504.4145375000,1535.6541987500,1503.6052675000,4067215,6703240106.6200
2023-12-15,1515.7535137500,1512.7831250000,1542.9192362500,1511.8726962500,3709251,6140791726.4500
2023-12-18,1508.1850000000,1528.4167500000,1529.6398512500,1503.5868750000,1989734,3292194756.9000
2023-12-19,1531.1756250000,1540.3718750000,1544.8504487500,1512.8658912500,2220676,3706057587.1700
2023-12-20,1542.3346040000,1534.6973500200,1544.1950800000,1528.3810340000,2309203,3816133219.4600
2023-12-21,1525.5996223800,1553.4974600000,1555.6556121600,1525.5996223800,2901168,4827827888.4400
2023-12-22,1553.2183886000,1554.1021147000,1561.9626258000,1542.3439063800,2166684,3613238325.1400
2023-12-25,1554.4276980000,1555.3579360000,1561.4975068000,1551.6369840000,1247106,2086014389.7800
2023-12-26,1555.8230550000,1553.4974600000,1558.0556262000,1541.8694850000,1477126,2457177339.1000
2023-12-27,1551.6369840000,1550.7625602800,1560.1486617000,1545.1253180000,1605550,2679221364.5200
2023-12-28,1554.4183956200,1604.6512476200,1607.4419616200,1550.7625602800,3833806,6537401379.7700
2023-12-29,1600.0093600000,1605.5907880000,1627.5258000400,1600.0093600000,2753868,4768857531.4600
2024-01-02,1595.3581700000,1567.4603323800,1598.3256292200,1561.0323878000,3215644,5440082548.0800
2024-01-03,1563.8324041800,1575.8231720000,1576.9580623600,1559.3858665400,2022929,3411400667.3300
2024-01-04,1574.8929340000,1552.5672220000,1574.8929340000,1546.9206773400,2155107,3603970147.1300
2024-01-05,1545.4322965400,1547.3206796800,1561.5533210800,1536.8555021800,2024286,3373155626.7000
2024-01-08,1545.1253180000,1529.3019696200,1546.0555560000,1525.5996223800,2558620,4211918629.1400
2024-01-09,1526.5298603800,1526.5205580000,1537.0508521600,1521.0042466600,2441204,4009826495.9800
2024-01-10,1526.6135818000,1526.9856770000,1543.6927514800,1523.7298440000,1735067,2856120717.9500
2024-01-11,1525.6833438000,1531.7019836600,1542.2787897200,1523.7856582800,1644055,2708764500.3700
2024-01-12,1525.5624128600,1528.4368482800,1536.0647998800,1525.0321772000,1160324,1908084612.3900
2024-01-15,1520.9391300000,1525.5903200000,1539.5159828600,1520.4274991000,1785403,2931202342.5900
2024-01-16,1524.1949630000,1525.0600843400,1532.1019860000,1511.5809357200,2590314,4236042959.7900
2024-01-17,1516.2879400000,1466.9853260000,1521.3856442400,1466.9853260000,5163276,8251735591.3900
2024-01-18,1464.1946120000,1498.4924870600,1500.2878464000,1447.0317209000,6043981,9566349513.7400
2024-01-19,1496.6320110600,1520.9391300000,1523.7391463800,1489.1994094400,4637843,7550144389.1500
2024-01-22,1515.3577020000,1527.4507960000,1528.3810340000,1505.9436934400,4694589,7678297835.8100
2024-01-23,1518.1577183800,1506.0553220000,1525.5438081000,1496.7529420000,3483490,5659457114.7400
2024-01-24,1515.3577020000,1512.5669880000,1519.8600539200,1491.6924472800,3321635,5373603703.0100
2024-01-25,1513.3297831600,1523.7298440000,1526.5205580000,1508.8460360000,3120580,5094508164.9200
2024-01-26,1516.6228256800,1523.0972821600,1529.4042958000,1509.7762740000,2695475,4402111882.2900
2024-01-29,1525.8693914000,1534.8927000000,1544.7346180400,1525.8600890200,3142068,5189014946.0700
2024-01-30,1534.8740952400,1500.4738940000,1534.8740952400,1497.6831800000,3086633,5010784454.2400
2024-01-31,1500.4738940000,1492.9482685800,1506.9576528600,1486.6412549400,2964912,4770104890.5900
2024-02-01,1493.4971090000,1497.7110871400,1510.6041858200,1489.3110380000,2648515,4272298575.7600
2024-02-02,1502.3343700000,1484.6598480000,1514.2228116400,1470.7062780000,3938202,6336691193.6600
2024-02-05,1484.6598480000,1516.2972423800,1523.2089107200,1483.9621695000,5313036,8590683070.9800
2024-02-06,1516.2972423800,1559.0788880000,1567.8975442400,1512.6600118000,5247204,8740646588.3800
2024-02-07,1563.7579851400,1591.6279156200,1594.9767724200,1545.6927631800,5260107,8899606866.7100
2024-02-08,1600.0186623800,1586.9860280000,1604.6605500000,1567.4510300000,4675654,7953438044.0100
2024-02-19,1616.6327130600,1577.1534123400,1616.6885273400,1570.2417440000,3697744,6288277979.6200
2024-02-20,1578.9487716800,1553.4974600000,1578.9487716800,1540.9950612800,3447007,5755266893.4600
2024-02-21,1549.7951127600,1597.8326030800,1610.2419780000,1546.0555560000,4615407,7868784081.7000
2024-02-22,1588.3813850000,1598.5023744400,1602.8093763800,1581.8976261400,2279361,3905984694.8400
2024-02-23,1591.7395441800,1594.5116534200,1604.0838024400,1581.4232047600,2730589,4670706949.8900
2024-02-26,1588.8465040000,1576.7348052400,1589.5348801200,1567.4696347600,2731832,4625594409.3900
2024-02-27,1565.5905540000,1571.6371010000,1574.8185149600,1560.9393640000,2207985,3718478357.6300
2024-02-28,1571.0975629600,1564.2417089000,1578.2138836600,1557.2277143800,3186731,5371312846.9600
2024-02-29,1564.2417089000,1576.7534100000,1578.1487670000,1562.0556496000,2475833,4184917973.1200
2024-03-01,1572.1022200000,1567.5068442800,1576.7255028600,1559.7114498400,2686796,4526845398.1500
2024-03-04,1561.8696020000,1559.3579594000,1563.7207756200,1553.5439719000,2648477,4434401015.2500
2024-03-05,1554.2509527800,1576.8464338000,1578.6138860000,1550.4090698400,3623837,6102136582.1200
2024-03-06,1573.0324580000,1563.3114709000,1576.7534100000,1560.9579687600,2214248,3725582802.2300
2024-03-07,1562.7998400000,1566.1766039400,1571.9161724000,1560.9393640000,2159912,3633934773.8600
2024-03-08,1563.3207732800,1554.8277003400,1569.0138298400,1553.5439719000,2215623,3710678521.7300
2024-03-11,1558.1486500000,1576.2789886200,1580.3627334400,1556.4556168400,2989509,5048394347.3700
2024-03-12,1575.7673577200,1623.2653100000,1627.0792858000,1572.5673390000,5422654,9393309052.2000
2024-03-13,1618.5862128600,1606.9396331000,1626.0560240000,1600.1023838000,2649954,4588879420.4700
2024-03-14,1599.0791220000,1596.8744579400,1613.8140919200,1592.1023370000,1940479,3338768307.9000
2024-03-15,1593.0325750000,1597.6744626200,1611.5443112000,1592.5674560000,1783358,3066692399.0500
2024-03-18,1595.3581700000,1589.0883658800,1599.8698243000,1580.4743620000,2605501,4446059129.6100
2024-03-19,1584.1953140000,1588.8651087600,1599.9535457200,1574.9952601800,2394753,4093701260.6800
2024-03-20,1584.5301996800,1590.3348848000,1594.1302558400,1581.6185547400,1524925,2604543856.3700
2024-03-21,1588.9395278000,1589.7767420000,1599.0791220000,1585.5906710000,1659597,2839332631.3500
2024-03-22,1586.0836971400,1582.6604213000,1589.7674396200,1570.2417440000,2545614,4318592818.2200
2024-03-25,1580.0464525200,1571.1812843800,1580.2604072600,1563.3393780400,2447285,4131446236.9500
2024-03-26,1569.7394154800,1590.0465110200,1593.3116464000,1569.7394154800,2806907,4782899074.3400
2024-03-27,1586.0557900000,1582.3348380000,1592.5674560000,1580.4743620000,1811258,3087792980.3900
2024-03-28,1576.7534100000,1582.9301903200,1598.1488840000,1575.0789816000,2464218,4201857059.1800
2024-03-29,1582.9301903200,1584.1022902000,1591.6279156200,1579.6371478000,1345655,2290584417.1200
2024-04-01,1590.6976776200,1601.2465765400,1613.0326920000,1589.4976706000,2713137,4679371034.9500
2024-04-02,1601.8698360000,1594.4186296200,1604.6512476200,1586.1023019000,2544925,4360973684.1100
2024-04-03,1613.0326920000,1595.4604961800,1618.0931867200,1590.7255847600,2904580,5002390041.8300
2024-04-08,1576.7534100000,1550.3904650800,1577.6836480000,1546.6136988000,5916659,9907355766.2800
2024-04-09,1544.8183394600,1546.2602083600,1556.2881740000,1542.7532111000,2558982,4256226332.6000
2024-04-10,1546.3067202600,1533.0136192400,1548.8369676200,1530.2415100000,2763050,4562853879.7200
2024-04-11,1525.6926461800,1533.0322240000,1534.8927000000,1520.6507562200,2276624,3736417594.6500
2024-04-12,1535.8229380000,1520.0367991400,1547.9160320000,1520.0367991400,2674433,4403968129.4500
2024-04-15,1520.9484323800,1556.2695692400,1558.7160951800,1520.9205252400,3581771,5960815531.8000
2024-04-16,1549.3020866200,1553.4974600000,1562.3905352800,1543.2648420000,2626623,4382796962.2600
2024-04-17,1551.6369840000,1550.7067460000,1558.3346976000,1542.3346040000,2481911,4130322017.8100
2024-04-18,1543.2741443800,1554.2230456400,1565.5719492400,1542.5020468400,2656841,4445487745.1500
2024-04-19,1544.9206656400,1531.7671003200,1552.1021030000,1526.7810246400,2349992,3879233241.8200
2024-04-22,1538.6136520000,1558.2044642800,1561.7579734400,1530.2415100000,2995139,5001684634.6500
2024-04-23,1558.1486500000,1574.2231626400,1576.7534100000,1558.1486500000,2497995,4217855278.9600
2024-04-24,1578.5952812400,1575.4510768000,1581.3208785800,1565.8975325400,1708643,2893555635.0000
2024-04-25,1572.4091985400,1574.9301435200,1577.3115528000,1564.8928755000,1447648,2447183878.8400
2024-04-26,1575.8231720000,1590.1767443400,1594.4279320000,1575.8045672400,3099592,5290248521.3500
2024-04-29,1578.5673741000,1585.1255520000,1607.4512640000,1575.6557291600,4133223,7072096590.1200
2024-04-30,1586.0650923800,1586.0557900000,1609.2001114400,1586.0557900000,3075989,5273902374.3400
2024-05-06,1613.0047848600,1637.4049276000,1641.8700700000,1606.5210260000,5990949,10504351711.5100
2024-05-07,1642.6049580200,1646.5212600000,1653.7771164000,1634.1304898400,2492452,4413196426.0200
2024-05-08,1646.2328862200,1640.9119248600,1646.4933528600,1633.1909494600,1476909,2603293863.2300
2024-05-09,1635.3584040000,1633.4979280000,1641.8514652400,1627.9165000000,2238734,3929804849.3600
2024-05-10,1638.2421418000,1617.6652772400,1644.5491554400,1613.0233896200,2620661,4571398242.2500
2024-05-13,1611.1908207600,1586.9860280000,1611.7861730800,1582.5394903600,3766212,6435415673.6000
2024-05-14,1586.9767256200,1583.2464712400,1593.7488582600,1581.4139023800,2127417,3623282672.0700
2024-05-15,1583.8046140400,1581.4046000000,1588.8465040000,1580.0929644200,1573876,2677203002.2700
2024-05-16,1586.0557900000,1585.5906710000,1590.5953514400,1572.1022200000,2967954,5048754768.5600
2024-05-17,1581.4139023800,1595.3581700000,1596.8279460400,1581.4046000000,2892388,4936920634.1700
2024-05-20,1598.1395816200,1589.7767420000,1612.0931516200,1588.9488301800,3142572,5401389334.8700
2024-05-21,1588.8465040000,1586.0557900000,1590.4558157400,1579.6929620800,1629339,2776847499.0000
2024-05-22,1584.1953140000,1579.2743549800,1590.6697704800,1573.0324580000,2028568,3443977766.9600
2024-05-23,1581.4046000000,1573.9719983800,1587.3395184400,1572.1766390400,1888497,3199923320.0800
2024-05-24,1574.8929340000,1560.0835450400,1576.7534100000,1560.0091260000,2021663,3401323914.9500
2024-05-27,1560.9393640000,1553.6090885600,1569.7301131000,1551.6462863800,2509791,4199001866.3400
2024-05-28,1553.8695552000,1548.5113843200,1558.3067904600,1546.9857940000,2352087,3923020375.1400
2024-05-29,1549.7765080000,1557.2184120000,1562.7998400000,1548.8462700000,1965128,3289173344.7000
2024-05-30,1558.1486500000,1533.9624620000,1558.5021404400,1533.9624620000,3220792,5333306808.3600
2024-05-31,1535.3578190000,1533.4508311000,1547.4509130000,1533.4508311000,2185665,3617654788.0200
2024-06-03,1534.8927000000,1525.0228748200,1535.7485189600,1521.0414561800,3026105,4966041477.4400
2024-06-04,1526.0554390000,1537.8694616000,1540.4741280000,1522.3809989000,2084108,3432497302.9800
2024-06-05,1536.7531760000,1529.3112720000,1542.9671658400,1528.4089411400,1905557,3140824328.0400
2024-06-06,1528.9949910800,1525.4135747800,1536.7438736200,1521.7856465800,2561005,4205700983.2300
2024-06-07,1531.2926789400,1506.2227648400,1531.3391908400,1506.0646243800,3352455,5453120695.4600
2024-06-11,1491.1622116200,1459.5434220000,1493.0319900000,1457.6829460000,7024676,11090577610.0600
2024-06-12,1460.4736600000,1462.0364598400,1479.0784200000,1460.4736600000,3317050,5230086503.4400
2024-06-13,1466.7713712600,1446.5293923800,1466.8829998200,1444.7991497000,3618597,5654938942.0600
2024-06-14,1446.5200900000,1446.5200900000,1454.8550224800,1414.3896694800,5951416,9177637168.0600
2024-06-17,1425.3943850200,1433.9618770000,1440.7247072600,1405.5989203800,4831816,7400883242.8700
2024-06-18,1424.0920518200,1415.3571170000,1446.0921805200,1410.8733698400,4125825,6317590942.7100
2024-06-19,1422.3549869100,1425.2130090000,1428.0615360000,1407.2672889000,4126153,6167728415.7500
2024-06-20,1424.2635000000,1424.3584509000,1439.4651390900,1422.3644820000,2471068,3715924984.0700
2024-06-21,1424.7382545000,1396.7277390000,1428.9920548200,1395.9871219800,4331997,6418543742.2100
2024-06-24,1351.1513070000,1401.9975139500,1413.8094059100,1342.6152210900,6383993,9319362390.1300
2024-06-25,1402.4247930000,1411.5875548500,1427.1025319100,1402.4247930000,4209795,6273919386.3000
2024-06-26,1405.2733200000,1414.0277929800,1425.2794746300,1403.1844002000,2956977,4414601922.2500
2024-06-27,1416.6674280000,1415.2336694100,1418.5379607300,1393.8792120000,3282178,4857959457.2400
2024-06-28,1405.2733200000,1393.3000115100,1419.0317054100,1390.0811760000,3858202,5699649046.8600
2024-07-01,1394.7147799200,1367.6537734200,1398.6172619100,1355.8988520000,3216138,4636689118.2000
2024-07-02,1360.6463970000,1415.4330663000,1422.3644820000,1360.6463970000,5185298,7659166816.2300
2024-07-03,1423.3139910000,1424.2635000000,1436.6166120900,1412.8883821800,3157326,4740808130.0800
2024-07-04,1429.0110450000,1410.7235016600,1435.6576080000,1406.3462651700,2437973,3637968895.2400
2024-07-05,1404.3238110000,1379.6365770000,1417.7878486200,1376.7880500000,3882938,5664477336.4700
2024-07-08,1370.1414870000,1348.3027800000,1384.1657349300,1347.4862022600,3952705,5657951348.4100
2024-07-09,1348.3027800000,1365.4224272700,1381.4311490100,1338.9026409000,3362071,4807957927.3600
2024-07-10,1366.5808282500,1365.0046433100,1391.8662529200,1362.5454150000,2376322,3436693365.4500
2024-07-11,1376.7595647300,1388.2676138100,1394.8287210000,1367.4923568900,2902014,4236960596.1700
2024-07-12,1398.6362520900,1404.1528993800,1411.3501776000,1391.4579640500,2338634,3451132647.9900
2024-07-15,1395.7782300000,1400.4308241000,1412.8693920000,1395.7782300000,1917626,2835374730.1200
2024-07-16,1401.4752840000,1401.4752840000,1407.1723380000,1391.0781604500,2031644,2998367128.3300
2024-07-17,1401.5702349000,1425.5928126000,1427.1120270000,1395.7972201800,3431101,5115680654.1900
2024-07-18,1423.7887455000,1421.8992225900,1438.5061350000,1417.1706677700,2887039,4337214600.9400
2024-07-19,1415.5375122900,1448.5899205800,1451.9701726200,1409.0808510900,3894291,5888615144.7900
2024-07-22,1448.0297102700,1423.3139910000,1452.7297798200,1416.3350998500,2854321,4300813309.9700
2024-07-23,1423.3139910000,1381.5355950000,1425.2130090000,1381.5355950000,3094396,4555460197.6300
2024-07-24,1376.9779518000,1367.3119501800,1389.7963233000,1362.5454150000,2412255,3490200972.8000
2024-07-25,1367.3119501800,1358.2631294100,1374.8890320000,1348.3122750900,2834656,4054086714.0500
2024-07-26,1358.2631294100,1350.3822047100,1365.1280794800,1339.6622481000,3235379,4594928574.1000
2024-07-29,1343.5552350000,1327.4325721800,1350.1923029100,1327.4135820000,3086907,4342610099.9700
2024-07-30,1316.0004838200,1310.3129249100,1320.0738774300,1292.5666017000,5177904,7103491565.7900
2024-07-31,1303.7708079000,1349.5181515200,1355.2057104300,1303.7708079000,4327232,6098149721.2500
2024-08-01,1346.4037620000,1316.1713954400,1348.3027800000,1314.7851123000,3203810,4470988088.0300
2024-08-02,1304.2455624000,1315.4972440500,1326.4355877300,1304.2455624000,2192769,3041726371.6400
2024-08-05,1318.7540599200,1338.8171850900,1353.9998340000,1315.5637096800,3773607,5327127146.6100
2024-08-06,1350.2017980000,1333.7752923000,1352.1008160000,1323.6250410900,2744433,3860735014.1700
2024-08-07,1334.5348995000,1344.0299895000,1350.1923029100,1327.6984347000,2062221,2910580747.0400
2024-08-08,1339.7571990000,1358.4530312100,1375.0599436200,1337.8581810000,2513082,3592705429.8200
2024-08-09,1386.3116252700,1364.2545312000,1394.8287210000,1364.2545312000,3013849,4368705515.2800
2024-08-12,1357.7978700000,1363.5898749000,1370.1414870000,1354.5505492200,1363203,1956573437.9100
2024-08-13,1360.6463970000,1351.1608020900,1362.5454150000,1340.7162030900,1630843,2317037755.6400
2024-08-14,1351.1608020900,1341.9410697000,1352.9553741000,1340.7256981800,1341431,1898377426.4600
2024-08-15,1334.0886302700,1354.8448970100,1363.4854289100,1333.0631605500,2303897,3275699572.4000
2024-08-16,1354.7499461100,1358.9372808000,1363.4189632800,1345.4637480900,1645470,2349825846.1000
2024-08-19,1359.6968880000,1353.4681089600,1385.2196899200,1353.0503250000,2043279,2942106435.2000
2024-08-20,1357.7029191000,1350.8854444800,1357.7314043700,1342.6057260000,1859138,2644814343.5800
2024-08-21,1348.3027800000,1346.0049682200,1355.8798618200,1344.2103962100,1509165,2144746551.0300
2024-08-22,1344.5047440000,1338.8551654500,1348.3027800000,1329.3220950900,1952729,2750868072.6300
2024-08-23,1336.9086720000,1343.5457399100,1351.6260615000,1335.1235950800,1532046,2166499201.6700
2024-08-26,1345.4542530000,1340.7067080000,1351.9678847400,1332.3035533500,1562841,2207595460.9200
2024-08-27,1340.7067080000,1333.1771016300,1341.6562170000,1330.3665549900,1365740,1920770569.5500
2024-08-28,1333.1771016300,1318.8680010000,1335.0096540000,1305.5748750000,3166351,4388025874.5700
2024-08-29,1310.3224200000,1341.9410697000,1346.4037620000,1310.3224200000,2747161,3864270620.6200
2024-08-30,1341.6562170000,1370.3218937100,1384.4505876300,1334.0601450000,3873923,5576118648.8100
2024-09-02,1357.7978700000,1324.5650550000,1365.3939420000,1324.5650550000,3413459,4801049927.2000
2024-09-03,1327.4135820000,1338.8076900000,1343.5362448200,1322.6850271800,1788760,2516125842.3200
2024-09-04,1331.2116180000,1329.3126000000,1347.5336777100,1329.0657276600,1421109,1995221417.2300
2024-09-05,1329.7873545000,1333.9462039200,1335.9591630000,1326.4640730000,1450295,2033680838.8500
2024-09-06,1334.0601450000,1327.4135820000,1335.0096540000,1327.4135820000,1032104,1445537257.0900
2024-09-09,1310.3319150900,1305.5748750000,1323.3401883900,1300.9032907200,2863755,3950086824.5200
2024-09-10,1300.8463201800,1308.4234020000,1322.6660370000,1300.8463201800,1980284,2737295643.8400
2024-09-11,1306.1445804000,1310.3224200000,1315.9055329200,1296.0797850000,2099577,2892932793.6800
2024-09-12,1310.3224200000,1267.6514855400,1315.0699650000,1267.5090591900,4794831,6482445000.4000
2024-09-13,1263.7964790000,1238.2831721700,1264.7459880000,1231.7980257000,5600511,7329376916.8500
2024-09-18,1234.3617000000,1202.9329521000,1234.3711950900,1202.7050699400,4618531,5895948010.8200
2024-09-19,1198.2803580000,1197.3308490000,1227.6011959200,1182.9267974700,5998821,7623739997.1600
2024-09-20,1197.8056035000,1200.1034152800,1209.5795151000,1186.9147352700,3998184,5038507834.9400
2024-09-23,1203.9774120000,1197.8435838600,1228.1898915000,1197.0080159400,4554969,5809791682.2700
2024-09-24,1220.2045208100,1303.2960534000,1303.6758570000,1201.2143408100,10041281,13297277523.0100
2024-09-25,1329.3600754500,1328.3630910000,1354.9493430000,1326.1887153900,7395380,10420109654.7500
2024-09-26,1329.2746196400,1451.7992610000,1452.6253338300,1325.5145640000,9727806,14269262657.3100
2024-09-27,1519.2144000000,1546.9400628000,1546.9400628000,1486.3234082400,8792167,14050260568.9400
2024-09-30,1606.5692280000,1659.7417320000,1671.0218989200,1568.5888680000,15729341,26982747037.2400
2024-10-08,1813.5621900000,1636.0040070000,1813.5621900000,1595.3460316200,19470947,35114075007.0400
2024-10-09,1614.1653000000,1514.6092813500,1614.1653000000,1509.7193100000,12019684,19708432734.0000
2024-10-10,1540.3504703400,1557.1947600000,1583.8569727200,1510.6688190000,7460342,12198964035.3500
2024-10-11,1533.8368386000,1523.9524499100,1557.1567796400,1509.7193100000,4191471,6764982707.4300
2024-10-14,1531.5580170000,1521.1039229100,1538.8027706700,1501.3351455300,4481202,7181350821.9900
2024-10-15,1518.2648910000,1475.7743632500,1520.1544139100,1474.5969720900,4357143,6884141868.6500
2024-10-16,1463.0794279200,1445.6274525000,1471.5490482000,1433.7585900000,4666440,7140169692.2900
2024-10-17,1459.3953330000,1419.1361514000,1460.0220089400,1418.0062356900,3945955,5964778957.8700
2024-10-18,1417.6169370000,1463.1933690000,1488.6781905600,1404.2858306400,6861930,10418043491.5000
2024-10-21,1463.3927658900,1451.6093592000,1471.7104647300,1444.4025858900,4200790,6433918335.4100
2024-10-22,1449.4824590400,1465.0923870000,1481.4049516200,1447.2416178000,3626913,5607826491.6400
2024-10-23,1466.1463419900,1488.3553575000,1497.3282175500,1454.6477880000,4008846,6259600035.0700
2024-10-24,1482.1835490000,1473.8278698000,1495.4766750000,1467.0009000900,2392280,3723973209.0800
2024-10-25,1468.8904230000,1480.1421046500,1495.2772781100,1467.9504090900,2774508,4328271350.7300
2024-10-28,1481.2340400000,1485.9815850000,1485.9815850000,1445.3710850700,3912140,6064453667.7400
2024-10-29,1481.2340400000,1454.2869745800,1500.2242200000,1452.7487700000,4116578,6368105233.4700
2024-10-30,1448.0012250000,1454.6477880000,1472.8688657100,1446.4915056900,3200574,4913175982.5000
2024-10-31,1454.7902143500,1450.6503551100,1462.2438600000,1443.2536800000,2995735,4575545180.0100
2024-11-01,1444.2031890000,1456.3094287500,1467.1148411700,1444.0132872000,3228392,4954302212.4300
2024-11-04,1466.9249393700,1470.0298338000,1471.7389500000,1450.9067225400,2909292,4481761763.8900
2024-11-05,1462.2438600000,1497.3661979100,1498.0403493000,1458.4553190900,4564047,7134443463.8500
2024-11-06,1495.4766750000,1491.6786390000,1508.7603059100,1482.3924409800,3763143,5916917616.4500
2024-11-07,1483.5698321400,1565.8732722600,1570.0131315000,1483.4179107000,7473872,12074951756.9900
2024-11-08,1577.0300030100,1528.6810047300,1582.9359489900,1520.1734040900,6077120,9885645907.1300
2024-11-11,1509.7193100000,1517.3248770900,1528.6620145500,1488.0610097100,4385365,6957095385.2700
2024-11-12,1508.7698010000,1497.5655948000,1541.0531070000,1494.4796905500,4922266,7844798676.3400
2024-11-13,1488.8301120000,1498.7999565000,1506.5479499400,1482.4494115200,2912526,4594445032.4600
2024-11-14,1490.7291300000,1494.3372642000,1513.9446250500,1486.5987658500,2924814,4617144097.2000
2024-11-15,1489.7796210000,1480.2845310000,1503.8323542000,1474.5874770000,3376112,5295326891.8500
2024-11-18,1483.1330580000,1480.2845310000,1496.4166889100,1476.4864950000,2709219,4237197498.8000
2024-11-19,1485.9815850000,1464.0669172800,1490.1309393300,1448.0012250000,3326643,5138831154.7000
2024-11-20,1465.0923870000,1466.8109982900,1475.5085007300,1453.9831317000,2134455,3292675256.9200
2024-11-21,1465.9184598300,1467.1148411700,1470.7799459100,1454.6477880000,1826179,2810933514.7200
2024-11-22,1463.3357953500,1431.6886603800,1469.6215449300,1431.6886603800,3343611,5107288992.2500
2024-11-25,1434.7080990000,1422.9057021300,1454.6477880000,1421.1016350300,3318556,5011136233.9400
2024-11-26,1422.9057021300,1432.8090810000,1442.1902299200,1413.7049599200,2574479,3876885983.6000
2024-11-27,1432.8090810000,1442.3516464500,1445.2951243500,1429.0110450000,2593417,3927607771.6400
2024-11-28,1445.1526980000,1441.3546620000,1447.9917299100,1426.1625180000,2395203,3627662381.9700
2024-11-29,1440.4051530000,1448.7038616600,1476.4864950000,1436.8065138900,3608810,5534035503.3800
2024-12-02,1448.9507340000,1448.0012250000,1452.7392749100,1438.6010859000,2681954,4086609951.5700
2024-12-03,1447.0517160000,1449.6533706600,1451.7043101000,1439.5316047200,2480662,3777197199.4600
2024-12-04,1443.3201456300,1443.2536800000,1446.7288829400,1433.7585900000,2392389,3626565543.5600
2024-12-05,1434.5751677400,1434.7080990000,1441.2217307400,1433.7585900000,1614147,2441318386.6400
2024-12-06,1436.6071170000,1444.2126840900,1461.1994001000,1431.9260376300,3203969,4883148600.2500
2024-12-09,1445.1716881800,1442.1142692000,1452.4829074800,1436.7970188000,1979986,3008173585.8900
2024-12-10,1490.7291300000,1468.5011243100,1499.9678525700,1467.1623166200,6031210,9421340719.3700
2024-12-11,1462.2438600000,1458.0660204000,1476.4864950000,1453.6792888200,2967112,4569662604.0700
2024-12-12,1454.6667781800,1486.7411922000,1486.9310940000,1451.7992610000,4193652,6510547810.4100
2024-12-13,1471.7484450900,1442.3041710000,1476.4769999100,1442.1902299200,4951197,7580908314.9200
2024-12-16,1444.2031890000,1450.0901448000,1451.7992610000,1434.4327413900,3253710,4945298799.4200
2024-12-17,1448.9412389100,1479.3350220000,1489.7796210000,1444.2126840900,5417163,8398945449.1100
2024-12-18,1479.3065367300,1492.1533935000,1497.3756930000,1468.9853739000,4116226,6440801970.6400
2024-12-19,1486.1145162600,1472.6979540900,1488.7636463700,1472.0522879700,2480932,3862602664.9600
2024-12-20,1476.5544022800,1467.7498320000,1486.8440808000,1465.8404071200,2815774,4307425534.8900
2024-12-23,1468.7141880000,1472.0412162000,1483.1795280000,1462.9280520000,2160269,3300971423.7100
2024-12-24,1470.6429000000,1483.9702999200,1488.9656640000,1467.3544460400,2210492,3394160299.0100
2024-12-25,1483.9510128000,1475.4646800000,1483.9510128000,1471.7036916000,1712339,2621061878.2700
2024-12-26,1479.3221040000,1473.3334532400,1483.9317256800,1468.7141880000,1828651,2798840002.8300
2024-12-27,1474.4038884000,1474.4713933200,1481.2508160000,1465.3389420000,2075932,3170191444.5700
2024-12-30,1479.2931733200,1470.6429000000,1488.9270897600,1470.6429000000,2512982,3849542646.3600
2024-12-31,1471.0286424000,1469.6785440000,1489.9300200000,1467.7594755600,3935445,6033540366.2200
2025-01-02,1469.6785440000,1434.9617280000,1470.1510784400,1427.2468800000,5002870,7490883773.1900
2025-01-03,1441.2300420000,1422.4251000000,1441.7025764400,1414.7198955600,3262836,4836610288.1900
2025-01-06,1401.2092680000,1388.6726400000,1410.5249469600,1381.7292768000,4425512,6392479711.6000
2025-01-07,1393.1665389600,1388.8655112000,1400.1388328400,1387.7082840000,2422118,3494634226.6600
2025-01-08,1388.6726400000,1391.0835300000,1400.0713279200,1375.8081309600,3525821,5071821245.9500
2025-01-09,1397.3422004400,1392.5300640000,1412.3765104800,1381.9028608800,2970565,4295852735.9100
2025-01-10,1395.5195676000,1384.8152160000,1400.1966942000,1384.8152160000,2187195,3154677597.8400
2025-01-13,1374.2073000000,1392.5107768800,1392.9543806400,1371.3238755600,2108251,3030806869.6600
2025-01-14,1393.4462022000,1420.0142100000,1425.9739300800,1390.6013520000,3095657,4535651503.6400
2025-01-15,1414.7102520000,1418.8280521200,1422.0393576000,1407.9694035600,1839934,2701518711.8100
2025-01-16,1421.4607440000,1394.8252312800,1429.8120669600,1390.6013520000,2634213,3840411436.7900
2025-01-17,1394.8348748400,1402.8968910000,1408.9241160000,1394.8252312800,1830894,2663227308.9700
2025-01-20,1408.9241160000,1422.2322288000,1436.6879252400,1407.9597600000,3140975,4647626350.5300
2025-01-21,1428.2112360000,1415.8192614000,1429.1755920000,1412.7815400000,1685604,2481821228.8200
2025-01-22,1411.1132041200,1389.6369960000,1415.6263902000,1386.7439280000,2829384,4088101682.4000
2025-01-23,1398.2872693200,1391.5657080000,1415.6746080000,1386.7439280000,2712504,3932700849.5000
2025-01-24,1390.6013520000,1384.8152160000,1396.1849732400,1379.3280303600,3136034,4515322685.2100
2025-01-27,1385.7795720000,1383.8412164400,1392.5011333200,1376.1552991200,2935646,4213534543.1600
2025-02-05,1388.6726400000,1353.7629528000,1391.5657080000,1352.2296267600,4075652,5753730033.6700
2025-02-06,1350.1080435600,1362.4807310400,1371.3045884400,1350.1080435600,2735582,3859568162.5200
2025-02-07,1363.2907900800,1384.8152160000,1391.2571140800,1353.3868539600,3724207,5310850624.0700
2025-02-10,1386.7439280000,1380.4852575600,1388.6726400000,1376.2228040400,2083979,2988101755.5900
2025-02-11,1383.8026422000,1367.4568080000,1384.7766417600,1365.4316604000,2357283,3348668866.9700
2025-02-12,1367.4568080000,1391.5657080000,1393.4944200000,1366.3767292800,2547579,3644170476.8800
2025-02-13,1391.5849951200,1412.8394013600,1422.6661890000,1383.3783255600,4338536,6335985851.4800
2025-02-14,1412.8394013600,1422.4251000000,1424.3538120000,1406.2432063200,2709992,3978694098.4200
2025-02-17,1428.2112360000,1419.1655767200,1441.6929328800,1414.8066876000,3247059,4804663813.4400
2025-02-18,1417.6033200000,1422.4251000000,1439.7738644400,1409.9656204800,2779992,4113845397.1300
2025-02-19,1422.4733178000,1437.8547960000,1441.1721806400,1412.6851044000,3239331,4803378440.6600
2025-02-20,1430.1399480000,1421.4607440000,1438.7902213200,1420.8724868400,2374973,3513552983.9800
2025-02-21,1427.2468800000,1435.1642427600,1443.3805558800,1420.5060315600,3641783,5418169587.3500
2025-02-24,1434.9617280000,1426.3500289200,1446.0711091200,1421.4607440000,3474373,5157907321.5700
2025-02-25,1417.6129635600,1402.1736240000,1420.8724868400,1400.2449120000,2838743,4142814458.8000
2025-02-26,1403.5719402000,1407.9694035600,1412.7429657600,1393.4944200000,2636609,3835949041.2300
2025-02-27,1407.9790471200,1432.6086993600,1436.7940044000,1402.1736240000,4976217,7368002361.1100
2025-02-28,1432.5508380000,1447.2958412400,1473.9024232800,1429.1755920000,5612895,8475738166.4600
2025-03-03,1449.0413256000,1434.0166591200,1466.7758324400,1428.6934140000,3159566,4736679902.8300
2025-03-04,1432.0686600000,1417.7093991600,1433.0330160000,1412.9840547600,2521121,3710675863.1500
2025-03-05,1419.5320320000,1414.1027077200,1421.4607440000,1408.0561956000,2460522,3606932151.5900
2025-03-06,1421.4607440000,1452.3008488800,1456.3704312000,1419.6091804800,4216764,6297117400.0800
2025-03-07,1449.4270680000,1466.7854760000,1473.8831361600,1449.4270680000,3799135,5760608729.1900
2025-03-10,1465.6378923600,1468.6177524000,1472.4558892800,1452.4551458400,3136907,4758789259.6800
2025-03-11,1462.9280520000,1493.4788500800,1493.4788500800,1458.1062720000,3977560,6094007854.0900
2025-03-12,1491.8201577600,1487.5962784800,1494.4432060800,1471.9447806000,2960396,4552923644.1300
2025-03-13,1488.9656640000,1482.9577261200,1500.0557580000,1476.3133132800,2572439,3966369271.4100
2025-03-14,1492.4952069600,1569.9812115600,1569.9812115600,1486.0725960000,9291315,14882842708.4300
2025-03-17,1597.9378920000,1579.4801181600,1598.8926044400,1568.8914892800,5468913,8985138902.3600
2025-03-18,1586.4041942400,1566.1141440000,1593.1161120000,1563.8961252000,3161345,5153210436.2700
2025-03-19,1566.3938072400,1577.4067527600,1589.2586880000,1565.1497880000,2738955,4477128769.8500
2025-03-20,1577.4067527600,1546.8270240000,1579.2293856000,1538.2153249200,3673677,5903879207.4300
2025-03-21,1542.0052440000,1517.6552550000,1554.7347432000,1512.9106234800,3361430,5324973190.2700
2025-03-24,1514.0389200000,1526.5755480000,1532.9981589600,1506.6905272800,2556585,4032223481.5700
2025-03-25,1531.3973280000,1519.3428780000,1536.0262368000,1510.8179709600,1767438,2783286813.0000
2025-03-26,1516.7101861200,1519.8250560000,1526.1705184800,1515.0032760000,1432356,2257639750.2200
2025-03-27,1519.8250560000,1532.3616840000,1541.2819770000,1517.2984432800,1795563,2848889209.9400
2025-03-28,1534.2228910800,1528.7067747600,1536.2191080000,1519.8250560000,1622789,2569470015.4600
2025-03-31,1524.6275488800,1505.3597160000,1530.3943977600,1504.4532213600,2108494,3311857714.3100
2025-04-01,1508.2527840000,1500.5572231200,1513.9328408400,1496.8830267600,1855644,2893739955.2000
2025-04-02,1502.4666480000,1493.8067311200,1511.9173368000,1490.4121980000,2167401,3371883024.1700
2025-04-03,1475.4646800000,1512.9588412800,1529.4686160000,1474.5099675600,3548050,5557442051.9200
2025-04-07,1465.8307635600,1446.5340000000,1482.0705186000,1409.8884720000,10195267,15314738234.9200
2025-04-08,1459.0706280000,1489.9300200000,1489.9300200000,1441.7122200000,7387649,11226977557.2500
2025-04-09,1470.6621871200,1486.1111702400,1501.3094208000,1466.3515158000,5563004,8562928224.6500
2025-04-10,1495.7065124400,1493.7874440000,1499.5735800000,1473.5359680000,3862021,5963650790.9600
2025-04-11,1523.6535493200,1513.0552768800,1523.6535493200,1489.9300200000,3263423,5087359923.8200
2025-04-14,1505.3307853200,1496.6708684400,1510.1814960000,1496.2272646800,2171144,3379425640.3800
2025-04-15,1496.6805120000,1502.4666480000,1509.2171400000,1489.9300200000,2148928,3339942729.1000
2025-04-16,1496.6805120000,1503.5949445200,1519.8250560000,1482.2151720000,3115605,4834880595.7800
2025-04-17,1498.6092240000,1514.0389200000,1520.3072340000,1494.7421564400,2384605,3733924973.3700
2025-04-18,1510.1814960000,1510.1236346400,1518.8607000000,1500.5379360000,2029848,3179974340.2100
2025-04-21,1509.6993180000,1495.7161560000,1509.6993180000,1495.7161560000,1805703,2808158177.4400
2025-04-22,1494.7518000000,1493.5945728000,1500.8272428000,1488.2038227600,1843214,2857525967.3000
2025-04-23,1503.4310040000,1496.6805120000,1503.6431623200,1489.9300200000,1866876,2895468891.8400
2025-04-24,1496.6805120000,1496.9216010000,1505.0511220800,1493.7681568800,1487181,2313372072.0300
2025-04-25,1501.5987276000,1494.7518000000,1505.5525872000,1494.7518000000,1476490,2295029705.2700
2025-04-28,1496.6805120000,1494.7518000000,1499.5735800000,1491.4729896000,1465972,2274252465.4800
2025-04-29,1494.7518000000,1488.9656640000,1497.2012642400,1477.4126791200,1892180,2917422937.8100
2025-04-30,1494.7421564400,1491.8587320000,1510.8179709600,1491.1836828000,2575425,4005439429.4500
2025-05-06,1503.4310040000,1494.9446712000,1503.4310040000,1489.2839014800,1830026,2838614214.6900
2025-05-07,1514.0389200000,1499.5735800000,1514.0389200000,1494.9446712000,2746221,4275142568.6500
2025-05-08,1497.6448680000,1521.9369956400,1536.0069496800,1494.5878594800,3348106,5265446443.7700
2025-05-09,1522.7084804400,1534.4639800800,1540.5104922000,1518.9089178000,2367190,3757574546.1700
2025-05-12,1541.0408880000,1547.3092020000,1561.2248590800,1539.7004331600,2473533,3967785800.2800
2025-05-13,1551.5716555200,1533.6153468000,1551.5716555200,1528.6103391600,2125829,3386617847.8100
2025-05-14,1533.3260400000,1576.7124164400,1586.3656200000,1531.5709120800,3946012,6394735058.0500
2025-05-15,1576.5291888000,1573.8386355600,1585.0058780400,1566.2395102800,2473285,4043402636.0000
2025-05-16,1575.7480604400,1556.5959502800,1578.6411284400,1556.5959502800,2293522,3714508659.1900
2025-05-19,1539.1121760000,1522.6988368800,1542.9696000000,1517.7806212800,3806283,6021950009.8600
2025-05-20,1523.6824800000,1529.4686160000,1537.9549488000,1518.9571356000,1952153,3095742637.1100
2025-05-21,1528.5042600000,1524.6179053200,1539.0543146400,1524.6179053200,1979464,3143941416.0600
2025-05-22,1524.6371924400,1523.6824800000,1528.4946164400,1514.1353556000,1509024,2381236585.5100
2025-05-23,1519.0535712000,1516.5462456000,1531.3008924000,1515.6397509600,2153700,3399424961.4000
2025-05-26,1514.0389200000,1495.2339780000,1518.5038882800,1489.9300200000,2708653,4212944430.4800
2025-05-27,1495.7161560000,1488.8692284000,1503.0452616000,1488.4931295600,1775213,2748945675.4700
2025-05-28,1488.9560204400,1482.2151720000,1491.3379797600,1478.3577480000,1626568,2504624605.1200
2025-05-29,1485.1082400000,1485.1082400000,1499.5735800000,1477.3933920000,2185958,3375465796.0200
2025-05-30,1485.2528934000,1467.7498320000,1489.9300200000,1461.2307854400,3123918,4764875946.7400
2025-06-03,1454.2584915600,1455.2132040000,1464.8567640000,1451.3750671200,2897918,4377892798.9000
2025-06-04,1456.6597380000,1456.1389857600,1468.7141880000,1455.4253623200,2300809,3480363796.5600
2025-06-05,1460.0349840000,1460.0349840000,1461.9636960000,1448.6555832000,2321366,3504925523.8900
2025-06-06,1459.8421128000,1452.6962348400,1464.8278333200,1449.4270680000,2502307,3777727616.0700
2025-06-09,1451.3750671200,1433.1390951600,1454.9238972000,1432.7244220800,4495867,6723839137.5800
2025-06-10,1433.0330160000,1422.4347435600,1438.8191520000,1422.2322288000,3049220,4511934584.0400
2025-06-11,1424.1609408000,1427.2468800000,1440.7478640000,1423.4858916000,3089282,4585522755.1400
2025-06-12,1427.2468800000,1406.9954040000,1430.9789377200,1402.2700596000,4990361,7306800799.6800
2025-06-13,1392.9254499600,1376.0877942000,1398.2872693200,1374.2651613600,5911325,8466515559.4100
2025-06-16,1351.2556272000,1371.5938952400,1374.2458742400,1351.2363400800,4288787,6060448437.6400
2025-06-17,1369.3855200000,1376.1360120000,1376.1360120000,1361.8442560800,2723151,3868364671.4000
2025-06-18,1388.6726400000,1374.2073000000,1391.9900246400,1370.3595195600,3076099,4404131363.5700
2025-06-19,1375.1716560000,1375.1716560000,1382.5682665200,1366.6660360800,2450072,3490268567.6400
2025-06-20,1372.8379144800,1377.7368429600,1389.7720058400,1369.5783912000,3481581,4990683314.3100
2025-06-23,1369.3855200000,1369.3855200000,1381.9221480000,1355.0937640800,2672331,3794012342.5900
2025-06-24,1372.6161126000,1385.9724432000,1399.9363180800,1372.6161126000,3631151,5229183514.1200
2025-06-25,1387.8143631600,1384.6802061600,1397.5447152000,1369.8773415600,4105007,5869292227.3600
2025-06-26,1391.3072400000,1396.2235200000,1404.0895680000,1386.4696204800,3486025,4955829982.0800
2025-06-27,1396.2333525600,1379.5966610400,1399.1732880000,1379.5966610400,3824973,5404312674.7800
2025-06-30,1379.9997960000,1385.9189971200,1389.5668768800,1378.5249120000,3045730,4287373690.9000
2025-07-01,1385.4077040000,1381.5730056000,1388.2984766400,1379.8129773600,1987819,2794423202.6600
2025-07-02,1385.8993320000,1385.9976576000,1391.1105888000,1376.5584000000,2621825,3689246315.8700
2025-07-03,1388.3574720000,1391.8971936000,1398.8684786400,1384.4244480000,2441267,3456733002.1900
2025-07-04,1391.9955192000,1398.4063483200,1407.9144338400,1386.4007925600,2876691,4086547267.7100
2025-07-07,1398.4653436800,1387.0792392000,1399.6649160000,1386.4007925600,2385467,3370562659.3100
2025-07-08,1387.0890717600,1392.3986541600,1396.2235200000,1387.0792392000,1867370,2643302690.7400
2025-07-09,1391.3072400000,1395.1222732800,1406.0265823200,1390.4911375200,2774532,3950810723.3600
2025-07-10,1395.2107663200,1402.6146840000,1412.1326020800,1386.7842624000,3872503,5503329754.2200
2025-07-11,1399.3306089600,1403.1063120000,1433.5872480000,1399.3306089600,5724335,8239010389.7700
2025-07-14,1406.0560800000,1399.7632416000,1410.9526948800,1397.7967296000,2778094,3961736006.3600
2025-07-15,1397.1871108800,1387.3742160000,1399.1044600800,1384.7390899200,3540578,5005150164.6100
2025-07-16,1386.4007925600,1387.4037136800,1393.7555474400,1386.3417972000,2128605,3006882578.8600
2025-07-17,1390.3043188800,1392.6346356000,1399.1831205600,1389.2227372800,2310554,3273100406.1900
2025-07-18,1396.2235200000,1412.9388720000,1413.7353093600,1392.6641332800,4182341,5984949774.2100
2025-07-21,1412.9290394400,1418.8384080000,1422.5747808000,1410.9723600000,2620331,3779891828.9900
2025-07-22,1419.8216640000,1440.4503748800,1442.0432496000,1416.5572540800,4211898,6127636851.0400
2025-07-23,1444.4030640000,1450.7942280000,1469.9677200000,1444.3539012000,4504484,6676301461.9700
2025-07-24,1451.2858560000,1466.5263240000,1473.9007440000,1450.3026000000,3880364,5786337377.3600
2025-07-25,1466.4279984000,1430.6374800000,1466.4279984000,1428.6709680000,4191126,6140078740.7700
2025-07-28,1428.6709680000,1414.5710769600,1430.6276474400,1412.2505928000,3858632,5560966385.7700
2025-07-29,1415.4953376000,1414.9053840000,1424.5314602400,1410.9821925600,2630408,3785848101.9600
2025-07-30,1419.8216640000,1425.1705766400,1432.7613129600,1412.9388720000,3186771,4612883039.7700
2025-07-31,1418.8384080000,1397.8655575200,1420.6770967200,1394.2570080000,5179751,7386302757.8600
2025-08-01,1398.0622087200,1393.2737520000,1402.0837257600,1390.3239840000,2963559,4200850789.6200
2025-08-04,1391.3072400000,1395.2402640000,1396.0268688000,1390.3239840000,1868795,2647105740.4700
2025-08-05,1397.2067760000,1403.8339214400,1405.9970846400,1393.3819101600,2534227,3607931487.6200
2025-08-06,1405.0728240000,1400.0385532800,1405.0728240000,1395.5352408000,2369928,3372334939.9000
2025-08-07,1400.0385532800,1398.5341716000,1403.7945912000,1396.2825153600,2800134,3988765794.5900
2025-08-08,1399.2224508000,1397.1772783200,1402.6146840000,1394.2570080000,1865528,2651478117.9800
2025-08-11,1399.6649160000,1420.8049200000,1427.6778794400,1399.1732880000,4715907,6794034089.8600
2025-08-12,1424.7379440000,1412.9782022400,1440.5388679200,1411.9556160000,4201923,6095342035.7400
2025-08-13,1401.1398000000,1396.2726828000,1409.6744620800,1396.2235200000,6552754,9325460101.1100
2025-08-14,1397.1477806400,1403.0964794400,1423.2728925600,1397.1477806400,4812930,6897535330.1700
2025-08-15,1402.1328885600,1398.2686924800,1404.7385169600,1396.4398363200,4758165,6772436996.7900
2025-08-18,1403.0964794400,1404.5811960000,1412.5848998400,1399.2716136000,4737798,6773477871.3900
2025-08-19,1409.4974760000,1413.9221280000,1422.4371249600,1408.0225920000,4637186,6678541000.8000
2025-08-20,1413.9221280000,1425.7212000000,1428.4743168000,1406.0757451200,4580466,6623095725.0600
2025-08-21,1429.1134332000,1424.0005020000,1430.6276474400,1419.4775244000,3089057,4470441662.4100
2025-08-22,1424.6199532800,1439.4376212000,1439.4867840000,1420.5787711200,4497058,6544867367.8500
2025-08-25,1445.3961525600,1465.3759144800,1470.9509760000,1441.4532960000,6532455,9676719497.5500
2025-08-26,1465.3660819200,1456.8019221600,1469.2106128800,1455.2287125600,3960213,5883917000.2700
2025-08-27,1457.0674012800,1423.7546880000,1460.0663320800,1423.7546880000,5600609,8184169112.6800
2025-08-28,1423.7251903200,1421.8865016000,1431.7190616000,1414.6792351200,3928177,5683673273.4800
2025-08-29,1428.6709680000,1455.2188800000,1457.7556804800,1427.6877120000,6225648,9159701454.1600
2025-09-01,1457.3820432000,1451.3841816000,1463.0849280000,1441.1583192000,4512338,6658918555.3500
2025-09-02,1453.9013169600,1466.3296728000,1483.7333040000,1453.2523680000,5668837,8470012816.3800
2025-09-03,1466.0346960000,1455.7596708000,1478.3253960000,1441.4532960000,4504503,6656011144.6400
2025-09-04,1447.3528320000,1448.0017809600,1454.5306008000,1436.0158903200,4774676,7017084749.9700
2025-09-05,1446.3695760000,1458.1686480000,1462.0721743200,1439.4867840000,3738848,5519312162.7100
2025-09-08,1458.1686480000,1476.0934048800,1481.2161686400,1452.7607400000,5138298,7682065696.2500
2025-09-09,1479.8002800000,1479.8002800000,1484.6673972000,1468.4141755200,3574277,5366650005.0400
2025-09-10,1481.4324849600,1496.5254645600,1504.3325172000,1470.9509760000,4966331,7541460048.9500
2025-09-11,1496.5254645600,1497.9905160000,1500.4683211200,1483.2416760000,3723896,5642778455.8200
2025-09-12,1500.4486560000,1490.6160960000,1512.2673931200,1485.2376856800,3372209,5132184935.1100
2025-09-15,1490.4882727200,1489.7311656000,1492.0713148800,1476.3588840000,2582703,3901929717.6000
2025-09-16,1489.7311656000,1474.8643348800,1495.5225434400,1471.1574597600,3271789,4928374477.5600
2025-09-17,1474.8741674400,1468.0012080000,1484.9918716800,1465.0612725600,3033054,4534770634.4700
2025-09-18,1467.0179520000,1443.3804777600,1472.7208368000,1438.9951560000,4972125,7347477478.9600
2025-09-19,1443.4099754400,1443.3903103200,1450.7942280000,1432.6138245600,3263662,4784528851.2600
2025-09-22,1440.5585330400,1429.0151076000,1443.3903103200,1425.7310325600,3494708,5085057536.0900
2025-09-23,1426.2128280000,1423.1843995200,1433.0956200000,1415.8886400000,3866300,5588384387.7600
2025-09-24,1410.0579319200,1417.8551520000,1432.3876756800,1410.0579319200,3074350,4443052872.0000
2025-09-25,1418.6712544800,1414.9053840000,1421.0114037600,1411.9556160000,3386973,4873274661.3500
2025-09-26,1417.0488820800,1410.9723600000,1422.8795901600,1404.0994005600,4512071,6480889596.6500
2025-09-29,1415.2790212800,1436.3993601600,1445.3764874400,1410.9723600000,5368403,7798434585.8700
2025-09-30,1435.5537600000,1419.8118314400,1436.3010345600,1415.8886400000,3936362,5687474875.7000
2025-10-09,1411.9556160000,1412.7225556800,1415.2790212800,1396.2235200000,5491812,7845448946.7200
2025-10-10,1413.5288256000,1406.0560800000,1415.8296446400,1403.5979400000,3600144,5157459262.0200
2025-10-13,1391.9955192000,1395.4369152000,1399.0257996000,1391.4252307200,4606880,6533147457.7600
2025-10-14,1406.0462474400,1426.7241211200,1439.4867840000,1406.0462474400,6667233,9639484605.1600
2025-10-15,1426.6847908800,1437.5202720000,1438.5035280000,1420.8835804800,4278540,6233407482.1800
2025-10-16,1437.4416115200,1460.0466669600,1460.0859972000,1434.4525132800,4573015,6749162949.1700
2025-10-17,1458.2669736000,1430.6374800000,1463.0849280000,1429.6837216800,3808589,5594724899.7200
2025-10-20,1430.6374800000,1433.5184200800,1444.8946920000,1430.5194892800,2594988,3793283758.7300
2025-10-21,1434.5705040000,1437.7759185600,1445.3273246400,1431.1291080000,2544267,3727984130.3300
2025-10-22,1437.5989324800,1434.2755272000,1441.1878168800,1431.6207360000,1819492,2657486636.2200
2025-10-23,1430.6374800000,1443.4001428800,1444.2064128000,1422.9680832000,2932235,4274652090.3900
2025-10-24,1443.3706452000,1425.7212000000,1454.1176332800,1425.0722510400,3822583,5578603148.4300
2025-10-27,1415.8886400000,1416.2917749600,1428.1695074400,1411.9457834400,3710239,5352667151.5100
2025-10-28,1417.8551520000,1420.8049200000,1426.9011072000,1416.9702216000,2712433,3923817140.0300
2025-10-29,1415.9083051200,1407.9242664000,1422.3289668000,1406.0954102400,3393711,4868780319.1700
2025-10-30,1398.0032133600,1402.8506654400,1412.5750672800,1398.0032133600,4745610,6768821310.6600
2025-10-31,1398.1900320000,1406.0659125600,1411.9359508800,1396.3316781600,3569377,5109623860.8400
2025-11-03,1407.0393360000,1410.9723600000,1423.7546880000,1396.3218456000,3454766,4945310830.2300
2025-11-04,1411.0706856000,1405.0728240000,1411.7392996800,1399.9402276800,2656572,3793892903.1200
2025-11-05,1402.0148978400,1396.3021804800,1407.0295034400,1396.2333525600,3447527,4908475372.8400
2025-11-06,1406.0560800000,1411.1001832800,1417.3143612000,1406.0462474400,3834782,5505960414.5300
2025-11-07,1411.0805181600,1409.3303224800,1415.6723236800,1407.1474941600,1886139,2704995856.0100
2025-11-10,1410.9723600000,1437.8152488000,1439.1819746400,1410.9526948800,4945154,7181246441.0800
2025-11-11,1437.5202720000,1434.5606714400,1437.6972580800,1422.7714320000,2669156,3882776771.7700
2025-11-12,1435.5340948800,1440.6175284000,1453.6063401600,1434.7769877600,3299210,4849073050.8100
2025-11-13,1437.6382627200,1445.7599572800,1448.9063764800,1433.5872480000,3117923,4569178268.9700
2025-11-14,1445.3863200000,1432.2106896000,1454.1864612000,1431.9157128000,2747306,4031007105.9100
2025-11-17,1429.6542240000,1446.3695760000,1448.3360880000,1421.5816922400,3446221,5035780026.5400
2025-11-18,1446.0745992000,1451.2858560000,1461.1872439200,1444.4030640000,3420478,5055675473.5800
2025-11-19,1449.3193440000,1446.3794085600,1454.7567496800,1445.3469897600,2204537,3249449213.6200
2025-11-20,1447.3528320000,1442.5447101600,1455.1205544000,1440.4995376800,2400232,3531653942.7300
2025-11-21,1445.8779480000,1442.0432496000,1455.2188800000,1431.6207360000,4260720,6259873432.5200
2025-11-24,1442.4365520000,1427.6877120000,1446.3695760000,1426.8322792800,3360744,4901903704.7700
2025-11-25,1433.5872480000,1420.4607804000,1433.5872480000,1420.3132920000,2844069,4119930011.4800
2025-11-26,1424.6199532800,1424.8854324000,1429.1527634400,1419.4086964800,2030616,2938818094.5800
2025-11-27,1425.2295720000,1423.0664088000,1425.7212000000,1414.9447142400,2228689,3216797187.4800
2025-11-28,1422.2798040000,1426.2128280000,1431.1291080000,1418.8384080000,2321121,3366696621.6800
2025-12-01,1426.7044560000,1423.7546880000,1437.7857511200,1417.8551520000,2733342,3961994999.0700
2025-12-02,1423.7546880000,1411.9851136800,1427.6090515200,1410.9920251200,2504726,3607543824.6900
2025-12-03,1411.7687973600,1405.1711496000,1411.9261183200,1404.0895680000,2357279,3370080065.6800
2025-12-04,1405.1711496000,1400.1368788800,1408.5142200000,1394.6306452800,2907539,4134921901.5400
2025-12-05,1400.1368788800,1406.0659125600,1409.0943410400,1395.7318920000,2540166,3622681596.5200
2025-12-08,1405.2694752000,1394.4733243200,1412.6143975200,1394.2570080000,3360280,4789155769.6500
2025-12-09,1394.4831568800,1377.5514885600,1397.2067760000,1376.6075628000,4263443,5995722120.9700
2025-12-10,1376.5584000000,1379.3115168000,1379.3115168000,1360.0200340800,3313347,4625906138.9600
2025-12-11,1383.1068849600,1388.3476394400,1388.3476394400,1378.0824468000,2238501,3149974074.1900
2025-12-12,1394.2570080000,1396.8626364000,1401.1398000000,1389.9011839200,3715919,5273563274.4000
2025-12-15,1415.4855050400,1402.1230560000,1415.8788074400,1401.7002559200,3335879,4774362060.2100
2025-12-16,1402.3197072000,1398.1900320000,1404.8565076800,1391.3072400000,2396367,3403139194.1900
2025-12-17,1401.1398000000,1409.1041736000,1415.8296446400,1393.9423660800,3138249,4489482138.1000
2025-12-18,1409.4974760000,1407.0393360000,1414.7873932800,1402.2312141600,1782995,2551177659.1800
2025-12-19,1410.0000000000,1410.0000000000,1412.4500000000,1401.0100000000,2650868,3733028356.7900
2025-12-22,1410.0000000000,1408.2600000000,1414.1400000000,1406.5800000000,2042565,2881636855.8000
2025-12-23,1408.2600000000,1407.8600000000,1412.9300000000,1397.1900000000,2450681,3445377031.9800
2025-12-24,1404.9900000000,1400.9000000000,1406.3600000000,1400.0000000000,2518669,3533253565.2100
2025-12-25,1405.0000000000,1414.1700000000,1419.4800000000,1401.3800000000,2338621,3299572095.7900
2025-12-26,1414.1700000000,1414.1300000000,1419.1400000000,1410.0000000000,1780299,2520605635.1300
2025-12-29,1414.1300000000,1402.0000000000,1414.1300000000,1401.0000000000,2630810,3694660106.7000
2025-12-30,1401.0000000000,1389.7200000000,1401.9000000000,1386.0000000000,3379194,4702489813.4600
2025-12-31,1390.0000000000,1377.1800000000,1394.0000000000,1377.1700000000,3476563,4799456452.0800
2026-01-05,1385.0000000000,1426.0000000000,1431.8800000000,1385.0000000000,7094942,10018086372.3000
2026-01-06,1432.5500000000,1428.0100000000,1436.9700000000,1416.5300000000,3958618,5649710152.7700
2026-01-07,1432.8800000000,1423.3600000000,1435.0000000000,1420.2000000000,2968380,4234255286.3500
2026-01-08,1423.3300000000,1412.3000000000,1423.3600000000,1408.1400000000,2913454,4117925041.3700
2026-01-09,1417.0000000000,1419.1000000000,1428.6000000000,1416.0100000000,2984774,4243865418.1500
2026-01-12,1419.1000000000,1423.2300000000,1431.0000000000,1417.1000000000,3608266,5135636032.8600
2026-01-13,1426.7900000000,1411.0000000000,1429.5200000000,1408.9900000000,3916866,5555633778.5800
2026-01-14,1411.0000000000,1398.0100000000,1422.2500000000,1396.1800000000,5175797,7285041159.3100
2026-01-15,1396.0200000000,1388.8900000000,1402.8300000000,1388.5800000000,4090714,5698739671.2600
2026-01-16,1395.0000000000,1382.0000000000,1397.5000000000,1380.0000000000,5512068,7643061997.6700
2026-01-19,1381.9000000000,1376.0000000000,1387.4900000000,1375.0000000000,4228640,5833745441.5700
2026-01-20,1379.5000000000,1373.5500000000,1381.5800000000,1372.0500000000,3648443,5021900765.1000
2026-01-21,1373.5600000000,1351.0600000000,1374.4000000000,1350.0000000000,6451625,8775880803.4800
2026-01-22,1352.0100000000,1340.0600000000,1361.7600000000,1337.4800000000,5901089,7962441433.5000
2026-01-23,1340.1000000000,1337.0000000000,1348.0000000000,1332.4700000000,6194890,8301311489.4000
2026-01-26,1340.5100000000,1342.0000000000,1355.0000000000,1325.1200000000,8016606,10751225525.3800
2026-01-27,1344.9800000000,1343.0100000000,1353.7000000000,1338.0000000000,4841596,6514513216.1000
2026-01-28,1343.0400000000,1323.6900000000,1346.7100000000,1322.0100000000,7621801,10135019524.3400
2026-01-29,1335.0000000000,1437.7200000000,1445.0000000000,1329.0600000000,18953440,26305591086.2100
2026-01-30,1435.0000000000,1401.0000000000,1435.0000000000,1401.0000000000,9447974,13366329413.5100
2026-02-02,1425.0000000000,1427.0000000000,1458.5800000000,1411.6200000000,8572427,12312646442.5500
2026-02-03,1445.0000000000,1474.9200000000,1476.8100000000,1443.0300000000,8632066,12628439702.8000
2026-02-04,1485.0000000000,1525.0000000000,1533.2700000000,1474.0000000000,10912293,16444345979.5900
2026-02-05,1520.0000000000,1555.0000000000,1565.0000000000,1515.0000000000,9162274,14183456476.1300
2026-02-06,1555.0000000000,1515.0100000000,1568.0000000000,1505.8800000000,7896538,12019878669.0000
2026-02-09,1518.0000000000,1524.9600000000,1542.8800000000,1513.4900000000,5116846,7809067704.6000
2026-02-10,1524.9700000000,1504.8000000000,1524.9700000000,1496.5000000000,3957596,5953269320.5800
2026-02-11,1504.8000000000,1504.3300000000,1514.0000000000,1496.0000000000,3092846,4648360030.0900
2026-02-12,1500.2000000000,1486.6000000000,1502.8200000000,1473.3600000000,4624582,6874370112.5700
2026-02-13,1486.6000000000,1485.3000000000,1507.8000000000,1470.5800000000,4167901,6216379202.6200
2026-02-24,1521.0000000000,1466.8000000000,1524.4000000000,1463.6000000000,4191253,6198840572.4300
2026-02-25,1470.0000000000,1491.6600000000,1509.6600000000,1467.8800000000,3688067,5490316149.3900
2026-02-26,1486.6000000000,1466.2100000000,1489.4900000000,1464.6700000000,3295801,4855471430.1000
2026-02-27,1466.9900000000,1455.0200000000,1476.2100000000,1455.0200000000,3216016,4697692477.0800
2026-03-02,1450.0000000000,1440.1100000000,1457.0000000000,1436.6600000000,3545386,5115063511.4300
2026-03-03,1440.1000000000,1426.1900000000,1452.8700000000,1422.1300000000,4589086,6565381648.1900
2026-03-04,1415.0000000000,1401.1800000000,1423.0000000000,1392.0900000000,4801443,6743267103.4000
2026-03-05,1406.0000000000,1399.0400000000,1412.9600000000,1395.0000000000,3050524,4276226062.3800
2026-03-06,1395.0000000000,1402.0000000000,1407.5000000000,1388.0000000000,2915415,4072328833.3200
2026-03-09,1390.0000000000,1397.0000000000,1404.9000000000,1383.2000000000,3744162,5220095639.0800
2026-03-10,1404.9000000000,1401.8800000000,1409.4900000000,1398.0000000000,2462592,3457808915.6500
2026-03-11,1402.9900000000,1400.0000000000,1405.9900000000,1398.0200000000,2445673,3425363891.7800
2026-03-12,1395.0000000000,1392.0000000000,1403.9500000000,1391.0100000000,2758646,3850521716.6800
2026-03-13,1392.4800000000,1413.6400000000,1417.6200000000,1392.0000000000,3360783,4738808557.6800
2026-03-16,1420.0000000000,1460.1800000000,1466.0000000000,1420.0000000000,6008635,8711525836.0300
2026-03-17,1468.0000000000,1485.0000000000,1498.0700000000,1461.1900000000,4945361,7347310632.2300
2026-03-18,1489.0000000000,1468.8000000000,1496.5000000000,1463.1500000000,3555100,5239992521.9300
2026-03-19,1472.9600000000,1452.8700000000,1473.0000000000,1446.0000000000,3031859,4404953480.9100
2026-03-20,1452.9600000000,1445.0000000000,1462.5000000000,1439.0000000000,2613234,3782818260.2800
2026-03-23,1433.3300000000,1408.0700000000,1435.0000000000,1400.0300000000,4725589,6669708664.5100
2026-03-24,1416.0000000000,1407.3300000000,1417.5900000000,1400.1800000000,2856179,4017694387.3600
2026-03-25,1410.1100000000,1410.2700000000,1417.8700000000,1401.0100000000,2609346,3677905549.0600
2026-03-26,1409.0000000000,1401.1800000000,1413.9000000000,1400.3000000000,2309289,3243387502.4300
2026-03-27,1400.0000000000,1416.0200000000,1426.0000000000,1396.6600000000,3008711,4257499781.1400
2026-03-30,1407.0000000000,1420.0000000000,1431.0000000000,1402.5200000000,2868459,4060684934.2900
2026-03-31,1468.0000000000,1450.0000000000,1479.9300000000,1448.4100000000,6169066,9015486796.8600
2026-04-01,1464.4900000000,1459.4400000000,1469.9900000000,1452.8800000000,2912514,4256185471.7200
2026-04-02,1459.4400000000,1459.8800000000,1464.8800000000,1452.1000000000,2106437,3071809845.5000
2026-04-03,1459.5400000000,1460.0000000000,1469.9600000000,1455.0000000000,2019373,2953993080.5800
2026-04-07,1460.0500000000,1440.0200000000,1470.0000000000,1435.0500000000,2415218,3507471653.2800
2026-04-08,1460.0000000000,1465.0200000000,1469.0800000000,1452.1300000000,3383610,4947937006.7600
2026-04-09,1465.0200000000,1460.4900000000,1465.0200000000,1447.5000000000,2070476,3012278579.2600
2026-04-10,1459.1400000000,1453.9600000000,1459.7100000000,1441.1000000000,2886556,4187181528.8800
2026-04-13,1444.0000000000,1443.3100000000,1446.5000000000,1433.0000000000,2521364,3629675490.2600
2026-04-14,1442.6000000000,1446.9000000000,1448.6000000000,1435.0000000000,2423261,3492544229.7800
2026-04-15,1444.9800000000,1467.5000000000,1470.7900000000,1442.0000000000,3455348,5049317186.5400
2026-04-16,1467.4500000000,1462.8400000000,1477.4100000000,1460.0000000000,2451284,3597294838.1100
2026-04-17,1400.0000000000,1407.2400000000,1421.0000000000,1399.8700000000,9682499,13631929446.0800
2026-04-20,1403.0000000000,1410.8900000000,1413.9400000000,1400.0000000000,3645139,5127146041.4500
2026-04-21,1411.0000000000,1412.0100000000,1419.9000000000,1410.0000000000,2175427,3074595191.7200
2026-04-22,1415.0000000000,1409.5000000000,1419.0000000000,1404.9800000000,2691593,3793827534.3400
2026-04-23,1408.0000000000,1419.0000000000,1419.7000000000,1405.1000000000,3770109,5332831150.9200
2026-04-24,1413.1000000000,1458.4900000000,1458.8800000000,1413.1000000000,5545531,8003410999.0700
2026-04-27,1420.0000000000,1403.2000000000,1420.0000000000,1402.2000000000,7279774,10239763452.3000
2026-04-28,1402.0000000000,1405.0000000000,1409.3900000000,1400.1100000000,3400442,4772513712.1600
2026-04-29,1405.0000000000,1401.1700000000,1409.7500000000,1400.2800000000,3481313,4881691348.2500
2026-04-30,1400.0000000000,1384.7900000000,1401.1700000000,1380.0000000000,5275267,7316111748.0900
2026-05-06,1365.1000000000,1375.0000000000,1379.0000000000,1360.0500000000,4780604,6550750939.8500
2026-05-07,1375.0000000000,1371.0500000000,1388.0000000000,1370.0100000000,4046147,5573286314.8600
2026-05-08,1371.6600000000,1372.9900000000,1382.7700000000,1370.0000000000,3336853,4582855939.2600
2026-05-11,1372.8900000000,1361.3300000000,1372.8900000000,1361.0000000000,5713510,7790721392.3600
2026-05-12,1362.0000000000,1354.5500000000,1363.5800000000,1350.5000000000,5083743,6886304981.8800
2026-05-13,1354.5000000000,1344.0900000000,1358.6000000000,1338.0000000000,5696787,7653257144.3900
2026-05-14,1338.0000000000,1342.1700000000,1369.0600000000,1335.1800000000,5524434,7428592859.4700
2026-05-15,1335.1500000000,1332.9500000000,1339.2800000000,1327.1100000000,5818365,7749366540.0100
2026-05-18,1336.0000000000,1323.0000000000,1342.6800000000,1319.6100000000,4966097,6594983723.1600
2026-05-19,1321.9000000000,1324.3000000000,1329.9900000000,1318.0000000000,4325464,5719170335.4700
2026-05-20,1321.0000000000,1315.0000000000,1332.9900000000,1314.0000000000,4748733,6271273747.8200
2026-05-21,1312.9800000000,1311.0000000000,1323.5200000000,1311.0000000000,3886838,5112740390.8900
2026-05-22,1310.9500000000,1290.2000000000,1311.9100000000,1290.1200000000,4915714,6372389481.7000
